StudyHours,Attendance,Resources,Extracurricular,Motivation,Internet,Gender,Age,LearningStyle,OnlineCourses,Discussions,AssignmentCompletion,ExamScore,EduTech,StressLevel,FinalGrade,flag_unrealistic,EngagementScore,AcademicEffort,PerformanceGap,StudyEfficiency,WellbeingIndex,DigitalScore,MotivationXResources,AttendanceXStudy,ExamXEngagement,GMM_Cluster
19,64,1,0,0,1,0,19,2,8,1,59,40,0,1,3,0,59.2,23.0,-19,2.1052631578947367,0,1.8,0,12.16,23.77510040160643,1
19,64,1,0,0,1,0,23,3,16,0,90,66,0,1,2,0,61.6,27.0,-24,3.473684210526316,0,2.6,0,12.16,40.81927710843374,1
19,64,1,1,0,1,0,19,2,8,1,59,40,0,1,3,0,69.2,23.0,-19,2.1052631578947367,0,1.8,0,12.16,27.791164658634543,1
19,64,1,1,0,1,0,23,3,16,0,90,66,0,1,2,0,71.6,27.0,-24,3.473684210526316,0,2.6,0,12.16,47.44578313253012,1
19,64,0,1,0,1,0,19,2,8,1,59,40,0,1,3,0,69.2,23.0,-19,2.1052631578947367,-1,1.8,0,12.16,27.791164658634543,1
19,64,0,1,0,1,0,23,3,16,0,90,66,0,1,2,0,71.6,27.0,-24,3.473684210526316,-1,2.6,0,12.16,47.44578313253012,1
19,64,1,1,1,1,0,19,2,8,1,59,40,0,1,3,0,69.2,23.0,-19,2.1052631578947367,1,1.8,1,12.16,27.791164658634543,1
19,64,1,1,1,1,0,23,3,16,0,90,66,0,1,2,0,71.6,27.0,-24,3.473684210526316,1,2.6,1,12.16,47.44578313253012,1
19,64,2,0,1,1,0,19,2,8,1,59,40,0,1,3,0,59.2,23.0,-19,2.1052631578947367,2,1.8,2,12.16,23.77510040160643,1
19,64,2,0,1,1,0,23,3,16,0,90,66,0,1,2,0,61.6,27.0,-24,3.473684210526316,2,2.6,2,12.16,40.81927710843374,1
24,98,1,1,1,1,1,29,0,3,0,65,46,1,2,3,0,75.2,25.5,-19,1.9166666666666667,0,2.3,1,23.52,34.73092369477912,1
24,98,1,1,1,1,1,27,0,0,1,71,83,1,0,1,0,87.60000000000001,24.0,12,3.4583333333333335,2,2.0,1,23.52,73.00000000000001,1
24,98,1,1,1,1,1,25,1,5,1,61,95,1,0,0,0,83.60000000000001,26.5,34,3.9583333333333335,2,2.5,1,23.52,79.73895582329318,1
24,98,0,0,2,1,1,29,0,3,0,65,46,1,2,3,0,65.2,25.5,-19,1.9166666666666667,0,2.3,0,23.52,30.11244979919679,1
24,98,0,0,2,1,1,27,0,0,1,71,83,1,0,1,0,77.60000000000001,24.0,12,3.4583333333333335,2,2.0,0,23.52,64.66666666666667,1
24,98,0,0,2,1,1,25,1,5,1,61,95,1,0,0,0,73.60000000000001,26.5,34,3.9583333333333335,2,2.5,0,23.52,70.20080321285141,1
24,98,0,0,1,1,1,29,0,3,0,65,46,1,2,3,0,65.2,25.5,-19,1.9166666666666667,-1,2.3,0,23.52,30.11244979919679,1
24,98,0,0,1,1,1,27,0,0,1,71,83,1,0,1,0,77.60000000000001,24.0,12,3.4583333333333335,1,2.0,0,23.52,64.66666666666667,1
24,98,0,0,1,1,1,25,1,5,1,61,95,1,0,0,0,73.60000000000001,26.5,34,3.9583333333333335,1,2.5,0,23.52,70.20080321285141,1
24,98,1,1,2,1,1,29,0,3,0,65,46,1,2,3,0,75.2,25.5,-19,1.9166666666666667,1,2.3,2,23.52,34.73092369477912,1
24,98,1,1,2,1,1,27,0,0,1,71,83,1,0,1,0,87.60000000000001,24.0,12,3.4583333333333335,3,2.0,2,23.52,73.00000000000001,1
24,98,1,1,2,1,1,25,1,5,1,61,95,1,0,0,0,83.60000000000001,26.5,34,3.9583333333333335,3,2.5,2,23.52,79.73895582329318,1
29,89,1,1,1,1,1,20,0,17,1,75,54,1,2,3,0,85.6,37.5,-21,1.8620689655172413,0,3.7,1,25.81,46.40963855421687,1
29,89,1,1,1,1,1,23,2,4,1,59,42,1,2,3,0,79.2,31.0,-17,1.4482758620689655,0,2.4,1,25.81,33.397590361445786,1
29,89,1,1,1,1,1,23,0,1,0,96,62,1,2,2,0,84.0,29.5,-34,2.1379310344827585,0,2.1,1,25.81,52.28915662650603,1
29,89,0,1,0,1,1,20,0,17,1,75,54,1,2,3,0,85.6,37.5,-21,1.8620689655172413,-2,3.7,0,25.81,46.40963855421687,1
29,89,0,1,0,1,1,23,2,4,1,59,42,1,2,3,0,79.2,31.0,-17,1.4482758620689655,-2,2.4,0,25.81,33.397590361445786,1
29,89,0,1,0,1,1,23,0,1,0,96,62,1,2,2,0,84.0,29.5,-34,2.1379310344827585,-2,2.1,0,25.81,52.28915662650603,1
19,92,1,1,1,1,0,19,3,12,1,63,40,1,2,3,0,82.0,25.0,-23,2.1052631578947367,0,3.2,1,17.48,32.93172690763052,1
19,92,2,0,1,1,0,19,3,12,1,63,40,1,2,3,0,72.0,25.0,-23,2.1052631578947367,1,3.2,2,17.48,28.91566265060241,1
19,92,2,1,1,1,0,19,3,12,1,63,40,1,2,3,0,82.0,25.0,-23,2.1052631578947367,1,3.2,2,17.48,32.93172690763052,1
19,92,1,0,2,1,0,19,3,12,1,63,40,1,2,3,0,72.0,25.0,-23,2.1052631578947367,1,3.2,2,17.48,28.91566265060241,1
29,84,0,1,0,1,1,21,2,10,1,57,48,1,2,3,0,76.4,34.0,-9,1.6551724137931034,-2,3.0,0,24.36,36.81927710843374,1
29,84,0,1,0,1,1,28,2,14,0,74,60,1,0,2,0,73.2,36.0,-14,2.0689655172413794,0,3.4000000000000004,0,24.36,44.096385542168676,1
29,84,1,1,1,1,1,21,2,10,1,57,48,1,2,3,0,76.4,34.0,-9,1.6551724137931034,0,3.0,1,24.36,36.81927710843374,1
29,84,1,1,1,1,1,28,2,14,0,74,60,1,0,2,0,73.2,36.0,-14,2.0689655172413794,2,3.4000000000000004,1,24.36,44.096385542168676,1
25,78,2,1,1,1,1,18,2,17,0,91,58,1,2,2,0,77.6,33.5,-33,2.32,1,3.7,2,19.5,45.18875502008032,1
25,78,0,1,1,1,1,18,2,17,0,91,58,1,2,2,0,77.6,33.5,-33,2.32,-1,3.7,0,19.5,45.18875502008032,1
23,98,1,1,1,1,1,27,2,5,0,65,58,0,2,2,0,75.2,25.5,-7,2.5217391304347827,0,1.5,1,22.54,43.79116465863454,1
23,98,1,1,1,1,1,27,1,4,1,100,93,0,2,0,0,99.2,25.0,-7,4.043478260869565,0,1.4,1,22.54,92.62650602409639,1
23,98,0,0,1,1,1,27,2,5,0,65,58,0,2,2,0,65.2,25.5,-7,2.5217391304347827,-1,1.5,0,22.54,37.967871485943775,1
23,98,0,0,1,1,1,27,1,4,1,100,93,0,2,0,0,89.2,25.0,-7,4.043478260869565,-1,1.4,0,22.54,83.28915662650603,1
23,98,2,0,1,1,1,27,2,5,0,65,58,0,2,2,0,65.2,25.5,-7,2.5217391304347827,1,1.5,2,22.54,37.967871485943775,1
23,98,2,0,1,1,1,27,1,4,1,100,93,0,2,0,0,89.2,25.0,-7,4.043478260869565,1,1.4,2,22.54,83.28915662650603,1
23,98,2,1,0,1,1,27,2,5,0,65,58,0,2,2,0,75.2,25.5,-7,2.5217391304347827,0,1.5,0,22.54,43.79116465863454,1
23,98,2,1,0,1,1,27,1,4,1,100,93,0,2,0,0,99.2,25.0,-7,4.043478260869565,0,1.4,0,22.54,92.62650602409639,1
21,83,1,1,0,1,1,27,2,1,0,66,86,0,1,0,0,69.60000000000001,21.5,20,4.095238095238095,0,1.1,0,17.43,60.09638554216869,1
21,83,1,1,0,1,1,27,0,7,1,77,96,1,1,0,0,84.0,24.5,19,4.571428571428571,0,2.7,0,17.43,80.96385542168676,1
21,83,1,1,2,1,1,27,2,1,0,66,86,0,1,0,0,69.60000000000001,21.5,20,4.095238095238095,2,1.1,2,17.43,60.09638554216869,1
21,83,1,1,2,1,1,27,0,7,1,77,96,1,1,0,0,84.0,24.5,19,4.571428571428571,2,2.7,2,17.43,80.96385542168676,1
21,83,0,0,0,1,1,27,2,1,0,66,86,0,1,0,0,59.60000000000001,21.5,20,4.095238095238095,-1,1.1,0,17.43,51.461847389558244,1
21,83,0,0,0,1,1,27,0,7,1,77,96,1,1,0,0,74.0,24.5,19,4.571428571428571,-1,2.7,0,17.43,71.32530120481928,1
21,83,0,1,0,1,1,27,2,1,0,66,86,0,1,0,0,69.60000000000001,21.5,20,4.095238095238095,-1,1.1,0,17.43,60.09638554216869,1
21,83,0,1,0,1,1,27,0,7,1,77,96,1,1,0,0,84.0,24.5,19,4.571428571428571,-1,2.7,0,17.43,80.96385542168676,1
21,83,2,1,2,1,1,27,2,1,0,66,86,0,1,0,0,69.60000000000001,21.5,20,4.095238095238095,3,1.1,4,17.43,60.09638554216869,1
21,83,2,0,1,1,1,27,2,1,0,66,86,0,1,0,0,59.60000000000001,21.5,20,4.095238095238095,2,1.1,2,17.43,51.461847389558244,1
21,83,2,0,1,1,1,27,0,7,1,77,96,1,1,0,0,74.0,24.5,19,4.571428571428571,2,2.7,2,17.43,71.32530120481928,1
17,68,1,0,1,1,0,19,3,0,1,75,42,1,1,3,0,67.2,17.0,-33,2.4705882352941178,1,2.0,1,11.56,28.337349397590366,1
17,68,1,0,1,1,0,20,3,19,1,88,49,1,1,3,0,72.4,26.5,-39,2.8823529411764706,1,3.9000000000000004,1,11.56,35.61847389558233,1
17,68,1,1,1,1,0,19,3,0,1,75,42,1,1,3,0,77.2,17.0,-33,2.4705882352941178,1,2.0,1,11.56,32.55421686746988,1
17,68,1,1,1,1,0,20,3,19,1,88,49,1,1,3,0,82.4,26.5,-39,2.8823529411764706,1,3.9000000000000004,1,11.56,40.53815261044177,1
17,68,1,0,2,1,0,19,3,0,1,75,42,1,1,3,0,67.2,17.0,-33,2.4705882352941178,2,2.0,2,11.56,28.337349397590366,1
17,68,1,0,2,1,0,20,3,19,1,88,49,1,1,3,0,72.4,26.5,-39,2.8823529411764706,2,3.9000000000000004,2,11.56,35.61847389558233,1
17,68,2,1,1,1,0,19,3,0,1,75,42,1,1,3,0,77.2,17.0,-33,2.4705882352941178,2,2.0,2,11.56,32.55421686746988,1
17,68,2,1,1,1,0,20,3,19,1,88,49,1,1,3,0,82.4,26.5,-39,2.8823529411764706,2,3.9000000000000004,2,11.56,40.53815261044177,1
17,68,0,1,2,1,0,19,3,0,1,75,42,1,1,3,0,77.2,17.0,-33,2.4705882352941178,1,2.0,0,11.56,32.55421686746988,1
17,68,0,1,2,1,0,20,3,19,1,88,49,1,1,3,0,82.4,26.5,-39,2.8823529411764706,1,3.9000000000000004,0,11.56,40.53815261044177,1
22,70,1,1,1,1,0,22,3,1,1,74,40,1,2,3,0,77.6,22.5,-34,1.8181818181818181,0,2.1,1,15.399999999999999,31.164658634538153,1
22,70,1,0,0,1,0,22,3,1,1,74,40,1,2,3,0,67.6,22.5,-34,1.8181818181818181,-1,2.1,0,15.399999999999999,27.14859437751004,1
22,70,2,1,2,1,0,22,3,1,1,74,40,1,2,3,0,77.6,22.5,-34,1.8181818181818181,2,2.1,4,15.399999999999999,31.164658634538153,1
22,70,1,1,0,1,0,22,3,1,1,74,40,1,2,3,0,77.6,22.5,-34,1.8181818181818181,-1,2.1,0,15.399999999999999,31.164658634538153,1
22,70,2,1,1,1,0,22,3,1,1,74,40,1,2,3,0,77.6,22.5,-34,1.8181818181818181,1,2.1,2,15.399999999999999,31.164658634538153,1
29,78,1,0,2,1,0,28,0,2,1,67,91,1,2,0,0,68.0,30.0,24,3.1379310344827585,1,2.2,2,22.62,62.1285140562249,1
29,78,2,1,1,1,0,28,0,2,1,67,91,1,2,0,0,78.0,30.0,24,3.1379310344827585,1,2.2,2,22.62,71.26506024096386,1
19,99,2,0,1,1,1,25,3,13,1,91,56,1,0,2,0,86.0,25.5,-35,2.9473684210526314,3,3.3,2,18.81,48.35341365461848,1
19,99,1,0,1,1,1,25,3,13,1,91,56,1,0,2,0,86.0,25.5,-35,2.9473684210526314,2,3.3,1,18.81,48.35341365461848,1
19,99,2,0,0,1,1,25,3,13,1,91,56,1,0,2,0,86.0,25.5,-35,2.9473684210526314,2,3.3,0,18.81,48.35341365461848,1
19,99,2,1,0,1,1,25,3,13,1,91,56,1,0,2,0,96.0,25.5,-35,2.9473684210526314,2,3.3,0,18.81,53.975903614457835,1
19,99,0,0,1,1,1,25,3,13,1,91,56,1,0,2,0,86.0,25.5,-35,2.9473684210526314,1,3.3,0,18.81,48.35341365461848,1
19,99,1,1,0,1,1,25,3,13,1,91,56,1,0,2,0,96.0,25.5,-35,2.9473684210526314,1,3.3,0,18.81,53.975903614457835,1
19,99,1,1,1,1,1,25,3,13,1,91,56,1,0,2,0,96.0,25.5,-35,2.9473684210526314,2,3.3,1,18.81,53.975903614457835,1
19,99,0,0,2,1,1,25,3,13,1,91,56,1,0,2,0,86.0,25.5,-35,2.9473684210526314,2,3.3,0,18.81,48.35341365461848,1
19,99,2,1,1,1,1,25,3,13,1,91,56,1,0,2,0,96.0,25.5,-35,2.9473684210526314,3,3.3,2,18.81,53.975903614457835,1
20,74,2,0,0,1,0,24,1,20,1,68,67,0,1,2,0,66.80000000000001,30.0,-1,3.35,1,3.0,0,14.8,44.93574297188756,1
20,74,2,0,0,1,0,29,0,13,0,80,65,0,0,2,0,61.6,26.5,-15,3.25,2,2.3,0,14.8,40.200803212851405,1
20,74,1,1,0,1,0,24,1,20,1,68,67,0,1,2,0,76.80000000000001,30.0,-1,3.35,0,3.0,0,14.8,51.66265060240965,1
20,74,1,1,0,1,0,29,0,13,0,80,65,0,0,2,0,71.6,26.5,-15,3.25,1,2.3,0,14.8,46.726907630522085,1
20,74,1,1,2,1,0,24,1,20,1,68,67,0,1,2,0,76.80000000000001,30.0,-1,3.35,2,3.0,2,14.8,51.66265060240965,1
20,74,1,1,2,1,0,29,0,13,0,80,65,0,0,2,0,71.6,26.5,-15,3.25,3,2.3,2,14.8,46.726907630522085,1
20,74,0,1,2,1,0,24,1,20,1,68,67,0,1,2,0,76.80000000000001,30.0,-1,3.35,1,3.0,0,14.8,51.66265060240965,1
20,74,0,1,2,1,0,29,0,13,0,80,65,0,0,2,0,71.6,26.5,-15,3.25,2,2.3,0,14.8,46.726907630522085,1
17,65,1,0,1,1,0,21,1,16,0,79,58,1,2,2,0,57.6,25.0,-21,3.411764705882353,0,3.6,1,11.05,33.5421686746988,1
21,62,0,1,2,1,1,26,2,9,1,65,46,0,2,3,0,70.8,25.5,-19,2.1904761904761907,0,1.9,0,13.02,32.69879518072289,1
21,62,0,0,2,1,1,26,2,9,1,65,46,0,2,3,0,60.8,25.5,-19,2.1904761904761907,0,1.9,0,13.02,28.080321285140563,1
21,62,1,0,1,1,1,26,2,9,1,65,46,0,2,3,0,60.8,25.5,-19,2.1904761904761907,0,1.9,1,13.02,28.080321285140563,1
22,83,2,1,1,1,1,28,2,11,0,96,75,1,2,1,0,81.60000000000001,27.5,-21,3.409090909090909,1,3.1,2,18.259999999999998,61.445783132530124,1
22,83,1,1,2,1,1,28,2,11,0,96,75,1,2,1,0,81.60000000000001,27.5,-21,3.409090909090909,1,3.1,2,18.259999999999998,61.445783132530124,1
22,83,0,1,1,1,1,28,2,11,0,96,75,1,2,1,0,81.60000000000001,27.5,-21,3.409090909090909,-1,3.1,0,18.259999999999998,61.445783132530124,1
16,90,1,0,1,1,0,19,1,0,1,90,52,0,2,3,0,82.0,16.0,-38,3.25,0,1.0,1,14.4,42.81124497991968,1
16,90,2,1,1,1,0,19,1,0,1,90,52,0,2,3,0,92.0,16.0,-38,3.25,1,1.0,2,14.4,48.032128514056225,1
16,90,2,1,2,1,0,19,1,0,1,90,52,0,2,3,0,92.0,16.0,-38,3.25,2,1.0,4,14.4,48.032128514056225,1
18,66,2,0,0,1,1,27,2,11,0,57,60,1,0,2,0,49.2,23.5,3,3.3333333333333335,2,3.1,0,11.88,29.638554216867472,1
18,66,1,0,1,1,1,27,2,11,0,57,60,1,0,2,0,49.2,23.5,3,3.3333333333333335,2,3.1,1,11.88,29.638554216867472,1
18,66,2,0,1,1,1,27,2,11,0,57,60,1,0,2,0,49.2,23.5,3,3.3333333333333335,3,3.1,2,11.88,29.638554216867472,1
18,66,2,1,1,1,1,27,2,11,0,57,60,1,0,2,0,59.2,23.5,3,3.3333333333333335,3,3.1,2,11.88,35.66265060240964,1
18,66,1,1,2,1,1,27,2,11,0,57,60,1,0,2,0,59.2,23.5,3,3.3333333333333335,3,3.1,2,11.88,35.66265060240964,1
18,66,1,1,1,1,1,27,2,11,0,57,60,1,0,2,0,59.2,23.5,3,3.3333333333333335,2,3.1,1,11.88,35.66265060240964,1
16,83,2,1,0,1,0,26,1,0,0,96,56,1,0,2,0,81.60000000000001,16.0,-40,3.5,2,2.0,0,13.28,45.87951807228916,1
16,83,1,1,1,1,0,26,1,0,0,96,56,1,0,2,0,81.60000000000001,16.0,-40,3.5,2,2.0,1,13.28,45.87951807228916,1
16,83,1,1,2,1,0,26,1,0,0,96,56,1,0,2,0,81.60000000000001,16.0,-40,3.5,3,2.0,2,13.28,45.87951807228916,1
16,83,1,1,0,1,0,26,1,0,0,96,56,1,0,2,0,81.60000000000001,16.0,-40,3.5,1,2.0,0,13.28,45.87951807228916,1
16,83,1,0,0,1,0,26,1,0,0,96,56,1,0,2,0,71.60000000000001,16.0,-40,3.5,1,2.0,0,13.28,40.25702811244981,1
31,70,2,1,1,1,1,28,2,1,0,52,71,1,2,1,0,58.8,31.5,19,2.2903225806451615,1,2.1,2,21.7,41.915662650602414,1
20,69,1,1,1,1,1,21,3,3,1,87,79,1,0,1,0,82.4,21.5,-8,3.95,2,2.3,1,13.799999999999999,65.35742971887551,1
20,69,2,1,1,1,1,21,3,3,1,87,79,1,0,1,0,82.4,21.5,-8,3.95,3,2.3,2,13.799999999999999,65.35742971887551,1
20,69,2,0,0,1,1,21,3,3,1,87,79,1,0,1,0,72.4,21.5,-8,3.95,2,2.3,0,13.799999999999999,57.42570281124498,1
20,69,1,1,2,1,1,21,3,3,1,87,79,1,0,1,0,82.4,21.5,-8,3.95,3,2.3,2,13.799999999999999,65.35742971887551,1
25,65,1,0,1,1,0,25,3,0,1,62,51,0,1,3,0,60.8,25.0,-11,2.04,1,1.0,1,16.25,31.13253012048193,1
25,65,1,0,1,1,0,28,3,12,1,100,55,1,0,2,1,76.0,31.0,-45,2.2,2,3.2,1,16.25,41.967871485943775,1
25,65,2,1,2,1,0,25,3,0,1,62,51,0,1,3,0,70.8,25.0,-11,2.04,3,1.0,4,16.25,36.25301204819277,1
25,65,2,1,2,1,0,28,3,12,1,100,55,1,0,2,1,86.0,31.0,-45,2.2,4,3.2,4,16.25,47.48995983935743,1
25,65,0,1,1,1,0,25,3,0,1,62,51,0,1,3,0,70.8,25.0,-11,2.04,0,1.0,0,16.25,36.25301204819277,1
25,65,0,1,1,1,0,28,3,12,1,100,55,1,0,2,1,86.0,31.0,-45,2.2,1,3.2,0,16.25,47.48995983935743,1
25,65,1,1,1,1,0,25,3,0,1,62,51,0,1,3,0,70.8,25.0,-11,2.04,1,1.0,1,16.25,36.25301204819277,1
25,65,1,1,1,1,0,28,3,12,1,100,55,1,0,2,1,86.0,31.0,-45,2.2,2,3.2,1,16.25,47.48995983935743,1
21,65,0,1,0,1,0,20,3,1,1,54,54,1,0,3,0,67.6,21.5,0,2.5714285714285716,0,2.1,0,13.65,36.65060240963855,1
21,65,0,1,0,1,0,24,1,2,1,96,78,0,2,1,1,84.4,22.0,-18,3.7142857142857144,-2,1.2,0,13.65,66.09638554216868,1
21,65,1,1,0,1,1,21,0,0,0,93,95,1,1,0,0,73.2,21.0,2,4.523809523809524,0,2.0,0,13.65,69.81927710843374,1
21,65,1,0,2,1,1,21,0,0,0,93,95,1,1,0,0,63.2,21.0,2,4.523809523809524,2,2.0,2,13.65,60.28112449799198,1
21,65,1,1,1,1,1,21,0,0,0,93,95,1,1,0,0,73.2,21.0,2,4.523809523809524,1,2.0,1,13.65,69.81927710843374,1
21,65,1,0,1,1,1,21,0,0,0,93,95,1,1,0,0,63.2,21.0,2,4.523809523809524,1,2.0,1,13.65,60.28112449799198,1
21,65,2,1,2,1,1,21,0,0,0,93,95,1,1,0,0,73.2,21.0,2,4.523809523809524,3,2.0,4,13.65,69.81927710843374,1
21,65,2,0,1,1,1,21,0,0,0,93,95,1,1,0,0,63.2,21.0,2,4.523809523809524,2,2.0,2,13.65,60.28112449799198,1
24,68,1,0,0,1,1,29,2,13,1,78,61,1,1,2,0,68.4,30.5,-17,2.5416666666666665,0,3.3,0,16.32,41.89156626506025,1
24,68,1,0,1,1,1,29,2,13,1,78,61,1,1,2,0,68.4,30.5,-17,2.5416666666666665,1,3.3,1,16.32,41.89156626506025,1
24,68,1,1,2,1,1,29,2,13,1,78,61,1,1,2,0,78.4,30.5,-17,2.5416666666666665,2,3.3,2,16.32,48.01606425702812,1
24,68,1,1,0,1,1,29,2,13,1,78,61,1,1,2,0,78.4,30.5,-17,2.5416666666666665,0,3.3,0,16.32,48.01606425702812,1
24,68,2,1,0,1,1,29,2,13,1,78,61,1,1,2,0,78.4,30.5,-17,2.5416666666666665,1,3.3,0,16.32,48.01606425702812,1
24,68,1,1,1,1,1,29,2,13,1,78,61,1,1,2,0,78.4,30.5,-17,2.5416666666666665,1,3.3,1,16.32,48.01606425702812,1
24,68,0,1,0,1,1,29,2,13,1,78,61,1,1,2,0,78.4,30.5,-17,2.5416666666666665,-1,3.3,0,16.32,48.01606425702812,1
21,84,1,1,0,1,0,23,0,11,0,79,56,1,2,2,0,75.2,26.5,-23,2.6666666666666665,-1,3.1,0,17.64,42.28112449799197,1
21,84,0,0,0,1,0,23,0,11,0,79,56,1,2,2,0,65.2,26.5,-23,2.6666666666666665,-2,3.1,0,17.64,36.65863453815261,1
21,84,1,0,1,1,0,23,0,11,0,79,56,1,2,2,0,65.2,26.5,-23,2.6666666666666665,0,3.1,1,17.64,36.65863453815261,1
21,84,2,1,0,1,0,23,0,11,0,79,56,1,2,2,0,75.2,26.5,-23,2.6666666666666665,0,3.1,0,17.64,42.28112449799197,1
21,84,0,1,0,1,0,23,0,11,0,79,56,1,2,2,0,75.2,26.5,-23,2.6666666666666665,-2,3.1,0,17.64,42.28112449799197,1
18,94,2,1,1,1,1,29,1,17,1,55,51,1,2,3,0,79.6,26.5,-4,2.8333333333333335,1,3.7,2,16.919999999999998,40.75903614457831,1
18,94,1,1,2,1,1,29,1,17,1,55,51,1,2,3,0,79.6,26.5,-4,2.8333333333333335,1,3.7,2,16.919999999999998,40.75903614457831,1
18,94,2,1,0,1,1,29,1,17,1,55,51,1,2,3,0,79.6,26.5,-4,2.8333333333333335,0,3.7,0,16.919999999999998,40.75903614457831,1
18,94,1,1,1,1,1,29,1,17,1,55,51,1,2,3,0,79.6,26.5,-4,2.8333333333333335,0,3.7,1,16.919999999999998,40.75903614457831,1
18,94,1,0,0,1,1,29,1,17,1,55,51,1,2,3,0,69.6,26.5,-4,2.8333333333333335,-1,3.7,0,16.919999999999998,35.63855421686747,1
17,78,1,1,1,1,0,24,1,14,1,84,59,0,0,2,0,84.80000000000001,24.0,-25,3.4705882352941178,2,2.4000000000000004,1,13.26,50.23293172690764,1
17,78,2,0,1,1,0,24,1,14,1,84,59,0,0,2,0,74.80000000000001,24.0,-25,3.4705882352941178,3,2.4000000000000004,2,13.26,44.30923694779117,1
17,78,1,1,0,1,0,24,1,14,1,84,59,0,0,2,0,84.80000000000001,24.0,-25,3.4705882352941178,1,2.4000000000000004,0,13.26,50.23293172690764,1
26,61,0,1,1,1,0,28,2,20,0,69,99,1,2,0,0,62.0,36.0,30,3.8076923076923075,-1,4.0,0,15.86,61.62650602409639,1
26,61,1,1,2,1,0,28,2,20,0,69,99,1,2,0,0,62.0,36.0,30,3.8076923076923075,1,4.0,2,15.86,61.62650602409639,1
22,86,1,1,0,1,1,23,0,9,0,60,47,1,2,3,0,68.4,26.5,-13,2.1363636363636362,-1,2.9,0,18.919999999999998,32.277108433734945,1
22,86,1,1,0,1,1,24,3,6,1,73,55,1,2,2,0,83.6,25.0,-18,2.5,-1,2.6,0,18.919999999999998,46.16465863453815,1
22,86,1,1,0,1,1,19,1,8,0,100,87,1,0,0,0,84.4,26.0,-13,3.9545454545454546,1,2.8,0,18.919999999999998,73.72289156626506,1
22,86,1,1,0,1,1,24,3,7,1,86,96,1,2,0,0,88.8,25.5,10,4.363636363636363,-1,2.7,0,18.919999999999998,85.59036144578313,1
22,86,0,0,1,1,1,23,0,9,0,60,47,1,2,3,0,58.4,26.5,-13,2.1363636363636362,-1,2.9,0,18.919999999999998,27.558232931726913,1
22,86,0,0,1,1,1,24,3,6,1,73,55,1,2,2,0,73.6,25.0,-18,2.5,-1,2.6,0,18.919999999999998,40.6425702811245,1
22,86,0,0,1,1,1,19,1,8,0,100,87,1,0,0,0,74.4,26.0,-13,3.9545454545454546,1,2.8,0,18.919999999999998,64.98795180722892,1
22,86,0,0,1,1,1,24,3,7,1,86,96,1,2,0,0,78.8,25.5,10,4.363636363636363,-1,2.7,0,18.919999999999998,75.95180722891567,1
22,86,1,1,2,1,1,23,0,9,0,60,47,1,2,3,0,68.4,26.5,-13,2.1363636363636362,1,2.9,2,18.919999999999998,32.277108433734945,1
22,86,1,1,2,1,1,24,3,6,1,73,55,1,2,2,0,83.6,25.0,-18,2.5,1,2.6,2,18.919999999999998,46.16465863453815,1
22,86,1,1,2,1,1,19,1,8,0,100,87,1,0,0,0,84.4,26.0,-13,3.9545454545454546,3,2.8,2,18.919999999999998,73.72289156626506,1
22,86,1,1,2,1,1,24,3,7,1,86,96,1,2,0,0,88.8,25.5,10,4.363636363636363,1,2.7,2,18.919999999999998,85.59036144578313,1
22,86,1,1,1,1,1,23,0,9,0,60,47,1,2,3,0,68.4,26.5,-13,2.1363636363636362,0,2.9,1,18.919999999999998,32.277108433734945,1
22,86,1,1,1,1,1,24,3,6,1,73,55,1,2,2,0,83.6,25.0,-18,2.5,0,2.6,1,18.919999999999998,46.16465863453815,1
22,86,1,1,1,1,1,19,1,8,0,100,87,1,0,0,0,84.4,26.0,-13,3.9545454545454546,2,2.8,1,18.919999999999998,73.72289156626506,1
22,86,1,1,1,1,1,24,3,7,1,86,96,1,2,0,0,88.8,25.5,10,4.363636363636363,0,2.7,1,18.919999999999998,85.59036144578313,1
22,86,1,0,0,1,1,23,0,9,0,60,47,1,2,3,0,58.4,26.5,-13,2.1363636363636362,-1,2.9,0,18.919999999999998,27.558232931726913,1
22,86,1,0,0,1,1,24,3,6,1,73,55,1,2,2,0,73.6,25.0,-18,2.5,-1,2.6,0,18.919999999999998,40.6425702811245,1
22,86,1,0,0,1,1,19,1,8,0,100,87,1,0,0,0,74.4,26.0,-13,3.9545454545454546,1,2.8,0,18.919999999999998,64.98795180722892,1
22,86,1,0,0,1,1,24,3,7,1,86,96,1,2,0,0,78.8,25.5,10,4.363636363636363,-1,2.7,0,18.919999999999998,75.95180722891567,1
22,86,1,0,2,1,1,23,0,9,0,60,47,1,2,3,0,58.4,26.5,-13,2.1363636363636362,1,2.9,2,18.919999999999998,27.558232931726913,1
22,86,1,0,2,1,1,24,3,6,1,73,55,1,2,2,0,73.6,25.0,-18,2.5,1,2.6,2,18.919999999999998,40.6425702811245,1
22,86,1,0,2,1,1,19,1,8,0,100,87,1,0,0,0,74.4,26.0,-13,3.9545454545454546,3,2.8,2,18.919999999999998,64.98795180722892,1
22,86,1,0,2,1,1,24,3,7,1,86,96,1,2,0,0,78.8,25.5,10,4.363636363636363,1,2.7,2,18.919999999999998,75.95180722891567,1
22,71,1,1,0,1,1,20,0,18,0,71,52,1,2,3,0,66.80000000000001,31.0,-19,2.3636363636363638,-1,3.8,0,15.62,34.875502008032136,1
22,71,1,0,2,1,1,20,0,18,0,71,52,1,2,3,0,56.800000000000004,31.0,-19,2.3636363636363638,1,3.8,2,15.62,29.65461847389559,1
22,71,1,0,0,1,1,20,0,18,0,71,52,1,2,3,0,56.800000000000004,31.0,-19,2.3636363636363638,-1,3.8,0,15.62,29.65461847389559,1
22,71,1,1,1,1,1,20,0,18,0,71,52,1,2,3,0,66.80000000000001,31.0,-19,2.3636363636363638,0,3.8,1,15.62,34.875502008032136,1
22,71,2,1,1,1,1,20,0,18,0,71,52,1,2,3,0,66.80000000000001,31.0,-19,2.3636363636363638,1,3.8,2,15.62,34.875502008032136,1
22,71,0,1,1,1,1,20,0,18,0,71,52,1,2,3,0,66.80000000000001,31.0,-19,2.3636363636363638,-1,3.8,0,15.62,34.875502008032136,1
24,77,0,0,1,1,0,22,0,13,1,99,66,0,0,2,0,80.4,30.5,-33,2.75,1,2.3,0,18.48,53.27710843373495,1
24,77,0,0,1,1,0,19,1,13,0,82,51,1,2,3,0,63.60000000000001,30.5,-31,2.125,-1,3.3,0,18.48,32.56626506024097,1
24,77,0,0,1,1,0,26,3,16,0,76,62,1,0,2,0,61.2,32.0,-14,2.5833333333333335,1,3.6,0,18.48,38.09638554216868,1
24,77,0,0,1,1,0,19,2,10,1,71,62,0,1,2,0,69.2,29.0,-9,2.5833333333333335,0,2.0,0,18.48,43.07630522088354,1
24,77,2,0,2,1,0,22,0,13,1,99,66,0,0,2,0,80.4,30.5,-33,2.75,4,2.3,4,18.48,53.27710843373495,1
24,77,2,0,2,1,0,19,1,13,0,82,51,1,2,3,0,63.60000000000001,30.5,-31,2.125,2,3.3,4,18.48,32.56626506024097,1
24,77,2,0,2,1,0,26,3,16,0,76,62,1,0,2,0,61.2,32.0,-14,2.5833333333333335,4,3.6,4,18.48,38.09638554216868,1
24,77,2,0,2,1,0,19,2,10,1,71,62,0,1,2,0,69.2,29.0,-9,2.5833333333333335,3,2.0,4,18.48,43.07630522088354,1
24,77,1,0,2,1,0,22,0,13,1,99,66,0,0,2,0,80.4,30.5,-33,2.75,3,2.3,2,18.48,53.27710843373495,1
24,77,1,0,2,1,0,19,1,13,0,82,51,1,2,3,0,63.60000000000001,30.5,-31,2.125,1,3.3,2,18.48,32.56626506024097,1
24,77,1,0,2,1,0,26,3,16,0,76,62,1,0,2,0,61.2,32.0,-14,2.5833333333333335,3,3.6,2,18.48,38.09638554216868,1
24,77,1,0,2,1,0,19,2,10,1,71,62,0,1,2,0,69.2,29.0,-9,2.5833333333333335,2,2.0,2,18.48,43.07630522088354,1
26,67,2,1,0,1,0,26,1,0,1,91,82,0,0,1,0,83.2,26.0,-9,3.1538461538461537,2,1.0,0,17.42,68.49799196787149,1
26,67,2,1,0,1,0,18,0,15,0,75,43,1,1,3,0,66.8,33.5,-32,1.6538461538461537,1,3.5,0,17.42,28.839357429718877,1
26,67,2,1,0,1,0,19,0,0,1,100,63,1,2,2,0,86.8,26.0,-37,2.423076923076923,0,2.0,0,17.42,54.90361445783133,1
26,67,2,0,1,1,0,26,1,0,1,91,82,0,0,1,0,73.2,26.0,-9,3.1538461538461537,3,1.0,2,17.42,60.265060240963855,1
26,67,2,0,1,1,0,18,0,15,0,75,43,1,1,3,0,56.8,33.5,-32,1.6538461538461537,2,3.5,2,17.42,24.522088353413654,1
26,67,2,0,1,1,0,19,0,0,1,100,63,1,2,2,0,76.8,26.0,-37,2.423076923076923,1,2.0,2,17.42,48.57831325301205,1
26,67,1,1,1,1,0,26,1,0,1,91,82,0,0,1,0,83.2,26.0,-9,3.1538461538461537,2,1.0,1,17.42,68.49799196787149,1
26,67,1,1,1,1,0,18,0,15,0,75,43,1,1,3,0,66.8,33.5,-32,1.6538461538461537,1,3.5,1,17.42,28.839357429718877,1
26,67,1,1,1,1,0,19,0,0,1,100,63,1,2,2,0,86.8,26.0,-37,2.423076923076923,0,2.0,1,17.42,54.90361445783133,1
26,67,1,0,1,1,0,26,1,0,1,91,82,0,0,1,0,73.2,26.0,-9,3.1538461538461537,2,1.0,1,17.42,60.265060240963855,1
26,67,1,0,1,1,0,18,0,15,0,75,43,1,1,3,0,56.8,33.5,-32,1.6538461538461537,1,3.5,1,17.42,24.522088353413654,1
26,67,1,0,1,1,0,19,0,0,1,100,63,1,2,2,0,76.8,26.0,-37,2.423076923076923,0,2.0,1,17.42,48.57831325301205,1
26,67,0,1,1,1,0,26,1,0,1,91,82,0,0,1,0,83.2,26.0,-9,3.1538461538461537,1,1.0,0,17.42,68.49799196787149,1
26,67,0,1,1,1,0,18,0,15,0,75,43,1,1,3,0,66.8,33.5,-32,1.6538461538461537,0,3.5,0,17.42,28.839357429718877,1
26,67,0,1,1,1,0,19,0,0,1,100,63,1,2,2,0,86.8,26.0,-37,2.423076923076923,-1,2.0,0,17.42,54.90361445783133,1
26,88,2,1,1,1,1,28,3,4,1,98,62,1,1,2,0,94.4,28.0,-36,2.3846153846153846,2,2.4,2,22.88,58.76305220883535,1
26,88,2,1,1,1,1,19,1,9,0,55,50,1,2,3,0,67.2,30.5,-5,1.9230769230769231,1,2.9,2,22.88,33.734939759036145,1
26,88,2,1,1,1,1,28,2,4,1,54,54,1,2,3,0,76.80000000000001,28.0,0,2.076923076923077,1,2.4,2,22.88,41.638554216867476,1
26,88,0,0,0,1,1,28,3,4,1,98,62,1,1,2,0,84.4,28.0,-36,2.3846153846153846,-1,2.4,0,22.88,52.53815261044177,1
26,88,0,0,0,1,1,19,1,9,0,55,50,1,2,3,0,57.2,30.5,-5,1.9230769230769231,-2,2.9,0,22.88,28.714859437751006,1
26,88,0,0,0,1,1,28,2,4,1,54,54,1,2,3,0,66.80000000000001,28.0,0,2.076923076923077,-2,2.4,0,22.88,36.216867469879524,1
26,88,2,0,1,1,1,28,3,4,1,98,62,1,1,2,0,84.4,28.0,-36,2.3846153846153846,2,2.4,2,22.88,52.53815261044177,1
26,88,2,0,1,1,1,19,1,9,0,55,50,1,2,3,0,57.2,30.5,-5,1.9230769230769231,1,2.9,2,22.88,28.714859437751006,1
26,88,2,0,1,1,1,28,2,4,1,54,54,1,2,3,0,66.80000000000001,28.0,0,2.076923076923077,1,2.4,2,22.88,36.216867469879524,1
26,88,1,1,1,1,1,28,3,4,1,98,62,1,1,2,0,94.4,28.0,-36,2.3846153846153846,1,2.4,1,22.88,58.76305220883535,1
26,88,1,1,1,1,1,19,1,9,0,55,50,1,2,3,0,67.2,30.5,-5,1.9230769230769231,0,2.9,1,22.88,33.734939759036145,1
26,88,1,1,1,1,1,28,2,4,1,54,54,1,2,3,0,76.80000000000001,28.0,0,2.076923076923077,0,2.4,1,22.88,41.638554216867476,1
22,65,0,0,1,1,0,24,0,11,1,79,42,1,2,3,0,67.6,27.5,-37,1.9090909090909092,-1,3.1,0,14.3,28.50602409638554,1
22,65,2,1,1,1,0,24,0,11,1,79,42,1,2,3,0,77.6,27.5,-37,1.9090909090909092,1,3.1,2,14.3,32.72289156626506,1
22,65,1,1,0,1,0,24,0,11,1,79,42,1,2,3,0,77.6,27.5,-37,1.9090909090909092,-1,3.1,0,14.3,32.72289156626506,1
22,65,1,0,0,1,0,24,0,11,1,79,42,1,2,3,0,67.6,27.5,-37,1.9090909090909092,-1,3.1,0,14.3,28.50602409638554,1
22,65,1,1,2,1,0,24,0,11,1,79,42,1,2,3,0,77.6,27.5,-37,1.9090909090909092,1,3.1,2,14.3,32.72289156626506,1
22,65,1,0,2,1,0,24,0,11,1,79,42,1,2,3,0,67.6,27.5,-37,1.9090909090909092,1,3.1,2,14.3,28.50602409638554,1
26,91,0,1,1,1,1,21,0,5,1,95,69,0,1,2,0,94.4,28.5,-26,2.6538461538461537,0,1.5,0,23.66,65.3975903614458,1
26,91,0,1,1,1,1,23,3,18,0,54,88,0,2,0,0,68.0,35.0,34,3.3846153846153846,-1,2.8,0,23.66,60.08032128514057,1
26,91,0,1,1,1,1,22,3,17,1,80,89,1,2,0,0,88.4,34.5,9,3.423076923076923,-1,3.7,0,23.66,78.99196787148595,1
26,91,1,1,0,1,1,21,0,5,1,95,69,0,1,2,0,94.4,28.5,-26,2.6538461538461537,0,1.5,0,23.66,65.3975903614458,1
26,91,1,1,0,1,1,23,3,18,0,54,88,0,2,0,0,68.0,35.0,34,3.3846153846153846,-1,2.8,0,23.66,60.08032128514057,1
26,91,1,1,0,1,1,22,3,17,1,80,89,1,2,0,0,88.4,34.5,9,3.423076923076923,-1,3.7,0,23.66,78.99196787148595,1
26,91,1,0,0,1,1,21,0,5,1,95,69,0,1,2,0,84.4,28.5,-26,2.6538461538461537,0,1.5,0,23.66,58.4698795180723,1
26,91,1,0,0,1,1,23,3,18,0,54,88,0,2,0,0,58.0,35.0,34,3.3846153846153846,-1,2.8,0,23.66,51.24497991967872,1
26,91,1,0,0,1,1,22,3,17,1,80,89,1,2,0,0,78.4,34.5,9,3.423076923076923,-1,3.7,0,23.66,70.0562248995984,1
17,87,1,0,1,1,0,26,0,3,0,66,45,1,0,3,0,61.2,18.5,-21,2.6470588235294117,2,2.3,1,14.79,27.65060240963856,1
17,87,1,1,1,1,0,26,0,3,0,66,45,1,0,3,0,71.2,18.5,-21,2.6470588235294117,2,2.3,1,14.79,32.168674698795186,1
17,87,1,1,2,1,0,26,0,3,0,66,45,1,0,3,0,71.2,18.5,-21,2.6470588235294117,3,2.3,2,14.79,32.168674698795186,1
17,87,2,1,1,1,0,26,0,3,0,66,45,1,0,3,0,71.2,18.5,-21,2.6470588235294117,3,2.3,2,14.79,32.168674698795186,1
17,87,2,1,0,1,0,26,0,3,0,66,45,1,0,3,0,71.2,18.5,-21,2.6470588235294117,2,2.3,0,14.79,32.168674698795186,1
17,87,0,1,1,1,0,26,0,3,0,66,45,1,0,3,0,71.2,18.5,-21,2.6470588235294117,1,2.3,0,14.79,32.168674698795186,1
17,87,1,1,0,1,0,26,0,3,0,66,45,1,0,3,0,71.2,18.5,-21,2.6470588235294117,1,2.3,0,14.79,32.168674698795186,1
19,65,1,1,0,1,1,21,0,16,1,60,46,1,2,3,0,70.0,27.0,-14,2.4210526315789473,-1,3.6,0,12.35,32.329317269076306,1
19,65,2,1,1,1,1,21,0,16,1,60,46,1,2,3,0,70.0,27.0,-14,2.4210526315789473,1,3.6,2,12.35,32.329317269076306,1
19,65,0,1,1,1,1,21,0,16,1,60,46,1,2,3,0,70.0,27.0,-14,2.4210526315789473,-1,3.6,0,12.35,32.329317269076306,1
19,65,2,1,0,1,1,21,0,16,1,60,46,1,2,3,0,70.0,27.0,-14,2.4210526315789473,0,3.6,0,12.35,32.329317269076306,1
19,65,1,0,0,1,1,21,0,16,1,60,46,1,2,3,0,60.0,27.0,-14,2.4210526315789473,-1,3.6,0,12.35,27.71084337349398,1
19,65,1,0,1,1,1,21,0,16,1,60,46,1,2,3,0,60.0,27.0,-14,2.4210526315789473,0,3.6,1,12.35,27.71084337349398,1
19,65,0,0,1,1,1,21,0,16,1,60,46,1,2,3,0,60.0,27.0,-14,2.4210526315789473,-1,3.6,0,12.35,27.71084337349398,1
19,65,1,1,1,1,1,21,0,16,1,60,46,1,2,3,0,70.0,27.0,-14,2.4210526315789473,0,3.6,1,12.35,32.329317269076306,1
28,66,2,1,1,1,1,27,3,7,0,79,97,1,2,0,0,68.0,31.5,18,3.4642857142857144,1,2.7,2,18.48,66.22489959839358,1
28,66,2,1,1,1,1,20,3,14,1,63,91,1,1,0,0,71.60000000000001,35.0,28,3.25,2,3.4000000000000004,2,18.48,65.41767068273094,1
28,66,2,1,1,1,1,22,2,5,0,85,41,1,1,3,0,70.4,30.5,-44,1.4642857142857142,2,2.5,2,18.48,28.979919678714865,1
28,66,1,1,1,1,1,27,3,7,0,79,97,1,2,0,0,68.0,31.5,18,3.4642857142857144,0,2.7,1,18.48,66.22489959839358,1
28,66,1,1,1,1,1,20,3,14,1,63,91,1,1,0,0,71.60000000000001,35.0,28,3.25,1,3.4000000000000004,1,18.48,65.41767068273094,1
28,66,1,1,1,1,1,22,2,5,0,85,41,1,1,3,0,70.4,30.5,-44,1.4642857142857142,1,2.5,1,18.48,28.979919678714865,1
28,66,1,0,0,1,1,27,3,7,0,79,97,1,2,0,0,58.0,31.5,18,3.4642857142857144,-1,2.7,0,18.48,56.4859437751004,1
28,66,1,0,0,1,1,20,3,14,1,63,91,1,1,0,0,61.60000000000001,35.0,28,3.25,0,3.4000000000000004,0,18.48,56.28112449799198,1
28,66,1,0,0,1,1,22,2,5,0,85,41,1,1,3,0,60.400000000000006,30.5,-44,1.4642857142857142,0,2.5,0,18.48,24.86345381526105,1
20,86,1,1,1,1,1,24,3,8,1,89,53,0,1,3,0,90.0,24.0,-36,2.65,1,1.8,1,17.2,47.89156626506024,1
20,86,0,1,1,1,1,24,3,8,1,89,53,0,1,3,0,90.0,24.0,-36,2.65,0,1.8,0,17.2,47.89156626506024,1
20,86,1,1,2,1,1,24,3,8,1,89,53,0,1,3,0,90.0,24.0,-36,2.65,2,1.8,2,17.2,47.89156626506024,1
20,86,2,0,1,1,1,24,3,8,1,89,53,0,1,3,0,80.0,24.0,-36,2.65,2,1.8,2,17.2,42.57028112449799,1
20,86,1,0,0,1,1,24,3,8,1,89,53,0,1,3,0,80.0,24.0,-36,2.65,0,1.8,0,17.2,42.57028112449799,1
20,86,1,1,0,1,1,24,3,8,1,89,53,0,1,3,0,90.0,24.0,-36,2.65,0,1.8,0,17.2,47.89156626506024,1
20,86,1,0,1,1,1,24,3,8,1,89,53,0,1,3,0,80.0,24.0,-36,2.65,1,1.8,1,17.2,42.57028112449799,1
26,75,2,1,2,1,1,28,2,18,1,66,86,1,2,0,0,76.4,35.0,20,3.3076923076923075,2,3.8,4,19.5,65.96787148594379,1
26,75,1,0,0,1,1,28,2,18,1,66,86,1,2,0,0,66.4,35.0,20,3.3076923076923075,-1,3.8,0,19.5,57.33333333333334,1
26,75,1,0,1,1,1,28,2,18,1,66,86,1,2,0,0,66.4,35.0,20,3.3076923076923075,0,3.8,1,19.5,57.33333333333334,1
26,75,1,1,1,1,1,28,2,18,1,66,86,1,2,0,0,76.4,35.0,20,3.3076923076923075,0,3.8,1,19.5,65.96787148594379,1
26,75,0,1,1,1,1,28,2,18,1,66,86,1,2,0,0,76.4,35.0,20,3.3076923076923075,-1,3.8,0,19.5,65.96787148594379,1
26,75,2,0,1,1,1,28,2,18,1,66,86,1,2,0,0,66.4,35.0,20,3.3076923076923075,1,3.8,2,19.5,57.33333333333334,1
22,98,0,1,1,1,0,19,1,20,0,52,75,0,2,1,0,70.0,32.0,23,3.409090909090909,-1,3.0,0,21.56,52.71084337349398,1
22,98,0,1,1,1,0,29,0,16,1,58,66,1,2,2,0,82.4,30.0,8,3.0,-1,3.6,0,21.56,54.60240963855422,1
22,98,1,0,0,1,0,19,1,20,0,52,75,0,2,1,0,60.0,32.0,23,3.409090909090909,-1,3.0,0,21.56,45.18072289156627,1
22,98,1,0,0,1,0,29,0,16,1,58,66,1,2,2,0,72.4,30.0,8,3.0,-1,3.6,0,21.56,47.975903614457835,1
22,98,1,1,1,1,0,19,1,20,0,52,75,0,2,1,0,70.0,32.0,23,3.409090909090909,0,3.0,1,21.56,52.71084337349398,1
22,98,1,1,1,1,0,29,0,16,1,58,66,1,2,2,0,82.4,30.0,8,3.0,0,3.6,1,21.56,54.60240963855422,1
22,98,1,1,0,1,0,19,1,20,0,52,75,0,2,1,0,70.0,32.0,23,3.409090909090909,-1,3.0,0,21.56,52.71084337349398,1
22,98,1,1,0,1,0,29,0,16,1,58,66,1,2,2,0,82.4,30.0,8,3.0,-1,3.6,0,21.56,54.60240963855422,1
22,98,0,0,1,1,0,19,1,20,0,52,75,0,2,1,0,60.0,32.0,23,3.409090909090909,-1,3.0,0,21.56,45.18072289156627,1
22,98,0,0,1,1,0,29,0,16,1,58,66,1,2,2,0,72.4,30.0,8,3.0,-1,3.6,0,21.56,47.975903614457835,1
22,98,1,0,2,1,0,19,1,20,0,52,75,0,2,1,0,60.0,32.0,23,3.409090909090909,1,3.0,2,21.56,45.18072289156627,1
22,98,1,0,2,1,0,29,0,16,1,58,66,1,2,2,0,72.4,30.0,8,3.0,1,3.6,2,21.56,47.975903614457835,1
29,96,0,1,1,1,1,28,1,5,1,90,59,0,0,2,0,94.4,31.5,-31,2.0344827586206895,1,1.5,0,27.84,55.919678714859444,1
29,96,0,1,1,1,1,19,3,1,1,72,90,0,1,0,0,87.2,29.5,18,3.103448275862069,0,1.1,0,27.84,78.79518072289157,1
29,96,0,1,1,1,1,20,2,20,1,50,84,0,2,1,0,78.4,39.0,34,2.896551724137931,-1,3.0,0,27.84,66.12048192771086,1
29,96,2,1,0,1,1,28,1,5,1,90,59,0,0,2,0,94.4,31.5,-31,2.0344827586206895,2,1.5,0,27.84,55.919678714859444,1
29,96,2,1,0,1,1,19,3,1,1,72,90,0,1,0,0,87.2,29.5,18,3.103448275862069,1,1.1,0,27.84,78.79518072289157,1
29,96,2,1,0,1,1,20,2,20,1,50,84,0,2,1,0,78.4,39.0,34,2.896551724137931,0,3.0,0,27.84,66.12048192771086,1
29,96,1,0,0,1,1,28,1,5,1,90,59,0,0,2,0,84.4,31.5,-31,2.0344827586206895,1,1.5,0,27.84,49.99598393574298,1
29,96,1,0,0,1,1,19,3,1,1,72,90,0,1,0,0,77.2,29.5,18,3.103448275862069,0,1.1,0,27.84,69.75903614457832,1
29,96,1,0,0,1,1,20,2,20,1,50,84,0,2,1,0,68.4,39.0,34,2.896551724137931,-1,3.0,0,27.84,57.686746987951814,1
20,71,1,1,1,1,0,25,2,14,0,68,81,1,0,1,0,65.60000000000001,27.0,13,4.05,2,3.4000000000000004,1,14.2,53.349397590361455,1
29,92,1,0,1,1,0,26,2,19,1,96,60,1,2,2,0,85.20000000000002,38.5,-36,2.0689655172413794,0,3.9000000000000004,1,26.68,51.32530120481929,1
29,92,1,0,1,1,0,24,2,8,1,72,89,1,1,0,0,75.60000000000001,33.0,17,3.0689655172413794,1,2.8,1,26.68,67.55421686746989,1
29,92,1,1,0,1,0,26,2,19,1,96,60,1,2,2,0,95.20000000000002,38.5,-36,2.0689655172413794,-1,3.9000000000000004,0,26.68,57.34939759036146,1
29,92,1,1,0,1,0,24,2,8,1,72,89,1,1,0,0,85.60000000000001,33.0,17,3.0689655172413794,0,2.8,0,26.68,76.48995983935744,1
25,70,1,0,1,1,0,23,0,19,1,65,75,1,2,1,0,64.0,34.5,10,3.0,0,3.9000000000000004,1,17.5,48.19277108433735,1
25,70,1,0,1,1,0,24,0,7,1,75,78,0,0,1,0,68.0,28.5,3,3.12,2,1.7000000000000002,1,17.5,53.25301204819277,1
25,70,1,0,0,1,0,23,0,19,1,65,75,1,2,1,0,64.0,34.5,10,3.0,-1,3.9000000000000004,0,17.5,48.19277108433735,1
25,70,1,0,0,1,0,24,0,7,1,75,78,0,0,1,0,68.0,28.5,3,3.12,1,1.7000000000000002,0,17.5,53.25301204819277,1
21,77,1,1,1,1,1,23,3,20,1,73,47,0,2,3,0,80.0,31.0,-26,2.238095238095238,0,3.0,1,16.17,37.75100401606426,1
21,77,1,1,1,1,1,18,0,1,1,97,50,1,2,3,0,89.60000000000001,21.5,-47,2.380952380952381,0,2.1,1,16.17,44.979919678714865,1
21,77,0,1,1,1,1,23,3,20,1,73,47,0,2,3,0,80.0,31.0,-26,2.238095238095238,-1,3.0,0,16.17,37.75100401606426,1
21,77,0,1,1,1,1,18,0,1,1,97,50,1,2,3,0,89.60000000000001,21.5,-47,2.380952380952381,-1,2.1,0,16.17,44.979919678714865,1
21,77,1,0,2,1,1,23,3,20,1,73,47,0,2,3,0,70.0,31.0,-26,2.238095238095238,1,3.0,2,16.17,33.032128514056225,1
21,77,1,0,2,1,1,18,0,1,1,97,50,1,2,3,0,79.60000000000001,21.5,-47,2.380952380952381,1,2.1,2,16.17,39.95983935742973,1
21,77,0,1,0,1,1,23,3,20,1,73,47,0,2,3,0,80.0,31.0,-26,2.238095238095238,-2,3.0,0,16.17,37.75100401606426,1
21,77,0,1,0,1,1,18,0,1,1,97,50,1,2,3,0,89.60000000000001,21.5,-47,2.380952380952381,-2,2.1,0,16.17,44.979919678714865,1
21,77,1,0,0,1,1,23,3,20,1,73,47,0,2,3,0,70.0,31.0,-26,2.238095238095238,-1,3.0,0,16.17,33.032128514056225,1
21,77,1,0,0,1,1,18,0,1,1,97,50,1,2,3,0,79.60000000000001,21.5,-47,2.380952380952381,-1,2.1,0,16.17,39.95983935742973,1
29,78,2,1,0,1,1,22,1,12,0,65,71,1,2,1,0,67.2,35.0,6,2.4482758620689653,0,3.2,0,22.62,47.90361445783133,1
29,78,1,0,1,1,1,22,1,12,0,65,71,1,2,1,0,57.2,35.0,6,2.4482758620689653,0,3.2,1,22.62,40.77510040160643,1
29,78,1,1,2,1,1,22,1,12,0,65,71,1,2,1,0,67.2,35.0,6,2.4482758620689653,1,3.2,2,22.62,47.90361445783133,1
29,78,1,1,1,1,1,22,1,12,0,65,71,1,2,1,0,67.2,35.0,6,2.4482758620689653,0,3.2,1,22.62,47.90361445783133,1
15,95,0,1,0,1,1,22,1,6,1,79,41,0,0,3,0,89.6,18.0,-38,2.7333333333333334,0,1.6,0,14.25,36.88353413654618,1
15,95,1,1,0,1,1,22,1,6,1,79,41,0,0,3,0,89.6,18.0,-38,2.7333333333333334,1,1.6,0,14.25,36.88353413654618,1
15,95,2,1,1,1,1,22,1,6,1,79,41,0,0,3,0,89.6,18.0,-38,2.7333333333333334,3,1.6,2,14.25,36.88353413654618,1
17,88,2,1,0,1,1,29,1,16,1,69,46,1,2,3,0,82.80000000000001,25.0,-23,2.7058823529411766,0,3.6,0,14.96,38.24096385542169,1
17,88,1,1,1,1,1,29,1,16,1,69,46,1,2,3,0,82.80000000000001,25.0,-23,2.7058823529411766,0,3.6,1,14.96,38.24096385542169,1
25,63,2,1,1,1,1,20,3,18,0,82,82,1,2,1,0,68.0,34.0,0,3.28,1,3.8,2,15.75,55.983935742971894,1
25,63,2,1,1,1,1,23,3,15,1,79,55,1,2,2,0,76.80000000000001,32.5,-24,2.2,1,3.5,2,15.75,42.409638554216876,1
25,63,2,1,1,1,1,20,0,1,1,55,45,1,0,3,0,67.2,25.5,-10,1.8,3,2.1,2,15.75,30.361445783132535,1
25,63,1,1,1,1,1,20,3,18,0,82,82,1,2,1,0,68.0,34.0,0,3.28,0,3.8,1,15.75,55.983935742971894,1
25,63,1,1,1,1,1,23,3,15,1,79,55,1,2,2,0,76.80000000000001,32.5,-24,2.2,0,3.5,1,15.75,42.409638554216876,1
25,63,1,1,1,1,1,20,0,1,1,55,45,1,0,3,0,67.2,25.5,-10,1.8,2,2.1,1,15.75,30.361445783132535,1
25,63,0,0,2,1,1,20,3,18,0,82,82,1,2,1,0,58.00000000000001,34.0,0,3.28,0,3.8,0,15.75,47.75100401606427,1
25,63,0,0,2,1,1,23,3,15,1,79,55,1,2,2,0,66.80000000000001,32.5,-24,2.2,0,3.5,0,15.75,36.88755020080322,1
25,63,0,0,2,1,1,20,0,1,1,55,45,1,0,3,0,57.2,25.5,-10,1.8,2,2.1,0,15.75,25.843373493975903,1
23,98,0,1,0,1,0,28,3,2,0,76,89,0,0,0,0,79.60000000000001,24.0,13,3.869565217391304,0,1.2,0,22.54,71.12851405622492,1
23,98,0,1,0,1,0,22,0,1,0,99,84,1,0,1,0,88.80000000000001,23.5,-15,3.652173913043478,0,2.1,0,22.54,74.89156626506026,1
23,98,0,1,0,1,0,20,2,19,1,59,46,0,2,3,0,82.80000000000001,32.5,-13,2.0,-2,2.9000000000000004,0,22.54,38.24096385542169,1
23,98,1,0,2,1,0,28,3,2,0,76,89,0,0,0,0,69.60000000000001,24.0,13,3.869565217391304,3,1.2,2,22.54,62.19277108433736,1
23,98,1,0,2,1,0,22,0,1,0,99,84,1,0,1,0,78.80000000000001,23.5,-15,3.652173913043478,3,2.1,2,22.54,66.45783132530121,1
23,98,1,0,2,1,0,20,2,19,1,59,46,0,2,3,0,72.80000000000001,32.5,-13,2.0,1,2.9000000000000004,2,22.54,33.62248995983937,1
23,98,2,1,1,1,0,28,3,2,0,76,89,0,0,0,0,79.60000000000001,24.0,13,3.869565217391304,3,1.2,2,22.54,71.12851405622492,1
23,98,2,1,1,1,0,22,0,1,0,99,84,1,0,1,0,88.80000000000001,23.5,-15,3.652173913043478,3,2.1,2,22.54,74.89156626506026,1
23,98,2,1,1,1,0,20,2,19,1,59,46,0,2,3,0,82.80000000000001,32.5,-13,2.0,1,2.9000000000000004,2,22.54,38.24096385542169,1
23,98,2,1,0,1,0,28,3,2,0,76,89,0,0,0,0,79.60000000000001,24.0,13,3.869565217391304,2,1.2,0,22.54,71.12851405622492,1
23,98,2,1,0,1,0,22,0,1,0,99,84,1,0,1,0,88.80000000000001,23.5,-15,3.652173913043478,2,2.1,0,22.54,74.89156626506026,1
23,98,2,1,0,1,0,20,2,19,1,59,46,0,2,3,0,82.80000000000001,32.5,-13,2.0,0,2.9000000000000004,0,22.54,38.24096385542169,1
26,70,0,1,1,1,0,28,0,18,0,77,54,0,2,3,0,68.8,35.0,-23,2.076923076923077,-1,2.8,0,18.2,37.30120481927711,1
26,70,0,1,1,1,0,22,1,14,1,89,92,0,0,0,0,83.6,33.0,3,3.5384615384615383,1,2.4000000000000004,0,18.2,77.22088353413655,1
26,70,0,1,1,1,0,19,1,20,1,73,43,1,2,3,0,77.2,36.0,-30,1.6538461538461537,-1,4.0,0,18.2,33.329317269076306,1
26,70,2,1,1,1,0,28,0,18,0,77,54,0,2,3,0,68.8,35.0,-23,2.076923076923077,1,2.8,2,18.2,37.30120481927711,1
26,70,2,1,1,1,0,22,1,14,1,89,92,0,0,0,0,83.6,33.0,3,3.5384615384615383,3,2.4000000000000004,2,18.2,77.22088353413655,1
26,70,2,1,1,1,0,19,1,20,1,73,43,1,2,3,0,77.2,36.0,-30,1.6538461538461537,1,4.0,2,18.2,33.329317269076306,1
18,89,1,1,1,1,0,28,3,5,1,81,68,1,0,2,0,88.0,20.5,-13,3.7777777777777777,2,2.5,1,16.02,60.08032128514056,1
18,89,1,1,1,1,0,29,0,0,0,80,40,0,1,3,0,77.6,18.0,-40,2.2222222222222223,1,1.0,1,16.02,31.164658634538153,1
18,89,1,1,1,1,0,23,3,10,1,84,58,0,2,2,0,89.2,23.0,-26,3.2222222222222223,0,2.0,1,16.02,51.94377510040161,1
18,89,2,1,0,1,0,28,3,5,1,81,68,1,0,2,0,88.0,20.5,-13,3.7777777777777777,2,2.5,0,16.02,60.08032128514056,1
18,89,2,1,0,1,0,29,0,0,0,80,40,0,1,3,0,77.6,18.0,-40,2.2222222222222223,1,1.0,0,16.02,31.164658634538153,1
18,89,2,1,0,1,0,23,3,10,1,84,58,0,2,2,0,89.2,23.0,-26,3.2222222222222223,0,2.0,0,16.02,51.94377510040161,1
18,89,0,1,0,1,0,28,3,5,1,81,68,1,0,2,0,88.0,20.5,-13,3.7777777777777777,0,2.5,0,16.02,60.08032128514056,1
18,89,0,1,0,1,0,29,0,0,0,80,40,0,1,3,0,77.6,18.0,-40,2.2222222222222223,-1,1.0,0,16.02,31.164658634538153,1
18,89,0,1,0,1,0,23,3,10,1,84,58,0,2,2,0,89.2,23.0,-26,3.2222222222222223,-2,2.0,0,16.02,51.94377510040161,1
18,89,0,1,1,1,0,28,3,5,1,81,68,1,0,2,0,88.0,20.5,-13,3.7777777777777777,1,2.5,0,16.02,60.08032128514056,1
18,89,0,1,1,1,0,29,0,0,0,80,40,0,1,3,0,77.6,18.0,-40,2.2222222222222223,0,1.0,0,16.02,31.164658634538153,1
18,89,0,1,1,1,0,23,3,10,1,84,58,0,2,2,0,89.2,23.0,-26,3.2222222222222223,-1,2.0,0,16.02,51.94377510040161,1
22,64,2,1,1,1,1,18,2,6,1,70,97,1,0,0,0,73.6,25.0,27,4.409090909090909,3,2.6,2,14.08,71.67871485943775,1
22,64,2,1,1,1,1,27,0,14,1,85,90,1,1,0,0,79.6,29.0,5,4.090909090909091,2,3.4000000000000004,2,14.08,71.92771084337349,1
22,64,2,1,1,1,1,29,2,20,1,88,74,1,2,1,0,80.80000000000001,32.0,-14,3.3636363636363638,1,4.0,2,14.08,60.03212851405624,1
22,64,2,1,1,1,1,24,1,15,1,55,49,0,0,3,0,67.6,29.5,-6,2.227272727272727,3,2.5,2,14.08,33.2570281124498,1
22,64,1,1,1,1,1,18,2,6,1,70,97,1,0,0,0,73.6,25.0,27,4.409090909090909,2,2.6,1,14.08,71.67871485943775,1
22,64,1,1,1,1,1,27,0,14,1,85,90,1,1,0,0,79.6,29.0,5,4.090909090909091,1,3.4000000000000004,1,14.08,71.92771084337349,1
22,64,1,1,1,1,1,29,2,20,1,88,74,1,2,1,0,80.80000000000001,32.0,-14,3.3636363636363638,0,4.0,1,14.08,60.03212851405624,1
22,64,1,1,1,1,1,24,1,15,1,55,49,0,0,3,0,67.6,29.5,-6,2.227272727272727,2,2.5,1,14.08,33.2570281124498,1
22,64,2,0,0,1,1,18,2,6,1,70,97,1,0,0,0,63.6,25.0,27,4.409090909090909,2,2.6,0,14.08,61.939759036144586,1
22,64,2,0,0,1,1,27,0,14,1,85,90,1,1,0,0,69.6,29.0,5,4.090909090909091,1,3.4000000000000004,0,14.08,62.89156626506024,1
22,64,2,0,0,1,1,29,2,20,1,88,74,1,2,1,0,70.80000000000001,32.0,-14,3.3636363636363638,0,4.0,0,14.08,52.60240963855423,1
22,64,2,0,0,1,1,24,1,15,1,55,49,0,0,3,0,57.6,29.5,-6,2.227272727272727,2,2.5,0,14.08,28.337349397590366,1
22,64,1,1,2,1,1,18,2,6,1,70,97,1,0,0,0,73.6,25.0,27,4.409090909090909,3,2.6,2,14.08,71.67871485943775,1
22,64,1,1,2,1,1,27,0,14,1,85,90,1,1,0,0,79.6,29.0,5,4.090909090909091,2,3.4000000000000004,2,14.08,71.92771084337349,1
22,64,1,1,2,1,1,29,2,20,1,88,74,1,2,1,0,80.80000000000001,32.0,-14,3.3636363636363638,1,4.0,2,14.08,60.03212851405624,1
22,64,1,1,2,1,1,24,1,15,1,55,49,0,0,3,0,67.6,29.5,-6,2.227272727272727,3,2.5,2,14.08,33.2570281124498,1
22,64,1,0,1,1,1,18,2,6,1,70,97,1,0,0,0,63.6,25.0,27,4.409090909090909,2,2.6,1,14.08,61.939759036144586,1
22,64,1,0,1,1,1,27,0,14,1,85,90,1,1,0,0,69.6,29.0,5,4.090909090909091,1,3.4000000000000004,1,14.08,62.89156626506024,1
22,64,1,0,1,1,1,29,2,20,1,88,74,1,2,1,0,70.80000000000001,32.0,-14,3.3636363636363638,0,4.0,1,14.08,52.60240963855423,1
22,64,1,0,1,1,1,24,1,15,1,55,49,0,0,3,0,57.6,29.5,-6,2.227272727272727,2,2.5,1,14.08,28.337349397590366,1
22,81,1,1,0,1,0,27,2,14,1,80,79,1,0,1,0,84.4,29.0,-1,3.590909090909091,1,3.4000000000000004,0,17.82,66.94377510040161,1
22,81,1,1,0,1,0,27,3,4,1,75,54,1,2,3,0,82.4,24.0,-21,2.4545454545454546,-1,2.4,0,17.82,44.674698795180724,1
22,81,1,1,0,1,0,28,0,5,0,52,95,1,2,0,0,63.2,24.5,43,4.318181818181818,-1,2.5,0,17.82,60.28112449799198,1
22,81,2,1,2,1,0,27,2,14,1,80,79,1,0,1,0,84.4,29.0,-1,3.590909090909091,4,3.4000000000000004,4,17.82,66.94377510040161,1
22,81,2,1,2,1,0,27,3,4,1,75,54,1,2,3,0,82.4,24.0,-21,2.4545454545454546,2,2.4,4,17.82,44.674698795180724,1
22,81,2,1,2,1,0,28,0,5,0,52,95,1,2,0,0,63.2,24.5,43,4.318181818181818,2,2.5,4,17.82,60.28112449799198,1
22,81,1,0,0,1,0,27,2,14,1,80,79,1,0,1,0,74.4,29.0,-1,3.590909090909091,1,3.4000000000000004,0,17.82,59.01204819277109,1
22,81,1,0,0,1,0,27,3,4,1,75,54,1,2,3,0,72.4,24.0,-21,2.4545454545454546,-1,2.4,0,17.82,39.25301204819277,1
22,81,1,0,0,1,0,28,0,5,0,52,95,1,2,0,0,53.2,24.5,43,4.318181818181818,-1,2.5,0,17.82,50.74297188755021,1
22,81,0,1,0,1,0,27,2,14,1,80,79,1,0,1,0,84.4,29.0,-1,3.590909090909091,0,3.4000000000000004,0,17.82,66.94377510040161,1
22,81,0,1,0,1,0,27,3,4,1,75,54,1,2,3,0,82.4,24.0,-21,2.4545454545454546,-2,2.4,0,17.82,44.674698795180724,1
22,81,0,1,0,1,0,28,0,5,0,52,95,1,2,0,0,63.2,24.5,43,4.318181818181818,-2,2.5,0,17.82,60.28112449799198,1
22,81,0,0,1,1,0,27,2,14,1,80,79,1,0,1,0,74.4,29.0,-1,3.590909090909091,1,3.4000000000000004,0,17.82,59.01204819277109,1
22,81,0,0,1,1,0,27,3,4,1,75,54,1,2,3,0,72.4,24.0,-21,2.4545454545454546,-1,2.4,0,17.82,39.25301204819277,1
22,81,0,0,1,1,0,28,0,5,0,52,95,1,2,0,0,53.2,24.5,43,4.318181818181818,-1,2.5,0,17.82,50.74297188755021,1
18,79,1,1,1,1,1,29,0,15,1,75,64,0,1,2,0,81.6,25.5,-11,3.5555555555555554,1,2.5,1,14.22,52.433734939759034,1
18,79,1,1,0,1,1,29,0,15,1,75,64,0,1,2,0,81.6,25.5,-11,3.5555555555555554,0,2.5,0,14.22,52.433734939759034,1
18,79,2,1,1,1,1,29,0,15,1,75,64,0,1,2,0,81.6,25.5,-11,3.5555555555555554,2,2.5,2,14.22,52.433734939759034,1
18,79,0,0,2,1,1,29,0,15,1,75,64,0,1,2,0,71.6,25.5,-11,3.5555555555555554,1,2.5,0,14.22,46.00803212851405,1
18,79,2,0,0,1,1,29,0,15,1,75,64,0,1,2,0,71.6,25.5,-11,3.5555555555555554,1,2.5,0,14.22,46.00803212851405,1
22,99,0,1,0,1,1,21,1,2,1,64,80,0,2,1,0,85.2,23.0,16,3.6363636363636362,-2,1.2,0,21.78,68.43373493975905,1
22,99,0,1,0,1,1,25,2,2,1,88,73,1,1,1,0,94.80000000000001,23.0,-15,3.3181818181818183,-1,2.2,0,21.78,69.48192771084338,1
22,99,0,1,0,1,1,22,3,7,1,95,82,0,2,1,0,97.6,25.5,-13,3.727272727272727,-2,1.7000000000000002,0,21.78,80.35341365461848,1
22,99,2,1,1,1,1,21,1,2,1,64,80,0,2,1,0,85.2,23.0,16,3.6363636363636362,1,1.2,2,21.78,68.43373493975905,1
22,99,2,1,1,1,1,25,2,2,1,88,73,1,1,1,0,94.80000000000001,23.0,-15,3.3181818181818183,2,2.2,2,21.78,69.48192771084338,1
22,99,2,1,1,1,1,22,3,7,1,95,82,0,2,1,0,97.6,25.5,-13,3.727272727272727,1,1.7000000000000002,2,21.78,80.35341365461848,1
22,99,1,1,2,1,1,21,1,2,1,64,80,0,2,1,0,85.2,23.0,16,3.6363636363636362,1,1.2,2,21.78,68.43373493975905,1
22,99,1,1,2,1,1,25,2,2,1,88,73,1,1,1,0,94.80000000000001,23.0,-15,3.3181818181818183,2,2.2,2,21.78,69.48192771084338,1
22,99,1,1,2,1,1,22,3,7,1,95,82,0,2,1,0,97.6,25.5,-13,3.727272727272727,1,1.7000000000000002,2,21.78,80.35341365461848,1
22,99,1,0,0,1,1,21,1,2,1,64,80,0,2,1,0,75.2,23.0,16,3.6363636363636362,-1,1.2,0,21.78,60.401606425702816,1
22,99,1,0,0,1,1,25,2,2,1,88,73,1,1,1,0,84.80000000000001,23.0,-15,3.3181818181818183,0,2.2,0,21.78,62.15261044176708,1
22,99,1,0,0,1,1,22,3,7,1,95,82,0,2,1,0,87.6,25.5,-13,3.727272727272727,-1,1.7000000000000002,0,21.78,72.12048192771084,1
31,100,1,0,1,1,1,21,0,7,0,64,97,1,1,0,0,65.6,34.5,33,3.129032258064516,1,2.7,1,31.0,63.88755020080321,1
21,82,2,1,2,1,0,28,2,16,0,62,47,1,1,3,0,67.60000000000001,29.0,-15,2.238095238095238,3,3.6,4,17.22,31.8995983935743,1
21,82,1,1,2,1,0,28,2,16,0,62,47,1,1,3,0,67.60000000000001,29.0,-15,2.238095238095238,2,3.6,2,17.22,31.8995983935743,1
21,82,1,0,1,1,0,28,2,16,0,62,47,1,1,3,0,57.60000000000001,29.0,-15,2.238095238095238,1,3.6,1,17.22,27.18072289156627,1
22,67,1,1,2,1,0,27,0,19,1,76,100,0,0,0,0,77.2,31.5,24,4.545454545454546,3,2.9000000000000004,2,14.74,77.51004016064257,1
22,67,1,0,0,1,0,27,0,19,1,76,100,0,0,0,0,67.2,31.5,24,4.545454545454546,1,2.9000000000000004,0,14.74,67.46987951807229,1
22,67,1,0,1,1,0,27,0,19,1,76,100,0,0,0,0,67.2,31.5,24,4.545454545454546,2,2.9000000000000004,1,14.74,67.46987951807229,1
22,67,1,1,1,1,0,27,0,19,1,76,100,0,0,0,0,77.2,31.5,24,4.545454545454546,2,2.9000000000000004,1,14.74,77.51004016064257,1
20,73,1,1,1,1,1,24,2,14,0,58,45,0,2,3,0,62.400000000000006,27.0,-13,2.25,0,2.4000000000000004,1,14.6,28.192771084337355,1
20,73,1,1,0,1,1,24,2,14,0,58,45,0,2,3,0,62.400000000000006,27.0,-13,2.25,-1,2.4000000000000004,0,14.6,28.192771084337355,1
20,73,1,1,2,1,1,24,2,14,0,58,45,0,2,3,0,62.400000000000006,27.0,-13,2.25,1,2.4000000000000004,2,14.6,28.192771084337355,1
20,73,2,1,0,1,1,24,2,14,0,58,45,0,2,3,0,62.400000000000006,27.0,-13,2.25,0,2.4000000000000004,0,14.6,28.192771084337355,1
20,73,1,0,0,1,1,24,2,14,0,58,45,0,2,3,0,52.400000000000006,27.0,-13,2.25,-1,2.4000000000000004,0,14.6,23.674698795180728,1
20,73,0,1,2,1,1,24,2,14,0,58,45,0,2,3,0,62.400000000000006,27.0,-13,2.25,0,2.4000000000000004,0,14.6,28.192771084337355,1
20,73,2,0,2,1,1,24,2,14,0,58,45,0,2,3,0,52.400000000000006,27.0,-13,2.25,2,2.4000000000000004,4,14.6,23.674698795180728,1
20,73,0,1,1,1,1,24,2,14,0,58,45,0,2,3,0,62.400000000000006,27.0,-13,2.25,-1,2.4000000000000004,0,14.6,28.192771084337355,1
20,73,2,1,1,1,1,24,2,14,0,58,45,0,2,3,0,62.400000000000006,27.0,-13,2.25,1,2.4000000000000004,2,14.6,28.192771084337355,1
20,72,1,0,1,1,1,19,2,13,1,55,50,0,2,3,0,60.8,26.5,-5,2.5,0,2.3,1,14.399999999999999,30.522088353413658,1
20,72,2,1,0,1,1,19,2,13,1,55,50,0,2,3,0,70.8,26.5,-5,2.5,0,2.3,0,14.399999999999999,35.54216867469879,1
20,72,0,0,0,1,1,19,2,13,1,55,50,0,2,3,0,60.8,26.5,-5,2.5,-2,2.3,0,14.399999999999999,30.522088353413658,1
20,72,1,1,2,1,1,19,2,13,1,55,50,0,2,3,0,70.8,26.5,-5,2.5,1,2.3,2,14.399999999999999,35.54216867469879,1
20,72,0,1,1,1,1,19,2,13,1,55,50,0,2,3,0,70.8,26.5,-5,2.5,-1,2.3,0,14.399999999999999,35.54216867469879,1
20,72,0,1,0,1,1,19,2,13,1,55,50,0,2,3,0,70.8,26.5,-5,2.5,-2,2.3,0,14.399999999999999,35.54216867469879,1
20,72,1,0,0,1,1,19,2,13,1,55,50,0,2,3,0,60.8,26.5,-5,2.5,-1,2.3,0,14.399999999999999,30.522088353413658,1
20,72,1,1,1,1,1,19,2,13,1,55,50,0,2,3,0,70.8,26.5,-5,2.5,0,2.3,1,14.399999999999999,35.54216867469879,1
20,71,2,1,2,1,1,29,2,15,1,83,62,1,2,2,0,81.60000000000001,27.5,-21,3.1,2,3.5,4,14.2,50.79518072289157,1
20,71,1,0,1,1,1,29,2,15,1,83,62,1,2,2,0,71.60000000000001,27.5,-21,3.1,0,3.5,1,14.2,44.570281124498,1
20,71,0,0,2,1,1,29,2,15,1,83,62,1,2,2,0,71.60000000000001,27.5,-21,3.1,0,3.5,0,14.2,44.570281124498,1
20,71,1,0,2,1,1,29,2,15,1,83,62,1,2,2,0,71.60000000000001,27.5,-21,3.1,1,3.5,2,14.2,44.570281124498,1
20,71,1,1,0,1,1,29,2,15,1,83,62,1,2,2,0,81.60000000000001,27.5,-21,3.1,-1,3.5,0,14.2,50.79518072289157,1
20,71,1,1,1,1,1,29,2,15,1,83,62,1,2,2,0,81.60000000000001,27.5,-21,3.1,0,3.5,1,14.2,50.79518072289157,1
20,71,0,1,2,1,1,29,2,15,1,83,62,1,2,2,0,81.60000000000001,27.5,-21,3.1,0,3.5,0,14.2,50.79518072289157,1
20,71,2,1,1,1,1,29,2,15,1,83,62,1,2,2,0,81.60000000000001,27.5,-21,3.1,1,3.5,2,14.2,50.79518072289157,1
35,99,2,1,0,1,0,18,2,3,0,81,64,1,2,2,0,82.0,36.5,-17,1.8285714285714285,0,2.3,0,34.65,52.69076305220884,1
22,89,2,1,1,1,0,23,0,13,1,68,76,0,2,1,0,82.80000000000001,28.5,8,3.4545454545454546,1,2.3,2,19.580000000000002,63.180722891566276,1
22,89,2,1,1,1,0,21,2,8,0,69,96,1,0,0,0,73.2,26.0,27,4.363636363636363,3,2.8,2,19.580000000000002,70.55421686746988,1
22,89,1,0,0,1,0,23,0,13,1,68,76,0,2,1,0,72.80000000000001,28.5,8,3.4545454545454546,-1,2.3,0,19.580000000000002,55.55020080321287,1
22,89,1,0,0,1,0,21,2,8,0,69,96,1,0,0,0,63.2,26.0,27,4.363636363636363,1,2.8,0,19.580000000000002,60.91566265060242,1
22,89,1,1,1,1,0,23,0,13,1,68,76,0,2,1,0,82.80000000000001,28.5,8,3.4545454545454546,0,2.3,1,19.580000000000002,63.180722891566276,1
22,89,1,1,1,1,0,21,2,8,0,69,96,1,0,0,0,73.2,26.0,27,4.363636363636363,2,2.8,1,19.580000000000002,70.55421686746988,1
20,60,2,0,2,1,1,22,3,9,1,92,48,0,0,3,0,70.80000000000001,24.5,-44,2.4,4,1.9,4,12.0,34.120481927710856,1
20,60,2,0,2,1,1,24,3,1,0,84,79,1,0,1,0,57.6,20.5,-5,3.95,4,2.1,4,12.0,45.686746987951814,1
20,60,1,0,2,1,1,22,3,9,1,92,48,0,0,3,0,70.80000000000001,24.5,-44,2.4,3,1.9,2,12.0,34.120481927710856,1
20,60,1,0,2,1,1,24,3,1,0,84,79,1,0,1,0,57.6,20.5,-5,3.95,3,2.1,2,12.0,45.686746987951814,1
20,60,1,1,0,1,1,22,3,9,1,92,48,0,0,3,0,80.80000000000001,24.5,-44,2.4,1,1.9,0,12.0,38.939759036144586,1
20,60,1,1,0,1,1,24,3,1,0,84,79,1,0,1,0,67.6,20.5,-5,3.95,1,2.1,0,12.0,53.618473895582326,1
20,60,1,1,1,1,1,22,3,9,1,92,48,0,0,3,0,80.80000000000001,24.5,-44,2.4,2,1.9,1,12.0,38.939759036144586,1
20,60,1,1,1,1,1,24,3,1,0,84,79,1,0,1,0,67.6,20.5,-5,3.95,2,2.1,1,12.0,53.618473895582326,1
27,97,2,1,1,1,0,25,2,3,1,59,46,0,1,3,0,82.4,28.5,-13,1.7037037037037037,2,1.3,2,26.189999999999998,38.0562248995984,1
27,97,2,1,1,1,0,20,2,1,1,80,62,1,1,2,0,90.80000000000001,27.5,-18,2.2962962962962963,2,2.1,2,26.189999999999998,56.522088353413665,1
27,97,2,1,1,1,0,18,3,11,1,54,66,1,0,2,0,80.4,32.5,12,2.4444444444444446,3,3.1,2,26.189999999999998,53.27710843373495,1
27,97,2,0,1,1,0,25,2,3,1,59,46,0,1,3,0,72.4,28.5,-13,1.7037037037037037,2,1.3,2,26.189999999999998,33.437751004016064,1
27,97,2,0,1,1,0,20,2,1,1,80,62,1,1,2,0,80.80000000000001,27.5,-18,2.2962962962962963,2,2.1,2,26.189999999999998,50.297188755020095,1
27,97,2,0,1,1,0,18,3,11,1,54,66,1,0,2,0,70.4,32.5,12,2.4444444444444446,3,3.1,2,26.189999999999998,46.650602409638566,1
27,97,1,0,1,1,0,25,2,3,1,59,46,0,1,3,0,72.4,28.5,-13,1.7037037037037037,1,1.3,1,26.189999999999998,33.437751004016064,1
27,97,1,0,1,1,0,20,2,1,1,80,62,1,1,2,0,80.80000000000001,27.5,-18,2.2962962962962963,1,2.1,1,26.189999999999998,50.297188755020095,1
27,97,1,0,1,1,0,18,3,11,1,54,66,1,0,2,0,70.4,32.5,12,2.4444444444444446,2,3.1,1,26.189999999999998,46.650602409638566,1
25,72,2,1,0,1,0,23,0,14,0,66,57,1,0,2,0,65.2,32.0,-9,2.28,2,3.4000000000000004,0,18.0,37.31325301204819,1
25,72,2,1,0,1,0,18,2,15,1,86,76,1,1,1,0,83.2,32.5,-10,3.04,1,3.5,0,18.0,63.48594377510041,1
25,72,1,1,1,1,0,23,0,14,0,66,57,1,0,2,0,65.2,32.0,-9,2.28,2,3.4000000000000004,1,18.0,37.31325301204819,1
25,72,1,1,1,1,0,18,2,15,1,86,76,1,1,1,0,83.2,32.5,-10,3.04,1,3.5,1,18.0,63.48594377510041,1
25,72,2,1,1,1,0,23,0,14,0,66,57,1,0,2,0,65.2,32.0,-9,2.28,3,3.4000000000000004,2,18.0,37.31325301204819,1
25,72,2,1,1,1,0,18,2,15,1,86,76,1,1,1,0,83.2,32.5,-10,3.04,2,3.5,2,18.0,63.48594377510041,1
25,72,1,0,2,1,0,23,0,14,0,66,57,1,0,2,0,55.2,32.0,-9,2.28,3,3.4000000000000004,2,18.0,31.590361445783135,1
25,72,1,0,2,1,0,18,2,15,1,86,76,1,1,1,0,73.2,32.5,-10,3.04,2,3.5,2,18.0,55.85542168674699,1
25,67,1,0,2,1,0,28,3,7,1,61,59,1,1,2,0,61.2,28.5,-2,2.36,2,2.7,2,16.75,36.25301204819278,1
25,67,1,0,2,1,0,21,3,8,0,59,50,1,2,3,0,50.400000000000006,29.0,-9,2.0,1,2.8,2,16.75,25.30120481927711,1
25,67,1,0,2,1,0,23,0,13,1,67,99,1,1,0,0,63.6,31.5,32,3.96,2,3.3,2,16.75,63.216867469879524,1
25,67,1,0,2,1,0,19,3,15,1,95,98,1,2,0,0,74.8,32.5,3,3.92,1,3.5,2,16.75,73.59839357429719,1
25,67,2,0,1,1,0,28,3,7,1,61,59,1,1,2,0,61.2,28.5,-2,2.36,2,2.7,2,16.75,36.25301204819278,1
25,67,2,0,1,1,0,21,3,8,0,59,50,1,2,3,0,50.400000000000006,29.0,-9,2.0,1,2.8,2,16.75,25.30120481927711,1
25,67,2,0,1,1,0,23,0,13,1,67,99,1,1,0,0,63.6,31.5,32,3.96,2,3.3,2,16.75,63.216867469879524,1
25,67,2,0,1,1,0,19,3,15,1,95,98,1,2,0,0,74.8,32.5,3,3.92,1,3.5,2,16.75,73.59839357429719,1
25,67,1,0,1,1,0,28,3,7,1,61,59,1,1,2,0,61.2,28.5,-2,2.36,1,2.7,1,16.75,36.25301204819278,1
25,67,1,0,1,1,0,21,3,8,0,59,50,1,2,3,0,50.400000000000006,29.0,-9,2.0,0,2.8,1,16.75,25.30120481927711,1
25,67,1,0,1,1,0,23,0,13,1,67,99,1,1,0,0,63.6,31.5,32,3.96,1,3.3,1,16.75,63.216867469879524,1
25,67,1,0,1,1,0,19,3,15,1,95,98,1,2,0,0,74.8,32.5,3,3.92,0,3.5,1,16.75,73.59839357429719,1
28,89,2,1,2,1,0,26,3,6,1,52,68,1,1,2,0,76.4,31.0,16,2.4285714285714284,3,2.6,4,24.92,52.160642570281134,1
28,89,2,1,2,1,0,18,3,7,0,90,51,1,2,3,0,81.6,31.5,-39,1.8214285714285714,2,2.7,4,24.92,41.78313253012048,1
28,89,2,1,2,1,0,23,0,5,0,80,96,1,2,0,0,77.6,30.5,16,3.4285714285714284,2,2.5,4,24.92,74.79518072289157,1
28,89,2,1,2,1,0,25,1,14,0,79,87,1,0,0,0,77.2,35.0,8,3.107142857142857,4,3.4000000000000004,4,24.92,67.43373493975905,1
28,89,2,1,2,1,0,24,3,11,0,74,46,1,2,3,0,75.2,33.5,-28,1.6428571428571428,2,3.1,4,24.92,34.73092369477912,1
28,89,2,1,2,1,0,21,2,4,1,91,90,0,0,0,0,92.0,30.0,-1,3.2142857142857144,4,1.4,4,24.92,83.13253012048193,1
28,89,0,1,2,1,0,26,3,6,1,52,68,1,1,2,0,76.4,31.0,16,2.4285714285714284,1,2.6,0,24.92,52.160642570281134,1
28,89,0,1,2,1,0,18,3,7,0,90,51,1,2,3,0,81.6,31.5,-39,1.8214285714285714,0,2.7,0,24.92,41.78313253012048,1
28,89,0,1,2,1,0,23,0,5,0,80,96,1,2,0,0,77.6,30.5,16,3.4285714285714284,0,2.5,0,24.92,74.79518072289157,1
28,89,0,1,2,1,0,25,1,14,0,79,87,1,0,0,0,77.2,35.0,8,3.107142857142857,2,3.4000000000000004,0,24.92,67.43373493975905,1
28,89,0,1,2,1,0,24,3,11,0,74,46,1,2,3,0,75.2,33.5,-28,1.6428571428571428,0,3.1,0,24.92,34.73092369477912,1
28,89,0,1,2,1,0,21,2,4,1,91,90,0,0,0,0,92.0,30.0,-1,3.2142857142857144,2,1.4,0,24.92,83.13253012048193,1
24,73,2,1,1,1,1,28,3,18,1,61,59,1,2,2,0,73.60000000000001,33.0,-2,2.4583333333333335,1,3.8,2,17.52,43.59839357429719,1
24,73,1,1,2,1,1,28,3,18,1,61,59,1,2,2,0,73.60000000000001,33.0,-2,2.4583333333333335,1,3.8,2,17.52,43.59839357429719,1
24,73,0,1,1,1,1,28,3,18,1,61,59,1,2,2,0,73.60000000000001,33.0,-2,2.4583333333333335,-1,3.8,0,17.52,43.59839357429719,1
24,73,1,1,0,1,1,28,3,18,1,61,59,1,2,2,0,73.60000000000001,33.0,-2,2.4583333333333335,-1,3.8,0,17.52,43.59839357429719,1
21,78,1,1,1,1,1,27,0,6,0,95,90,1,2,0,0,79.2,24.0,-5,4.285714285714286,0,2.6,1,16.38,71.56626506024098,1
21,78,0,0,1,1,1,27,0,6,0,95,90,1,2,0,0,69.2,24.0,-5,4.285714285714286,-1,2.6,0,16.38,62.53012048192772,1
21,78,1,0,0,1,1,27,0,6,0,95,90,1,2,0,0,69.2,24.0,-5,4.285714285714286,-1,2.6,0,16.38,62.53012048192772,1
21,78,1,0,1,1,1,27,0,6,0,95,90,1,2,0,0,69.2,24.0,-5,4.285714285714286,0,2.6,1,16.38,62.53012048192772,1
21,78,0,1,1,1,1,27,0,6,0,95,90,1,2,0,0,79.2,24.0,-5,4.285714285714286,-1,2.6,0,16.38,71.56626506024098,1
21,78,2,0,1,1,1,27,0,6,0,95,90,1,2,0,0,69.2,24.0,-5,4.285714285714286,1,2.6,2,16.38,62.53012048192772,1
17,94,1,1,0,1,0,19,0,6,0,73,59,1,2,2,0,76.80000000000001,20.0,-14,3.4705882352941178,-1,2.6,0,15.979999999999999,45.49397590361447,1
17,94,1,1,0,1,0,29,1,9,1,57,50,1,1,3,0,80.4,21.5,-7,2.9411764705882355,0,2.9,0,15.979999999999999,40.36144578313254,1
17,94,1,1,1,1,0,19,0,6,0,73,59,1,2,2,0,76.80000000000001,20.0,-14,3.4705882352941178,0,2.6,1,15.979999999999999,45.49397590361447,1
17,94,1,1,1,1,0,29,1,9,1,57,50,1,1,3,0,80.4,21.5,-7,2.9411764705882355,1,2.9,1,15.979999999999999,40.36144578313254,1
20,77,1,0,0,1,0,19,0,20,1,76,59,1,1,2,0,71.2,30.0,-17,2.95,0,4.0,0,15.4,42.176706827309246,1
20,77,1,0,0,1,0,29,0,14,1,53,69,1,2,2,0,62.0,27.0,16,3.45,-1,3.4000000000000004,0,15.4,42.95180722891567,1
20,77,0,0,0,1,0,19,0,20,1,76,59,1,1,2,0,71.2,30.0,-17,2.95,-1,4.0,0,15.4,42.176706827309246,1
20,77,0,0,0,1,0,29,0,14,1,53,69,1,2,2,0,62.0,27.0,16,3.45,-2,3.4000000000000004,0,15.4,42.95180722891567,1
23,77,1,1,1,1,1,27,0,9,0,59,46,1,2,3,0,64.4,27.5,-13,2.0,0,2.9,1,17.71,29.742971887550205,1
23,77,1,1,1,1,1,19,1,0,1,92,62,0,2,2,0,87.60000000000001,23.0,-30,2.6956521739130435,0,1.0,1,17.71,54.530120481927725,1
23,77,2,1,1,1,1,27,0,9,0,59,46,1,2,3,0,64.4,27.5,-13,2.0,1,2.9,2,17.71,29.742971887550205,1
23,77,2,1,1,1,1,19,1,0,1,92,62,0,2,2,0,87.60000000000001,23.0,-30,2.6956521739130435,1,1.0,2,17.71,54.530120481927725,1
23,77,1,0,0,1,1,27,0,9,0,59,46,1,2,3,0,54.400000000000006,27.5,-13,2.0,-1,2.9,0,17.71,25.12449799196788,1
23,77,1,0,0,1,1,19,1,0,1,92,62,0,2,2,0,77.60000000000001,23.0,-30,2.6956521739130435,-1,1.0,0,17.71,48.30522088353415,1
23,77,2,0,0,1,1,27,0,9,0,59,46,1,2,3,0,54.400000000000006,27.5,-13,2.0,0,2.9,0,17.71,25.12449799196788,1
23,77,2,0,0,1,1,19,1,0,1,92,62,0,2,2,0,77.60000000000001,23.0,-30,2.6956521739130435,0,1.0,0,17.71,48.30522088353415,1
23,77,0,0,1,1,1,27,0,9,0,59,46,1,2,3,0,54.400000000000006,27.5,-13,2.0,-1,2.9,0,17.71,25.12449799196788,1
23,77,0,0,1,1,1,19,1,0,1,92,62,0,2,2,0,77.60000000000001,23.0,-30,2.6956521739130435,-1,1.0,0,17.71,48.30522088353415,1
29,61,2,1,0,1,0,29,1,11,1,93,86,1,1,0,0,81.60000000000001,34.5,-7,2.9655172413793105,1,3.1,0,17.69,70.45783132530121,1
29,61,2,1,0,1,0,21,0,3,1,96,71,0,2,1,1,82.80000000000001,30.5,-25,2.4482758620689653,0,1.3,0,17.69,59.02409638554218,1
29,61,2,1,0,1,0,28,3,15,1,88,84,0,0,1,0,79.60000000000001,36.5,-4,2.896551724137931,2,2.5,0,17.69,67.13253012048195,1
25,87,0,0,2,1,1,26,3,6,0,62,72,0,1,1,0,59.60000000000001,28.0,10,2.88,1,1.6,0,21.75,43.0843373493976,1
25,87,0,0,2,1,1,21,2,19,1,62,50,0,0,3,0,69.60000000000001,34.5,-12,2.0,2,2.9000000000000004,0,21.75,34.939759036144586,1
25,87,0,0,2,1,1,19,1,5,1,94,82,1,2,1,0,82.4,27.5,-12,3.28,0,2.5,0,21.75,67.83935742971889,1
25,87,0,1,0,1,1,26,3,6,0,62,72,0,1,1,0,69.60000000000001,28.0,10,2.88,-1,1.6,0,21.75,50.3132530120482,1
25,87,0,1,0,1,1,21,2,19,1,62,50,0,0,3,0,79.60000000000001,34.5,-12,2.0,0,2.9000000000000004,0,21.75,39.95983935742973,1
25,87,0,1,0,1,1,19,1,5,1,94,82,1,2,1,0,92.4,27.5,-12,3.28,-2,2.5,0,21.75,76.07228915662651,1
25,87,2,0,0,1,1,26,3,6,0,62,72,0,1,1,0,59.60000000000001,28.0,10,2.88,1,1.6,0,21.75,43.0843373493976,1
25,87,2,0,0,1,1,21,2,19,1,62,50,0,0,3,0,69.60000000000001,34.5,-12,2.0,2,2.9000000000000004,0,21.75,34.939759036144586,1
25,87,2,0,0,1,1,19,1,5,1,94,82,1,2,1,0,82.4,27.5,-12,3.28,0,2.5,0,21.75,67.83935742971889,1
25,87,1,0,1,1,1,26,3,6,0,62,72,0,1,1,0,59.60000000000001,28.0,10,2.88,1,1.6,1,21.75,43.0843373493976,1
25,87,1,0,1,1,1,21,2,19,1,62,50,0,0,3,0,69.60000000000001,34.5,-12,2.0,2,2.9000000000000004,1,21.75,34.939759036144586,1
25,87,1,0,1,1,1,19,1,5,1,94,82,1,2,1,0,82.4,27.5,-12,3.28,0,2.5,1,21.75,67.83935742971889,1
25,87,0,0,0,1,1,26,3,6,0,62,72,0,1,1,0,59.60000000000001,28.0,10,2.88,-1,1.6,0,21.75,43.0843373493976,1
25,87,0,0,0,1,1,21,2,19,1,62,50,0,0,3,0,69.60000000000001,34.5,-12,2.0,0,2.9000000000000004,0,21.75,34.939759036144586,1
25,87,0,0,0,1,1,19,1,5,1,94,82,1,2,1,0,82.4,27.5,-12,3.28,-2,2.5,0,21.75,67.83935742971889,1
25,87,1,1,1,1,1,26,3,6,0,62,72,0,1,1,0,69.60000000000001,28.0,10,2.88,1,1.6,1,21.75,50.3132530120482,1
25,87,1,1,1,1,1,21,2,19,1,62,50,0,0,3,0,79.60000000000001,34.5,-12,2.0,2,2.9000000000000004,1,21.75,39.95983935742973,1
25,87,1,1,1,1,1,19,1,5,1,94,82,1,2,1,0,92.4,27.5,-12,3.28,0,2.5,1,21.75,76.07228915662651,1
25,87,2,1,0,1,1,26,3,6,0,62,72,0,1,1,0,69.60000000000001,28.0,10,2.88,1,1.6,0,21.75,50.3132530120482,1
25,87,2,1,0,1,1,21,2,19,1,62,50,0,0,3,0,79.60000000000001,34.5,-12,2.0,2,2.9000000000000004,0,21.75,39.95983935742973,1
25,87,2,1,0,1,1,19,1,5,1,94,82,1,2,1,0,92.4,27.5,-12,3.28,0,2.5,0,21.75,76.07228915662651,1
25,87,1,0,2,1,1,26,3,6,0,62,72,0,1,1,0,59.60000000000001,28.0,10,2.88,2,1.6,2,21.75,43.0843373493976,1
25,87,1,0,2,1,1,21,2,19,1,62,50,0,0,3,0,69.60000000000001,34.5,-12,2.0,3,2.9000000000000004,2,21.75,34.939759036144586,1
25,87,1,0,2,1,1,19,1,5,1,94,82,1,2,1,0,82.4,27.5,-12,3.28,1,2.5,2,21.75,67.83935742971889,1
13,85,1,0,1,1,1,22,2,19,1,98,40,1,2,3,0,83.2,22.5,-58,3.076923076923077,0,3.9000000000000004,1,11.049999999999999,33.4136546184739,1
13,85,1,0,0,1,1,22,2,19,1,98,40,1,2,3,0,83.2,22.5,-58,3.076923076923077,-1,3.9000000000000004,0,11.049999999999999,33.4136546184739,1
13,85,2,1,2,1,1,22,2,19,1,98,40,1,2,3,0,93.2,22.5,-58,3.076923076923077,2,3.9000000000000004,4,11.049999999999999,37.42971887550201,1
21,96,1,0,2,1,1,21,1,15,1,81,63,0,0,2,0,80.80000000000001,28.5,-18,3.0,3,2.5,2,20.16,51.10843373493977,1
21,96,1,0,2,1,1,21,2,18,1,55,65,0,1,2,0,70.4,30.0,10,3.0952380952380953,2,2.8,2,20.16,45.943775100401616,1
21,96,2,1,1,1,1,21,1,15,1,81,63,0,0,2,0,90.80000000000001,28.5,-18,3.0,3,2.5,2,20.16,57.43373493975904,1
21,96,2,1,1,1,1,21,2,18,1,55,65,0,1,2,0,80.4,30.0,10,3.0952380952380953,2,2.8,2,20.16,52.4698795180723,1
21,96,2,1,0,1,1,21,1,15,1,81,63,0,0,2,0,90.80000000000001,28.5,-18,3.0,2,2.5,0,20.16,57.43373493975904,1
21,96,2,1,0,1,1,21,2,18,1,55,65,0,1,2,0,80.4,30.0,10,3.0952380952380953,1,2.8,0,20.16,52.4698795180723,1
21,96,0,0,0,1,1,21,1,15,1,81,63,0,0,2,0,80.80000000000001,28.5,-18,3.0,0,2.5,0,20.16,51.10843373493977,1
21,96,0,0,0,1,1,21,2,18,1,55,65,0,1,2,0,70.4,30.0,10,3.0952380952380953,-1,2.8,0,20.16,45.943775100401616,1
21,96,1,1,1,1,1,21,1,15,1,81,63,0,0,2,0,90.80000000000001,28.5,-18,3.0,2,2.5,1,20.16,57.43373493975904,1
21,96,1,1,1,1,1,21,2,18,1,55,65,0,1,2,0,80.4,30.0,10,3.0952380952380953,1,2.8,1,20.16,52.4698795180723,1
21,96,1,1,0,1,1,21,1,15,1,81,63,0,0,2,0,90.80000000000001,28.5,-18,3.0,1,2.5,0,20.16,57.43373493975904,1
21,96,1,1,0,1,1,21,2,18,1,55,65,0,1,2,0,80.4,30.0,10,3.0952380952380953,0,2.8,0,20.16,52.4698795180723,1
28,61,2,0,2,1,1,20,3,6,0,51,93,1,1,0,0,44.800000000000004,31.0,42,3.3214285714285716,3,2.6,4,17.08,41.83132530120482,1
28,61,1,0,2,1,1,20,3,6,0,51,93,1,1,0,0,44.800000000000004,31.0,42,3.3214285714285716,2,2.6,2,17.08,41.83132530120482,1
21,91,1,0,1,1,0,20,1,8,1,95,44,1,1,3,0,84.4,25.0,-51,2.0952380952380953,1,2.8,1,19.11,37.285140562249,1
21,91,1,0,1,1,0,26,1,4,1,86,91,1,2,0,0,80.8,23.0,5,4.333333333333333,0,2.4,1,19.11,73.82329317269077,1
21,91,1,0,1,1,0,19,2,4,1,93,95,1,1,0,0,83.6,23.0,2,4.523809523809524,1,2.4,1,19.11,79.73895582329317,1
21,91,2,0,1,1,0,20,1,8,1,95,44,1,1,3,0,84.4,25.0,-51,2.0952380952380953,2,2.8,2,19.11,37.285140562249,1
21,91,2,0,1,1,0,26,1,4,1,86,91,1,2,0,0,80.8,23.0,5,4.333333333333333,1,2.4,2,19.11,73.82329317269077,1
21,91,2,0,1,1,0,19,2,4,1,93,95,1,1,0,0,83.6,23.0,2,4.523809523809524,2,2.4,2,19.11,79.73895582329317,1
21,91,1,1,2,1,0,20,1,8,1,95,44,1,1,3,0,94.4,25.0,-51,2.0952380952380953,2,2.8,2,19.11,41.70281124497993,1
21,91,1,1,2,1,0,26,1,4,1,86,91,1,2,0,0,90.8,23.0,5,4.333333333333333,1,2.4,2,19.11,82.95983935742971,1
21,91,1,1,2,1,0,19,2,4,1,93,95,1,1,0,0,93.6,23.0,2,4.523809523809524,2,2.4,2,19.11,89.27710843373494,1
21,91,2,1,1,1,0,20,1,8,1,95,44,1,1,3,0,94.4,25.0,-51,2.0952380952380953,2,2.8,2,19.11,41.70281124497993,1
21,91,2,1,1,1,0,26,1,4,1,86,91,1,2,0,0,90.8,23.0,5,4.333333333333333,1,2.4,2,19.11,82.95983935742971,1
21,91,2,1,1,1,0,19,2,4,1,93,95,1,1,0,0,93.6,23.0,2,4.523809523809524,2,2.4,2,19.11,89.27710843373494,1
21,91,1,0,0,1,0,20,1,8,1,95,44,1,1,3,0,84.4,25.0,-51,2.0952380952380953,0,2.8,0,19.11,37.285140562249,1
21,91,1,0,0,1,0,26,1,4,1,86,91,1,2,0,0,80.8,23.0,5,4.333333333333333,-1,2.4,0,19.11,73.82329317269077,1
21,91,1,0,0,1,0,19,2,4,1,93,95,1,1,0,0,83.6,23.0,2,4.523809523809524,0,2.4,0,19.11,79.73895582329317,1
21,91,2,1,0,1,0,20,1,8,1,95,44,1,1,3,0,94.4,25.0,-51,2.0952380952380953,1,2.8,0,19.11,41.70281124497993,1
21,91,2,1,0,1,0,26,1,4,1,86,91,1,2,0,0,90.8,23.0,5,4.333333333333333,0,2.4,0,19.11,82.95983935742971,1
21,91,2,1,0,1,0,19,2,4,1,93,95,1,1,0,0,93.6,23.0,2,4.523809523809524,1,2.4,0,19.11,89.27710843373494,1
22,82,1,0,1,1,0,26,0,14,1,93,70,0,0,1,0,80.0,29.0,-23,3.1818181818181817,2,2.4000000000000004,1,18.04,56.22489959839358,1
22,82,1,0,1,1,0,21,2,14,0,97,86,0,2,0,0,71.60000000000001,29.0,-11,3.909090909090909,0,2.4000000000000004,1,18.04,61.823293172690775,1
22,82,1,1,0,1,0,26,0,14,1,93,70,0,0,1,0,90.0,29.0,-23,3.1818181818181817,1,2.4000000000000004,0,18.04,63.25301204819277,1
22,82,1,1,0,1,0,21,2,14,0,97,86,0,2,0,0,81.60000000000001,29.0,-11,3.909090909090909,-1,2.4000000000000004,0,18.04,70.45783132530121,1
22,82,1,1,2,1,0,26,0,14,1,93,70,0,0,1,0,90.0,29.0,-23,3.1818181818181817,3,2.4000000000000004,2,18.04,63.25301204819277,1
22,82,1,1,2,1,0,21,2,14,0,97,86,0,2,0,0,81.60000000000001,29.0,-11,3.909090909090909,1,2.4000000000000004,2,18.04,70.45783132530121,1
22,82,1,0,0,1,0,26,0,14,1,93,70,0,0,1,0,80.0,29.0,-23,3.1818181818181817,1,2.4000000000000004,0,18.04,56.22489959839358,1
22,82,1,0,0,1,0,21,2,14,0,97,86,0,2,0,0,71.60000000000001,29.0,-11,3.909090909090909,-1,2.4000000000000004,0,18.04,61.823293172690775,1
25,73,0,0,1,1,0,25,0,1,0,82,45,0,2,3,0,62.00000000000001,25.5,-37,1.8,-1,1.1,0,18.25,28.012048192771086,1
25,73,0,0,1,1,0,27,0,4,0,81,62,1,2,2,0,61.6,27.0,-19,2.48,-1,2.4,0,18.25,38.34538152610442,1
25,73,0,0,1,1,0,19,3,0,0,57,54,1,0,3,0,52.0,25.0,-3,2.16,1,2.0,0,18.25,28.192771084337352,1
25,73,1,1,0,1,0,25,0,1,0,82,45,0,2,3,0,72.0,25.5,-37,1.8,-1,1.1,0,18.25,32.53012048192771,1
25,73,1,1,0,1,0,27,0,4,0,81,62,1,2,2,0,71.6,27.0,-19,2.48,-1,2.4,0,18.25,44.57028112449799,1
25,73,1,1,0,1,0,19,3,0,0,57,54,1,0,3,0,62.0,25.0,-3,2.16,1,2.0,0,18.25,33.6144578313253,1
25,73,1,1,1,1,0,25,0,1,0,82,45,0,2,3,0,72.0,25.5,-37,1.8,0,1.1,1,18.25,32.53012048192771,1
25,73,1,1,1,1,0,27,0,4,0,81,62,1,2,2,0,71.6,27.0,-19,2.48,0,2.4,1,18.25,44.57028112449799,1
25,73,1,1,1,1,0,19,3,0,0,57,54,1,0,3,0,62.0,25.0,-3,2.16,2,2.0,1,18.25,33.6144578313253,1
25,73,2,1,1,1,0,25,0,1,0,82,45,0,2,3,0,72.0,25.5,-37,1.8,1,1.1,2,18.25,32.53012048192771,1
25,73,2,1,1,1,0,27,0,4,0,81,62,1,2,2,0,71.6,27.0,-19,2.48,1,2.4,2,18.25,44.57028112449799,1
25,73,2,1,1,1,0,19,3,0,0,57,54,1,0,3,0,62.0,25.0,-3,2.16,3,2.0,2,18.25,33.6144578313253,1
25,73,1,0,2,1,0,25,0,1,0,82,45,0,2,3,0,62.00000000000001,25.5,-37,1.8,1,1.1,2,18.25,28.012048192771086,1
25,73,1,0,2,1,0,27,0,4,0,81,62,1,2,2,0,61.6,27.0,-19,2.48,1,2.4,2,18.25,38.34538152610442,1
25,73,1,0,2,1,0,19,3,0,0,57,54,1,0,3,0,52.0,25.0,-3,2.16,3,2.0,2,18.25,28.192771084337352,1
23,79,2,1,0,1,0,29,1,0,1,98,61,1,2,2,0,90.80000000000001,23.0,-37,2.652173913043478,0,2.0,0,18.17,55.61044176706828,1
23,79,2,1,0,1,0,18,3,19,1,57,54,1,1,3,0,74.4,32.5,-3,2.347826086956522,1,3.9000000000000004,0,18.17,40.337349397590366,1
23,79,2,1,0,1,0,21,2,7,1,98,97,1,2,0,0,90.80000000000001,26.5,-1,4.217391304347826,0,2.7,0,18.17,88.42971887550202,1
23,79,2,1,0,1,0,23,1,17,1,51,42,1,1,3,0,72.0,31.5,-9,1.826086956521739,1,3.7,0,18.17,30.36144578313253,1
23,79,1,0,1,1,0,29,1,0,1,98,61,1,2,2,0,80.80000000000001,23.0,-37,2.652173913043478,0,2.0,1,18.17,49.48594377510042,1
23,79,1,0,1,1,0,18,3,19,1,57,54,1,1,3,0,64.4,32.5,-3,2.347826086956522,1,3.9000000000000004,1,18.17,34.915662650602414,1
23,79,1,0,1,1,0,21,2,7,1,98,97,1,2,0,0,80.80000000000001,26.5,-1,4.217391304347826,0,2.7,1,18.17,78.69076305220885,1
23,79,1,0,1,1,0,23,1,17,1,51,42,1,1,3,0,62.0,31.5,-9,1.826086956521739,1,3.7,1,18.17,26.144578313253014,1
23,79,1,1,1,1,0,29,1,0,1,98,61,1,2,2,0,90.80000000000001,23.0,-37,2.652173913043478,0,2.0,1,18.17,55.61044176706828,1
23,79,1,1,1,1,0,18,3,19,1,57,54,1,1,3,0,74.4,32.5,-3,2.347826086956522,1,3.9000000000000004,1,18.17,40.337349397590366,1
23,79,1,1,1,1,0,21,2,7,1,98,97,1,2,0,0,90.80000000000001,26.5,-1,4.217391304347826,0,2.7,1,18.17,88.42971887550202,1
23,79,1,1,1,1,0,23,1,17,1,51,42,1,1,3,0,72.0,31.5,-9,1.826086956521739,1,3.7,1,18.17,30.36144578313253,1
23,79,0,1,0,1,0,29,1,0,1,98,61,1,2,2,0,90.80000000000001,23.0,-37,2.652173913043478,-2,2.0,0,18.17,55.61044176706828,1
23,79,0,1,0,1,0,18,3,19,1,57,54,1,1,3,0,74.4,32.5,-3,2.347826086956522,-1,3.9000000000000004,0,18.17,40.337349397590366,1
23,79,0,1,0,1,0,21,2,7,1,98,97,1,2,0,0,90.80000000000001,26.5,-1,4.217391304347826,-2,2.7,0,18.17,88.42971887550202,1
23,79,0,1,0,1,0,23,1,17,1,51,42,1,1,3,0,72.0,31.5,-9,1.826086956521739,-1,3.7,0,18.17,30.36144578313253,1
22,95,2,1,1,1,0,26,3,6,1,67,49,1,2,3,0,84.8,25.0,-18,2.227272727272727,1,2.6,2,20.9,41.71887550200803,1
22,95,2,1,1,1,0,21,0,10,1,64,40,1,1,3,0,83.6,27.0,-24,1.8181818181818181,2,3.0,2,20.9,33.57429718875502,1
22,95,2,1,1,1,0,22,1,7,0,56,72,1,2,1,0,70.4,25.5,16,3.272727272727273,1,2.7,2,20.9,50.89156626506025,1
22,95,2,1,1,1,0,24,2,6,1,98,92,0,0,0,0,97.2,25.0,-6,4.181818181818182,3,1.6,2,20.9,89.78313253012048,1
22,95,2,1,1,1,0,21,1,10,1,98,64,0,2,2,0,97.2,27.0,-34,2.909090909090909,1,2.0,2,20.9,62.45783132530121,1
22,95,0,0,1,1,0,26,3,6,1,67,49,1,2,3,0,74.8,25.0,-18,2.227272727272727,-1,2.6,0,20.9,36.799196787148595,1
22,95,0,0,1,1,0,21,0,10,1,64,40,1,1,3,0,73.6,27.0,-24,1.8181818181818181,0,3.0,0,20.9,29.558232931726906,1
22,95,0,0,1,1,0,22,1,7,0,56,72,1,2,1,0,60.400000000000006,25.5,16,3.272727272727273,-1,2.7,0,20.9,43.66265060240965,1
22,95,0,0,1,1,0,24,2,6,1,98,92,0,0,0,0,87.2,25.0,-6,4.181818181818182,1,1.6,0,20.9,80.54618473895583,1
22,95,0,0,1,1,0,21,1,10,1,98,64,0,2,2,0,87.2,27.0,-34,2.909090909090909,-1,2.0,0,20.9,56.03212851405623,1
22,83,2,1,1,1,0,22,0,18,0,73,44,1,0,3,0,72.4,31.0,-29,2.0,3,3.8,2,18.259999999999998,31.98393574297189,1
22,83,2,1,1,1,0,20,3,20,1,71,64,1,2,2,0,81.60000000000001,32.0,-7,2.909090909090909,1,4.0,2,18.259999999999998,52.43373493975904,1
22,83,2,1,1,1,0,20,2,2,0,66,87,1,2,0,0,69.60000000000001,23.0,21,3.9545454545454546,1,2.2,2,18.259999999999998,60.79518072289158,1
22,83,0,1,1,1,0,22,0,18,0,73,44,1,0,3,0,72.4,31.0,-29,2.0,1,3.8,0,18.259999999999998,31.98393574297189,1
22,83,0,1,1,1,0,20,3,20,1,71,64,1,2,2,0,81.60000000000001,32.0,-7,2.909090909090909,-1,4.0,0,18.259999999999998,52.43373493975904,1
22,83,0,1,1,1,0,20,2,2,0,66,87,1,2,0,0,69.60000000000001,23.0,21,3.9545454545454546,-1,2.2,0,18.259999999999998,60.79518072289158,1
22,83,1,0,0,1,0,22,0,18,0,73,44,1,0,3,0,62.400000000000006,31.0,-29,2.0,1,3.8,0,18.259999999999998,27.56626506024097,1
22,83,1,0,0,1,0,20,3,20,1,71,64,1,2,2,0,71.60000000000001,32.0,-7,2.909090909090909,-1,4.0,0,18.259999999999998,46.00803212851407,1
22,83,1,0,0,1,0,20,2,2,0,66,87,1,2,0,0,59.60000000000001,23.0,21,3.9545454545454546,-1,2.2,0,18.259999999999998,52.060240963855435,1
22,87,2,0,0,1,0,29,3,6,0,100,61,1,2,2,0,74.80000000000001,25.0,-39,2.772727272727273,0,2.6,0,19.14,45.811244979919685,1
22,87,2,0,0,1,0,27,2,15,1,53,45,1,2,3,0,66.0,29.5,-8,2.0454545454545454,0,3.5,0,19.14,29.819277108433734,1
22,87,2,0,0,1,0,27,3,1,1,83,83,0,1,1,0,78.0,22.5,0,3.772727272727273,1,1.1,0,19.14,65.0,1
22,87,2,0,0,1,0,22,2,18,1,89,86,1,1,0,0,80.4,31.0,-3,3.909090909090909,1,3.8,0,19.14,69.42168674698796,1
22,87,2,0,0,1,0,26,3,6,1,52,47,0,2,3,0,65.60000000000001,25.0,-5,2.1363636363636362,0,1.6,0,19.14,30.955823293172696,1
22,87,2,1,1,1,0,29,3,6,0,100,61,1,2,2,0,84.80000000000001,25.0,-39,2.772727272727273,1,2.6,2,19.14,51.93574297188756,1
22,87,2,1,1,1,0,27,2,15,1,53,45,1,2,3,0,76.0,29.5,-8,2.0454545454545454,1,3.5,2,19.14,34.337349397590366,1
22,87,2,1,1,1,0,27,3,1,1,83,83,0,1,1,0,88.0,22.5,0,3.772727272727273,2,1.1,2,19.14,73.33333333333333,1
22,87,2,1,1,1,0,22,2,18,1,89,86,1,1,0,0,90.4,31.0,-3,3.909090909090909,2,3.8,2,19.14,78.0562248995984,1
22,87,2,1,1,1,0,26,3,6,1,52,47,0,2,3,0,75.60000000000001,25.0,-5,2.1363636363636362,1,1.6,2,19.14,35.67469879518073,1
21,86,1,1,1,1,0,28,3,3,0,85,69,1,2,2,0,78.4,22.5,-16,3.2857142857142856,0,2.3,1,18.06,54.3132530120482,1
21,86,0,0,1,1,0,28,3,3,0,85,69,1,2,2,0,68.4,22.5,-16,3.2857142857142856,-1,2.3,0,18.06,47.385542168674704,1
22,76,1,1,1,1,0,19,3,0,1,50,44,1,2,3,0,70.4,22.0,-6,2.0,0,2.0,1,16.72,31.10040160642571,1
22,76,0,0,1,1,0,19,3,0,1,50,44,1,2,3,0,60.400000000000006,22.0,-6,2.0,-1,2.0,0,16.72,26.682730923694784,1
22,76,0,0,0,1,0,19,3,0,1,50,44,1,2,3,0,60.400000000000006,22.0,-6,2.0,-2,2.0,0,16.72,26.682730923694784,1
22,76,2,0,0,1,0,19,3,0,1,50,44,1,2,3,0,60.400000000000006,22.0,-6,2.0,0,2.0,0,16.72,26.682730923694784,1
16,81,1,1,1,1,0,26,0,9,1,50,50,0,1,3,0,72.4,20.5,0,3.125,1,1.9,1,12.96,36.34538152610442,1
16,81,2,1,1,1,0,26,0,9,1,50,50,0,1,3,0,72.4,20.5,0,3.125,2,1.9,2,12.96,36.34538152610442,1
23,75,2,0,0,1,1,28,0,6,0,73,100,0,2,0,0,59.2,26.0,27,4.3478260869565215,0,1.6,0,17.25,59.43775100401607,1
23,75,2,0,0,1,1,28,1,0,1,65,85,1,1,0,0,66.0,23.0,20,3.6956521739130435,1,2.0,0,17.25,56.325301204819276,1
23,75,1,0,2,1,1,28,0,6,0,73,100,0,2,0,0,59.2,26.0,27,4.3478260869565215,1,1.6,2,17.25,59.43775100401607,1
23,75,1,0,2,1,1,28,1,0,1,65,85,1,1,0,0,66.0,23.0,20,3.6956521739130435,2,2.0,2,17.25,56.325301204819276,1
23,75,0,1,1,1,1,28,0,6,0,73,100,0,2,0,0,69.2,26.0,27,4.3478260869565215,-1,1.6,0,17.25,69.47791164658635,1
23,75,0,1,1,1,1,28,1,0,1,65,85,1,1,0,0,76.0,23.0,20,3.6956521739130435,0,2.0,0,17.25,64.85943775100402,1
24,64,1,1,2,1,1,28,3,5,0,81,55,1,0,2,0,68.0,26.5,-26,2.2916666666666665,3,2.5,2,15.36,37.55020080321285,1
24,64,1,1,2,1,1,26,3,17,1,60,63,1,2,2,0,69.6,32.5,3,2.625,1,3.7,2,15.36,44.02409638554217,1
24,64,1,1,2,1,1,27,1,6,0,89,45,1,2,3,0,71.2,27.0,-44,1.875,1,2.6,2,15.36,32.168674698795186,1
24,64,2,1,2,1,1,28,3,5,0,81,55,1,0,2,0,68.0,26.5,-26,2.2916666666666665,4,2.5,4,15.36,37.55020080321285,1
24,64,2,1,2,1,1,26,3,17,1,60,63,1,2,2,0,69.6,32.5,3,2.625,2,3.7,4,15.36,44.02409638554217,1
24,64,2,1,2,1,1,27,1,6,0,89,45,1,2,3,0,71.2,27.0,-44,1.875,2,2.6,4,15.36,32.168674698795186,1
24,64,1,1,0,1,1,28,3,5,0,81,55,1,0,2,0,68.0,26.5,-26,2.2916666666666665,1,2.5,0,15.36,37.55020080321285,1
24,64,1,1,0,1,1,26,3,17,1,60,63,1,2,2,0,69.6,32.5,3,2.625,-1,3.7,0,15.36,44.02409638554217,1
24,64,1,1,0,1,1,27,1,6,0,89,45,1,2,3,0,71.2,27.0,-44,1.875,-1,2.6,0,15.36,32.168674698795186,1
24,64,0,0,1,1,1,28,3,5,0,81,55,1,0,2,0,58.0,26.5,-26,2.2916666666666665,1,2.5,0,15.36,32.028112449799195,1
24,64,0,0,1,1,1,26,3,17,1,60,63,1,2,2,0,59.6,32.5,3,2.625,-1,3.7,0,15.36,37.69879518072289,1
24,64,0,0,1,1,1,27,1,6,0,89,45,1,2,3,0,61.2,27.0,-44,1.875,-1,2.6,0,15.36,27.65060240963856,1
25,64,2,0,0,1,1,20,3,4,0,100,93,1,2,0,1,65.6,27.0,-7,3.72,0,2.4,0,16.0,61.253012048192765,1
25,64,2,0,0,1,1,22,1,7,1,57,40,1,0,3,0,58.400000000000006,28.5,-17,1.6,2,2.7,0,16.0,23.45381526104418,1
25,64,0,1,1,1,1,20,3,4,0,100,93,1,2,0,1,75.6,27.0,-7,3.72,-1,2.4,0,16.0,70.59036144578313,1
25,64,0,1,1,1,1,22,1,7,1,57,40,1,0,3,0,68.4,28.5,-17,1.6,1,2.7,0,16.0,27.469879518072293,1
25,64,1,1,0,1,1,20,3,4,0,100,93,1,2,0,1,75.6,27.0,-7,3.72,-1,2.4,0,16.0,70.59036144578313,1
25,64,1,1,0,1,1,22,1,7,1,57,40,1,0,3,0,68.4,28.5,-17,1.6,1,2.7,0,16.0,27.469879518072293,1
27,86,1,0,0,1,1,21,3,15,1,71,67,1,1,2,0,72.8,34.5,-4,2.4814814814814814,0,3.5,0,23.22,48.971887550200805,1
27,86,1,0,0,1,1,29,3,11,1,51,69,1,1,2,0,64.8,32.5,18,2.5555555555555554,0,3.1,0,23.22,44.89156626506024,1
27,86,1,1,0,1,1,21,3,15,1,71,67,1,1,2,0,82.8,34.5,-4,2.4814814814814814,0,3.5,0,23.22,55.69879518072289,1
27,86,1,1,0,1,1,29,3,11,1,51,69,1,1,2,0,74.8,32.5,18,2.5555555555555554,0,3.1,0,23.22,51.81927710843374,1
27,86,1,1,1,1,1,21,3,15,1,71,67,1,1,2,0,82.8,34.5,-4,2.4814814814814814,1,3.5,1,23.22,55.69879518072289,1
27,86,1,1,1,1,1,29,3,11,1,51,69,1,1,2,0,74.8,32.5,18,2.5555555555555554,1,3.1,1,23.22,51.81927710843374,1
27,86,1,0,1,1,1,21,3,15,1,71,67,1,1,2,0,72.8,34.5,-4,2.4814814814814814,1,3.5,1,23.22,48.971887550200805,1
27,86,1,0,1,1,1,29,3,11,1,51,69,1,1,2,0,64.8,32.5,18,2.5555555555555554,1,3.1,1,23.22,44.89156626506024,1
27,86,2,0,1,1,1,21,3,15,1,71,67,1,1,2,0,72.8,34.5,-4,2.4814814814814814,2,3.5,2,23.22,48.971887550200805,1
27,86,2,0,1,1,1,29,3,11,1,51,69,1,1,2,0,64.8,32.5,18,2.5555555555555554,2,3.1,2,23.22,44.89156626506024,1
26,76,2,1,1,1,1,28,3,12,1,77,48,1,2,3,0,81.2,32.0,-29,1.8461538461538463,1,3.2,2,19.76,39.13253012048193,1
26,76,2,1,1,1,1,19,3,20,1,98,49,0,1,3,0,89.60000000000001,36.0,-49,1.8846153846153846,2,3.0,2,19.76,44.08032128514056,1
26,76,2,1,1,1,1,29,2,17,1,70,91,1,2,0,0,78.4,34.5,21,3.5,1,3.7,2,19.76,71.63052208835343,1
26,76,1,1,1,1,1,28,3,12,1,77,48,1,2,3,0,81.2,32.0,-29,1.8461538461538463,0,3.2,1,19.76,39.13253012048193,1
26,76,1,1,1,1,1,19,3,20,1,98,49,0,1,3,0,89.60000000000001,36.0,-49,1.8846153846153846,1,3.0,1,19.76,44.08032128514056,1
26,76,1,1,1,1,1,29,2,17,1,70,91,1,2,0,0,78.4,34.5,21,3.5,0,3.7,1,19.76,71.63052208835343,1
26,76,1,1,2,1,1,28,3,12,1,77,48,1,2,3,0,81.2,32.0,-29,1.8461538461538463,1,3.2,2,19.76,39.13253012048193,1
26,76,1,1,2,1,1,19,3,20,1,98,49,0,1,3,0,89.60000000000001,36.0,-49,1.8846153846153846,2,3.0,2,19.76,44.08032128514056,1
26,76,1,1,2,1,1,29,2,17,1,70,91,1,2,0,0,78.4,34.5,21,3.5,1,3.7,2,19.76,71.63052208835343,1
26,76,1,0,0,1,1,28,3,12,1,77,48,1,2,3,0,71.2,32.0,-29,1.8461538461538463,-1,3.2,0,19.76,34.3132530120482,1
26,76,1,0,0,1,1,19,3,20,1,98,49,0,1,3,0,79.60000000000001,36.0,-49,1.8846153846153846,0,3.0,0,19.76,39.160642570281134,1
26,76,1,0,0,1,1,29,2,17,1,70,91,1,2,0,0,68.4,34.5,21,3.5,-1,3.7,0,19.76,62.49397590361447,1
26,76,0,1,0,1,1,28,3,12,1,77,48,1,2,3,0,81.2,32.0,-29,1.8461538461538463,-2,3.2,0,19.76,39.13253012048193,1
26,76,0,1,0,1,1,19,3,20,1,98,49,0,1,3,0,89.60000000000001,36.0,-49,1.8846153846153846,-1,3.0,0,19.76,44.08032128514056,1
26,76,0,1,0,1,1,29,2,17,1,70,91,1,2,0,0,78.4,34.5,21,3.5,-2,3.7,0,19.76,71.63052208835343,1
26,76,0,0,2,1,1,28,3,12,1,77,48,1,2,3,0,71.2,32.0,-29,1.8461538461538463,0,3.2,0,19.76,34.3132530120482,1
26,76,0,0,2,1,1,19,3,20,1,98,49,0,1,3,0,79.60000000000001,36.0,-49,1.8846153846153846,1,3.0,0,19.76,39.160642570281134,1
26,76,0,0,2,1,1,29,2,17,1,70,91,1,2,0,0,68.4,34.5,21,3.5,0,3.7,0,19.76,62.49397590361447,1
22,87,1,0,0,1,1,18,3,16,1,100,82,1,2,1,0,84.80000000000001,30.0,-18,3.727272727272727,-1,3.6,0,19.14,69.81526104417672,1
31,84,1,1,1,1,1,26,2,3,0,60,56,1,1,2,0,67.6,32.5,-4,1.8064516129032258,1,2.3,1,26.04,38.00803212851406,1
31,84,1,1,1,1,1,22,0,10,1,91,70,1,2,1,0,90.0,36.0,-21,2.2580645161290325,0,3.0,1,26.04,63.25301204819277,1
31,84,1,0,2,1,1,26,2,3,0,60,56,1,1,2,0,57.6,32.5,-4,1.8064516129032258,2,2.3,2,26.04,32.385542168674704,1
31,84,1,0,2,1,1,22,0,10,1,91,70,1,2,1,0,80.0,36.0,-21,2.2580645161290325,1,3.0,2,26.04,56.22489959839358,1
31,84,2,0,0,1,1,26,2,3,0,60,56,1,1,2,0,57.6,32.5,-4,1.8064516129032258,1,2.3,0,26.04,32.385542168674704,1
31,84,2,0,0,1,1,22,0,10,1,91,70,1,2,1,0,80.0,36.0,-21,2.2580645161290325,0,3.0,0,26.04,56.22489959839358,1
19,91,0,0,1,1,1,24,0,20,0,53,66,1,0,2,0,57.6,29.0,13,3.473684210526316,1,4.0,0,17.29,38.168674698795186,1
19,91,0,0,1,1,1,27,1,11,1,65,52,1,1,3,0,72.4,24.5,-13,2.736842105263158,0,3.1,0,17.29,37.799196787148595,1
19,91,0,1,1,1,1,24,0,20,0,53,66,1,0,2,0,67.6,29.0,13,3.473684210526316,1,4.0,0,17.29,44.795180722891565,1
19,91,0,1,1,1,1,27,1,11,1,65,52,1,1,3,0,82.4,24.5,-13,2.736842105263158,0,3.1,0,17.29,43.02008032128514,1
19,91,2,1,2,1,1,24,0,20,0,53,66,1,0,2,0,67.6,29.0,13,3.473684210526316,4,4.0,4,17.29,44.795180722891565,1
19,91,2,1,2,1,1,27,1,11,1,65,52,1,1,3,0,82.4,24.5,-13,2.736842105263158,3,3.1,4,17.29,43.02008032128514,1
19,91,1,0,2,1,1,24,0,20,0,53,66,1,0,2,0,57.6,29.0,13,3.473684210526316,3,4.0,2,17.29,38.168674698795186,1
19,91,1,0,2,1,1,27,1,11,1,65,52,1,1,3,0,72.4,24.5,-13,2.736842105263158,2,3.1,2,17.29,37.799196787148595,1
19,91,0,0,2,1,1,24,0,20,0,53,66,1,0,2,0,57.6,29.0,13,3.473684210526316,2,4.0,0,17.29,38.168674698795186,1
19,91,0,0,2,1,1,27,1,11,1,65,52,1,1,3,0,72.4,24.5,-13,2.736842105263158,1,3.1,0,17.29,37.799196787148595,1
20,86,0,0,1,1,0,27,3,3,1,50,73,1,2,1,0,64.4,21.5,23,3.65,-1,2.3,0,17.2,47.20080321285141,1
20,86,0,0,1,1,0,24,1,1,1,73,88,1,2,0,0,73.6,20.5,15,4.4,-1,2.1,0,17.2,65.0281124497992,1
20,86,0,0,1,1,0,23,3,18,1,75,76,1,1,1,0,74.4,29.0,1,3.8,0,3.8,0,17.2,56.7710843373494,1
20,86,0,0,0,1,0,27,3,3,1,50,73,1,2,1,0,64.4,21.5,23,3.65,-2,2.3,0,17.2,47.20080321285141,1
20,86,0,0,0,1,0,24,1,1,1,73,88,1,2,0,0,73.6,20.5,15,4.4,-2,2.1,0,17.2,65.0281124497992,1
20,86,0,0,0,1,0,23,3,18,1,75,76,1,1,1,0,74.4,29.0,1,3.8,-1,3.8,0,17.2,56.7710843373494,1
22,95,2,0,0,1,1,29,1,3,1,66,87,0,1,0,0,74.4,23.5,21,3.9545454545454546,1,1.3,0,20.9,64.98795180722892,1
22,95,1,0,1,1,1,29,1,3,1,66,87,0,1,0,0,74.4,23.5,21,3.9545454545454546,1,1.3,1,20.9,64.98795180722892,1
22,95,2,1,2,1,1,29,1,3,1,66,87,0,1,0,0,84.4,23.5,21,3.9545454545454546,3,1.3,4,20.9,73.72289156626506,1
22,79,1,0,1,1,1,26,2,5,0,100,86,1,2,0,0,71.6,24.5,-14,3.909090909090909,0,2.5,1,17.380000000000003,61.82329317269076,1
22,79,1,1,2,1,1,26,2,5,0,100,86,1,2,0,0,81.6,24.5,-14,3.909090909090909,1,2.5,2,17.380000000000003,70.4578313253012,1
22,79,2,1,1,1,1,26,2,5,0,100,86,1,2,0,0,81.6,24.5,-14,3.909090909090909,1,2.5,2,17.380000000000003,70.4578313253012,1
22,79,1,1,0,1,1,26,2,5,0,100,86,1,2,0,0,81.6,24.5,-14,3.909090909090909,-1,2.5,0,17.380000000000003,70.4578313253012,1
22,79,1,1,1,1,1,26,2,5,0,100,86,1,2,0,0,81.6,24.5,-14,3.909090909090909,0,2.5,1,17.380000000000003,70.4578313253012,1
22,79,0,1,0,1,1,26,2,5,0,100,86,1,2,0,0,81.6,24.5,-14,3.909090909090909,-2,2.5,0,17.380000000000003,70.4578313253012,1
22,79,1,0,0,1,1,26,2,5,0,100,86,1,2,0,0,71.6,24.5,-14,3.909090909090909,-1,2.5,0,17.380000000000003,61.82329317269076,1
22,79,0,0,1,1,1,26,2,5,0,100,86,1,2,0,0,71.6,24.5,-14,3.909090909090909,-1,2.5,0,17.380000000000003,61.82329317269076,1
25,82,1,0,2,1,0,18,2,14,0,79,72,0,0,1,0,64.4,32.0,-7,2.88,3,2.4000000000000004,2,20.5,46.55421686746988,1
25,82,1,0,2,1,0,18,2,0,0,88,49,1,2,3,0,68.0,25.0,-39,1.96,1,2.0,2,20.5,33.45381526104418,1
25,82,1,1,2,1,0,18,2,14,0,79,72,0,0,1,0,74.4,32.0,-7,2.88,3,2.4000000000000004,2,20.5,53.78313253012049,1
25,82,1,1,2,1,0,18,2,0,0,88,49,1,2,3,0,78.0,25.0,-39,1.96,1,2.0,2,20.5,38.37349397590362,1
25,82,1,0,1,1,0,18,2,14,0,79,72,0,0,1,0,64.4,32.0,-7,2.88,2,2.4000000000000004,1,20.5,46.55421686746988,1
25,82,1,0,1,1,0,18,2,0,0,88,49,1,2,3,0,68.0,25.0,-39,1.96,0,2.0,1,20.5,33.45381526104418,1
20,97,1,1,0,1,1,23,0,7,0,85,80,1,0,1,0,82.80000000000001,23.5,-5,4.0,1,2.7,0,19.4,66.50602409638554,1
20,97,1,1,0,1,1,23,2,8,0,74,59,1,1,2,0,78.4,24.0,-15,2.95,0,2.8,0,19.4,46.4417670682731,1
20,97,2,0,1,1,1,23,0,7,0,85,80,1,0,1,0,72.80000000000001,23.5,-5,4.0,3,2.7,2,19.4,58.473895582329334,1
20,97,2,0,1,1,1,18,2,3,1,74,91,0,2,0,0,78.4,21.5,17,4.55,1,1.3,2,19.4,71.63052208835343,1
20,97,2,0,1,1,1,23,2,8,0,74,59,1,1,2,0,68.4,24.0,-15,2.95,2,2.8,2,19.4,40.518072289156635,1
20,97,2,0,0,1,1,23,0,7,0,85,80,1,0,1,0,72.80000000000001,23.5,-5,4.0,2,2.7,0,19.4,58.473895582329334,1
20,97,2,0,0,1,1,18,2,3,1,74,91,0,2,0,0,78.4,21.5,17,4.55,0,1.3,0,19.4,71.63052208835343,1
20,97,2,0,0,1,1,23,2,8,0,74,59,1,1,2,0,68.4,24.0,-15,2.95,1,2.8,0,19.4,40.518072289156635,1
20,97,1,1,2,1,1,23,0,7,0,85,80,1,0,1,0,82.80000000000001,23.5,-5,4.0,3,2.7,2,19.4,66.50602409638554,1
20,97,1,1,2,1,1,23,2,8,0,74,59,1,1,2,0,78.4,24.0,-15,2.95,2,2.8,2,19.4,46.4417670682731,1
20,97,2,1,1,1,1,23,0,7,0,85,80,1,0,1,0,82.80000000000001,23.5,-5,4.0,3,2.7,2,19.4,66.50602409638554,1
20,97,2,1,1,1,1,23,2,8,0,74,59,1,1,2,0,78.4,24.0,-15,2.95,2,2.8,2,19.4,46.4417670682731,1
20,97,0,1,0,1,1,23,0,7,0,85,80,1,0,1,0,82.80000000000001,23.5,-5,4.0,0,2.7,0,19.4,66.50602409638554,1
20,97,0,1,0,1,1,23,2,8,0,74,59,1,1,2,0,78.4,24.0,-15,2.95,-1,2.8,0,19.4,46.4417670682731,1
20,97,1,0,1,1,1,23,0,7,0,85,80,1,0,1,0,72.80000000000001,23.5,-5,4.0,2,2.7,1,19.4,58.473895582329334,1
20,97,1,0,1,1,1,18,2,3,1,74,91,0,2,0,0,78.4,21.5,17,4.55,0,1.3,1,19.4,71.63052208835343,1
20,97,1,0,1,1,1,23,2,8,0,74,59,1,1,2,0,68.4,24.0,-15,2.95,1,2.8,1,19.4,40.518072289156635,1
29,96,0,0,1,1,0,28,0,17,1,62,59,1,2,2,0,73.2,37.5,-3,2.0344827586206895,-1,3.7,0,27.84,43.36144578313253,1
29,96,2,1,1,1,0,28,0,17,1,62,59,1,2,2,0,83.2,37.5,-3,2.0344827586206895,1,3.7,2,27.84,49.285140562249,1
18,78,1,0,2,1,0,29,3,8,1,50,67,0,2,2,0,61.2,22.0,17,3.7222222222222223,1,1.8,2,14.040000000000001,41.168674698795186,1
18,78,0,0,1,1,0,29,3,8,1,50,67,0,2,2,0,61.2,22.0,17,3.7222222222222223,-1,1.8,0,14.040000000000001,41.168674698795186,1
18,78,0,1,1,1,0,29,3,8,1,50,67,0,2,2,0,71.2,22.0,17,3.7222222222222223,-1,1.8,0,14.040000000000001,47.89558232931728,1
18,78,1,1,1,1,0,29,3,8,1,50,67,0,2,2,0,71.2,22.0,17,3.7222222222222223,0,1.8,1,14.040000000000001,47.89558232931728,1
36,71,1,1,1,1,1,27,1,17,0,94,60,1,2,2,0,76.0,44.5,-34,1.6666666666666667,0,3.7,1,25.56,45.78313253012048,1
36,71,1,1,1,1,1,28,1,1,1,63,55,1,2,2,0,73.60000000000001,36.5,-8,1.5277777777777777,0,2.1,1,25.56,40.642570281124506,1
24,76,2,0,0,1,1,29,1,17,1,76,58,0,1,2,0,70.80000000000001,32.5,-18,2.4166666666666665,1,2.7,0,18.240000000000002,41.228915662650614,1
24,76,2,0,0,1,1,27,3,4,1,90,98,1,2,0,0,76.4,26.0,8,4.083333333333333,0,2.4,0,18.240000000000002,75.17269076305222,1
24,76,2,0,0,1,1,26,2,3,0,99,40,1,2,3,0,70.0,25.5,-59,1.6666666666666667,0,2.3,0,18.240000000000002,28.11244979919679,1
24,76,2,0,0,1,1,19,3,16,1,53,86,1,2,0,0,61.60000000000001,32.0,33,3.5833333333333335,0,3.6,0,18.240000000000002,53.188755020080336,1
24,76,1,1,1,1,1,29,1,17,1,76,58,0,1,2,0,80.80000000000001,32.5,-18,2.4166666666666665,1,2.7,1,18.240000000000002,47.052208835341375,1
24,76,1,1,1,1,1,27,3,4,1,90,98,1,2,0,0,86.4,26.0,8,4.083333333333333,0,2.4,1,18.240000000000002,85.01204819277109,1
24,76,1,1,1,1,1,26,2,3,0,99,40,1,2,3,0,80.0,25.5,-59,1.6666666666666667,0,2.3,1,18.240000000000002,32.1285140562249,1
24,76,1,1,1,1,1,19,3,16,1,53,86,1,2,0,0,71.60000000000001,32.0,33,3.5833333333333335,0,3.6,1,18.240000000000002,61.823293172690775,1
24,76,0,1,1,1,1,29,1,17,1,76,58,0,1,2,0,80.80000000000001,32.5,-18,2.4166666666666665,0,2.7,0,18.240000000000002,47.052208835341375,1
24,76,0,1,1,1,1,27,3,4,1,90,98,1,2,0,0,86.4,26.0,8,4.083333333333333,-1,2.4,0,18.240000000000002,85.01204819277109,1
24,76,0,1,1,1,1,26,2,3,0,99,40,1,2,3,0,80.0,25.5,-59,1.6666666666666667,-1,2.3,0,18.240000000000002,32.1285140562249,1
24,76,0,1,1,1,1,19,3,16,1,53,86,1,2,0,0,71.60000000000001,32.0,33,3.5833333333333335,-1,3.6,0,18.240000000000002,61.823293172690775,1
24,76,0,1,0,1,1,29,1,17,1,76,58,0,1,2,0,80.80000000000001,32.5,-18,2.4166666666666665,-1,2.7,0,18.240000000000002,47.052208835341375,1
24,76,0,1,0,1,1,27,3,4,1,90,98,1,2,0,0,86.4,26.0,8,4.083333333333333,-2,2.4,0,18.240000000000002,85.01204819277109,1
24,76,0,1,0,1,1,26,2,3,0,99,40,1,2,3,0,80.0,25.5,-59,1.6666666666666667,-2,2.3,0,18.240000000000002,32.1285140562249,1
24,76,0,1,0,1,1,19,3,16,1,53,86,1,2,0,0,71.60000000000001,32.0,33,3.5833333333333335,-2,3.6,0,18.240000000000002,61.823293172690775,1
24,76,1,0,2,1,1,29,1,17,1,76,58,0,1,2,0,70.80000000000001,32.5,-18,2.4166666666666665,2,2.7,2,18.240000000000002,41.228915662650614,1
24,76,1,0,2,1,1,27,3,4,1,90,98,1,2,0,0,76.4,26.0,8,4.083333333333333,1,2.4,2,18.240000000000002,75.17269076305222,1
24,76,1,0,2,1,1,26,2,3,0,99,40,1,2,3,0,70.0,25.5,-59,1.6666666666666667,1,2.3,2,18.240000000000002,28.11244979919679,1
24,76,1,0,2,1,1,19,3,16,1,53,86,1,2,0,0,61.60000000000001,32.0,33,3.5833333333333335,1,3.6,2,18.240000000000002,53.188755020080336,1
24,76,1,0,0,1,1,29,1,17,1,76,58,0,1,2,0,70.80000000000001,32.5,-18,2.4166666666666665,0,2.7,0,18.240000000000002,41.228915662650614,1
24,76,1,0,0,1,1,27,3,4,1,90,98,1,2,0,0,76.4,26.0,8,4.083333333333333,-1,2.4,0,18.240000000000002,75.17269076305222,1
24,76,1,0,0,1,1,26,2,3,0,99,40,1,2,3,0,70.0,25.5,-59,1.6666666666666667,-1,2.3,0,18.240000000000002,28.11244979919679,1
24,76,1,0,0,1,1,19,3,16,1,53,86,1,2,0,0,61.60000000000001,32.0,33,3.5833333333333335,-1,3.6,0,18.240000000000002,53.188755020080336,1
15,76,2,0,1,1,1,28,2,18,1,61,42,1,2,3,0,64.80000000000001,24.0,-19,2.8,1,3.8,2,11.4,27.325301204819283,1
23,71,0,1,0,1,1,26,3,2,1,69,46,0,2,3,0,76.0,24.0,-23,2.0,-2,1.2,0,16.33,35.100401606425706,1
23,71,0,1,1,1,1,26,3,2,1,69,46,0,2,3,0,76.0,24.0,-23,2.0,-1,1.2,0,16.33,35.100401606425706,1
23,71,1,1,0,1,1,26,3,2,1,69,46,0,2,3,0,76.0,24.0,-23,2.0,-1,1.2,0,16.33,35.100401606425706,1
19,94,1,1,1,1,1,20,1,6,1,69,56,1,2,2,0,85.2,22.0,-13,2.9473684210526314,0,2.6,1,17.86,47.90361445783133,1
19,94,1,1,1,1,1,18,0,20,1,68,43,1,2,3,0,84.80000000000001,29.0,-25,2.263157894736842,0,4.0,1,17.86,36.61044176706828,1
19,94,1,1,1,1,1,23,3,5,0,58,56,1,2,2,0,70.80000000000001,21.5,-2,2.9473684210526314,0,2.5,1,17.86,39.80722891566266,1
19,94,1,0,1,1,1,20,1,6,1,69,56,1,2,2,0,75.2,22.0,-13,2.9473684210526314,0,2.6,1,17.86,42.28112449799197,1
19,94,1,0,1,1,1,18,0,20,1,68,43,1,2,3,0,74.80000000000001,29.0,-25,2.263157894736842,0,4.0,1,17.86,32.29317269076306,1
19,94,1,0,1,1,1,23,3,5,0,58,56,1,2,2,0,60.800000000000004,21.5,-2,2.9473684210526314,0,2.5,1,17.86,34.18473895582329,1
19,94,0,1,2,1,1,20,1,6,1,69,56,1,2,2,0,85.2,22.0,-13,2.9473684210526314,0,2.6,0,17.86,47.90361445783133,1
19,94,0,1,2,1,1,18,0,20,1,68,43,1,2,3,0,84.80000000000001,29.0,-25,2.263157894736842,0,4.0,0,17.86,36.61044176706828,1
19,94,0,1,2,1,1,23,3,5,0,58,56,1,2,2,0,70.80000000000001,21.5,-2,2.9473684210526314,0,2.5,0,17.86,39.80722891566266,1
19,94,2,1,1,1,1,20,1,6,1,69,56,1,2,2,0,85.2,22.0,-13,2.9473684210526314,1,2.6,2,17.86,47.90361445783133,1
19,94,2,1,1,1,1,18,0,20,1,68,43,1,2,3,0,84.80000000000001,29.0,-25,2.263157894736842,1,4.0,2,17.86,36.61044176706828,1
19,94,2,1,1,1,1,23,3,5,0,58,56,1,2,2,0,70.80000000000001,21.5,-2,2.9473684210526314,1,2.5,2,17.86,39.80722891566266,1
19,94,2,0,1,1,1,20,1,6,1,69,56,1,2,2,0,75.2,22.0,-13,2.9473684210526314,1,2.6,2,17.86,42.28112449799197,1
19,94,2,0,1,1,1,18,0,20,1,68,43,1,2,3,0,74.80000000000001,29.0,-25,2.263157894736842,1,4.0,2,17.86,32.29317269076306,1
19,94,2,0,1,1,1,23,3,5,0,58,56,1,2,2,0,60.800000000000004,21.5,-2,2.9473684210526314,1,2.5,2,17.86,34.18473895582329,1
24,63,0,1,1,1,0,26,3,8,1,81,60,1,2,2,0,77.6,28.0,-21,2.5,-1,2.8,0,15.120000000000001,46.74698795180723,1
24,63,0,1,1,1,0,27,2,19,1,95,89,1,2,0,1,83.2,33.5,-6,3.7083333333333335,-1,3.9000000000000004,0,15.120000000000001,74.34538152610442,1
24,63,0,1,1,1,0,29,1,4,1,58,88,1,2,0,0,68.4,26.0,30,3.6666666666666665,-1,2.4,0,15.120000000000001,60.43373493975905,1
24,63,0,1,0,1,0,26,3,8,1,81,60,1,2,2,0,77.6,28.0,-21,2.5,-2,2.8,0,15.120000000000001,46.74698795180723,1
24,63,0,1,0,1,0,27,2,19,1,95,89,1,2,0,1,83.2,33.5,-6,3.7083333333333335,-2,3.9000000000000004,0,15.120000000000001,74.34538152610442,1
24,63,0,1,0,1,0,29,1,4,1,58,88,1,2,0,0,68.4,26.0,30,3.6666666666666665,-2,2.4,0,15.120000000000001,60.43373493975905,1
24,63,1,0,0,1,0,26,3,8,1,81,60,1,2,2,0,67.6,28.0,-21,2.5,-1,2.8,0,15.120000000000001,40.72289156626506,1
24,63,1,0,0,1,0,27,2,19,1,95,89,1,2,0,1,73.2,33.5,-6,3.7083333333333335,-1,3.9000000000000004,0,15.120000000000001,65.40963855421687,1
24,63,1,0,0,1,0,29,1,4,1,58,88,1,2,0,0,58.400000000000006,26.0,30,3.6666666666666665,-1,2.4,0,15.120000000000001,51.5983935742972,1
24,63,1,1,2,1,0,26,3,8,1,81,60,1,2,2,0,77.6,28.0,-21,2.5,1,2.8,2,15.120000000000001,46.74698795180723,1
24,63,1,1,2,1,0,27,2,19,1,95,89,1,2,0,1,83.2,33.5,-6,3.7083333333333335,1,3.9000000000000004,2,15.120000000000001,74.34538152610442,1
24,63,1,1,2,1,0,29,1,4,1,58,88,1,2,0,0,68.4,26.0,30,3.6666666666666665,1,2.4,2,15.120000000000001,60.43373493975905,1
23,87,2,1,2,1,1,26,1,4,0,67,90,1,1,0,0,71.60000000000001,25.0,23,3.9130434782608696,3,2.4,4,20.01,64.69879518072291,1
23,87,2,0,1,1,1,26,1,4,0,67,90,1,1,0,0,61.60000000000001,25.0,23,3.9130434782608696,2,2.4,2,20.01,55.66265060240965,1
23,87,1,1,1,1,1,26,1,4,0,67,90,1,1,0,0,71.60000000000001,25.0,23,3.9130434782608696,1,2.4,1,20.01,64.69879518072291,1
23,87,1,0,2,1,1,26,1,4,0,67,90,1,1,0,0,61.60000000000001,25.0,23,3.9130434782608696,2,2.4,2,20.01,55.66265060240965,1
23,87,0,0,1,1,1,26,1,4,0,67,90,1,1,0,0,61.60000000000001,25.0,23,3.9130434782608696,0,2.4,0,20.01,55.66265060240965,1
23,87,2,1,1,1,1,26,1,4,0,67,90,1,1,0,0,71.60000000000001,25.0,23,3.9130434782608696,2,2.4,2,20.01,64.69879518072291,1
20,67,1,1,1,1,1,29,1,5,1,85,57,1,0,2,0,80.8,22.5,-28,2.85,2,2.5,1,13.4,46.24096385542168,1
20,67,1,1,1,1,1,26,1,5,1,59,63,1,2,2,0,70.4,22.5,4,3.15,0,2.5,1,13.4,44.53012048192772,1
20,67,0,0,1,1,1,29,1,5,1,85,57,1,0,2,0,70.8,22.5,-28,2.85,1,2.5,0,13.4,40.51807228915662,1
20,67,0,0,1,1,1,26,1,5,1,59,63,1,2,2,0,60.400000000000006,22.5,4,3.15,-1,2.5,0,13.4,38.20481927710844,1
20,67,0,1,1,1,1,29,1,5,1,85,57,1,0,2,0,80.8,22.5,-28,2.85,1,2.5,0,13.4,46.24096385542168,1
20,67,0,1,1,1,1,26,1,5,1,59,63,1,2,2,0,70.4,22.5,4,3.15,-1,2.5,0,13.4,44.53012048192772,1
20,67,2,0,2,1,1,29,1,5,1,85,57,1,0,2,0,70.8,22.5,-28,2.85,4,2.5,4,13.4,40.51807228915662,1
20,67,2,0,2,1,1,26,1,5,1,59,63,1,2,2,0,60.400000000000006,22.5,4,3.15,2,2.5,4,13.4,38.20481927710844,1
15,74,2,1,0,1,0,19,0,13,1,67,40,1,2,3,0,76.4,21.5,-27,2.6666666666666665,0,3.3,0,11.1,30.682730923694784,1
15,74,0,0,0,1,0,19,0,13,1,67,40,1,2,3,0,66.4,21.5,-27,2.6666666666666665,-2,3.3,0,11.1,26.66666666666667,1
25,91,1,0,0,1,1,28,1,8,1,62,57,1,2,2,0,71.2,29.0,-5,2.28,-1,2.8,0,22.75,40.746987951807235,1
25,91,1,0,0,1,1,26,1,16,0,54,68,1,2,2,0,58.0,33.0,14,2.72,-1,3.6,0,22.75,39.59839357429719,1
25,91,1,0,0,1,1,27,3,10,1,71,42,0,0,3,0,74.8,30.0,-29,1.68,1,2.0,0,22.75,31.542168674698797,1
25,91,1,0,0,1,1,20,0,17,1,73,48,1,2,3,0,75.6,33.5,-25,1.92,-1,3.7,0,22.75,36.433734939759034,1
25,91,1,0,2,1,1,28,1,8,1,62,57,1,2,2,0,71.2,29.0,-5,2.28,1,2.8,2,22.75,40.746987951807235,1
25,91,1,0,2,1,1,26,1,16,0,54,68,1,2,2,0,58.0,33.0,14,2.72,1,3.6,2,22.75,39.59839357429719,1
25,91,1,0,2,1,1,27,3,10,1,71,42,0,0,3,0,74.8,30.0,-29,1.68,3,2.0,2,22.75,31.542168674698797,1
25,91,1,0,2,1,1,20,0,17,1,73,48,1,2,3,0,75.6,33.5,-25,1.92,1,3.7,2,22.75,36.433734939759034,1
25,91,1,0,1,1,1,28,1,8,1,62,57,1,2,2,0,71.2,29.0,-5,2.28,0,2.8,1,22.75,40.746987951807235,1
25,91,1,0,1,1,1,26,1,16,0,54,68,1,2,2,0,58.0,33.0,14,2.72,0,3.6,1,22.75,39.59839357429719,1
25,91,1,0,1,1,1,27,3,10,1,71,42,0,0,3,0,74.8,30.0,-29,1.68,2,2.0,1,22.75,31.542168674698797,1
25,91,1,0,1,1,1,20,0,17,1,73,48,1,2,3,0,75.6,33.5,-25,1.92,0,3.7,1,22.75,36.433734939759034,1
25,91,2,0,1,1,1,28,1,8,1,62,57,1,2,2,0,71.2,29.0,-5,2.28,1,2.8,2,22.75,40.746987951807235,1
25,91,2,0,1,1,1,26,1,16,0,54,68,1,2,2,0,58.0,33.0,14,2.72,1,3.6,2,22.75,39.59839357429719,1
25,91,2,0,1,1,1,27,3,10,1,71,42,0,0,3,0,74.8,30.0,-29,1.68,3,2.0,2,22.75,31.542168674698797,1
25,91,2,0,1,1,1,20,0,17,1,73,48,1,2,3,0,75.6,33.5,-25,1.92,1,3.7,2,22.75,36.433734939759034,1
21,95,1,0,2,1,1,26,2,2,1,72,100,1,2,0,0,76.8,22.0,28,4.761904761904762,1,2.2,2,19.95,77.10843373493977,1
21,95,1,0,2,1,1,22,1,20,1,58,56,0,2,2,0,71.2,31.0,-2,2.6666666666666665,1,3.0,2,19.95,40.03212851405623,1
21,95,1,0,2,1,1,24,3,11,1,88,94,1,2,0,0,83.2,26.5,6,4.476190476190476,1,3.1,2,19.95,78.52208835341366,1
21,95,1,0,2,1,1,20,1,15,0,99,71,1,1,1,0,77.6,28.5,-28,3.380952380952381,2,3.5,2,19.95,55.31726907630522,1
21,95,1,0,2,1,1,18,3,10,1,88,76,1,1,1,0,83.2,26.0,-12,3.619047619047619,2,3.0,2,19.95,63.48594377510041,1
21,95,0,0,0,1,1,26,2,2,1,72,100,1,2,0,0,76.8,22.0,28,4.761904761904762,-2,2.2,0,19.95,77.10843373493977,1
21,95,0,0,0,1,1,22,1,20,1,58,56,0,2,2,0,71.2,31.0,-2,2.6666666666666665,-2,3.0,0,19.95,40.03212851405623,1
21,95,0,0,0,1,1,24,3,11,1,88,94,1,2,0,0,83.2,26.5,6,4.476190476190476,-2,3.1,0,19.95,78.52208835341366,1
21,95,0,0,0,1,1,20,1,15,0,99,71,1,1,1,0,77.6,28.5,-28,3.380952380952381,-1,3.5,0,19.95,55.31726907630522,1
21,95,0,0,0,1,1,18,3,10,1,88,76,1,1,1,0,83.2,26.0,-12,3.619047619047619,-1,3.0,0,19.95,63.48594377510041,1
21,95,1,0,1,1,1,26,2,2,1,72,100,1,2,0,0,76.8,22.0,28,4.761904761904762,0,2.2,1,19.95,77.10843373493977,1
21,95,1,0,1,1,1,22,1,20,1,58,56,0,2,2,0,71.2,31.0,-2,2.6666666666666665,0,3.0,1,19.95,40.03212851405623,1
21,95,1,0,1,1,1,24,3,11,1,88,94,1,2,0,0,83.2,26.5,6,4.476190476190476,0,3.1,1,19.95,78.52208835341366,1
21,95,1,0,1,1,1,20,1,15,0,99,71,1,1,1,0,77.6,28.5,-28,3.380952380952381,1,3.5,1,19.95,55.31726907630522,1
21,95,1,0,1,1,1,18,3,10,1,88,76,1,1,1,0,83.2,26.0,-12,3.619047619047619,1,3.0,1,19.95,63.48594377510041,1
21,95,1,1,2,1,1,26,2,2,1,72,100,1,2,0,0,86.8,22.0,28,4.761904761904762,1,2.2,2,19.95,87.14859437751005,1
21,95,1,1,2,1,1,22,1,20,1,58,56,0,2,2,0,81.2,31.0,-2,2.6666666666666665,1,3.0,2,19.95,45.65461847389558,1
21,95,1,1,2,1,1,24,3,11,1,88,94,1,2,0,0,93.2,26.5,6,4.476190476190476,1,3.1,2,19.95,87.95983935742973,1
21,95,1,1,2,1,1,20,1,15,0,99,71,1,1,1,0,87.6,28.5,-28,3.380952380952381,2,3.5,2,19.95,62.44578313253012,1
21,95,1,1,2,1,1,18,3,10,1,88,76,1,1,1,0,93.2,26.0,-12,3.619047619047619,2,3.0,2,19.95,71.11646586345383,1
21,95,2,0,1,1,1,26,2,2,1,72,100,1,2,0,0,76.8,22.0,28,4.761904761904762,1,2.2,2,19.95,77.10843373493977,1
21,95,2,0,1,1,1,22,1,20,1,58,56,0,2,2,0,71.2,31.0,-2,2.6666666666666665,1,3.0,2,19.95,40.03212851405623,1
21,95,2,0,1,1,1,24,3,11,1,88,94,1,2,0,0,83.2,26.5,6,4.476190476190476,1,3.1,2,19.95,78.52208835341366,1
21,95,2,0,1,1,1,20,1,15,0,99,71,1,1,1,0,77.6,28.5,-28,3.380952380952381,2,3.5,2,19.95,55.31726907630522,1
21,95,2,0,1,1,1,18,3,10,1,88,76,1,1,1,0,83.2,26.0,-12,3.619047619047619,2,3.0,2,19.95,63.48594377510041,1
21,95,1,1,1,1,1,26,2,2,1,72,100,1,2,0,0,86.8,22.0,28,4.761904761904762,0,2.2,1,19.95,87.14859437751005,1
21,95,1,1,1,1,1,22,1,20,1,58,56,0,2,2,0,81.2,31.0,-2,2.6666666666666665,0,3.0,1,19.95,45.65461847389558,1
21,95,1,1,1,1,1,24,3,11,1,88,94,1,2,0,0,93.2,26.5,6,4.476190476190476,0,3.1,1,19.95,87.95983935742973,1
21,95,1,1,1,1,1,20,1,15,0,99,71,1,1,1,0,87.6,28.5,-28,3.380952380952381,1,3.5,1,19.95,62.44578313253012,1
21,95,1,1,1,1,1,18,3,10,1,88,76,1,1,1,0,93.2,26.0,-12,3.619047619047619,1,3.0,1,19.95,71.11646586345383,1
21,79,2,1,0,1,1,19,3,9,1,59,80,0,2,1,0,75.2,25.5,21,3.8095238095238093,0,1.9,0,16.59,60.401606425702816,1
21,79,2,1,0,1,1,23,1,10,1,85,55,1,2,2,0,85.6,26.0,-30,2.619047619047619,0,3.0,0,16.59,47.269076305220885,1
21,79,2,1,0,1,1,26,1,1,1,75,75,1,2,1,0,81.6,21.5,0,3.5714285714285716,0,2.1,0,16.59,61.44578313253012,1
21,79,1,0,0,1,1,19,3,9,1,59,80,0,2,1,0,65.2,25.5,21,3.8095238095238093,-1,1.9,0,16.59,52.36947791164659,1
21,79,1,0,0,1,1,23,1,10,1,85,55,1,2,2,0,75.6,26.0,-30,2.619047619047619,-1,3.0,0,16.59,41.74698795180723,1
21,79,1,0,0,1,1,26,1,1,1,75,75,1,2,1,0,71.6,21.5,0,3.5714285714285716,-1,2.1,0,16.59,53.91566265060241,1
21,79,0,1,1,1,1,19,3,9,1,59,80,0,2,1,0,75.2,25.5,21,3.8095238095238093,-1,1.9,0,16.59,60.401606425702816,1
21,79,0,1,1,1,1,23,1,10,1,85,55,1,2,2,0,85.6,26.0,-30,2.619047619047619,-1,3.0,0,16.59,47.269076305220885,1
21,79,0,1,1,1,1,26,1,1,1,75,75,1,2,1,0,81.6,21.5,0,3.5714285714285716,-1,2.1,0,16.59,61.44578313253012,1
21,79,1,1,0,1,1,19,3,9,1,59,80,0,2,1,0,75.2,25.5,21,3.8095238095238093,-1,1.9,0,16.59,60.401606425702816,1
21,79,1,1,0,1,1,23,1,10,1,85,55,1,2,2,0,85.6,26.0,-30,2.619047619047619,-1,3.0,0,16.59,47.269076305220885,1
21,79,1,1,0,1,1,26,1,1,1,75,75,1,2,1,0,81.6,21.5,0,3.5714285714285716,-1,2.1,0,16.59,61.44578313253012,1
21,79,1,1,2,1,1,19,3,9,1,59,80,0,2,1,0,75.2,25.5,21,3.8095238095238093,1,1.9,2,16.59,60.401606425702816,1
21,79,1,1,2,1,1,23,1,10,1,85,55,1,2,2,0,85.6,26.0,-30,2.619047619047619,1,3.0,2,16.59,47.269076305220885,1
21,79,1,1,2,1,1,26,1,1,1,75,75,1,2,1,0,81.6,21.5,0,3.5714285714285716,1,2.1,2,16.59,61.44578313253012,1
21,79,2,1,1,1,1,19,3,9,1,59,80,0,2,1,0,75.2,25.5,21,3.8095238095238093,1,1.9,2,16.59,60.401606425702816,1
21,79,2,1,1,1,1,23,1,10,1,85,55,1,2,2,0,85.6,26.0,-30,2.619047619047619,1,3.0,2,16.59,47.269076305220885,1
21,79,2,1,1,1,1,26,1,1,1,75,75,1,2,1,0,81.6,21.5,0,3.5714285714285716,1,2.1,2,16.59,61.44578313253012,1
21,79,0,1,0,1,1,19,3,9,1,59,80,0,2,1,0,75.2,25.5,21,3.8095238095238093,-2,1.9,0,16.59,60.401606425702816,1
21,79,0,1,0,1,1,23,1,10,1,85,55,1,2,2,0,85.6,26.0,-30,2.619047619047619,-2,3.0,0,16.59,47.269076305220885,1
21,79,0,1,0,1,1,26,1,1,1,75,75,1,2,1,0,81.6,21.5,0,3.5714285714285716,-2,2.1,0,16.59,61.44578313253012,1
21,79,1,1,1,1,1,19,3,9,1,59,80,0,2,1,0,75.2,25.5,21,3.8095238095238093,0,1.9,1,16.59,60.401606425702816,1
21,79,1,1,1,1,1,23,1,10,1,85,55,1,2,2,0,85.6,26.0,-30,2.619047619047619,0,3.0,1,16.59,47.269076305220885,1
21,79,1,1,1,1,1,26,1,1,1,75,75,1,2,1,0,81.6,21.5,0,3.5714285714285716,0,2.1,1,16.59,61.44578313253012,1
21,79,0,1,2,1,1,19,3,9,1,59,80,0,2,1,0,75.2,25.5,21,3.8095238095238093,0,1.9,0,16.59,60.401606425702816,1
21,79,0,1,2,1,1,23,1,10,1,85,55,1,2,2,0,85.6,26.0,-30,2.619047619047619,0,3.0,0,16.59,47.269076305220885,1
21,79,0,1,2,1,1,26,1,1,1,75,75,1,2,1,0,81.6,21.5,0,3.5714285714285716,0,2.1,0,16.59,61.44578313253012,1
21,91,2,1,1,1,1,26,0,10,0,83,98,0,2,0,0,79.6,26.0,15,4.666666666666667,1,2.0,2,19.11,78.32128514056224,1
21,91,1,1,2,1,1,26,0,10,0,83,98,0,2,0,0,79.6,26.0,15,4.666666666666667,1,2.0,2,19.11,78.32128514056224,1
20,81,1,1,0,1,1,19,0,2,1,73,56,0,0,2,0,81.6,21.0,-17,2.8,1,1.2,0,16.200000000000003,45.87951807228916,1
20,81,1,1,0,1,1,22,2,12,1,83,81,1,2,1,0,85.6,26.0,-2,4.05,-1,3.2,0,16.200000000000003,69.6144578313253,1
20,81,1,1,1,1,1,19,0,2,1,73,56,0,0,2,0,81.6,21.0,-17,2.8,2,1.2,1,16.200000000000003,45.87951807228916,1
20,81,1,1,1,1,1,22,2,12,1,83,81,1,2,1,0,85.6,26.0,-2,4.05,0,3.2,1,16.200000000000003,69.6144578313253,1
20,81,2,1,1,1,1,19,0,2,1,73,56,0,0,2,0,81.6,21.0,-17,2.8,3,1.2,2,16.200000000000003,45.87951807228916,1
20,81,2,1,1,1,1,22,2,12,1,83,81,1,2,1,0,85.6,26.0,-2,4.05,1,3.2,2,16.200000000000003,69.6144578313253,1
20,81,1,0,1,1,1,19,0,2,1,73,56,0,0,2,0,71.6,21.0,-17,2.8,2,1.2,1,16.200000000000003,40.257028112449795,1
20,81,1,0,1,1,1,22,2,12,1,83,81,1,2,1,0,75.6,26.0,-2,4.05,0,3.2,1,16.200000000000003,61.48192771084337,1
22,94,1,1,2,1,0,28,3,13,1,83,56,0,2,2,0,90.80000000000001,28.5,-27,2.5454545454545454,1,2.3,2,20.68,51.052208835341375,1
22,94,1,1,2,1,0,23,3,11,1,98,96,1,0,0,0,96.80000000000001,27.5,-2,4.363636363636363,3,3.1,2,20.68,93.30120481927713,1
22,94,1,1,1,1,0,28,3,13,1,83,56,0,2,2,0,90.80000000000001,28.5,-27,2.5454545454545454,0,2.3,1,20.68,51.052208835341375,1
22,94,1,1,1,1,0,23,3,11,1,98,96,1,0,0,0,96.80000000000001,27.5,-2,4.363636363636363,2,3.1,1,20.68,93.30120481927713,1
22,94,0,0,2,1,0,28,3,13,1,83,56,0,2,2,0,80.80000000000001,28.5,-27,2.5454545454545454,0,2.3,0,20.68,45.42971887550202,1
22,94,0,0,2,1,0,23,3,11,1,98,96,1,0,0,0,86.80000000000001,27.5,-2,4.363636363636363,2,3.1,0,20.68,83.66265060240966,1
23,60,1,1,1,1,1,27,2,12,1,92,67,0,1,2,0,80.80000000000001,29.0,-25,2.9130434782608696,1,2.2,1,13.799999999999999,54.353413654618485,1
23,60,1,1,1,1,1,19,2,16,0,93,60,1,2,2,0,71.2,31.0,-33,2.608695652173913,0,3.6,1,13.799999999999999,42.89156626506025,1
23,60,1,1,1,1,1,29,3,15,0,63,62,1,1,2,0,59.2,30.5,-1,2.6956521739130435,1,3.5,1,13.799999999999999,36.85140562248996,1
14,82,1,0,1,1,1,19,3,1,1,60,41,1,2,3,0,66.80000000000001,14.5,-19,2.9285714285714284,0,2.1,1,11.479999999999999,27.497991967871492,1
14,82,1,0,0,1,1,19,3,1,1,60,41,1,2,3,0,66.80000000000001,14.5,-19,2.9285714285714284,-1,2.1,0,11.479999999999999,27.497991967871492,1
14,82,1,1,1,1,1,19,3,1,1,60,41,1,2,3,0,76.80000000000001,14.5,-19,2.9285714285714284,0,2.1,1,11.479999999999999,31.614457831325307,1
14,82,0,1,2,1,1,19,3,1,1,60,41,1,2,3,0,76.80000000000001,14.5,-19,2.9285714285714284,0,2.1,0,11.479999999999999,31.614457831325307,1
14,82,2,0,0,1,1,19,3,1,1,60,41,1,2,3,0,66.80000000000001,14.5,-19,2.9285714285714284,0,2.1,0,11.479999999999999,27.497991967871492,1
23,81,1,1,1,1,1,20,1,3,1,59,57,1,2,2,0,76.0,24.5,-2,2.4782608695652173,0,2.3,1,18.630000000000003,43.49397590361446,1
23,81,1,1,1,1,1,19,2,5,1,90,54,1,2,3,0,88.4,25.5,-36,2.347826086956522,0,2.5,1,18.630000000000003,47.927710843373504,1
23,81,1,1,1,1,1,27,0,6,1,79,57,1,2,2,0,84.0,26.0,-22,2.4782608695652173,0,2.6,1,18.630000000000003,48.07228915662651,1
23,81,0,0,1,1,1,20,1,3,1,59,57,1,2,2,0,66.0,24.5,-2,2.4782608695652173,-1,2.3,0,18.630000000000003,37.7710843373494,1
23,81,0,0,1,1,1,19,2,5,1,90,54,1,2,3,0,78.4,25.5,-36,2.347826086956522,-1,2.5,0,18.630000000000003,42.50602409638555,1
23,81,0,0,1,1,1,27,0,6,1,79,57,1,2,2,0,74.0,26.0,-22,2.4782608695652173,-1,2.6,0,18.630000000000003,42.34939759036145,1
23,81,1,0,0,1,1,20,1,3,1,59,57,1,2,2,0,66.0,24.5,-2,2.4782608695652173,-1,2.3,0,18.630000000000003,37.7710843373494,1
23,81,1,0,0,1,1,19,2,5,1,90,54,1,2,3,0,78.4,25.5,-36,2.347826086956522,-1,2.5,0,18.630000000000003,42.50602409638555,1
23,81,1,0,0,1,1,27,0,6,1,79,57,1,2,2,0,74.0,26.0,-22,2.4782608695652173,-1,2.6,0,18.630000000000003,42.34939759036145,1
23,81,1,0,1,1,1,20,1,3,1,59,57,1,2,2,0,66.0,24.5,-2,2.4782608695652173,0,2.3,1,18.630000000000003,37.7710843373494,1
23,81,1,0,1,1,1,19,2,5,1,90,54,1,2,3,0,78.4,25.5,-36,2.347826086956522,0,2.5,1,18.630000000000003,42.50602409638555,1
23,81,1,0,1,1,1,27,0,6,1,79,57,1,2,2,0,74.0,26.0,-22,2.4782608695652173,0,2.6,1,18.630000000000003,42.34939759036145,1
23,81,1,0,2,1,1,20,1,3,1,59,57,1,2,2,0,66.0,24.5,-2,2.4782608695652173,1,2.3,2,18.630000000000003,37.7710843373494,1
23,81,1,0,2,1,1,19,2,5,1,90,54,1,2,3,0,78.4,25.5,-36,2.347826086956522,1,2.5,2,18.630000000000003,42.50602409638555,1
23,81,1,0,2,1,1,27,0,6,1,79,57,1,2,2,0,74.0,26.0,-22,2.4782608695652173,1,2.6,2,18.630000000000003,42.34939759036145,1
23,81,2,0,0,1,1,20,1,3,1,59,57,1,2,2,0,66.0,24.5,-2,2.4782608695652173,0,2.3,0,18.630000000000003,37.7710843373494,1
23,81,2,0,0,1,1,19,2,5,1,90,54,1,2,3,0,78.4,25.5,-36,2.347826086956522,0,2.5,0,18.630000000000003,42.50602409638555,1
23,81,2,0,0,1,1,27,0,6,1,79,57,1,2,2,0,74.0,26.0,-22,2.4782608695652173,0,2.6,0,18.630000000000003,42.34939759036145,1
23,74,2,1,0,1,1,22,2,4,1,61,84,1,2,1,0,74.0,25.0,23,3.652173913043478,0,2.4,0,17.02,62.40963855421687,1
23,74,2,1,0,1,1,28,2,14,1,72,56,0,2,2,0,78.4,30.0,-16,2.4347826086956523,0,2.4000000000000004,0,17.02,44.08032128514057,1
23,74,2,1,0,1,1,26,3,1,1,65,62,1,2,2,0,75.6,23.5,-3,2.6956521739130435,0,2.1,0,17.02,47.06024096385542,1
23,74,0,0,0,1,1,22,2,4,1,61,84,1,2,1,0,64.0,25.0,23,3.652173913043478,-2,2.4,0,17.02,53.975903614457835,1
23,74,0,0,0,1,1,28,2,14,1,72,56,0,2,2,0,68.4,30.0,-16,2.4347826086956523,-2,2.4000000000000004,0,17.02,38.457831325301214,1
23,74,0,0,0,1,1,26,3,1,1,65,62,1,2,2,0,65.6,23.5,-3,2.6956521739130435,-2,2.1,0,17.02,40.835341365461844,1
23,74,1,0,1,1,1,22,2,4,1,61,84,1,2,1,0,64.0,25.0,23,3.652173913043478,0,2.4,1,17.02,53.975903614457835,1
23,74,1,0,1,1,1,28,2,14,1,72,56,0,2,2,0,68.4,30.0,-16,2.4347826086956523,0,2.4000000000000004,1,17.02,38.457831325301214,1
23,74,1,0,1,1,1,26,3,1,1,65,62,1,2,2,0,65.6,23.5,-3,2.6956521739130435,0,2.1,1,17.02,40.835341365461844,1
23,74,2,1,1,1,1,22,2,4,1,61,84,1,2,1,0,74.0,25.0,23,3.652173913043478,1,2.4,2,17.02,62.40963855421687,1
23,74,2,1,1,1,1,28,2,14,1,72,56,0,2,2,0,78.4,30.0,-16,2.4347826086956523,1,2.4000000000000004,2,17.02,44.08032128514057,1
23,74,2,1,1,1,1,26,3,1,1,65,62,1,2,2,0,75.6,23.5,-3,2.6956521739130435,1,2.1,2,17.02,47.06024096385542,1
43,86,1,1,1,1,0,27,3,2,1,56,58,0,0,2,0,76.8,44.0,2,1.3488372093023255,2,1.2,1,36.98,44.72289156626506,1
23,77,2,1,0,1,0,23,3,10,0,55,64,0,2,2,0,62.8,28.0,9,2.782608695652174,0,2.0,0,17.71,40.35341365461847,1
23,77,2,1,0,1,0,22,3,0,0,90,78,0,2,1,0,76.8,23.0,-12,3.391304347826087,0,1.0,0,17.71,60.144578313253014,1
23,77,2,1,0,1,0,29,0,16,0,52,91,1,1,0,0,61.6,31.0,39,3.9565217391304346,1,3.6,0,17.71,56.28112449799197,1
23,77,2,1,0,1,0,22,2,19,1,59,51,1,1,3,0,74.4,32.5,-8,2.217391304347826,1,3.9000000000000004,0,17.71,38.096385542168676,1
23,77,2,1,1,1,0,23,3,10,0,55,64,0,2,2,0,62.8,28.0,9,2.782608695652174,1,2.0,2,17.71,40.35341365461847,1
23,77,2,1,1,1,0,22,3,0,0,90,78,0,2,1,0,76.8,23.0,-12,3.391304347826087,1,1.0,2,17.71,60.144578313253014,1
23,77,2,1,1,1,0,29,0,16,0,52,91,1,1,0,0,61.6,31.0,39,3.9565217391304346,2,3.6,2,17.71,56.28112449799197,1
23,77,2,1,1,1,0,22,2,19,1,59,51,1,1,3,0,74.4,32.5,-8,2.217391304347826,2,3.9000000000000004,2,17.71,38.096385542168676,1
23,77,1,1,1,1,0,23,3,10,0,55,64,0,2,2,0,62.8,28.0,9,2.782608695652174,0,2.0,1,17.71,40.35341365461847,1
23,77,1,1,1,1,0,22,3,0,0,90,78,0,2,1,0,76.8,23.0,-12,3.391304347826087,0,1.0,1,17.71,60.144578313253014,1
23,77,1,1,1,1,0,29,0,16,0,52,91,1,1,0,0,61.6,31.0,39,3.9565217391304346,1,3.6,1,17.71,56.28112449799197,1
23,77,1,1,1,1,0,22,2,19,1,59,51,1,1,3,0,74.4,32.5,-8,2.217391304347826,1,3.9000000000000004,1,17.71,38.096385542168676,1
27,89,2,1,1,1,1,27,3,19,0,51,67,1,2,2,0,66.0,36.5,16,2.4814814814814814,1,3.9000000000000004,2,24.03,44.397590361445786,1
27,89,2,1,1,1,1,18,0,17,1,77,75,0,0,1,0,86.4,35.5,-2,2.7777777777777777,3,2.7,2,24.03,65.06024096385543,1
27,89,2,1,1,1,1,25,2,20,1,98,97,1,0,0,0,94.80000000000001,37.0,-1,3.5925925925925926,3,4.0,2,24.03,92.3253012048193,1
27,89,1,0,1,1,1,27,3,19,0,51,67,1,2,2,0,56.0,36.5,16,2.4814814814814814,0,3.9000000000000004,1,24.03,37.670682730923694,1
27,89,1,0,1,1,1,18,0,17,1,77,75,0,0,1,0,76.4,35.5,-2,2.7777777777777777,2,2.7,1,24.03,57.53012048192772,1
27,89,1,0,1,1,1,25,2,20,1,98,97,1,0,0,0,84.80000000000001,37.0,-1,3.5925925925925926,2,4.0,1,24.03,82.58634538152612,1
26,94,2,0,2,1,1,29,2,13,1,100,86,0,2,0,0,87.6,32.5,-14,3.3076923076923075,2,2.3,4,24.439999999999998,75.63855421686746,1
26,94,2,0,2,1,1,21,1,20,0,72,74,0,2,1,0,66.4,36.0,2,2.8461538461538463,2,3.0,4,24.439999999999998,49.333333333333336,1
26,94,1,1,0,1,1,29,2,13,1,100,86,0,2,0,0,97.6,32.5,-14,3.3076923076923075,-1,2.3,0,24.439999999999998,84.27309236947791,1
26,94,1,1,0,1,1,21,1,20,0,72,74,0,2,1,0,76.4,36.0,2,2.8461538461538463,-1,3.0,0,24.439999999999998,56.76305220883535,1
26,94,0,1,0,1,1,29,2,13,1,100,86,0,2,0,0,97.6,32.5,-14,3.3076923076923075,-2,2.3,0,24.439999999999998,84.27309236947791,1
26,94,0,1,0,1,1,21,1,20,0,72,74,0,2,1,0,76.4,36.0,2,2.8461538461538463,-2,3.0,0,24.439999999999998,56.76305220883535,1
24,66,0,0,0,1,0,22,2,3,0,56,84,0,0,1,0,48.800000000000004,25.5,28,3.5,0,1.3,0,15.84,41.156626506024104,1
25,76,1,1,2,1,0,22,2,20,1,98,68,0,1,2,0,89.60000000000001,35.0,-30,2.72,2,3.0,2,19.0,61.172690763052216,1
25,76,1,1,2,1,0,22,2,20,1,56,83,0,2,1,0,72.80000000000001,35.0,27,3.32,1,3.0,2,19.0,60.666666666666686,1
25,76,2,1,1,1,0,22,2,20,1,98,68,0,1,2,0,89.60000000000001,35.0,-30,2.72,2,3.0,2,19.0,61.172690763052216,1
25,76,2,1,1,1,0,22,2,20,1,56,83,0,2,1,0,72.80000000000001,35.0,27,3.32,1,3.0,2,19.0,60.666666666666686,1
25,76,2,0,2,1,0,22,2,20,1,98,68,0,1,2,0,79.60000000000001,35.0,-30,2.72,3,3.0,4,19.0,54.34538152610443,1
25,76,2,0,2,1,0,22,2,20,1,56,83,0,2,1,0,62.800000000000004,35.0,27,3.32,2,3.0,4,19.0,52.333333333333336,1
25,76,0,1,1,1,0,22,2,20,1,98,68,0,1,2,0,89.60000000000001,35.0,-30,2.72,0,3.0,0,19.0,61.172690763052216,1
25,76,0,1,1,1,0,22,2,20,1,56,83,0,2,1,0,72.80000000000001,35.0,27,3.32,-1,3.0,0,19.0,60.666666666666686,1
20,95,1,1,0,1,0,26,1,1,1,71,55,1,0,2,0,86.4,20.5,-16,2.75,1,2.1,0,19.0,47.71084337349399,1
20,95,1,0,1,1,0,26,1,1,1,71,55,1,0,2,0,76.4,20.5,-16,2.75,2,2.1,1,19.0,42.18875502008033,1
20,95,1,1,1,1,0,26,1,1,1,71,55,1,0,2,0,86.4,20.5,-16,2.75,2,2.1,1,19.0,47.71084337349399,1
20,95,1,0,2,1,0,26,1,1,1,71,55,1,0,2,0,76.4,20.5,-16,2.75,3,2.1,2,19.0,42.18875502008033,1
20,95,0,0,2,1,0,26,1,1,1,71,55,1,0,2,0,76.4,20.5,-16,2.75,2,2.1,0,19.0,42.18875502008033,1
27,98,2,1,0,1,0,28,3,4,0,73,42,1,1,3,0,78.4,29.0,-31,1.5555555555555556,1,2.4,0,26.46,33.06024096385543,1
27,98,2,1,0,1,0,19,3,1,0,90,84,1,1,1,0,85.2,27.5,-6,3.111111111111111,1,2.1,0,26.46,71.855421686747,1
27,98,2,0,1,1,0,28,3,4,0,73,42,1,1,3,0,68.4,29.0,-31,1.5555555555555556,2,2.4,2,26.46,28.843373493975907,1
27,98,2,0,1,1,0,19,3,1,0,90,84,1,1,1,0,75.2,27.5,-6,3.111111111111111,2,2.1,2,26.46,63.42168674698796,1
20,98,0,0,0,1,0,27,3,7,1,88,71,0,2,1,0,84.4,23.5,-17,3.55,-2,1.7000000000000002,0,19.6,60.164658634538156,1
20,98,0,1,0,1,0,27,3,7,1,88,71,0,2,1,0,94.4,23.5,-17,3.55,-2,1.7000000000000002,0,19.6,67.29317269076306,1
20,98,1,0,1,1,0,27,3,7,1,88,71,0,2,1,0,84.4,23.5,-17,3.55,0,1.7000000000000002,1,19.6,60.164658634538156,1
20,98,2,0,1,1,0,27,3,7,1,88,71,0,2,1,0,84.4,23.5,-17,3.55,1,1.7000000000000002,2,19.6,60.164658634538156,1
20,98,2,1,1,1,0,27,3,7,1,88,71,0,2,1,0,94.4,23.5,-17,3.55,1,1.7000000000000002,2,19.6,67.29317269076306,1
24,66,0,1,2,1,1,19,1,11,1,69,62,1,1,2,0,74.0,29.5,-7,2.5833333333333335,1,3.1,0,15.84,46.06425702811245,1
24,66,0,1,2,1,1,21,3,10,1,69,64,1,2,2,0,74.0,29.0,-5,2.6666666666666665,0,3.0,0,15.84,47.55020080321285,1
24,66,2,0,1,1,1,19,1,11,1,69,62,1,1,2,0,64.0,29.5,-7,2.5833333333333335,2,3.1,2,15.84,39.83935742971887,1
24,66,2,0,1,1,1,21,3,10,1,69,64,1,2,2,0,64.0,29.0,-5,2.6666666666666665,1,3.0,2,15.84,41.12449799196787,1
24,66,1,1,0,1,1,19,1,11,1,69,62,1,1,2,0,74.0,29.5,-7,2.5833333333333335,0,3.1,0,15.84,46.06425702811245,1
24,66,1,1,0,1,1,21,3,10,1,69,64,1,2,2,0,74.0,29.0,-5,2.6666666666666665,-1,3.0,0,15.84,47.55020080321285,1
21,67,1,0,0,1,0,27,0,0,0,73,89,1,0,0,0,56.0,21.0,16,4.238095238095238,1,2.0,0,14.07,50.04016064257028,1
21,67,1,0,0,1,0,26,1,5,1,99,60,1,2,2,0,76.4,23.5,-39,2.857142857142857,-1,2.5,0,14.07,46.02409638554217,1
21,67,2,0,1,1,0,27,0,0,0,73,89,1,0,0,0,56.0,21.0,16,4.238095238095238,3,2.0,2,14.07,50.04016064257028,1
21,67,2,0,1,1,0,26,1,5,1,99,60,1,2,2,0,76.4,23.5,-39,2.857142857142857,1,2.5,2,14.07,46.02409638554217,1
21,67,1,1,1,1,0,27,0,0,0,73,89,1,0,0,0,66.0,21.0,16,4.238095238095238,2,2.0,1,14.07,58.975903614457835,1
21,67,1,1,1,1,0,26,1,5,1,99,60,1,2,2,0,86.4,23.5,-39,2.857142857142857,0,2.5,1,14.07,52.048192771084345,1
21,67,0,0,1,1,0,27,0,0,0,73,89,1,0,0,0,56.0,21.0,16,4.238095238095238,1,2.0,0,14.07,50.04016064257028,1
21,67,0,0,1,1,0,26,1,5,1,99,60,1,2,2,0,76.4,23.5,-39,2.857142857142857,-1,2.5,0,14.07,46.02409638554217,1
21,67,2,1,2,1,0,27,0,0,0,73,89,1,0,0,0,66.0,21.0,16,4.238095238095238,4,2.0,4,14.07,58.975903614457835,1
21,67,2,1,2,1,0,26,1,5,1,99,60,1,2,2,0,86.4,23.5,-39,2.857142857142857,2,2.5,4,14.07,52.048192771084345,1
21,67,2,0,0,1,0,27,0,0,0,73,89,1,0,0,0,56.0,21.0,16,4.238095238095238,2,2.0,0,14.07,50.04016064257028,1
21,67,2,0,0,1,0,26,1,5,1,99,60,1,2,2,0,76.4,23.5,-39,2.857142857142857,0,2.5,0,14.07,46.02409638554217,1
16,94,2,1,1,1,1,21,2,3,1,50,49,1,2,3,0,77.6,17.5,-1,3.0625,1,2.3,2,15.04,38.17670682730924,1
16,94,2,1,2,1,1,21,2,3,1,50,49,1,2,3,0,77.6,17.5,-1,3.0625,2,2.3,4,15.04,38.17670682730924,1
16,94,1,1,1,1,1,21,2,3,1,50,49,1,2,3,0,77.6,17.5,-1,3.0625,0,2.3,1,15.04,38.17670682730924,1
33,61,1,0,2,1,0,26,1,20,1,55,65,1,0,2,0,56.400000000000006,43.0,10,1.9696969696969697,3,4.0,2,20.13,36.807228915662655,1
33,61,1,0,1,1,0,26,1,20,1,55,65,1,0,2,0,56.400000000000006,43.0,10,1.9696969696969697,2,4.0,1,20.13,36.807228915662655,1
24,84,0,0,0,1,0,29,2,2,1,93,69,1,2,2,0,80.80000000000001,25.0,-24,2.875,-2,2.2,0,20.16,55.97590361445785,1
24,84,0,0,0,1,0,21,0,15,1,56,61,0,1,2,0,66.0,31.5,5,2.5416666666666665,-1,2.5,0,20.16,40.42168674698795,1
24,84,0,0,0,1,0,29,0,1,0,94,67,0,2,2,0,71.2,24.5,-27,2.7916666666666665,-2,1.1,0,20.16,47.89558232931728,1
24,84,0,0,0,1,0,27,3,5,1,84,70,1,1,1,0,77.2,26.5,-14,2.9166666666666665,-1,2.5,0,20.16,54.2570281124498,1
24,84,2,1,2,1,0,29,2,2,1,93,69,1,2,2,0,90.80000000000001,25.0,-24,2.875,2,2.2,4,20.16,62.90361445783133,1
24,84,2,1,2,1,0,21,0,15,1,56,61,0,1,2,0,76.0,31.5,5,2.5416666666666665,3,2.5,4,20.16,46.54618473895582,1
24,84,2,1,2,1,0,29,0,1,0,94,67,0,2,2,0,81.2,24.5,-27,2.7916666666666665,2,1.1,4,20.16,54.622489959839356,1
24,84,2,1,2,1,0,27,3,5,1,84,70,1,1,1,0,87.2,26.5,-14,2.9166666666666665,3,2.5,4,20.16,61.285140562249005,1
24,84,1,1,1,1,0,29,2,2,1,93,69,1,2,2,0,90.80000000000001,25.0,-24,2.875,0,2.2,1,20.16,62.90361445783133,1
24,84,1,1,1,1,0,21,0,15,1,56,61,0,1,2,0,76.0,31.5,5,2.5416666666666665,1,2.5,1,20.16,46.54618473895582,1
24,84,1,1,1,1,0,29,0,1,0,94,67,0,2,2,0,81.2,24.5,-27,2.7916666666666665,0,1.1,1,20.16,54.622489959839356,1
24,84,1,1,1,1,0,27,3,5,1,84,70,1,1,1,0,87.2,26.5,-14,2.9166666666666665,1,2.5,1,20.16,61.285140562249005,1
21,94,1,0,0,1,1,21,1,18,0,61,48,0,1,3,0,62.0,30.0,-13,2.2857142857142856,0,2.8,0,19.74,29.87951807228916,1
21,94,1,0,0,1,1,23,3,19,0,59,48,1,2,3,0,61.2,30.5,-11,2.2857142857142856,-1,3.9000000000000004,0,19.74,29.493975903614462,1
21,94,1,1,0,1,1,21,1,18,0,61,48,0,1,3,0,72.0,30.0,-13,2.2857142857142856,0,2.8,0,19.74,34.69879518072289,1
21,94,1,1,0,1,1,23,3,19,0,59,48,1,2,3,0,71.2,30.5,-11,2.2857142857142856,-1,3.9000000000000004,0,19.74,34.3132530120482,1
21,94,0,1,0,1,1,21,1,18,0,61,48,0,1,3,0,72.0,30.0,-13,2.2857142857142856,-1,2.8,0,19.74,34.69879518072289,1
21,94,0,1,0,1,1,23,3,19,0,59,48,1,2,3,0,71.2,30.5,-11,2.2857142857142856,-2,3.9000000000000004,0,19.74,34.3132530120482,1
21,94,1,0,1,1,1,21,1,18,0,61,48,0,1,3,0,62.0,30.0,-13,2.2857142857142856,1,2.8,1,19.74,29.87951807228916,1
21,94,1,0,1,1,1,23,3,19,0,59,48,1,2,3,0,61.2,30.5,-11,2.2857142857142856,0,3.9000000000000004,1,19.74,29.493975903614462,1
21,94,0,0,1,1,1,21,1,18,0,61,48,0,1,3,0,62.0,30.0,-13,2.2857142857142856,0,2.8,0,19.74,29.87951807228916,1
21,94,0,0,1,1,1,23,3,19,0,59,48,1,2,3,0,61.2,30.5,-11,2.2857142857142856,-1,3.9000000000000004,0,19.74,29.493975903614462,1
21,94,2,0,1,1,1,21,1,18,0,61,48,0,1,3,0,62.0,30.0,-13,2.2857142857142856,2,2.8,2,19.74,29.87951807228916,1
21,94,2,0,1,1,1,23,3,19,0,59,48,1,2,3,0,61.2,30.5,-11,2.2857142857142856,1,3.9000000000000004,2,19.74,29.493975903614462,1
21,94,2,0,0,1,1,21,1,18,0,61,48,0,1,3,0,62.0,30.0,-13,2.2857142857142856,1,2.8,0,19.74,29.87951807228916,1
21,94,2,0,0,1,1,23,3,19,0,59,48,1,2,3,0,61.2,30.5,-11,2.2857142857142856,0,3.9000000000000004,0,19.74,29.493975903614462,1
18,92,1,1,1,1,1,24,2,7,1,51,66,1,0,2,0,77.2,21.5,15,3.6666666666666665,2,2.7,1,16.560000000000002,51.156626506024104,1
18,92,1,1,1,1,1,24,1,15,1,68,43,0,2,3,0,84.0,25.5,-25,2.388888888888889,0,2.5,1,16.560000000000002,36.265060240963855,1
18,92,1,1,0,1,1,24,2,7,1,51,66,1,0,2,0,77.2,21.5,15,3.6666666666666665,1,2.7,0,16.560000000000002,51.156626506024104,1
18,92,1,1,0,1,1,24,1,15,1,68,43,0,2,3,0,84.0,25.5,-25,2.388888888888889,-1,2.5,0,16.560000000000002,36.265060240963855,1
18,92,1,0,1,1,1,24,2,7,1,51,66,1,0,2,0,67.2,21.5,15,3.6666666666666665,2,2.7,1,16.560000000000002,44.53012048192772,1
18,92,1,0,1,1,1,24,1,15,1,68,43,0,2,3,0,74.0,25.5,-25,2.388888888888889,0,2.5,1,16.560000000000002,31.947791164658636,1
17,92,0,1,1,1,0,28,0,9,0,74,56,0,1,2,0,76.4,21.5,-18,3.2941176470588234,0,1.9,0,15.64,42.9558232931727,1
17,92,1,1,2,1,0,28,0,9,0,74,56,0,1,2,0,76.4,21.5,-18,3.2941176470588234,2,1.9,2,15.64,42.9558232931727,1
17,92,1,0,1,1,0,28,0,9,0,74,56,0,1,2,0,66.4,21.5,-18,3.2941176470588234,1,1.9,1,15.64,37.333333333333336,1
17,92,2,0,1,1,0,28,0,9,0,74,56,0,1,2,0,66.4,21.5,-18,3.2941176470588234,2,1.9,2,15.64,37.333333333333336,1
17,92,2,1,1,1,0,28,0,9,0,74,56,0,1,2,0,76.4,21.5,-18,3.2941176470588234,2,1.9,2,15.64,42.9558232931727,1
26,77,1,0,0,1,0,29,3,4,0,60,62,1,2,2,0,54.8,28.0,2,2.3846153846153846,-1,2.4,0,20.02,34.11244979919678,1
26,77,1,0,0,1,0,22,0,20,1,88,61,1,1,2,0,76.0,36.0,-27,2.3461538461538463,0,4.0,0,20.02,46.54618473895582,1
26,77,1,0,0,1,0,21,3,18,1,86,63,0,2,2,0,75.2,35.0,-23,2.423076923076923,-1,2.8,0,20.02,47.566265060240966,1
26,77,1,1,1,1,0,29,3,4,0,60,62,1,2,2,0,64.8,28.0,2,2.3846153846153846,0,2.4,1,20.02,40.33734939759036,1
26,77,1,1,1,1,0,22,0,20,1,88,61,1,1,2,0,86.0,36.0,-27,2.3461538461538463,1,4.0,1,20.02,52.6706827309237,1
26,77,1,1,1,1,0,21,3,18,1,86,63,0,2,2,0,85.2,35.0,-23,2.423076923076923,0,2.8,1,20.02,53.89156626506025,1
26,77,1,1,0,1,0,29,3,4,0,60,62,1,2,2,0,64.8,28.0,2,2.3846153846153846,-1,2.4,0,20.02,40.33734939759036,1
26,77,1,1,0,1,0,22,0,20,1,88,61,1,1,2,0,86.0,36.0,-27,2.3461538461538463,0,4.0,0,20.02,52.6706827309237,1
26,77,1,1,0,1,0,21,3,18,1,86,63,0,2,2,0,85.2,35.0,-23,2.423076923076923,-1,2.8,0,20.02,53.89156626506025,1
26,77,0,1,0,1,0,29,3,4,0,60,62,1,2,2,0,64.8,28.0,2,2.3846153846153846,-2,2.4,0,20.02,40.33734939759036,1
26,77,0,1,0,1,0,22,0,20,1,88,61,1,1,2,0,86.0,36.0,-27,2.3461538461538463,-1,4.0,0,20.02,52.6706827309237,1
26,77,0,1,0,1,0,21,3,18,1,86,63,0,2,2,0,85.2,35.0,-23,2.423076923076923,-2,2.8,0,20.02,53.89156626506025,1
26,77,1,1,2,1,0,29,3,4,0,60,62,1,2,2,0,64.8,28.0,2,2.3846153846153846,1,2.4,2,20.02,40.33734939759036,1
26,77,1,1,2,1,0,22,0,20,1,88,61,1,1,2,0,86.0,36.0,-27,2.3461538461538463,2,4.0,2,20.02,52.6706827309237,1
26,77,1,1,2,1,0,21,3,18,1,86,63,0,2,2,0,85.2,35.0,-23,2.423076923076923,1,2.8,2,20.02,53.89156626506025,1
26,71,0,0,0,1,1,29,2,17,0,72,55,0,1,2,0,57.2,34.5,-17,2.1153846153846154,-1,2.7,0,18.46,31.586345381526108,1
26,71,0,0,0,1,1,29,0,1,1,69,88,0,2,0,0,66.0,26.5,19,3.3846153846153846,-2,1.1,0,18.46,58.31325301204819,1
26,71,0,1,0,1,1,29,2,17,0,72,55,0,1,2,0,67.2,34.5,-17,2.1153846153846154,-1,2.7,0,18.46,37.108433734939766,1
26,71,0,1,0,1,1,29,0,1,1,69,88,0,2,0,0,76.0,26.5,19,3.3846153846153846,-2,1.1,0,18.46,67.14859437751005,1
26,71,1,1,0,1,1,29,2,17,0,72,55,0,1,2,0,67.2,34.5,-17,2.1153846153846154,0,2.7,0,18.46,37.108433734939766,1
26,71,1,1,0,1,1,29,0,1,1,69,88,0,2,0,0,76.0,26.5,19,3.3846153846153846,-1,1.1,0,18.46,67.14859437751005,1
26,71,0,1,1,1,1,29,2,17,0,72,55,0,1,2,0,67.2,34.5,-17,2.1153846153846154,0,2.7,0,18.46,37.108433734939766,1
26,71,0,1,1,1,1,29,0,1,1,69,88,0,2,0,0,76.0,26.5,19,3.3846153846153846,-1,1.1,0,18.46,67.14859437751005,1
26,71,1,1,1,1,1,29,2,17,0,72,55,0,1,2,0,67.2,34.5,-17,2.1153846153846154,1,2.7,1,18.46,37.108433734939766,1
26,71,1,1,1,1,1,29,0,1,1,69,88,0,2,0,0,76.0,26.5,19,3.3846153846153846,0,1.1,1,18.46,67.14859437751005,1
17,78,1,0,0,1,1,25,1,14,1,54,57,1,2,2,0,62.800000000000004,24.0,3,3.3529411764705883,-1,3.4000000000000004,0,13.26,35.93975903614458,1
17,78,1,1,0,1,1,25,1,14,1,54,57,1,2,2,0,72.80000000000001,24.0,3,3.3529411764705883,-1,3.4000000000000004,0,13.26,41.66265060240965,1
17,78,0,1,2,1,1,25,1,14,1,54,57,1,2,2,0,72.80000000000001,24.0,3,3.3529411764705883,0,3.4000000000000004,0,13.26,41.66265060240965,1
17,78,1,1,1,1,1,25,1,14,1,54,57,1,2,2,0,72.80000000000001,24.0,3,3.3529411764705883,0,3.4000000000000004,1,13.26,41.66265060240965,1
28,78,1,0,2,1,0,26,2,17,1,79,92,1,0,0,0,72.80000000000001,36.5,13,3.2857142857142856,3,3.7,2,21.84,67.24497991967874,1
28,78,1,0,2,1,0,19,0,3,1,52,40,1,2,3,0,62.0,29.5,-12,1.4285714285714286,1,2.3,2,21.84,24.8995983935743,1
28,78,2,1,1,1,0,26,2,17,1,79,92,1,0,0,0,82.80000000000001,36.5,13,3.2857142857142856,3,3.7,2,21.84,76.48192771084338,1
28,78,2,1,1,1,0,19,0,3,1,52,40,1,2,3,0,72.0,29.5,-12,1.4285714285714286,1,2.3,2,21.84,28.91566265060241,1
28,78,2,0,0,1,0,26,2,17,1,79,92,1,0,0,0,72.80000000000001,36.5,13,3.2857142857142856,2,3.7,0,21.84,67.24497991967874,1
28,78,2,0,0,1,0,19,0,3,1,52,40,1,2,3,0,62.0,29.5,-12,1.4285714285714286,0,2.3,0,21.84,24.8995983935743,1
25,69,1,1,1,1,0,26,0,12,1,82,68,0,1,2,0,80.4,31.0,-14,2.72,1,2.2,1,17.25,54.89156626506025,1
25,69,1,1,1,1,0,29,0,0,0,64,57,1,2,2,0,63.2,25.0,-7,2.28,0,2.0,1,17.25,36.168674698795186,1
25,69,2,1,1,1,0,26,0,12,1,82,68,0,1,2,0,80.4,31.0,-14,2.72,2,2.2,2,17.25,54.89156626506025,1
25,69,2,1,1,1,0,29,0,0,0,64,57,1,2,2,0,63.2,25.0,-7,2.28,1,2.0,2,17.25,36.168674698795186,1
25,69,1,1,2,1,0,26,0,12,1,82,68,0,1,2,0,80.4,31.0,-14,2.72,2,2.2,2,17.25,54.89156626506025,1
25,69,1,1,2,1,0,29,0,0,0,64,57,1,2,2,0,63.2,25.0,-7,2.28,1,2.0,2,17.25,36.168674698795186,1
25,69,1,0,1,1,0,26,0,12,1,82,68,0,1,2,0,70.4,31.0,-14,2.72,1,2.2,1,17.25,48.06425702811246,1
25,69,1,0,1,1,0,29,0,0,0,64,57,1,2,2,0,53.2,25.0,-7,2.28,0,2.0,1,17.25,30.445783132530124,1
18,75,2,1,1,1,0,28,0,20,1,52,63,0,1,2,0,70.8,28.0,11,3.5,2,3.0,2,13.5,44.78313253012048,1
18,75,1,1,1,1,0,28,0,20,1,52,63,0,1,2,0,70.8,28.0,11,3.5,1,3.0,1,13.5,44.78313253012048,1
18,75,1,1,0,1,0,28,0,20,1,52,63,0,1,2,0,70.8,28.0,11,3.5,0,3.0,0,13.5,44.78313253012048,1
18,75,0,1,2,1,0,28,0,20,1,52,63,0,1,2,0,70.8,28.0,11,3.5,1,3.0,0,13.5,44.78313253012048,1
18,75,0,0,1,1,0,28,0,20,1,52,63,0,1,2,0,60.8,28.0,11,3.5,0,3.0,0,13.5,38.45783132530121,1
30,81,0,1,1,1,1,23,3,7,1,76,79,1,1,1,0,82.8,33.5,3,2.6333333333333333,0,2.7,0,24.3,65.67469879518072,1
30,81,0,1,1,1,1,19,0,20,1,65,58,1,2,2,0,78.4,40.0,-7,1.9333333333333333,-1,4.0,0,24.3,45.65461847389559,1
30,81,2,0,0,1,1,23,3,7,1,76,79,1,1,1,0,72.8,33.5,3,2.6333333333333333,1,2.7,0,24.3,57.7429718875502,1
30,81,2,0,0,1,1,19,0,20,1,65,58,1,2,2,0,68.4,40.0,-7,1.9333333333333333,0,4.0,0,24.3,39.83132530120483,1
30,81,2,0,1,1,1,23,3,7,1,76,79,1,1,1,0,72.8,33.5,3,2.6333333333333333,2,2.7,2,24.3,57.7429718875502,1
30,81,2,0,1,1,1,19,0,20,1,65,58,1,2,2,0,68.4,40.0,-7,1.9333333333333333,1,4.0,2,24.3,39.83132530120483,1
17,66,2,0,1,1,1,22,2,18,0,70,50,1,2,3,0,54.400000000000006,26.0,-20,2.9411764705882355,1,3.8,2,11.22,27.30923694779117,1
17,66,2,0,1,1,1,21,3,14,1,90,41,1,1,3,0,72.4,24.0,-49,2.411764705882353,2,3.4000000000000004,2,11.22,29.803212851405625,1
17,66,2,0,1,1,1,28,2,0,1,65,47,0,2,3,0,62.400000000000006,17.0,-18,2.764705882352941,1,1.0,2,11.22,29.445783132530128,1
17,66,2,0,0,1,1,22,2,18,0,70,50,1,2,3,0,54.400000000000006,26.0,-20,2.9411764705882355,0,3.8,0,11.22,27.30923694779117,1
17,66,2,0,0,1,1,21,3,14,1,90,41,1,1,3,0,72.4,24.0,-49,2.411764705882353,1,3.4000000000000004,0,11.22,29.803212851405625,1
17,66,2,0,0,1,1,28,2,0,1,65,47,0,2,3,0,62.400000000000006,17.0,-18,2.764705882352941,0,1.0,0,11.22,29.445783132530128,1
17,66,1,1,1,1,1,22,2,18,0,70,50,1,2,3,0,64.4,26.0,-20,2.9411764705882355,0,3.8,1,11.22,32.329317269076306,1
17,66,1,1,1,1,1,21,3,14,1,90,41,1,1,3,0,82.4,24.0,-49,2.411764705882353,1,3.4000000000000004,1,11.22,33.919678714859444,1
17,66,1,1,1,1,1,28,2,0,1,65,47,0,2,3,0,72.4,17.0,-18,2.764705882352941,0,1.0,1,11.22,34.164658634538156,1
29,77,2,1,1,1,0,20,0,15,1,87,41,0,2,3,0,85.60000000000001,36.5,-46,1.4137931034482758,1,2.5,2,22.330000000000002,35.23694779116467,1
29,77,2,1,1,1,0,29,2,17,1,100,71,1,1,1,0,90.8,37.5,-29,2.4482758620689653,2,3.7,2,22.330000000000002,64.72690763052209,1
29,77,1,0,1,1,0,20,0,15,1,87,41,0,2,3,0,75.60000000000001,36.5,-46,1.4137931034482758,0,2.5,1,22.330000000000002,31.12048192771085,1
29,77,1,0,1,1,0,29,2,17,1,100,71,1,1,1,0,80.8,37.5,-29,2.4482758620689653,1,3.7,1,22.330000000000002,57.59839357429719,1
29,77,0,1,2,1,0,20,0,15,1,87,41,0,2,3,0,85.60000000000001,36.5,-46,1.4137931034482758,0,2.5,0,22.330000000000002,35.23694779116467,1
29,77,0,1,2,1,0,29,2,17,1,100,71,1,1,1,0,90.8,37.5,-29,2.4482758620689653,1,3.7,0,22.330000000000002,64.72690763052209,1
27,61,1,0,1,1,1,29,0,16,1,73,43,0,0,3,0,63.60000000000001,35.0,-30,1.5925925925925926,2,2.6,1,16.47,27.45783132530121,1
27,61,1,0,1,1,1,21,3,5,1,51,91,0,0,0,0,54.800000000000004,29.5,40,3.3703703703703702,2,1.5,1,16.47,50.06827309236949,1
27,61,1,1,1,1,1,29,0,16,1,73,43,0,0,3,0,73.60000000000001,35.0,-30,1.5925925925925926,2,2.6,1,16.47,31.77510040160643,1
27,61,1,1,1,1,1,21,3,5,1,51,91,0,0,0,0,64.80000000000001,29.5,40,3.3703703703703702,2,1.5,1,16.47,59.20481927710844,1
27,61,0,0,2,1,1,29,0,16,1,73,43,0,0,3,0,63.60000000000001,35.0,-30,1.5925925925925926,2,2.6,0,16.47,27.45783132530121,1
27,61,0,0,2,1,1,21,3,5,1,51,91,0,0,0,0,54.800000000000004,29.5,40,3.3703703703703702,2,1.5,0,16.47,50.06827309236949,1
23,82,1,1,1,1,1,21,1,20,1,70,65,1,2,2,0,80.80000000000001,33.0,-5,2.8260869565217392,0,4.0,1,18.86,52.73092369477913,1
23,82,2,0,1,1,1,21,1,20,1,70,65,1,2,2,0,70.80000000000001,33.0,-5,2.8260869565217392,1,4.0,2,18.86,46.20481927710845,1
21,88,2,0,1,1,0,23,0,10,1,61,75,0,0,1,0,69.60000000000001,26.0,14,3.5714285714285716,3,2.0,2,18.48,52.409638554216876,1
21,88,1,0,1,1,0,23,0,10,1,61,75,0,0,1,0,69.60000000000001,26.0,14,3.5714285714285716,2,2.0,1,18.48,52.409638554216876,1
21,88,2,1,2,1,0,23,0,10,1,61,75,0,0,1,0,79.60000000000001,26.0,14,3.5714285714285716,4,2.0,4,18.48,59.93975903614459,1
21,88,1,1,0,1,0,23,0,10,1,61,75,0,0,1,0,79.60000000000001,26.0,14,3.5714285714285716,1,2.0,0,18.48,59.93975903614459,1
21,98,0,0,1,1,0,27,3,9,0,72,45,0,0,3,0,68.0,25.5,-27,2.142857142857143,1,1.9,0,20.58,30.722891566265062,1
21,98,0,0,1,1,0,18,3,2,1,65,73,1,2,1,0,75.2,22.0,8,3.4761904761904763,-1,2.2,0,20.58,55.11646586345382,1
21,98,0,0,1,1,0,24,1,19,0,89,59,1,2,2,0,74.80000000000001,30.5,-30,2.8095238095238093,-1,3.9000000000000004,0,20.58,44.30923694779117,1
21,98,0,0,1,1,0,19,2,10,0,93,86,1,2,0,0,76.4,26.0,-7,4.095238095238095,-1,3.0,0,20.58,65.96787148594379,1
21,98,0,0,1,1,0,18,3,14,0,53,67,0,1,2,0,60.400000000000006,28.0,14,3.1904761904761907,0,2.4000000000000004,0,20.58,40.63052208835342,1
21,98,0,0,1,1,0,28,0,6,1,67,64,1,2,2,0,76.0,24.0,-3,3.0476190476190474,-1,2.6,0,20.58,48.83534136546185,1
21,98,0,0,1,1,0,27,0,8,1,99,49,1,2,3,0,88.80000000000001,25.0,-50,2.3333333333333335,-1,2.8,0,20.58,43.686746987951814,1
21,98,0,0,1,1,0,22,3,5,1,80,77,1,1,1,0,81.2,23.5,-3,3.6666666666666665,0,2.5,0,20.58,62.77510040160643,1
21,98,1,1,2,1,0,27,3,9,0,72,45,0,0,3,0,78.0,25.5,-27,2.142857142857143,3,1.9,2,20.58,35.24096385542169,1
21,98,1,1,2,1,0,18,3,2,1,65,73,1,2,1,0,85.2,22.0,8,3.4761904761904763,1,2.2,2,20.58,62.445783132530124,1
21,98,1,1,2,1,0,24,1,19,0,89,59,1,2,2,0,84.80000000000001,30.5,-30,2.8095238095238093,1,3.9000000000000004,2,20.58,50.23293172690764,1
21,98,1,1,2,1,0,19,2,10,0,93,86,1,2,0,0,86.4,26.0,-7,4.095238095238095,1,3.0,2,20.58,74.60240963855424,1
21,98,1,1,2,1,0,18,3,14,0,53,67,0,1,2,0,70.4,28.0,14,3.1904761904761907,2,2.4000000000000004,2,20.58,47.35742971887551,1
21,98,1,1,2,1,0,28,0,6,1,67,64,1,2,2,0,86.0,24.0,-3,3.0476190476190474,1,2.6,2,20.58,55.26104417670683,1
21,98,1,1,2,1,0,27,0,8,1,99,49,1,2,3,0,98.80000000000001,25.0,-50,2.3333333333333335,1,2.8,2,20.58,48.60642570281125,1
21,98,1,1,2,1,0,22,3,5,1,80,77,1,1,1,0,91.2,23.5,-3,3.6666666666666665,2,2.5,2,20.58,70.50602409638554,1
21,98,1,1,1,1,0,27,3,9,0,72,45,0,0,3,0,78.0,25.5,-27,2.142857142857143,2,1.9,1,20.58,35.24096385542169,1
21,98,1,1,1,1,0,18,3,2,1,65,73,1,2,1,0,85.2,22.0,8,3.4761904761904763,0,2.2,1,20.58,62.445783132530124,1
21,98,1,1,1,1,0,24,1,19,0,89,59,1,2,2,0,84.80000000000001,30.5,-30,2.8095238095238093,0,3.9000000000000004,1,20.58,50.23293172690764,1
21,98,1,1,1,1,0,19,2,10,0,93,86,1,2,0,0,86.4,26.0,-7,4.095238095238095,0,3.0,1,20.58,74.60240963855424,1
21,98,1,1,1,1,0,18,3,14,0,53,67,0,1,2,0,70.4,28.0,14,3.1904761904761907,1,2.4000000000000004,1,20.58,47.35742971887551,1
21,98,1,1,1,1,0,28,0,6,1,67,64,1,2,2,0,86.0,24.0,-3,3.0476190476190474,0,2.6,1,20.58,55.26104417670683,1
21,98,1,1,1,1,0,27,0,8,1,99,49,1,2,3,0,98.80000000000001,25.0,-50,2.3333333333333335,0,2.8,1,20.58,48.60642570281125,1
21,98,1,1,1,1,0,22,3,5,1,80,77,1,1,1,0,91.2,23.5,-3,3.6666666666666665,1,2.5,1,20.58,70.50602409638554,1
24,65,0,0,0,1,1,19,1,17,1,60,41,1,1,3,0,60.0,32.5,-19,1.7083333333333333,-1,3.7,0,15.600000000000001,24.698795180722893,1
24,65,0,0,0,1,1,22,1,4,0,79,78,0,2,1,0,57.6,26.0,-1,3.25,-2,1.4,0,15.600000000000001,45.108433734939766,1
24,65,0,0,0,1,1,21,0,12,1,98,47,1,1,3,1,75.2,30.0,-51,1.9583333333333333,-1,3.2,0,15.600000000000001,35.4859437751004,1
24,65,2,0,0,1,1,19,1,17,1,60,41,1,1,3,0,60.0,32.5,-19,1.7083333333333333,1,3.7,0,15.600000000000001,24.698795180722893,1
24,65,2,0,0,1,1,22,1,4,0,79,78,0,2,1,0,57.6,26.0,-1,3.25,0,1.4,0,15.600000000000001,45.108433734939766,1
24,65,2,0,0,1,1,21,0,12,1,98,47,1,1,3,1,75.2,30.0,-51,1.9583333333333333,1,3.2,0,15.600000000000001,35.4859437751004,1
24,65,2,0,1,1,1,19,1,17,1,60,41,1,1,3,0,60.0,32.5,-19,1.7083333333333333,2,3.7,2,15.600000000000001,24.698795180722893,1
24,65,2,0,1,1,1,22,1,4,0,79,78,0,2,1,0,57.6,26.0,-1,3.25,1,1.4,2,15.600000000000001,45.108433734939766,1
24,65,2,0,1,1,1,21,0,12,1,98,47,1,1,3,1,75.2,30.0,-51,1.9583333333333333,2,3.2,2,15.600000000000001,35.4859437751004,1
24,65,1,1,0,1,1,19,1,17,1,60,41,1,1,3,0,70.0,32.5,-19,1.7083333333333333,0,3.7,0,15.600000000000001,28.81526104417671,1
24,65,1,1,0,1,1,22,1,4,0,79,78,0,2,1,0,67.6,26.0,-1,3.25,-1,1.4,0,15.600000000000001,52.93975903614458,1
24,65,1,1,0,1,1,21,0,12,1,98,47,1,1,3,1,85.2,30.0,-51,1.9583333333333333,0,3.2,0,15.600000000000001,40.204819277108435,1
30,80,2,0,1,1,0,22,0,11,1,63,78,0,2,1,0,67.2,35.5,15,2.6,1,2.1,2,24.0,52.62650602409639,1
30,80,2,0,1,1,0,28,0,8,0,55,78,1,2,1,0,54.0,34.0,23,2.6,1,2.8,2,24.0,42.28915662650603,1
30,80,2,0,1,1,0,19,3,16,0,90,100,0,2,0,0,68.0,38.0,10,3.3333333333333335,1,2.6,2,24.0,68.27309236947792,1
30,80,2,0,1,1,0,21,0,15,0,89,44,1,2,3,0,67.6,37.5,-45,1.4666666666666666,1,3.5,2,24.0,29.863453815261046,1
30,80,2,0,2,1,0,22,0,11,1,63,78,0,2,1,0,67.2,35.5,15,2.6,2,2.1,4,24.0,52.62650602409639,1
30,80,2,0,2,1,0,28,0,8,0,55,78,1,2,1,0,54.0,34.0,23,2.6,2,2.8,4,24.0,42.28915662650603,1
30,80,2,0,2,1,0,19,3,16,0,90,100,0,2,0,0,68.0,38.0,10,3.3333333333333335,2,2.6,4,24.0,68.27309236947792,1
30,80,2,0,2,1,0,21,0,15,0,89,44,1,2,3,0,67.6,37.5,-45,1.4666666666666666,2,3.5,4,24.0,29.863453815261046,1
33,62,1,1,1,1,0,19,2,15,0,90,55,1,1,2,0,70.8,40.5,-35,1.6666666666666667,1,3.5,1,20.46,39.096385542168676,1
19,66,2,0,1,1,1,20,0,10,1,53,64,1,2,2,0,57.60000000000001,24.0,11,3.3684210526315788,1,3.0,2,12.540000000000001,37.01204819277109,1
19,66,1,0,1,1,1,20,0,10,1,53,64,1,2,2,0,57.60000000000001,24.0,11,3.3684210526315788,0,3.0,1,12.540000000000001,37.01204819277109,1
19,66,0,0,1,1,1,20,0,10,1,53,64,1,2,2,0,57.60000000000001,24.0,11,3.3684210526315788,-1,3.0,0,12.540000000000001,37.01204819277109,1
19,66,2,1,1,1,1,20,0,10,1,53,64,1,2,2,0,67.60000000000001,24.0,11,3.3684210526315788,1,3.0,2,12.540000000000001,43.43775100401607,1
24,88,1,1,0,1,1,26,3,19,0,100,95,1,0,0,0,85.2,33.5,-5,3.9583333333333335,1,3.9000000000000004,0,21.12,81.26506024096386,1
24,88,1,1,0,1,1,29,2,17,1,81,80,1,1,1,0,87.6,32.5,-1,3.3333333333333335,0,3.7,0,21.12,70.36144578313252,1
24,88,0,1,1,1,1,26,3,19,0,100,95,1,0,0,0,85.2,33.5,-5,3.9583333333333335,1,3.9000000000000004,0,21.12,81.26506024096386,1
24,88,0,1,1,1,1,29,2,17,1,81,80,1,1,1,0,87.6,32.5,-1,3.3333333333333335,0,3.7,0,21.12,70.36144578313252,1
24,88,1,0,1,1,1,26,3,19,0,100,95,1,0,0,0,75.2,33.5,-5,3.9583333333333335,2,3.9000000000000004,1,21.12,71.72690763052209,1
24,88,1,0,1,1,1,29,2,17,1,81,80,1,1,1,0,77.6,32.5,-1,3.3333333333333335,1,3.7,1,21.12,62.329317269076306,1
24,88,1,1,2,1,1,26,3,19,0,100,95,1,0,0,0,85.2,33.5,-5,3.9583333333333335,3,3.9000000000000004,2,21.12,81.26506024096386,1
24,88,1,1,2,1,1,29,2,17,1,81,80,1,1,1,0,87.6,32.5,-1,3.3333333333333335,2,3.7,2,21.12,70.36144578313252,1
24,88,1,1,1,1,1,26,3,19,0,100,95,1,0,0,0,85.2,33.5,-5,3.9583333333333335,2,3.9000000000000004,1,21.12,81.26506024096386,1
24,88,1,1,1,1,1,29,2,17,1,81,80,1,1,1,0,87.6,32.5,-1,3.3333333333333335,1,3.7,1,21.12,70.36144578313252,1
24,88,2,1,1,1,1,26,3,19,0,100,95,1,0,0,0,85.2,33.5,-5,3.9583333333333335,3,3.9000000000000004,2,21.12,81.26506024096386,1
24,88,2,1,1,1,1,29,2,17,1,81,80,1,1,1,0,87.6,32.5,-1,3.3333333333333335,2,3.7,2,21.12,70.36144578313252,1
19,60,2,1,2,1,0,25,3,18,1,83,42,0,0,3,0,77.2,28.0,-41,2.210526315789474,4,2.8,4,11.4,32.55421686746988,1
19,60,2,1,2,1,0,29,3,1,1,54,41,1,2,3,0,65.6,19.5,-13,2.1578947368421053,2,2.1,4,11.4,27.004016064257026,1
19,60,2,0,1,1,0,25,3,18,1,83,42,0,0,3,0,67.2,28.0,-41,2.210526315789474,3,2.8,2,11.4,28.337349397590366,1
19,60,2,0,1,1,0,29,3,1,1,54,41,1,2,3,0,55.6,19.5,-13,2.1578947368421053,1,2.1,2,11.4,22.887550200803215,1
19,60,0,0,2,1,0,25,3,18,1,83,42,0,0,3,0,67.2,28.0,-41,2.210526315789474,2,2.8,0,11.4,28.337349397590366,1
19,60,0,0,2,1,0,29,3,1,1,54,41,1,2,3,0,55.6,19.5,-13,2.1578947368421053,0,2.1,0,11.4,22.887550200803215,1
25,84,0,1,0,1,1,18,3,2,1,80,50,1,0,3,0,85.6,26.0,-30,2.0,0,2.2,0,21.0,42.971887550200805,1
25,84,0,1,0,1,1,18,3,0,1,96,65,1,2,2,0,92.0,25.0,-31,2.6,-2,2.0,0,21.0,60.040160642570285,1
25,84,0,1,0,1,1,20,3,6,0,69,99,1,2,0,0,71.2,28.0,30,3.96,-2,2.6,0,21.0,70.77108433734941,1
25,84,0,1,0,1,1,23,2,6,1,82,81,1,1,1,0,86.4,28.0,-1,3.24,-1,2.6,0,21.0,70.26506024096386,1
25,84,1,1,0,1,1,18,3,2,1,80,50,1,0,3,0,85.6,26.0,-30,2.0,1,2.2,0,21.0,42.971887550200805,1
25,84,1,1,0,1,1,18,3,0,1,96,65,1,2,2,0,92.0,25.0,-31,2.6,-1,2.0,0,21.0,60.040160642570285,1
25,84,1,1,0,1,1,20,3,6,0,69,99,1,2,0,0,71.2,28.0,30,3.96,-1,2.6,0,21.0,70.77108433734941,1
25,84,1,1,0,1,1,23,2,6,1,82,81,1,1,1,0,86.4,28.0,-1,3.24,0,2.6,0,21.0,70.26506024096386,1
25,84,0,0,1,1,1,18,3,2,1,80,50,1,0,3,0,75.6,26.0,-30,2.0,1,2.2,0,21.0,37.95180722891566,1
25,84,0,0,1,1,1,18,3,0,1,96,65,1,2,2,0,82.0,25.0,-31,2.6,-1,2.0,0,21.0,53.5140562248996,1
25,84,0,0,1,1,1,20,3,6,0,69,99,1,2,0,0,61.2,28.0,30,3.96,-1,2.6,0,21.0,60.83132530120483,1
25,84,0,0,1,1,1,23,2,6,1,82,81,1,1,1,0,76.4,28.0,-1,3.24,0,2.6,0,21.0,62.13253012048194,1
25,84,1,1,2,1,1,18,3,2,1,80,50,1,0,3,0,85.6,26.0,-30,2.0,3,2.2,2,21.0,42.971887550200805,1
25,84,1,1,2,1,1,18,3,0,1,96,65,1,2,2,0,92.0,25.0,-31,2.6,1,2.0,2,21.0,60.040160642570285,1
25,84,1,1,2,1,1,20,3,6,0,69,99,1,2,0,0,71.2,28.0,30,3.96,1,2.6,2,21.0,70.77108433734941,1
25,84,1,1,2,1,1,23,2,6,1,82,81,1,1,1,0,86.4,28.0,-1,3.24,2,2.6,2,21.0,70.26506024096386,1
22,73,1,1,0,1,0,25,2,4,1,63,92,1,0,0,0,74.4,24.0,29,4.181818181818182,1,2.4,0,16.06,68.72289156626506,1
22,73,1,1,0,1,0,23,2,17,1,56,82,1,1,1,0,71.60000000000001,30.5,26,3.727272727272727,0,3.7,0,16.06,58.947791164658646,1
22,73,1,1,0,1,0,29,2,4,0,97,41,1,0,3,0,78.0,24.0,-56,1.8636363636363635,1,2.4,0,16.06,32.108433734939766,1
22,73,0,1,1,1,0,25,2,4,1,63,92,1,0,0,0,74.4,24.0,29,4.181818181818182,1,2.4,0,16.06,68.72289156626506,1
22,73,0,1,1,1,0,23,2,17,1,56,82,1,1,1,0,71.60000000000001,30.5,26,3.727272727272727,0,3.7,0,16.06,58.947791164658646,1
22,73,0,1,1,1,0,29,2,4,0,97,41,1,0,3,0,78.0,24.0,-56,1.8636363636363635,1,2.4,0,16.06,32.108433734939766,1
22,73,1,0,1,1,0,25,2,4,1,63,92,1,0,0,0,64.4,24.0,29,4.181818181818182,2,2.4,1,16.06,59.48594377510041,1
22,73,1,0,1,1,0,23,2,17,1,56,82,1,1,1,0,61.60000000000001,30.5,26,3.727272727272727,1,3.7,1,16.06,50.71485943775102,1
22,73,1,0,1,1,0,29,2,4,0,97,41,1,0,3,0,68.0,24.0,-56,1.8636363636363635,2,2.4,1,16.06,27.991967871485947,1
22,63,0,0,1,1,1,18,1,10,1,63,74,1,1,1,0,60.400000000000006,27.0,11,3.3636363636363638,0,3.0,0,13.86,44.875502008032136,1
22,63,0,0,1,1,1,26,3,17,0,87,69,1,2,2,0,60.00000000000001,30.5,-18,3.1363636363636362,-1,3.7,0,13.86,41.566265060240966,1
22,63,1,0,2,1,1,18,1,10,1,63,74,1,1,1,0,60.400000000000006,27.0,11,3.3636363636363638,2,3.0,2,13.86,44.875502008032136,1
22,63,1,0,2,1,1,26,3,17,0,87,69,1,2,2,0,60.00000000000001,30.5,-18,3.1363636363636362,1,3.7,2,13.86,41.566265060240966,1
22,63,2,1,2,1,1,18,1,10,1,63,74,1,1,1,0,70.4,27.0,11,3.3636363636363638,3,3.0,4,13.86,52.30522088353415,1
22,63,2,1,2,1,1,26,3,17,0,87,69,1,2,2,0,70.0,30.5,-18,3.1363636363636362,2,3.7,4,13.86,48.49397590361446,1
22,63,0,0,2,1,1,18,1,10,1,63,74,1,1,1,0,60.400000000000006,27.0,11,3.3636363636363638,1,3.0,0,13.86,44.875502008032136,1
22,63,0,0,2,1,1,26,3,17,0,87,69,1,2,2,0,60.00000000000001,30.5,-18,3.1363636363636362,0,3.7,0,13.86,41.566265060240966,1
22,63,0,0,0,1,1,18,1,10,1,63,74,1,1,1,0,60.400000000000006,27.0,11,3.3636363636363638,-1,3.0,0,13.86,44.875502008032136,1
22,63,0,0,0,1,1,26,3,17,0,87,69,1,2,2,0,60.00000000000001,30.5,-18,3.1363636363636362,-2,3.7,0,13.86,41.566265060240966,1
22,63,1,1,0,1,1,18,1,10,1,63,74,1,1,1,0,70.4,27.0,11,3.3636363636363638,0,3.0,0,13.86,52.30522088353415,1
22,63,1,1,0,1,1,26,3,17,0,87,69,1,2,2,0,70.0,30.5,-18,3.1363636363636362,-1,3.7,0,13.86,48.49397590361446,1
22,63,1,1,1,1,1,18,1,10,1,63,74,1,1,1,0,70.4,27.0,11,3.3636363636363638,1,3.0,1,13.86,52.30522088353415,1
22,63,1,1,1,1,1,26,3,17,0,87,69,1,2,2,0,70.0,30.5,-18,3.1363636363636362,0,3.7,1,13.86,48.49397590361446,1
22,63,0,1,1,1,1,18,1,10,1,63,74,1,1,1,0,70.4,27.0,11,3.3636363636363638,0,3.0,0,13.86,52.30522088353415,1
22,63,0,1,1,1,1,26,3,17,0,87,69,1,2,2,0,70.0,30.5,-18,3.1363636363636362,-1,3.7,0,13.86,48.49397590361446,1
24,68,1,1,1,1,0,27,0,12,0,66,93,1,1,0,0,63.60000000000001,30.0,27,3.875,1,3.2,1,16.32,59.38554216867472,1
24,68,1,1,1,1,0,20,0,8,1,89,93,1,1,0,0,82.80000000000001,28.0,4,3.875,1,2.8,1,16.32,77.31325301204821,1
24,68,1,1,0,1,0,27,0,12,0,66,93,1,1,0,0,63.60000000000001,30.0,27,3.875,0,3.2,0,16.32,59.38554216867472,1
24,68,1,1,0,1,0,20,0,8,1,89,93,1,1,0,0,82.80000000000001,28.0,4,3.875,0,2.8,0,16.32,77.31325301204821,1
24,68,2,0,1,1,0,27,0,12,0,66,93,1,1,0,0,53.60000000000001,30.0,27,3.875,2,3.2,2,16.32,50.04819277108435,1
24,68,2,0,1,1,0,20,0,8,1,89,93,1,1,0,0,72.80000000000001,28.0,4,3.875,2,2.8,2,16.32,67.97590361445785,1
24,68,1,1,2,1,0,27,0,12,0,66,93,1,1,0,0,63.60000000000001,30.0,27,3.875,2,3.2,2,16.32,59.38554216867472,1
24,68,1,1,2,1,0,20,0,8,1,89,93,1,1,0,0,82.80000000000001,28.0,4,3.875,2,2.8,2,16.32,77.31325301204821,1
24,68,0,0,1,1,0,27,0,12,0,66,93,1,1,0,0,53.60000000000001,30.0,27,3.875,0,3.2,0,16.32,50.04819277108435,1
24,68,0,0,1,1,0,20,0,8,1,89,93,1,1,0,0,72.80000000000001,28.0,4,3.875,0,2.8,0,16.32,67.97590361445785,1
24,71,1,1,1,1,1,22,3,3,1,77,91,1,1,0,0,79.2,25.5,14,3.7916666666666665,1,2.3,1,17.04,72.36144578313254,1
24,71,1,1,1,1,1,25,1,12,1,64,82,1,1,1,0,74.0,30.0,18,3.4166666666666665,1,3.2,1,17.04,60.92369477911647,1
24,71,2,1,0,1,1,22,3,3,1,77,91,1,1,0,0,79.2,25.5,14,3.7916666666666665,1,2.3,0,17.04,72.36144578313254,1
24,71,2,1,0,1,1,25,1,12,1,64,82,1,1,1,0,74.0,30.0,18,3.4166666666666665,1,3.2,0,17.04,60.92369477911647,1
24,71,1,0,1,1,1,22,3,3,1,77,91,1,1,0,0,69.2,25.5,14,3.7916666666666665,1,2.3,1,17.04,63.224899598393584,1
24,71,1,0,1,1,1,25,1,12,1,64,82,1,1,1,0,64.0,30.0,18,3.4166666666666665,1,3.2,1,17.04,52.69076305220884,1
24,71,2,1,1,1,1,22,3,3,1,77,91,1,1,0,0,79.2,25.5,14,3.7916666666666665,2,2.3,2,17.04,72.36144578313254,1
24,71,2,1,1,1,1,25,1,12,1,64,82,1,1,1,0,74.0,30.0,18,3.4166666666666665,2,3.2,2,17.04,60.92369477911647,1
24,71,1,1,0,1,1,22,3,3,1,77,91,1,1,0,0,79.2,25.5,14,3.7916666666666665,0,2.3,0,17.04,72.36144578313254,1
24,71,1,1,0,1,1,25,1,12,1,64,82,1,1,1,0,74.0,30.0,18,3.4166666666666665,0,3.2,0,17.04,60.92369477911647,1
24,60,1,0,2,1,0,21,3,13,0,73,75,1,0,1,0,53.2,30.5,2,3.125,3,3.3,2,14.399999999999999,40.06024096385543,1
24,60,1,0,2,1,0,23,2,5,0,97,95,0,0,0,1,62.800000000000004,26.5,-2,3.9583333333333335,3,1.5,2,14.399999999999999,59.8995983935743,1
24,60,0,0,1,1,0,21,3,13,0,73,75,1,0,1,0,53.2,30.5,2,3.125,1,3.3,0,14.399999999999999,40.06024096385543,1
24,60,0,0,1,1,0,23,2,5,0,97,95,0,0,0,1,62.800000000000004,26.5,-2,3.9583333333333335,1,1.5,0,14.399999999999999,59.8995983935743,1
24,60,1,1,1,1,0,21,3,13,0,73,75,1,0,1,0,63.2,30.5,2,3.125,2,3.3,1,14.399999999999999,47.59036144578314,1
24,60,1,1,1,1,0,23,2,5,0,97,95,0,0,0,1,72.80000000000001,26.5,-2,3.9583333333333335,2,1.5,1,14.399999999999999,69.43775100401608,1
24,60,1,1,0,1,0,21,3,13,0,73,75,1,0,1,0,63.2,30.5,2,3.125,1,3.3,0,14.399999999999999,47.59036144578314,1
24,60,1,1,0,1,0,23,2,5,0,97,95,0,0,0,1,72.80000000000001,26.5,-2,3.9583333333333335,1,1.5,0,14.399999999999999,69.43775100401608,1
28,99,1,1,0,1,1,18,2,11,1,52,83,1,0,1,0,80.4,33.5,31,2.9642857142857144,1,3.1,0,27.72,67.00000000000001,1
23,79,2,1,1,1,1,28,1,0,1,50,51,1,1,3,0,71.6,23.0,1,2.217391304347826,2,2.0,2,18.17,36.662650602409634,1
23,79,2,1,0,1,1,28,1,0,1,50,51,1,1,3,0,71.6,23.0,1,2.217391304347826,1,2.0,0,18.17,36.662650602409634,1
23,79,1,1,2,1,1,28,1,0,1,50,51,1,1,3,0,71.6,23.0,1,2.217391304347826,2,2.0,2,18.17,36.662650602409634,1
23,79,2,0,1,1,1,28,1,0,1,50,51,1,1,3,0,61.6,23.0,1,2.217391304347826,2,2.0,2,18.17,31.542168674698797,1
28,71,1,0,2,1,0,20,2,10,1,56,69,1,0,2,0,60.800000000000004,33.0,13,2.4642857142857144,3,3.0,2,19.88,42.12048192771085,1
28,71,1,0,2,1,0,18,0,9,0,97,94,0,2,0,0,67.2,32.5,-3,3.357142857142857,1,1.9,2,19.88,63.42168674698796,1
28,71,1,0,2,1,0,26,0,8,0,77,46,0,2,3,0,59.2,32.0,-31,1.6428571428571428,1,1.8,2,19.88,27.341365461847392,1
28,71,1,1,2,1,0,20,2,10,1,56,69,1,0,2,0,70.80000000000001,33.0,13,2.4642857142857144,3,3.0,2,19.88,49.04819277108435,1
28,71,1,1,2,1,0,18,0,9,0,97,94,0,2,0,0,77.2,32.5,-3,3.357142857142857,1,1.9,2,19.88,72.85943775100402,1
28,71,1,1,2,1,0,26,0,8,0,77,46,0,2,3,0,69.2,32.0,-31,1.6428571428571428,1,1.8,2,19.88,31.959839357429722,1
24,90,0,0,1,1,1,25,1,20,0,70,73,1,0,1,0,64.0,34.0,3,3.0416666666666665,1,4.0,0,21.6,46.907630522088354,1
24,90,0,0,1,1,1,24,0,19,1,67,92,1,0,0,0,72.8,33.5,25,3.8333333333333335,1,3.9000000000000004,0,21.6,67.24497991967871,1
24,90,1,1,0,1,1,25,1,20,0,70,73,1,0,1,0,74.0,34.0,3,3.0416666666666665,1,4.0,0,21.6,54.23694779116466,1
24,90,1,1,0,1,1,24,0,19,1,67,92,1,0,0,0,82.8,33.5,25,3.8333333333333335,1,3.9000000000000004,0,21.6,76.48192771084338,1
24,90,1,0,1,1,1,25,1,20,0,70,73,1,0,1,0,64.0,34.0,3,3.0416666666666665,2,4.0,1,21.6,46.907630522088354,1
24,90,1,0,1,1,1,24,0,19,1,67,92,1,0,0,0,72.8,33.5,25,3.8333333333333335,2,3.9000000000000004,1,21.6,67.24497991967871,1
24,90,2,0,0,1,1,25,1,20,0,70,73,1,0,1,0,64.0,34.0,3,3.0416666666666665,2,4.0,0,21.6,46.907630522088354,1
24,90,2,0,0,1,1,24,0,19,1,67,92,1,0,0,0,72.8,33.5,25,3.8333333333333335,2,3.9000000000000004,0,21.6,67.24497991967871,1
24,90,1,1,1,1,1,25,1,20,0,70,73,1,0,1,0,74.0,34.0,3,3.0416666666666665,2,4.0,1,21.6,54.23694779116466,1
24,90,1,1,1,1,1,24,0,19,1,67,92,1,0,0,0,82.8,33.5,25,3.8333333333333335,2,3.9000000000000004,1,21.6,76.48192771084338,1
24,90,0,1,2,1,1,25,1,20,0,70,73,1,0,1,0,74.0,34.0,3,3.0416666666666665,2,4.0,0,21.6,54.23694779116466,1
24,90,0,1,2,1,1,24,0,19,1,67,92,1,0,0,0,82.8,33.5,25,3.8333333333333335,2,3.9000000000000004,0,21.6,76.48192771084338,1
18,80,1,0,0,1,1,21,2,9,1,84,65,1,1,2,0,75.6,22.5,-19,3.611111111111111,0,2.9,0,14.4,49.33734939759036,1
18,80,1,0,0,1,1,25,0,9,1,63,50,1,1,3,0,67.2,22.5,-13,2.7777777777777777,0,2.9,0,14.4,33.734939759036145,1
18,80,0,1,2,1,1,21,2,9,1,84,65,1,1,2,0,85.6,22.5,-19,3.611111111111111,1,2.9,0,14.4,55.863453815261046,1
18,80,0,1,2,1,1,25,0,9,1,63,50,1,1,3,0,77.2,22.5,-13,2.7777777777777777,1,2.9,0,14.4,38.75502008032129,1
22,63,2,1,1,1,0,22,0,19,0,70,47,0,2,3,0,63.2,31.5,-23,2.1363636363636362,1,2.9000000000000004,2,13.86,29.823293172690768,1
22,63,2,1,1,1,0,26,2,18,0,61,88,0,2,0,0,59.60000000000001,31.0,27,4.0,1,2.8,2,13.86,52.65863453815262,1
22,63,2,1,1,1,0,29,1,0,0,93,67,1,2,2,0,72.4,22.0,-26,3.0454545454545454,1,2.0,2,13.86,48.70281124497992,1
22,63,2,1,1,1,0,26,1,0,0,79,62,1,0,2,0,66.80000000000001,22.0,-17,2.8181818181818183,3,2.0,2,13.86,41.582329317269085,1
22,63,2,1,1,1,0,23,3,20,1,99,41,0,1,3,1,84.80000000000001,32.0,-58,1.8636363636363635,2,3.0,2,13.86,34.90763052208836,1
22,63,1,1,1,1,0,22,0,19,0,70,47,0,2,3,0,63.2,31.5,-23,2.1363636363636362,0,2.9000000000000004,1,13.86,29.823293172690768,1
22,63,1,1,1,1,0,26,2,18,0,61,88,0,2,0,0,59.60000000000001,31.0,27,4.0,0,2.8,1,13.86,52.65863453815262,1
22,63,1,1,1,1,0,29,1,0,0,93,67,1,2,2,0,72.4,22.0,-26,3.0454545454545454,0,2.0,1,13.86,48.70281124497992,1
22,63,1,1,1,1,0,26,1,0,0,79,62,1,0,2,0,66.80000000000001,22.0,-17,2.8181818181818183,2,2.0,1,13.86,41.582329317269085,1
22,63,1,1,1,1,0,23,3,20,1,99,41,0,1,3,1,84.80000000000001,32.0,-58,1.8636363636363635,1,3.0,1,13.86,34.90763052208836,1
22,63,2,1,0,1,0,22,0,19,0,70,47,0,2,3,0,63.2,31.5,-23,2.1363636363636362,0,2.9000000000000004,0,13.86,29.823293172690768,1
22,63,2,1,0,1,0,26,2,18,0,61,88,0,2,0,0,59.60000000000001,31.0,27,4.0,0,2.8,0,13.86,52.65863453815262,1
22,63,2,1,0,1,0,29,1,0,0,93,67,1,2,2,0,72.4,22.0,-26,3.0454545454545454,0,2.0,0,13.86,48.70281124497992,1
22,63,2,1,0,1,0,26,1,0,0,79,62,1,0,2,0,66.80000000000001,22.0,-17,2.8181818181818183,2,2.0,0,13.86,41.582329317269085,1
22,63,2,1,0,1,0,23,3,20,1,99,41,0,1,3,1,84.80000000000001,32.0,-58,1.8636363636363635,1,3.0,0,13.86,34.90763052208836,1
22,63,0,1,1,1,0,22,0,19,0,70,47,0,2,3,0,63.2,31.5,-23,2.1363636363636362,-1,2.9000000000000004,0,13.86,29.823293172690768,1
22,63,0,1,1,1,0,26,2,18,0,61,88,0,2,0,0,59.60000000000001,31.0,27,4.0,-1,2.8,0,13.86,52.65863453815262,1
22,63,0,1,1,1,0,29,1,0,0,93,67,1,2,2,0,72.4,22.0,-26,3.0454545454545454,-1,2.0,0,13.86,48.70281124497992,1
22,63,0,1,1,1,0,26,1,0,0,79,62,1,0,2,0,66.80000000000001,22.0,-17,2.8181818181818183,1,2.0,0,13.86,41.582329317269085,1
22,63,0,1,1,1,0,23,3,20,1,99,41,0,1,3,1,84.80000000000001,32.0,-58,1.8636363636363635,0,3.0,0,13.86,34.90763052208836,1
22,63,1,0,0,1,0,22,0,19,0,70,47,0,2,3,0,53.2,31.5,-23,2.1363636363636362,-1,2.9000000000000004,0,13.86,25.104417670682736,1
22,63,1,0,0,1,0,26,2,18,0,61,88,0,2,0,0,49.60000000000001,31.0,27,4.0,-1,2.8,0,13.86,43.823293172690775,1
22,63,1,0,0,1,0,29,1,0,0,93,67,1,2,2,0,62.400000000000006,22.0,-26,3.0454545454545454,-1,2.0,0,13.86,41.97590361445784,1
22,63,1,0,0,1,0,26,1,0,0,79,62,1,0,2,0,56.800000000000004,22.0,-17,2.8181818181818183,1,2.0,0,13.86,35.35742971887551,1
22,63,1,0,0,1,0,23,3,20,1,99,41,0,1,3,1,74.80000000000001,32.0,-58,1.8636363636363635,0,3.0,0,13.86,30.791164658634543,1
19,89,1,1,1,1,1,25,3,0,1,95,66,0,1,2,0,93.6,19.0,-29,3.473684210526316,1,1.0,1,16.91,62.02409638554217,1
19,89,1,0,1,1,1,25,3,0,1,95,66,0,1,2,0,83.6,19.0,-29,3.473684210526316,1,1.0,1,16.91,55.397590361445786,1
19,89,2,0,2,1,1,25,3,0,1,95,66,0,1,2,0,83.6,19.0,-29,3.473684210526316,3,1.0,4,16.91,55.397590361445786,1
19,89,1,1,0,1,1,25,3,0,1,95,66,0,1,2,0,93.6,19.0,-29,3.473684210526316,0,1.0,0,16.91,62.02409638554217,1
21,92,0,1,0,1,1,29,1,19,0,73,53,1,0,3,0,76.0,30.5,-20,2.5238095238095237,0,3.9000000000000004,0,19.32,40.441767068273094,1
21,92,0,1,0,1,1,23,3,4,0,53,68,1,2,2,0,68.0,23.0,15,3.238095238095238,-2,2.4,0,19.32,46.42570281124498,1
21,92,1,1,0,1,1,29,1,19,0,73,53,1,0,3,0,76.0,30.5,-20,2.5238095238095237,1,3.9000000000000004,0,19.32,40.441767068273094,1
21,92,1,1,0,1,1,23,3,4,0,53,68,1,2,2,0,68.0,23.0,15,3.238095238095238,-1,2.4,0,19.32,46.42570281124498,1
21,92,0,0,0,1,1,29,1,19,0,73,53,1,0,3,0,66.0,30.5,-20,2.5238095238095237,0,3.9000000000000004,0,19.32,35.12048192771084,1
21,92,0,0,0,1,1,23,3,4,0,53,68,1,2,2,0,58.00000000000001,23.0,15,3.238095238095238,-2,2.4,0,19.32,39.5983935742972,1
24,72,2,0,2,1,0,20,3,14,1,74,72,1,2,1,0,68.4,31.0,-2,3.0,2,3.4000000000000004,4,17.28,49.445783132530124,1
24,72,2,0,2,1,0,21,2,11,1,72,52,1,2,3,0,67.6,29.5,-20,2.1666666666666665,2,3.1,4,17.28,35.29317269076305,1
24,72,0,1,2,1,0,20,3,14,1,74,72,1,2,1,0,78.4,31.0,-2,3.0,0,3.4000000000000004,0,17.28,56.67469879518073,1
24,72,0,1,2,1,0,21,2,11,1,72,52,1,2,3,0,77.6,29.5,-20,2.1666666666666665,0,3.1,0,17.28,40.5140562248996,1
24,72,1,0,1,1,0,20,3,14,1,74,72,1,2,1,0,68.4,31.0,-2,3.0,0,3.4000000000000004,1,17.28,49.445783132530124,1
24,72,1,0,1,1,0,21,2,11,1,72,52,1,2,3,0,67.6,29.5,-20,2.1666666666666665,0,3.1,1,17.28,35.29317269076305,1
24,72,1,1,0,1,0,20,3,14,1,74,72,1,2,1,0,78.4,31.0,-2,3.0,-1,3.4000000000000004,0,17.28,56.67469879518073,1
24,72,1,1,0,1,0,21,2,11,1,72,52,1,2,3,0,77.6,29.5,-20,2.1666666666666665,-1,3.1,0,17.28,40.5140562248996,1
24,72,2,0,1,1,0,20,3,14,1,74,72,1,2,1,0,68.4,31.0,-2,3.0,1,3.4000000000000004,2,17.28,49.445783132530124,1
24,72,2,0,1,1,0,21,2,11,1,72,52,1,2,3,0,67.6,29.5,-20,2.1666666666666665,1,3.1,2,17.28,35.29317269076305,1
33,77,2,1,1,1,0,21,3,5,1,76,87,0,2,0,0,81.2,35.5,11,2.6363636363636362,1,1.5,2,25.41,70.9277108433735,1
33,77,2,1,1,1,0,21,3,5,1,75,77,1,2,1,0,80.8,35.5,2,2.3333333333333335,1,2.5,2,25.41,62.46586345381526,1
27,81,1,1,1,1,0,29,1,1,0,96,94,1,1,0,0,80.80000000000001,27.5,-2,3.4814814814814814,1,2.1,1,21.87,76.25702811244982,1
27,81,1,1,1,1,0,22,3,6,0,53,98,1,1,0,0,63.6,30.0,45,3.6296296296296298,1,2.6,1,21.87,62.578313253012055,1
27,81,1,1,1,1,0,24,1,16,1,83,73,1,0,1,0,85.6,35.0,-10,2.7037037037037037,2,3.6,1,21.87,62.738955823293175,1
27,81,0,1,0,1,0,29,1,1,0,96,94,1,1,0,0,80.80000000000001,27.5,-2,3.4814814814814814,-1,2.1,0,21.87,76.25702811244982,1
27,81,0,1,0,1,0,22,3,6,0,53,98,1,1,0,0,63.6,30.0,45,3.6296296296296298,-1,2.6,0,21.87,62.578313253012055,1
27,81,0,1,0,1,0,24,1,16,1,83,73,1,0,1,0,85.6,35.0,-10,2.7037037037037037,0,3.6,0,21.87,62.738955823293175,1
27,81,1,1,0,1,0,29,1,1,0,96,94,1,1,0,0,80.80000000000001,27.5,-2,3.4814814814814814,0,2.1,0,21.87,76.25702811244982,1
27,81,1,1,0,1,0,22,3,6,0,53,98,1,1,0,0,63.6,30.0,45,3.6296296296296298,0,2.6,0,21.87,62.578313253012055,1
27,81,1,1,0,1,0,24,1,16,1,83,73,1,0,1,0,85.6,35.0,-10,2.7037037037037037,1,3.6,0,21.87,62.738955823293175,1
27,81,2,1,1,1,0,29,1,1,0,96,94,1,1,0,0,80.80000000000001,27.5,-2,3.4814814814814814,2,2.1,2,21.87,76.25702811244982,1
27,81,2,1,1,1,0,22,3,6,0,53,98,1,1,0,0,63.6,30.0,45,3.6296296296296298,2,2.6,2,21.87,62.578313253012055,1
27,81,2,1,1,1,0,24,1,16,1,83,73,1,0,1,0,85.6,35.0,-10,2.7037037037037037,3,3.6,2,21.87,62.738955823293175,1
25,88,1,1,0,1,1,26,2,20,1,60,83,0,0,1,0,79.2,35.0,23,3.32,1,3.0,0,22.0,66.00000000000001,1
25,88,1,1,0,1,1,22,0,4,0,53,45,1,2,3,0,66.4,27.0,-8,1.8,-1,2.4,0,22.0,30.000000000000004,1
25,88,1,1,0,1,1,27,1,5,1,63,82,1,2,1,0,80.4,27.5,19,3.28,-1,2.5,0,22.0,66.19277108433737,1
25,88,2,1,0,1,1,26,2,20,1,60,83,0,0,1,0,79.2,35.0,23,3.32,2,3.0,0,22.0,66.00000000000001,1
25,88,2,1,0,1,1,22,0,4,0,53,45,1,2,3,0,66.4,27.0,-8,1.8,0,2.4,0,22.0,30.000000000000004,1
25,88,2,1,0,1,1,27,1,5,1,63,82,1,2,1,0,80.4,27.5,19,3.28,0,2.5,0,22.0,66.19277108433737,1
24,95,2,1,2,1,1,21,3,18,1,85,95,0,1,0,0,92.0,33.0,10,3.9583333333333335,3,2.8,4,22.799999999999997,87.75100401606426,1
24,95,2,1,2,1,1,29,2,3,0,67,87,1,2,0,0,74.8,25.5,20,3.625,2,2.3,4,22.799999999999997,65.33734939759036,1
24,95,0,1,1,1,1,21,3,18,1,85,95,0,1,0,0,92.0,33.0,10,3.9583333333333335,0,2.8,0,22.799999999999997,87.75100401606426,1
24,95,0,1,1,1,1,29,2,3,0,67,87,1,2,0,0,74.8,25.5,20,3.625,-1,2.3,0,22.799999999999997,65.33734939759036,1
24,95,1,1,1,1,1,21,3,18,1,85,95,0,1,0,0,92.0,33.0,10,3.9583333333333335,1,2.8,1,22.799999999999997,87.75100401606426,1
24,95,1,1,1,1,1,29,2,3,0,67,87,1,2,0,0,74.8,25.5,20,3.625,0,2.3,1,22.799999999999997,65.33734939759036,1
24,95,0,0,1,1,1,21,3,18,1,85,95,0,1,0,0,82.0,33.0,10,3.9583333333333335,0,2.8,0,22.799999999999997,78.21285140562249,1
24,95,0,0,1,1,1,29,2,3,0,67,87,1,2,0,0,64.8,25.5,20,3.625,-1,2.3,0,22.799999999999997,56.602409638554214,1
24,95,2,1,0,1,1,21,3,18,1,85,95,0,1,0,0,92.0,33.0,10,3.9583333333333335,1,2.8,0,22.799999999999997,87.75100401606426,1
24,95,2,1,0,1,1,29,2,3,0,67,87,1,2,0,0,74.8,25.5,20,3.625,0,2.3,0,22.799999999999997,65.33734939759036,1
24,95,1,0,0,1,1,21,3,18,1,85,95,0,1,0,0,82.0,33.0,10,3.9583333333333335,0,2.8,0,22.799999999999997,78.21285140562249,1
24,95,1,0,0,1,1,29,2,3,0,67,87,1,2,0,0,64.8,25.5,20,3.625,-1,2.3,0,22.799999999999997,56.602409638554214,1
24,80,2,1,2,1,0,27,0,9,0,52,42,1,2,3,0,62.8,28.5,-10,1.75,2,2.9,4,19.200000000000003,26.481927710843372,1
24,80,2,1,2,1,0,19,3,4,1,100,50,1,0,3,0,92.0,26.0,-50,2.0833333333333335,4,2.4,4,19.200000000000003,46.1847389558233,1
24,80,0,1,1,1,0,27,0,9,0,52,42,1,2,3,0,62.8,28.5,-10,1.75,-1,2.9,0,19.200000000000003,26.481927710843372,1
24,80,0,1,1,1,0,19,3,4,1,100,50,1,0,3,0,92.0,26.0,-50,2.0833333333333335,1,2.4,0,19.200000000000003,46.1847389558233,1
24,80,2,1,1,1,0,27,0,9,0,52,42,1,2,3,0,62.8,28.5,-10,1.75,1,2.9,2,19.200000000000003,26.481927710843372,1
24,80,2,1,1,1,0,19,3,4,1,100,50,1,0,3,0,92.0,26.0,-50,2.0833333333333335,3,2.4,2,19.200000000000003,46.1847389558233,1
24,80,2,0,1,1,0,27,0,9,0,52,42,1,2,3,0,52.8,28.5,-10,1.75,1,2.9,2,19.200000000000003,22.26506024096386,1
24,80,2,0,1,1,0,19,3,4,1,100,50,1,0,3,0,82.0,26.0,-50,2.0833333333333335,3,2.4,2,19.200000000000003,41.164658634538156,1
24,80,2,1,0,1,0,27,0,9,0,52,42,1,2,3,0,62.8,28.5,-10,1.75,0,2.9,0,19.200000000000003,26.481927710843372,1
24,80,2,1,0,1,0,19,3,4,1,100,50,1,0,3,0,92.0,26.0,-50,2.0833333333333335,2,2.4,0,19.200000000000003,46.1847389558233,1
24,80,1,1,1,1,0,27,0,9,0,52,42,1,2,3,0,62.8,28.5,-10,1.75,0,2.9,1,19.200000000000003,26.481927710843372,1
24,80,1,1,1,1,0,19,3,4,1,100,50,1,0,3,0,92.0,26.0,-50,2.0833333333333335,2,2.4,1,19.200000000000003,46.1847389558233,1
26,95,2,0,1,1,0,20,2,0,1,68,63,1,0,2,0,75.2,26.0,-5,2.423076923076923,3,2.0,2,24.7,47.566265060240966,1
26,95,2,0,1,1,0,21,2,14,0,74,75,0,0,1,0,67.6,33.0,1,2.8846153846153846,3,2.4000000000000004,2,24.7,50.903614457831324,1
26,95,2,0,1,1,0,29,1,14,0,93,54,1,2,3,0,75.2,33.0,-39,2.076923076923077,1,3.4000000000000004,2,24.7,40.7710843373494,1
26,95,2,0,0,1,0,20,2,0,1,68,63,1,0,2,0,75.2,26.0,-5,2.423076923076923,2,2.0,0,24.7,47.566265060240966,1
26,95,2,0,0,1,0,21,2,14,0,74,75,0,0,1,0,67.6,33.0,1,2.8846153846153846,2,2.4000000000000004,0,24.7,50.903614457831324,1
26,95,2,0,0,1,0,29,1,14,0,93,54,1,2,3,0,75.2,33.0,-39,2.076923076923077,0,3.4000000000000004,0,24.7,40.7710843373494,1
26,95,0,1,1,1,0,20,2,0,1,68,63,1,0,2,0,85.2,26.0,-5,2.423076923076923,1,2.0,0,24.7,53.89156626506025,1
26,95,0,1,1,1,0,21,2,14,0,74,75,0,0,1,0,77.6,33.0,1,2.8846153846153846,1,2.4000000000000004,0,24.7,58.43373493975904,1
26,95,0,1,1,1,0,29,1,14,0,93,54,1,2,3,0,85.2,33.0,-39,2.076923076923077,-1,3.4000000000000004,0,24.7,46.19277108433735,1
22,74,2,1,0,1,0,24,0,0,1,57,70,1,2,1,0,72.4,22.0,13,3.1818181818181817,0,2.0,0,16.28,50.88353413654619,1
22,74,2,1,0,1,0,25,0,7,0,98,81,0,2,1,0,78.80000000000001,25.5,-17,3.6818181818181817,0,1.7000000000000002,0,16.28,64.0843373493976,1
22,74,0,1,0,1,0,24,0,0,1,57,70,1,2,1,0,72.4,22.0,13,3.1818181818181817,-2,2.0,0,16.28,50.88353413654619,1
22,74,0,1,0,1,0,25,0,7,0,98,81,0,2,1,0,78.80000000000001,25.5,-17,3.6818181818181817,-2,1.7000000000000002,0,16.28,64.0843373493976,1
22,74,0,0,1,1,0,24,0,0,1,57,70,1,2,1,0,62.400000000000006,22.0,13,3.1818181818181817,-1,2.0,0,16.28,43.855421686747,1
22,74,0,0,1,1,0,25,0,7,0,98,81,0,2,1,0,68.80000000000001,25.5,-17,3.6818181818181817,-1,1.7000000000000002,0,16.28,55.951807228915676,1
22,74,2,1,1,1,0,24,0,0,1,57,70,1,2,1,0,72.4,22.0,13,3.1818181818181817,1,2.0,2,16.28,50.88353413654619,1
22,74,2,1,1,1,0,25,0,7,0,98,81,0,2,1,0,78.80000000000001,25.5,-17,3.6818181818181817,1,1.7000000000000002,2,16.28,64.0843373493976,1
22,74,2,1,2,1,0,24,0,0,1,57,70,1,2,1,0,72.4,22.0,13,3.1818181818181817,2,2.0,4,16.28,50.88353413654619,1
22,74,2,1,2,1,0,25,0,7,0,98,81,0,2,1,0,78.80000000000001,25.5,-17,3.6818181818181817,2,1.7000000000000002,4,16.28,64.0843373493976,1
21,90,1,1,0,1,1,27,1,5,1,75,43,1,0,3,0,86.0,23.5,-32,2.0476190476190474,1,2.5,0,18.900000000000002,37.1285140562249,1
21,90,1,1,0,1,1,24,2,8,0,95,59,1,2,2,0,84.0,25.0,-36,2.8095238095238093,-1,2.8,0,18.900000000000002,49.75903614457832,1
21,90,1,1,0,1,1,29,0,10,0,58,68,0,1,2,0,69.2,26.0,10,3.238095238095238,0,2.0,0,18.900000000000002,47.24497991967872,1
21,90,1,1,0,1,1,19,1,4,1,72,42,0,1,3,0,84.8,23.0,-30,2.0,0,1.4,0,18.900000000000002,35.75903614457832,1
21,90,1,1,1,1,1,27,1,5,1,75,43,1,0,3,0,86.0,23.5,-32,2.0476190476190474,2,2.5,1,18.900000000000002,37.1285140562249,1
21,90,1,1,1,1,1,24,2,8,0,95,59,1,2,2,0,84.0,25.0,-36,2.8095238095238093,0,2.8,1,18.900000000000002,49.75903614457832,1
21,90,1,1,1,1,1,29,0,10,0,58,68,0,1,2,0,69.2,26.0,10,3.238095238095238,1,2.0,1,18.900000000000002,47.24497991967872,1
21,90,1,1,1,1,1,19,1,4,1,72,42,0,1,3,0,84.8,23.0,-30,2.0,1,1.4,1,18.900000000000002,35.75903614457832,1
21,90,1,1,2,1,1,27,1,5,1,75,43,1,0,3,0,86.0,23.5,-32,2.0476190476190474,3,2.5,2,18.900000000000002,37.1285140562249,1
21,90,1,1,2,1,1,24,2,8,0,95,59,1,2,2,0,84.0,25.0,-36,2.8095238095238093,1,2.8,2,18.900000000000002,49.75903614457832,1
21,90,1,1,2,1,1,29,0,10,0,58,68,0,1,2,0,69.2,26.0,10,3.238095238095238,2,2.0,2,18.900000000000002,47.24497991967872,1
21,90,1,1,2,1,1,19,1,4,1,72,42,0,1,3,0,84.8,23.0,-30,2.0,2,1.4,2,18.900000000000002,35.75903614457832,1
21,90,2,1,1,1,1,27,1,5,1,75,43,1,0,3,0,86.0,23.5,-32,2.0476190476190474,3,2.5,2,18.900000000000002,37.1285140562249,1
21,90,2,1,1,1,1,24,2,8,0,95,59,1,2,2,0,84.0,25.0,-36,2.8095238095238093,1,2.8,2,18.900000000000002,49.75903614457832,1
21,90,2,1,1,1,1,29,0,10,0,58,68,0,1,2,0,69.2,26.0,10,3.238095238095238,2,2.0,2,18.900000000000002,47.24497991967872,1
21,90,2,1,1,1,1,19,1,4,1,72,42,0,1,3,0,84.8,23.0,-30,2.0,2,1.4,2,18.900000000000002,35.75903614457832,1
21,70,2,1,1,1,1,23,1,9,1,68,56,1,2,2,0,75.2,25.5,-12,2.6666666666666665,1,2.9,2,14.7,42.28112449799197,1
21,70,2,0,1,1,1,23,1,9,1,68,56,1,2,2,0,65.2,25.5,-12,2.6666666666666665,1,2.9,2,14.7,36.65863453815261,1
21,70,1,1,2,1,1,23,1,9,1,68,56,1,2,2,0,75.2,25.5,-12,2.6666666666666665,1,2.9,2,14.7,42.28112449799197,1
21,70,0,0,1,1,1,23,1,9,1,68,56,1,2,2,0,65.2,25.5,-12,2.6666666666666665,-1,2.9,0,14.7,36.65863453815261,1
21,70,0,1,1,1,1,23,1,9,1,68,56,1,2,2,0,75.2,25.5,-12,2.6666666666666665,-1,2.9,0,14.7,42.28112449799197,1
21,70,1,0,1,1,1,23,1,9,1,68,56,1,2,2,0,65.2,25.5,-12,2.6666666666666665,0,2.9,1,14.7,36.65863453815261,1
21,70,1,0,0,1,1,23,1,9,1,68,56,1,2,2,0,65.2,25.5,-12,2.6666666666666665,-1,2.9,0,14.7,36.65863453815261,1
21,70,1,1,1,1,1,23,1,9,1,68,56,1,2,2,0,75.2,25.5,-12,2.6666666666666665,0,2.9,1,14.7,42.28112449799197,1
21,70,0,0,0,1,1,23,1,9,1,68,56,1,2,2,0,65.2,25.5,-12,2.6666666666666665,-2,2.9,0,14.7,36.65863453815261,1
17,75,1,1,0,1,1,22,1,16,1,67,40,1,0,3,0,76.8,25.0,-27,2.3529411764705883,1,3.6,0,12.75,30.843373493975903,1
17,75,0,1,1,1,1,22,1,16,1,67,40,1,0,3,0,76.8,25.0,-27,2.3529411764705883,1,3.6,0,12.75,30.843373493975903,1
21,99,1,0,2,1,1,29,3,16,1,55,87,1,2,0,0,71.6,29.0,32,4.142857142857143,1,3.6,2,20.79,62.54216867469879,1
21,99,1,0,2,1,1,22,1,20,1,90,51,1,1,3,0,85.6,31.0,-39,2.4285714285714284,2,4.0,2,20.79,43.83132530120482,1
21,99,1,0,2,1,1,20,0,15,1,100,52,1,0,3,0,89.6,28.5,-48,2.4761904761904763,3,3.5,2,20.79,46.77911646586345,1
21,99,1,0,2,1,1,28,3,3,1,77,59,1,2,2,0,80.4,22.5,-18,2.8095238095238093,1,2.3,2,20.79,47.62650602409639,1
21,99,0,0,2,1,1,29,3,16,1,55,87,1,2,0,0,71.6,29.0,32,4.142857142857143,0,3.6,0,20.79,62.54216867469879,1
21,99,0,0,2,1,1,22,1,20,1,90,51,1,1,3,0,85.6,31.0,-39,2.4285714285714284,1,4.0,0,20.79,43.83132530120482,1
21,99,0,0,2,1,1,20,0,15,1,100,52,1,0,3,0,89.6,28.5,-48,2.4761904761904763,2,3.5,0,20.79,46.77911646586345,1
21,99,0,0,2,1,1,28,3,3,1,77,59,1,2,2,0,80.4,22.5,-18,2.8095238095238093,0,2.3,0,20.79,47.62650602409639,1
21,99,1,1,2,1,1,29,3,16,1,55,87,1,2,0,0,81.6,29.0,32,4.142857142857143,1,3.6,2,20.79,71.27710843373494,1
21,99,1,1,2,1,1,22,1,20,1,90,51,1,1,3,0,95.6,31.0,-39,2.4285714285714284,2,4.0,2,20.79,48.95180722891566,1
21,99,1,1,2,1,1,20,0,15,1,100,52,1,0,3,0,99.6,28.5,-48,2.4761904761904763,3,3.5,2,20.79,52.0,1
21,99,1,1,2,1,1,28,3,3,1,77,59,1,2,2,0,90.4,22.5,-18,2.8095238095238093,1,2.3,2,20.79,53.55020080321285,1
19,84,1,1,2,1,1,29,0,13,0,75,57,1,1,2,0,73.6,25.5,-18,3.0,2,3.3,2,15.959999999999999,42.12048192771084,1
19,84,0,1,1,1,1,29,0,13,0,75,57,1,1,2,0,73.6,25.5,-18,3.0,0,3.3,0,15.959999999999999,42.12048192771084,1
19,84,1,0,0,1,1,29,0,13,0,75,57,1,1,2,0,63.6,25.5,-18,3.0,0,3.3,0,15.959999999999999,36.397590361445786,1
19,84,2,1,0,1,1,29,0,13,0,75,57,1,1,2,0,73.6,25.5,-18,3.0,1,3.3,0,15.959999999999999,42.12048192771084,1
19,84,1,1,1,1,1,29,0,13,0,75,57,1,1,2,0,73.6,25.5,-18,3.0,1,3.3,1,15.959999999999999,42.12048192771084,1
19,84,1,0,2,1,1,29,0,13,0,75,57,1,1,2,0,63.6,25.5,-18,3.0,2,3.3,2,15.959999999999999,36.397590361445786,1
22,84,1,0,1,1,1,26,2,13,1,85,92,0,0,0,0,77.6,28.5,7,4.181818181818182,2,2.3,1,18.48,71.67871485943775,1
22,84,1,0,1,1,1,22,1,16,1,68,87,1,0,0,0,70.80000000000001,30.0,19,3.9545454545454546,2,3.6,1,18.48,61.84337349397592,1
22,84,1,0,1,1,1,20,1,2,1,78,48,1,1,3,0,74.80000000000001,23.0,-30,2.1818181818181817,1,2.2,1,18.48,36.048192771084345,1
22,84,1,0,1,1,1,29,3,12,1,66,89,1,2,0,0,70.0,28.0,23,4.045454545454546,0,3.2,1,18.48,62.55020080321286,1
22,84,1,1,1,1,1,26,2,13,1,85,92,0,0,0,0,87.6,28.5,7,4.181818181818182,2,2.3,1,18.48,80.9156626506024,1
22,84,1,1,1,1,1,22,1,16,1,68,87,1,0,0,0,80.80000000000001,30.0,19,3.9545454545454546,2,3.6,1,18.48,70.57831325301207,1
22,84,1,1,1,1,1,20,1,2,1,78,48,1,1,3,0,84.80000000000001,23.0,-30,2.1818181818181817,1,2.2,1,18.48,40.86746987951808,1
22,84,1,1,1,1,1,29,3,12,1,66,89,1,2,0,0,80.0,28.0,23,4.045454545454546,0,3.2,1,18.48,71.4859437751004,1
22,84,2,1,1,1,1,26,2,13,1,85,92,0,0,0,0,87.6,28.5,7,4.181818181818182,3,2.3,2,18.48,80.9156626506024,1
22,84,2,1,1,1,1,22,1,16,1,68,87,1,0,0,0,80.80000000000001,30.0,19,3.9545454545454546,3,3.6,2,18.48,70.57831325301207,1
22,84,2,1,1,1,1,20,1,2,1,78,48,1,1,3,0,84.80000000000001,23.0,-30,2.1818181818181817,2,2.2,2,18.48,40.86746987951808,1
22,84,2,1,1,1,1,29,3,12,1,66,89,1,2,0,0,80.0,28.0,23,4.045454545454546,1,3.2,2,18.48,71.4859437751004,1
29,77,2,0,1,1,1,24,3,6,0,71,94,1,2,0,0,59.2,32.0,23,3.2413793103448274,1,2.6,2,22.330000000000002,55.871485943775106,1
29,77,0,1,0,1,1,24,3,6,0,71,94,1,2,0,0,69.2,32.0,23,3.2413793103448274,-2,2.6,0,22.330000000000002,65.30923694779118,1
29,77,1,1,1,1,1,24,3,6,0,71,94,1,2,0,0,69.2,32.0,23,3.2413793103448274,0,2.6,1,22.330000000000002,65.30923694779118,1
25,77,1,1,1,1,0,29,2,13,1,71,59,1,0,2,0,79.2,31.5,-12,2.36,2,3.3,1,19.25,46.915662650602414,1
25,77,1,1,1,1,0,22,3,11,1,70,85,1,1,0,0,78.8,30.5,15,3.4,1,3.1,1,19.25,67.24899598393574,1
25,77,0,0,0,1,0,29,2,13,1,71,59,1,0,2,0,69.2,31.5,-12,2.36,0,3.3,0,19.25,40.99196787148595,1
25,77,0,0,0,1,0,22,3,11,1,70,85,1,1,0,0,68.8,30.5,15,3.4,-1,3.1,0,19.25,58.71485943775101,1
19,62,1,0,0,1,1,22,2,16,1,82,66,0,2,2,0,67.60000000000001,27.0,-16,3.473684210526316,-1,2.6,0,11.78,44.79518072289157,1
19,62,0,0,2,1,1,22,2,16,1,82,66,0,2,2,0,67.60000000000001,27.0,-16,3.473684210526316,0,2.6,0,11.78,44.79518072289157,1
19,62,2,1,1,1,1,22,2,16,1,82,66,0,2,2,0,77.60000000000001,27.0,-16,3.473684210526316,1,2.6,2,11.78,51.42168674698796,1
19,62,1,1,2,1,1,22,2,16,1,82,66,0,2,2,0,77.60000000000001,27.0,-16,3.473684210526316,1,2.6,2,11.78,51.42168674698796,1
19,62,1,1,0,1,1,22,2,16,1,82,66,0,2,2,0,77.60000000000001,27.0,-16,3.473684210526316,-1,2.6,0,11.78,51.42168674698796,1
18,64,1,1,2,1,1,28,2,12,1,96,60,1,2,2,1,84.0,24.0,-36,3.3333333333333335,1,3.2,2,11.52,50.60240963855422,1
18,64,0,1,0,1,1,28,2,12,1,96,60,1,2,2,1,84.0,24.0,-36,3.3333333333333335,-2,3.2,0,11.52,50.60240963855422,1
18,64,2,0,1,1,1,28,2,12,1,96,60,1,2,2,1,74.0,24.0,-36,3.3333333333333335,1,3.2,2,11.52,44.57831325301205,1
18,64,1,1,1,1,1,28,2,12,1,96,60,1,2,2,1,84.0,24.0,-36,3.3333333333333335,0,3.2,1,11.52,50.60240963855422,1
18,64,1,0,1,1,1,28,2,12,1,96,60,1,2,2,1,74.0,24.0,-36,3.3333333333333335,0,3.2,1,11.52,44.57831325301205,1
18,64,2,1,0,1,1,28,2,12,1,96,60,1,2,2,1,84.0,24.0,-36,3.3333333333333335,0,3.2,0,11.52,50.60240963855422,1
23,84,1,1,0,1,0,26,1,6,1,75,76,1,0,1,0,83.6,26.0,1,3.3043478260869565,1,2.6,0,19.32,63.791164658634536,1
23,84,1,1,0,1,0,24,1,9,1,61,62,1,1,2,0,78.0,27.5,1,2.6956521739130435,0,2.9,0,19.32,48.55421686746988,1
23,84,1,1,0,1,0,29,0,0,1,87,49,1,1,3,0,88.4,23.0,-38,2.130434782608696,0,2.0,0,19.32,43.48995983935744,1
23,84,1,1,0,1,0,22,2,13,0,52,67,1,1,2,0,64.4,29.5,15,2.9130434782608696,0,3.3,0,19.32,43.32128514056225,1
23,84,0,1,1,1,0,26,1,6,1,75,76,1,0,1,0,83.6,26.0,1,3.3043478260869565,1,2.6,0,19.32,63.791164658634536,1
23,84,0,1,1,1,0,24,1,9,1,61,62,1,1,2,0,78.0,27.5,1,2.6956521739130435,0,2.9,0,19.32,48.55421686746988,1
23,84,0,1,1,1,0,29,0,0,1,87,49,1,1,3,0,88.4,23.0,-38,2.130434782608696,0,2.0,0,19.32,43.48995983935744,1
23,84,0,1,1,1,0,22,2,13,0,52,67,1,1,2,0,64.4,29.5,15,2.9130434782608696,0,3.3,0,19.32,43.32128514056225,1
23,84,1,0,0,1,0,26,1,6,1,75,76,1,0,1,0,73.6,26.0,1,3.3043478260869565,1,2.6,0,19.32,56.16064257028112,1
23,84,1,0,0,1,0,24,1,9,1,61,62,1,1,2,0,68.0,27.5,1,2.6956521739130435,0,2.9,0,19.32,42.329317269076306,1
23,84,1,0,0,1,0,29,0,0,1,87,49,1,1,3,0,78.4,23.0,-38,2.130434782608696,0,2.0,0,19.32,38.570281124497996,1
23,84,1,0,0,1,0,22,2,13,0,52,67,1,1,2,0,54.400000000000006,29.5,15,2.9130434782608696,0,3.3,0,19.32,36.59437751004017,1
29,68,2,1,1,1,1,25,2,17,1,51,84,1,0,1,0,67.60000000000001,37.5,33,2.896551724137931,3,3.7,2,19.720000000000002,57.0120481927711,1
29,68,1,0,1,1,1,25,2,17,1,51,84,1,0,1,0,57.60000000000001,37.5,33,2.896551724137931,2,3.7,1,19.720000000000002,48.578313253012055,1
29,68,0,0,0,1,1,25,2,17,1,51,84,1,0,1,0,57.60000000000001,37.5,33,2.896551724137931,0,3.7,0,19.720000000000002,48.578313253012055,1
29,68,2,1,0,1,1,25,2,17,1,51,84,1,0,1,0,67.60000000000001,37.5,33,2.896551724137931,2,3.7,0,19.720000000000002,57.0120481927711,1
21,69,2,1,1,1,1,27,3,7,0,80,58,0,2,2,0,69.6,24.5,-22,2.761904761904762,1,1.7000000000000002,2,14.489999999999998,40.53012048192771,1
21,69,1,1,2,1,1,27,3,7,0,80,58,0,2,2,0,69.6,24.5,-22,2.761904761904762,1,1.7000000000000002,2,14.489999999999998,40.53012048192771,1
21,69,1,1,0,1,1,27,3,7,0,80,58,0,2,2,0,69.6,24.5,-22,2.761904761904762,-1,1.7000000000000002,0,14.489999999999998,40.53012048192771,1
21,69,1,0,1,1,1,27,3,7,0,80,58,0,2,2,0,59.6,24.5,-22,2.761904761904762,0,1.7000000000000002,1,14.489999999999998,34.70682730923695,1
21,69,0,1,1,1,1,27,3,7,0,80,58,0,2,2,0,69.6,24.5,-22,2.761904761904762,-1,1.7000000000000002,0,14.489999999999998,40.53012048192771,1
20,73,1,1,1,1,0,27,2,15,1,59,50,1,1,3,0,72.80000000000001,27.5,-9,2.5,1,3.5,1,14.6,36.54618473895583,1
20,73,2,0,0,1,0,27,2,15,1,59,50,1,1,3,0,62.800000000000004,27.5,-9,2.5,1,3.5,0,14.6,31.526104417670687,1
21,68,0,0,0,1,1,21,3,3,1,76,67,0,2,2,0,67.60000000000001,22.5,-9,3.1904761904761907,-2,1.3,0,14.280000000000001,45.47389558232933,1
21,68,1,1,0,1,1,21,3,3,1,76,67,0,2,2,0,77.60000000000001,22.5,-9,3.1904761904761907,-1,1.3,0,14.280000000000001,52.20080321285141,1
21,68,2,1,2,1,1,21,3,3,1,76,67,0,2,2,0,77.60000000000001,22.5,-9,3.1904761904761907,2,1.3,4,14.280000000000001,52.20080321285141,1
21,68,2,1,1,1,1,21,3,3,1,76,67,0,2,2,0,77.60000000000001,22.5,-9,3.1904761904761907,1,1.3,2,14.280000000000001,52.20080321285141,1
20,61,1,0,1,1,1,25,3,16,1,71,50,1,2,3,0,62.800000000000004,28.0,-21,2.5,0,3.6,1,12.2,31.526104417670687,1
20,61,1,0,1,1,1,25,1,20,0,64,52,1,2,3,0,50.0,30.0,-12,2.6,0,4.0,1,12.2,26.104417670682732,1
20,61,0,1,1,1,1,25,3,16,1,71,50,1,2,3,0,72.80000000000001,28.0,-21,2.5,-1,3.6,0,12.2,36.54618473895583,1
20,61,0,1,1,1,1,25,1,20,0,64,52,1,2,3,0,60.0,30.0,-12,2.6,-1,4.0,0,12.2,31.32530120481928,1
20,61,1,1,1,1,1,25,3,16,1,71,50,1,2,3,0,72.80000000000001,28.0,-21,2.5,0,3.6,1,12.2,36.54618473895583,1
20,61,1,1,1,1,1,25,1,20,0,64,52,1,2,3,0,60.0,30.0,-12,2.6,0,4.0,1,12.2,31.32530120481928,1
20,61,2,1,1,1,1,25,3,16,1,71,50,1,2,3,0,72.80000000000001,28.0,-21,2.5,1,3.6,2,12.2,36.54618473895583,1
20,61,2,1,1,1,1,25,1,20,0,64,52,1,2,3,0,60.0,30.0,-12,2.6,1,4.0,2,12.2,31.32530120481928,1
20,61,2,0,1,1,1,25,3,16,1,71,50,1,2,3,0,62.800000000000004,28.0,-21,2.5,1,3.6,2,12.2,31.526104417670687,1
20,61,2,0,1,1,1,25,1,20,0,64,52,1,2,3,0,50.0,30.0,-12,2.6,1,4.0,2,12.2,26.104417670682732,1
29,81,1,0,1,1,1,27,3,14,0,81,88,1,1,0,0,64.8,36.0,7,3.0344827586206895,1,3.4000000000000004,1,23.490000000000002,57.25301204819277,1
29,81,1,0,1,1,1,19,2,12,0,84,79,1,1,1,0,66.0,35.0,-5,2.7241379310344827,1,3.2,1,23.490000000000002,52.34939759036145,1
29,81,1,1,0,1,1,27,3,14,0,81,88,1,1,0,0,74.8,36.0,7,3.0344827586206895,0,3.4000000000000004,0,23.490000000000002,66.08835341365462,1
29,81,1,1,0,1,1,19,2,12,0,84,79,1,1,1,0,76.0,35.0,-5,2.7241379310344827,0,3.2,0,23.490000000000002,60.281124497991975,1
26,96,1,0,1,1,1,26,2,2,1,55,69,0,0,2,0,70.4,27.0,14,2.6538461538461537,2,1.2,1,24.96,48.77108433734941,1
26,96,1,0,1,1,1,24,2,11,1,58,41,1,2,3,0,71.60000000000001,31.5,-17,1.5769230769230769,0,3.1,1,24.96,29.473895582329323,1
26,96,1,0,1,1,1,22,0,2,1,98,55,1,0,2,0,87.60000000000001,27.0,-43,2.1153846153846154,2,2.2,1,24.96,48.37349397590362,1
33,67,1,1,2,1,0,19,0,1,0,83,51,0,2,3,0,70.0,33.5,-32,1.5454545454545454,1,1.1,2,22.110000000000003,35.84337349397591,1
33,67,1,1,2,1,0,26,1,18,1,90,54,1,1,3,0,82.8,42.0,-36,1.6363636363636365,2,3.8,2,22.110000000000003,44.89156626506024,1
33,67,1,1,1,1,0,19,0,1,0,83,51,0,2,3,0,70.0,33.5,-32,1.5454545454545454,0,1.1,1,22.110000000000003,35.84337349397591,1
33,67,1,1,1,1,0,26,1,18,1,90,54,1,1,3,0,82.8,42.0,-36,1.6363636363636365,1,3.8,1,22.110000000000003,44.89156626506024,1
25,92,1,0,1,1,1,22,0,16,1,76,83,1,1,1,0,77.2,33.0,7,3.32,1,3.6,1,23.0,64.33333333333334,1
25,92,2,1,0,1,1,22,0,16,1,76,83,1,1,1,0,87.2,33.0,7,3.32,1,3.6,0,23.0,72.66666666666667,1
25,92,1,1,1,1,1,22,0,16,1,76,83,1,1,1,0,87.2,33.0,7,3.32,1,3.6,1,23.0,72.66666666666667,1
33,76,1,1,0,1,0,25,2,17,0,95,97,1,2,0,0,78.4,41.5,2,2.9393939393939394,-1,3.7,0,25.080000000000002,76.35341365461849,1
33,76,1,1,0,1,0,28,3,18,0,69,44,0,0,3,0,68.0,42.0,-25,1.3333333333333333,1,2.8,0,25.080000000000002,30.040160642570285,1
33,76,1,1,0,1,0,26,1,20,1,53,88,1,1,0,0,71.60000000000001,43.0,35,2.6666666666666665,0,4.0,0,25.080000000000002,63.26104417670684,1
33,76,1,1,0,1,0,27,3,19,0,85,45,0,1,3,0,74.4,42.5,-40,1.3636363636363635,0,2.9000000000000004,0,25.080000000000002,33.6144578313253,1
16,71,1,0,1,1,0,25,1,19,0,59,55,1,0,2,0,52.0,25.5,-4,3.4375,2,3.9000000000000004,1,11.36,28.714859437751006,1
16,71,2,0,1,1,0,25,1,19,0,59,55,1,0,2,0,52.0,25.5,-4,3.4375,3,3.9000000000000004,2,11.36,28.714859437751006,1
22,99,0,1,0,1,0,29,0,13,1,76,98,1,2,0,0,90.0,28.5,22,4.454545454545454,-2,3.3,0,21.78,88.55421686746988,1
22,99,0,1,0,1,0,21,0,16,1,73,86,1,1,0,0,88.80000000000001,30.0,13,3.909090909090909,-1,3.6,0,21.78,76.67469879518075,1
22,99,1,1,2,1,0,29,0,13,1,76,98,1,2,0,0,90.0,28.5,22,4.454545454545454,1,3.3,2,21.78,88.55421686746988,1
22,99,1,1,2,1,0,21,0,16,1,73,86,1,1,0,0,88.80000000000001,30.0,13,3.909090909090909,2,3.6,2,21.78,76.67469879518075,1
22,99,0,0,1,1,0,29,0,13,1,76,98,1,2,0,0,80.0,28.5,22,4.454545454545454,-1,3.3,0,21.78,78.714859437751,1
22,99,0,0,1,1,0,21,0,16,1,73,86,1,1,0,0,78.80000000000001,30.0,13,3.909090909090909,0,3.6,0,21.78,68.0401606425703,1
22,99,2,0,0,1,0,29,0,13,1,76,98,1,2,0,0,80.0,28.5,22,4.454545454545454,0,3.3,0,21.78,78.714859437751,1
22,99,2,0,0,1,0,21,0,16,1,73,86,1,1,0,0,78.80000000000001,30.0,13,3.909090909090909,1,3.6,0,21.78,68.0401606425703,1
31,69,0,1,1,1,0,25,2,11,1,76,80,1,1,1,0,78.0,36.5,4,2.5806451612903225,0,3.1,0,21.389999999999997,62.65060240963856,1
31,69,0,1,1,1,0,24,1,13,0,76,61,1,2,2,0,68.0,37.5,-15,1.967741935483871,-1,3.3,0,21.389999999999997,41.64658634538153,1
26,91,1,1,1,1,0,21,3,16,1,73,99,1,0,0,0,85.6,34.0,26,3.8076923076923075,2,3.6,1,23.66,85.0843373493976,1
26,91,1,1,1,1,0,20,3,3,0,81,89,1,0,0,0,78.8,27.5,8,3.423076923076923,2,2.3,1,23.66,70.4136546184739,1
26,91,1,1,1,1,0,28,2,5,1,70,91,1,2,0,0,84.4,28.5,21,3.5,0,2.5,1,23.66,77.1124497991968,1
31,86,2,1,1,1,1,28,0,10,0,78,85,0,2,0,0,75.6,36.0,7,2.7419354838709675,1,2.0,2,26.66,64.51807228915662,1
31,86,2,1,1,1,1,18,0,4,0,66,43,1,0,3,0,70.8,33.0,-23,1.3870967741935485,3,2.4,2,26.66,30.566265060240962,1
31,86,2,1,1,1,1,21,0,5,0,97,74,1,2,1,0,83.2,33.5,-23,2.3870967741935485,1,2.5,2,26.66,61.81526104417671,1
31,86,2,1,1,1,1,19,2,0,0,55,79,1,2,1,0,66.4,31.0,24,2.5483870967741935,1,2.0,2,26.66,52.66666666666667,1
27,83,0,0,1,1,0,23,2,9,1,79,94,1,1,0,0,74.80000000000001,31.5,15,3.4814814814814814,0,2.9,0,22.41,70.59437751004018,1
27,83,0,0,1,1,0,26,2,11,0,51,70,1,2,1,0,53.60000000000001,32.5,19,2.5925925925925926,-1,3.1,0,22.41,37.6706827309237,1
27,83,0,0,1,1,0,29,2,1,1,52,75,0,2,1,0,64.0,27.5,23,2.7777777777777777,-1,1.1,0,22.41,48.19277108433735,1
27,83,1,1,1,1,0,23,2,9,1,79,94,1,1,0,0,84.80000000000001,31.5,15,3.4814814814814814,1,2.9,1,22.41,80.03212851405624,1
27,83,1,1,1,1,0,26,2,11,0,51,70,1,2,1,0,63.60000000000001,32.5,19,2.5925925925925926,0,3.1,1,22.41,44.698795180722904,1
27,83,1,1,1,1,0,29,2,1,1,52,75,0,2,1,0,74.0,27.5,23,2.7777777777777777,0,1.1,1,22.41,55.72289156626506,1
27,83,1,0,1,1,0,23,2,9,1,79,94,1,1,0,0,74.80000000000001,31.5,15,3.4814814814814814,1,2.9,1,22.41,70.59437751004018,1
27,83,1,0,1,1,0,26,2,11,0,51,70,1,2,1,0,53.60000000000001,32.5,19,2.5925925925925926,0,3.1,1,22.41,37.6706827309237,1
27,83,1,0,1,1,0,29,2,1,1,52,75,0,2,1,0,64.0,27.5,23,2.7777777777777777,0,1.1,1,22.41,48.19277108433735,1
19,64,1,0,1,1,1,19,3,11,0,87,69,0,2,2,0,60.400000000000006,24.5,-18,3.6315789473684212,0,2.1,1,12.16,41.84337349397591,1
19,64,1,0,2,1,1,19,3,11,0,87,69,0,2,2,0,60.400000000000006,24.5,-18,3.6315789473684212,1,2.1,2,12.16,41.84337349397591,1
19,64,1,1,2,1,1,19,3,11,0,87,69,0,2,2,0,70.4,24.5,-18,3.6315789473684212,1,2.1,2,12.16,48.77108433734941,1
19,64,2,1,1,1,1,19,3,11,0,87,69,0,2,2,0,70.4,24.5,-18,3.6315789473684212,1,2.1,2,12.16,48.77108433734941,1
17,77,2,1,1,1,1,24,2,0,0,92,41,1,0,3,0,77.60000000000001,17.0,-51,2.411764705882353,3,2.0,2,13.09,31.943775100401613,1
17,77,1,1,0,1,1,24,2,0,0,92,41,1,0,3,0,77.60000000000001,17.0,-51,2.411764705882353,1,2.0,0,13.09,31.943775100401613,1
17,77,1,0,0,1,1,24,2,0,0,92,41,1,0,3,0,67.60000000000001,17.0,-51,2.411764705882353,1,2.0,0,13.09,27.827309236947794,1
17,77,1,1,1,1,1,24,2,0,0,92,41,1,0,3,0,77.60000000000001,17.0,-51,2.411764705882353,2,2.0,1,13.09,31.943775100401613,1
19,80,1,0,1,1,0,20,1,1,1,52,73,1,2,1,0,62.8,19.5,21,3.8421052631578947,0,2.1,1,15.200000000000001,46.028112449799195,1
19,80,1,1,0,1,0,20,1,1,1,52,73,1,2,1,0,72.8,19.5,21,3.8421052631578947,-1,2.1,0,15.200000000000001,53.3574297188755,1
19,80,1,1,1,1,0,20,1,1,1,52,73,1,2,1,0,72.8,19.5,21,3.8421052631578947,0,2.1,1,15.200000000000001,53.3574297188755,1
19,80,2,1,1,1,0,20,1,1,1,52,73,1,2,1,0,72.8,19.5,21,3.8421052631578947,1,2.1,2,15.200000000000001,53.3574297188755,1
24,91,1,0,0,1,1,22,1,4,0,61,71,1,2,1,0,60.8,26.0,10,2.9583333333333335,-1,2.4,0,21.84,43.341365461847396,1
24,91,1,0,0,1,1,28,3,8,1,56,44,1,1,3,0,68.8,28.0,-12,1.8333333333333333,0,2.8,0,21.84,30.393574297188756,1
24,91,1,0,0,1,1,21,3,18,1,100,94,1,2,0,0,86.4,33.0,-6,3.9166666666666665,-1,3.8,0,21.84,81.54216867469881,1
24,91,0,1,2,1,1,22,1,4,0,61,71,1,2,1,0,70.8,26.0,10,2.9583333333333335,0,2.4,0,21.84,50.46987951807229,1
24,91,0,1,2,1,1,28,3,8,1,56,44,1,1,3,0,78.8,28.0,-12,1.8333333333333333,1,2.8,0,21.84,34.81124497991968,1
24,91,0,1,2,1,1,21,3,18,1,100,94,1,2,0,0,96.4,33.0,-6,3.9166666666666665,0,3.8,0,21.84,90.97991967871488,1
24,91,0,1,1,1,1,22,1,4,0,61,71,1,2,1,0,70.8,26.0,10,2.9583333333333335,-1,2.4,0,21.84,50.46987951807229,1
24,91,0,1,1,1,1,28,3,8,1,56,44,1,1,3,0,78.8,28.0,-12,1.8333333333333333,0,2.8,0,21.84,34.81124497991968,1
24,91,0,1,1,1,1,21,3,18,1,100,94,1,2,0,0,96.4,33.0,-6,3.9166666666666665,-1,3.8,0,21.84,90.97991967871488,1
24,91,2,1,2,1,1,22,1,4,0,61,71,1,2,1,0,70.8,26.0,10,2.9583333333333335,2,2.4,4,21.84,50.46987951807229,1
24,91,2,1,2,1,1,28,3,8,1,56,44,1,1,3,0,78.8,28.0,-12,1.8333333333333333,3,2.8,4,21.84,34.81124497991968,1
24,91,2,1,2,1,1,21,3,18,1,100,94,1,2,0,0,96.4,33.0,-6,3.9166666666666665,2,3.8,4,21.84,90.97991967871488,1
24,91,1,1,1,1,1,22,1,4,0,61,71,1,2,1,0,70.8,26.0,10,2.9583333333333335,0,2.4,1,21.84,50.46987951807229,1
24,91,1,1,1,1,1,28,3,8,1,56,44,1,1,3,0,78.8,28.0,-12,1.8333333333333333,1,2.8,1,21.84,34.81124497991968,1
24,91,1,1,1,1,1,21,3,18,1,100,94,1,2,0,0,96.4,33.0,-6,3.9166666666666665,0,3.8,1,21.84,90.97991967871488,1
24,91,1,0,1,1,1,22,1,4,0,61,71,1,2,1,0,60.8,26.0,10,2.9583333333333335,0,2.4,1,21.84,43.341365461847396,1
24,91,1,0,1,1,1,28,3,8,1,56,44,1,1,3,0,68.8,28.0,-12,1.8333333333333333,1,2.8,1,21.84,30.393574297188756,1
24,91,1,0,1,1,1,21,3,18,1,100,94,1,2,0,0,86.4,33.0,-6,3.9166666666666665,0,3.8,1,21.84,81.54216867469881,1
24,91,2,1,0,1,1,22,1,4,0,61,71,1,2,1,0,70.8,26.0,10,2.9583333333333335,0,2.4,0,21.84,50.46987951807229,1
24,91,2,1,0,1,1,28,3,8,1,56,44,1,1,3,0,78.8,28.0,-12,1.8333333333333333,1,2.8,0,21.84,34.81124497991968,1
24,91,2,1,0,1,1,21,3,18,1,100,94,1,2,0,0,96.4,33.0,-6,3.9166666666666665,0,3.8,0,21.84,90.97991967871488,1
24,91,2,1,1,1,1,22,1,4,0,61,71,1,2,1,0,70.8,26.0,10,2.9583333333333335,1,2.4,2,21.84,50.46987951807229,1
24,91,2,1,1,1,1,28,3,8,1,56,44,1,1,3,0,78.8,28.0,-12,1.8333333333333333,2,2.8,2,21.84,34.81124497991968,1
24,91,2,1,1,1,1,21,3,18,1,100,94,1,2,0,0,96.4,33.0,-6,3.9166666666666665,1,3.8,2,21.84,90.97991967871488,1
16,94,1,0,0,1,0,18,0,9,1,78,49,1,2,3,0,78.80000000000001,20.5,-29,3.0625,-1,2.9,0,15.04,38.76706827309238,1
16,94,1,1,0,1,0,18,0,9,1,78,49,1,2,3,0,88.80000000000001,20.5,-29,3.0625,-1,2.9,0,15.04,43.686746987951814,1
16,94,1,0,1,1,0,18,0,9,1,78,49,1,2,3,0,78.80000000000001,20.5,-29,3.0625,0,2.9,1,15.04,38.76706827309238,1
16,94,2,0,2,1,0,18,0,9,1,78,49,1,2,3,0,78.80000000000001,20.5,-29,3.0625,2,2.9,4,15.04,38.76706827309238,1
16,94,1,1,1,1,0,18,0,9,1,78,49,1,2,3,0,88.80000000000001,20.5,-29,3.0625,0,2.9,1,15.04,43.686746987951814,1
16,94,0,1,0,1,0,18,0,9,1,78,49,1,2,3,0,88.80000000000001,20.5,-29,3.0625,-2,2.9,0,15.04,43.686746987951814,1
27,62,2,1,0,1,0,20,3,10,1,89,68,0,1,2,0,80.4,32.0,-21,2.5185185185185186,1,2.0,0,16.74,54.89156626506025,1
27,62,2,1,0,1,0,20,2,4,0,52,48,1,1,3,0,55.6,29.0,-4,1.7777777777777777,1,2.4,0,16.74,26.79518072289157,1
27,62,2,1,0,1,0,27,1,1,1,55,51,1,1,3,0,66.8,27.5,-4,1.8888888888888888,1,2.1,0,16.74,34.204819277108435,1
20,65,0,0,0,1,1,28,2,6,0,76,85,1,2,0,0,56.400000000000006,23.0,9,4.25,-2,2.6,0,13.0,48.13253012048193,1
20,65,0,1,2,1,1,28,2,6,0,76,85,1,2,0,0,66.4,23.0,9,4.25,0,2.6,0,13.0,56.66666666666667,1
20,65,2,1,1,1,1,28,2,6,0,76,85,1,2,0,0,66.4,23.0,9,4.25,1,2.6,2,13.0,56.66666666666667,1
32,68,0,0,2,1,1,25,0,16,0,62,74,1,2,1,0,52.0,40.0,12,2.3125,0,3.6,0,21.76,38.634538152610446,1
32,68,0,0,2,1,1,19,0,10,1,71,89,0,1,0,0,65.60000000000001,37.0,18,2.78125,1,2.0,0,21.76,58.61847389558233,1
32,68,1,1,1,1,1,25,0,16,0,62,74,1,2,1,0,62.0,40.0,12,2.3125,0,3.6,1,21.76,46.06425702811246,1
32,68,1,1,1,1,1,19,0,10,1,71,89,0,1,0,0,75.60000000000001,37.0,18,2.78125,1,2.0,1,21.76,67.55421686746989,1
32,68,2,0,1,1,1,25,0,16,0,62,74,1,2,1,0,52.0,40.0,12,2.3125,1,3.6,2,21.76,38.634538152610446,1
32,68,2,0,1,1,1,19,0,10,1,71,89,0,1,0,0,65.60000000000001,37.0,18,2.78125,2,2.0,2,21.76,58.61847389558233,1
31,76,2,1,1,1,1,20,2,19,1,52,87,1,0,0,0,71.2,40.5,35,2.806451612903226,3,3.9000000000000004,2,23.56,62.19277108433736,1
31,76,2,1,1,1,1,24,0,17,1,73,65,1,0,2,0,79.60000000000001,39.5,-8,2.096774193548387,3,3.7,2,23.56,51.947791164658646,1
31,76,2,1,1,1,1,27,2,11,1,72,84,1,2,1,0,79.2,36.5,12,2.7096774193548385,1,3.1,2,23.56,66.79518072289157,1
31,76,2,1,1,1,1,26,1,2,1,84,41,1,0,3,0,84.0,32.0,-43,1.3225806451612903,3,2.2,2,23.56,34.57831325301205,1
31,76,2,1,0,1,1,20,2,19,1,52,87,1,0,0,0,71.2,40.5,35,2.806451612903226,2,3.9000000000000004,0,23.56,62.19277108433736,1
31,76,2,1,0,1,1,24,0,17,1,73,65,1,0,2,0,79.60000000000001,39.5,-8,2.096774193548387,2,3.7,0,23.56,51.947791164658646,1
31,76,2,1,0,1,1,27,2,11,1,72,84,1,2,1,0,79.2,36.5,12,2.7096774193548385,0,3.1,0,23.56,66.79518072289157,1
31,76,2,1,0,1,1,26,1,2,1,84,41,1,0,3,0,84.0,32.0,-43,1.3225806451612903,2,2.2,0,23.56,34.57831325301205,1
26,74,0,0,0,1,1,28,2,17,0,69,80,1,1,1,0,57.2,34.5,11,3.076923076923077,-1,3.7,0,19.24,45.94377510040161,1
26,74,1,0,1,1,1,28,2,17,0,69,80,1,1,1,0,57.2,34.5,11,3.076923076923077,1,3.7,1,19.24,45.94377510040161,1
26,74,0,1,1,1,1,28,2,17,0,69,80,1,1,1,0,67.2,34.5,11,3.076923076923077,0,3.7,0,19.24,53.975903614457835,1
24,86,2,0,1,1,0,19,0,15,1,62,97,1,0,0,0,69.2,31.5,35,4.041666666666667,3,3.5,2,20.64,67.39357429718876,1
24,86,2,0,1,1,0,29,3,2,1,52,98,1,2,0,0,65.2,25.0,46,4.083333333333333,1,2.2,2,20.64,64.15261044176707,1
24,86,2,0,1,1,0,27,1,4,1,91,40,1,0,3,0,80.8,26.0,-51,1.6666666666666667,3,2.4,2,20.64,32.44979919678715,1
24,86,2,0,0,1,0,19,0,15,1,62,97,1,0,0,0,69.2,31.5,35,4.041666666666667,2,3.5,0,20.64,67.39357429718876,1
24,86,2,0,0,1,0,29,3,2,1,52,98,1,2,0,0,65.2,25.0,46,4.083333333333333,0,2.2,0,20.64,64.15261044176707,1
24,86,2,0,0,1,0,27,1,4,1,91,40,1,0,3,0,80.8,26.0,-51,1.6666666666666667,2,2.4,0,20.64,32.44979919678715,1
24,86,2,1,0,1,0,19,0,15,1,62,97,1,0,0,0,79.2,31.5,35,4.041666666666667,2,3.5,0,20.64,77.13253012048195,1
24,86,2,1,0,1,0,29,3,2,1,52,98,1,2,0,0,75.2,25.0,46,4.083333333333333,0,2.2,0,20.64,73.99196787148595,1
24,86,2,1,0,1,0,27,1,4,1,91,40,1,0,3,0,90.8,26.0,-51,1.6666666666666667,2,2.4,0,20.64,36.46586345381526,1
24,86,1,0,0,1,0,19,0,15,1,62,97,1,0,0,0,69.2,31.5,35,4.041666666666667,1,3.5,0,20.64,67.39357429718876,1
24,86,1,0,0,1,0,29,3,2,1,52,98,1,2,0,0,65.2,25.0,46,4.083333333333333,-1,2.2,0,20.64,64.15261044176707,1
24,86,1,0,0,1,0,27,1,4,1,91,40,1,0,3,0,80.8,26.0,-51,1.6666666666666667,1,2.4,0,20.64,32.44979919678715,1
28,88,1,0,1,1,1,20,1,12,0,73,60,0,2,2,0,64.4,34.0,-13,2.142857142857143,0,2.2,1,24.64,38.79518072289157,1
24,74,1,1,1,1,0,25,2,1,1,53,68,0,1,2,0,70.80000000000001,24.5,15,2.8333333333333335,1,1.1,1,17.759999999999998,48.33734939759037,1
24,74,1,1,1,1,0,28,1,5,0,95,48,1,0,3,0,77.6,26.5,-47,2.0,2,2.5,1,17.759999999999998,37.397590361445786,1
24,74,1,1,1,1,0,26,3,6,1,52,68,0,2,2,0,70.4,27.0,16,2.8333333333333335,0,1.6,1,17.759999999999998,48.06425702811246,1
24,74,1,1,1,1,0,22,1,2,1,85,88,1,1,0,0,83.6,25.0,3,3.6666666666666665,1,2.2,1,17.759999999999998,73.86345381526104,1
24,74,2,0,2,1,0,25,2,1,1,53,68,0,1,2,0,60.800000000000004,24.5,15,2.8333333333333335,3,1.1,4,17.759999999999998,41.510040160642575,1
24,74,2,0,2,1,0,28,1,5,0,95,48,1,0,3,0,67.6,26.5,-47,2.0,4,2.5,4,17.759999999999998,32.57831325301205,1
24,74,2,0,2,1,0,26,3,6,1,52,68,0,2,2,0,60.400000000000006,27.0,16,2.8333333333333335,2,1.6,4,17.759999999999998,41.23694779116467,1
24,74,2,0,2,1,0,22,1,2,1,85,88,1,1,0,0,73.6,25.0,3,3.6666666666666665,3,2.2,4,17.759999999999998,65.0281124497992,1
24,74,0,1,1,1,0,25,2,1,1,53,68,0,1,2,0,70.80000000000001,24.5,15,2.8333333333333335,0,1.1,0,17.759999999999998,48.33734939759037,1
24,74,0,1,1,1,0,28,1,5,0,95,48,1,0,3,0,77.6,26.5,-47,2.0,1,2.5,0,17.759999999999998,37.397590361445786,1
24,74,0,1,1,1,0,26,3,6,1,52,68,0,2,2,0,70.4,27.0,16,2.8333333333333335,-1,1.6,0,17.759999999999998,48.06425702811246,1
24,74,0,1,1,1,0,22,1,2,1,85,88,1,1,0,0,83.6,25.0,3,3.6666666666666665,0,2.2,0,17.759999999999998,73.86345381526104,1
26,83,1,0,0,1,1,25,1,17,0,78,96,0,1,0,0,64.4,34.5,18,3.6923076923076925,0,2.7,0,21.58,62.07228915662651,1
26,83,1,0,0,1,1,26,1,4,0,96,91,1,1,0,0,71.60000000000001,28.0,-5,3.5,0,2.4,0,21.58,65.41767068273094,1
26,83,1,0,0,1,1,27,1,19,0,67,93,1,1,0,0,60.0,35.5,26,3.576923076923077,0,3.9000000000000004,0,21.58,56.02409638554217,1
26,83,2,1,1,1,1,25,1,17,0,78,96,0,1,0,0,74.4,34.5,18,3.6923076923076925,2,2.7,2,21.58,71.71084337349399,1
26,83,2,1,1,1,1,26,1,4,0,96,91,1,1,0,0,81.60000000000001,28.0,-5,3.5,2,2.4,2,21.58,74.55421686746989,1
26,83,2,1,1,1,1,27,1,19,0,67,93,1,1,0,0,70.0,35.5,26,3.576923076923077,2,3.9000000000000004,2,21.58,65.36144578313254,1
26,83,0,0,1,1,1,25,1,17,0,78,96,0,1,0,0,64.4,34.5,18,3.6923076923076925,0,2.7,0,21.58,62.07228915662651,1
26,83,0,0,1,1,1,26,1,4,0,96,91,1,1,0,0,71.60000000000001,28.0,-5,3.5,0,2.4,0,21.58,65.41767068273094,1
26,83,0,0,1,1,1,27,1,19,0,67,93,1,1,0,0,60.0,35.5,26,3.576923076923077,0,3.9000000000000004,0,21.58,56.02409638554217,1
29,95,0,0,1,1,0,28,3,6,1,68,53,1,2,3,0,75.2,32.0,-15,1.8275862068965518,-1,2.6,0,27.549999999999997,40.01606425702811,1
29,95,0,0,1,1,0,21,1,19,1,82,98,0,2,0,0,80.80000000000001,38.5,16,3.3793103448275863,-1,2.9000000000000004,0,27.549999999999997,79.50200803212853,1
29,95,1,1,1,1,0,28,3,6,1,68,53,1,2,3,0,85.2,32.0,-15,1.8275862068965518,0,2.6,1,27.549999999999997,45.337349397590366,1
29,95,1,1,1,1,0,21,1,19,1,82,98,0,2,0,0,90.80000000000001,38.5,16,3.3793103448275863,0,2.9000000000000004,1,27.549999999999997,89.3413654618474,1
29,95,1,1,0,1,0,28,3,6,1,68,53,1,2,3,0,85.2,32.0,-15,1.8275862068965518,-1,2.6,0,27.549999999999997,45.337349397590366,1
29,95,1,1,0,1,0,21,1,19,1,82,98,0,2,0,0,90.80000000000001,38.5,16,3.3793103448275863,-1,2.9000000000000004,0,27.549999999999997,89.3413654618474,1
29,95,0,1,1,1,0,28,3,6,1,68,53,1,2,3,0,85.2,32.0,-15,1.8275862068965518,-1,2.6,0,27.549999999999997,45.337349397590366,1
29,95,0,1,1,1,0,21,1,19,1,82,98,0,2,0,0,90.80000000000001,38.5,16,3.3793103448275863,-1,2.9000000000000004,0,27.549999999999997,89.3413654618474,1
20,72,0,1,0,1,0,27,2,17,0,77,66,1,2,2,0,69.6,28.5,-11,3.3,-2,3.7,0,14.399999999999999,46.12048192771085,1
20,72,2,0,0,1,0,27,2,17,0,77,66,1,2,2,0,59.6,28.5,-11,3.3,0,3.7,0,14.399999999999999,39.493975903614455,1
20,72,0,1,1,1,0,27,2,17,0,77,66,1,2,2,0,69.6,28.5,-11,3.3,-1,3.7,0,14.399999999999999,46.12048192771085,1
30,86,0,1,1,1,0,26,3,0,0,53,73,1,1,1,0,65.6,30.0,20,2.433333333333333,0,2.0,0,25.8,48.08032128514056,1
30,86,0,1,1,1,0,29,3,7,1,71,45,1,2,3,0,82.8,33.5,-26,1.5,-1,2.7,0,25.8,37.40963855421687,1
30,86,0,1,1,1,0,19,2,8,1,54,62,1,1,2,0,76.0,34.0,8,2.066666666666667,0,2.8,0,25.8,47.30923694779117,1
30,86,2,1,1,1,0,26,3,0,0,53,73,1,1,1,0,65.6,30.0,20,2.433333333333333,2,2.0,2,25.8,48.08032128514056,1
30,86,2,1,1,1,0,29,3,7,1,71,45,1,2,3,0,82.8,33.5,-26,1.5,1,2.7,2,25.8,37.40963855421687,1
30,86,2,1,1,1,0,19,2,8,1,54,62,1,1,2,0,76.0,34.0,8,2.066666666666667,2,2.8,2,25.8,47.30923694779117,1
20,70,1,0,1,1,0,23,2,10,0,97,58,0,1,2,0,66.80000000000001,25.0,-39,2.9,1,2.0,1,14.0,38.8995983935743,1
20,70,1,1,2,1,0,23,2,10,0,97,58,0,1,2,0,76.80000000000001,25.0,-39,2.9,2,2.0,2,14.0,44.72289156626507,1
22,74,0,1,0,1,1,28,1,18,1,79,75,1,1,1,0,81.2,31.0,-4,3.409090909090909,-1,3.8,0,16.28,61.144578313253014,1
22,74,0,1,0,1,1,21,3,2,1,63,79,1,0,1,0,74.80000000000001,23.0,16,3.590909090909091,0,2.2,0,16.28,59.32931726907631,1
22,74,0,1,0,1,1,22,3,6,1,84,67,1,2,2,0,83.2,25.0,-17,3.0454545454545454,-2,2.6,0,16.28,55.96787148594378,1
22,74,2,0,0,1,1,28,1,18,1,79,75,1,1,1,0,71.2,31.0,-4,3.409090909090909,1,3.8,0,16.28,53.61445783132531,1
22,74,2,0,0,1,1,21,3,2,1,63,79,1,0,1,0,64.80000000000001,23.0,16,3.590909090909091,2,2.2,0,16.28,51.39759036144579,1
22,74,2,0,0,1,1,22,3,6,1,84,67,1,2,2,0,73.2,25.0,-17,3.0454545454545454,0,2.6,0,16.28,49.24096385542169,1
22,74,2,1,1,1,1,28,1,18,1,79,75,1,1,1,0,81.2,31.0,-4,3.409090909090909,2,3.8,2,16.28,61.144578313253014,1
22,74,2,1,1,1,1,21,3,2,1,63,79,1,0,1,0,74.80000000000001,23.0,16,3.590909090909091,3,2.2,2,16.28,59.32931726907631,1
22,74,2,1,1,1,1,22,3,6,1,84,67,1,2,2,0,83.2,25.0,-17,3.0454545454545454,1,2.6,2,16.28,55.96787148594378,1
20,76,0,0,1,1,0,18,0,6,0,95,71,1,2,1,0,68.4,23.0,-24,3.55,-1,2.6,0,15.2,48.75903614457832,1
20,76,2,1,1,1,0,18,0,6,0,95,71,1,2,1,0,78.4,23.0,-24,3.55,1,2.6,2,15.2,55.88755020080322,1
24,62,1,0,2,1,1,18,2,9,1,75,85,1,2,0,0,64.8,28.5,10,3.5416666666666665,1,2.9,2,14.879999999999999,55.30120481927711,1
24,62,1,0,2,1,1,24,2,10,1,56,75,0,0,1,0,57.2,29.0,19,3.125,3,2.0,2,14.879999999999999,43.07228915662651,1
24,62,1,1,1,1,1,18,2,9,1,75,85,1,2,0,0,74.8,28.5,10,3.5416666666666665,0,2.9,1,14.879999999999999,63.83534136546185,1
24,62,1,1,1,1,1,24,2,10,1,56,75,0,0,1,0,67.2,29.0,19,3.125,2,2.0,1,14.879999999999999,50.60240963855422,1
24,62,1,0,1,1,1,18,2,9,1,75,85,1,2,0,0,64.8,28.5,10,3.5416666666666665,0,2.9,1,14.879999999999999,55.30120481927711,1
24,62,1,0,1,1,1,24,2,10,1,56,75,0,0,1,0,57.2,29.0,19,3.125,2,2.0,1,14.879999999999999,43.07228915662651,1
24,62,0,1,1,1,1,18,2,9,1,75,85,1,2,0,0,74.8,28.5,10,3.5416666666666665,-1,2.9,0,14.879999999999999,63.83534136546185,1
24,62,0,1,1,1,1,24,2,10,1,56,75,0,0,1,0,67.2,29.0,19,3.125,1,2.0,0,14.879999999999999,50.60240963855422,1
24,62,1,1,0,1,1,18,2,9,1,75,85,1,2,0,0,74.8,28.5,10,3.5416666666666665,-1,2.9,0,14.879999999999999,63.83534136546185,1
24,62,1,1,0,1,1,24,2,10,1,56,75,0,0,1,0,67.2,29.0,19,3.125,1,2.0,0,14.879999999999999,50.60240963855422,1
22,80,1,1,1,1,0,19,3,5,1,97,88,1,0,0,0,90.80000000000001,24.5,-9,4.0,2,2.5,1,17.6,80.22489959839359,1
22,80,1,1,1,1,0,20,0,3,1,64,62,0,1,2,0,77.6,23.5,-2,2.8181818181818183,1,1.3,1,17.6,48.30522088353414,1
22,80,1,1,1,1,0,18,0,20,1,71,42,0,2,3,0,80.4,32.0,-29,1.9090909090909092,0,3.0,1,17.6,33.90361445783133,1
22,80,1,1,1,1,0,18,2,5,1,70,56,0,2,2,0,80.0,24.5,-14,2.5454545454545454,0,1.5,1,17.6,44.97991967871486,1
22,80,1,1,1,1,0,23,0,19,0,78,85,1,0,0,0,73.2,31.5,7,3.8636363636363638,2,3.9000000000000004,1,17.6,62.46987951807229,1
22,80,1,1,1,1,0,18,0,2,1,72,53,1,1,3,0,80.8,23.0,-19,2.409090909090909,1,2.2,1,17.6,42.99598393574297,1
22,80,1,1,2,1,0,19,3,5,1,97,88,1,0,0,0,90.80000000000001,24.5,-9,4.0,3,2.5,2,17.6,80.22489959839359,1
22,80,1,1,2,1,0,20,0,3,1,64,62,0,1,2,0,77.6,23.5,-2,2.8181818181818183,2,1.3,2,17.6,48.30522088353414,1
22,80,1,1,2,1,0,18,0,20,1,71,42,0,2,3,0,80.4,32.0,-29,1.9090909090909092,1,3.0,2,17.6,33.90361445783133,1
22,80,1,1,2,1,0,18,2,5,1,70,56,0,2,2,0,80.0,24.5,-14,2.5454545454545454,1,1.5,2,17.6,44.97991967871486,1
22,80,1,1,2,1,0,23,0,19,0,78,85,1,0,0,0,73.2,31.5,7,3.8636363636363638,3,3.9000000000000004,2,17.6,62.46987951807229,1
22,80,1,1,2,1,0,18,0,2,1,72,53,1,1,3,0,80.8,23.0,-19,2.409090909090909,2,2.2,2,17.6,42.99598393574297,1
22,80,2,1,1,1,0,19,3,5,1,97,88,1,0,0,0,90.80000000000001,24.5,-9,4.0,3,2.5,2,17.6,80.22489959839359,1
22,80,2,1,1,1,0,20,0,3,1,64,62,0,1,2,0,77.6,23.5,-2,2.8181818181818183,2,1.3,2,17.6,48.30522088353414,1
22,80,2,1,1,1,0,18,0,20,1,71,42,0,2,3,0,80.4,32.0,-29,1.9090909090909092,1,3.0,2,17.6,33.90361445783133,1
22,80,2,1,1,1,0,18,2,5,1,70,56,0,2,2,0,80.0,24.5,-14,2.5454545454545454,1,1.5,2,17.6,44.97991967871486,1
22,80,2,1,1,1,0,23,0,19,0,78,85,1,0,0,0,73.2,31.5,7,3.8636363636363638,3,3.9000000000000004,2,17.6,62.46987951807229,1
22,80,2,1,1,1,0,18,0,2,1,72,53,1,1,3,0,80.8,23.0,-19,2.409090909090909,2,2.2,2,17.6,42.99598393574297,1
22,80,0,0,2,1,0,19,3,5,1,97,88,1,0,0,0,80.80000000000001,24.5,-9,4.0,2,2.5,0,17.6,71.38955823293175,1
22,80,0,0,2,1,0,20,0,3,1,64,62,0,1,2,0,67.6,23.5,-2,2.8181818181818183,1,1.3,0,17.6,42.08032128514056,1
22,80,0,0,2,1,0,18,0,20,1,71,42,0,2,3,0,70.4,32.0,-29,1.9090909090909092,0,3.0,0,17.6,29.686746987951814,1
22,80,0,0,2,1,0,18,2,5,1,70,56,0,2,2,0,70.0,24.5,-14,2.5454545454545454,0,1.5,0,17.6,39.35742971887551,1
22,80,0,0,2,1,0,23,0,19,0,78,85,1,0,0,0,63.2,31.5,7,3.8636363636363638,2,3.9000000000000004,0,17.6,53.935742971887564,1
22,80,0,0,2,1,0,18,0,2,1,72,53,1,1,3,0,70.8,23.0,-19,2.409090909090909,1,2.2,0,17.6,37.67469879518072,1
22,80,2,1,0,1,0,19,3,5,1,97,88,1,0,0,0,90.80000000000001,24.5,-9,4.0,2,2.5,0,17.6,80.22489959839359,1
22,80,2,1,0,1,0,20,0,3,1,64,62,0,1,2,0,77.6,23.5,-2,2.8181818181818183,1,1.3,0,17.6,48.30522088353414,1
22,80,2,1,0,1,0,18,0,20,1,71,42,0,2,3,0,80.4,32.0,-29,1.9090909090909092,0,3.0,0,17.6,33.90361445783133,1
22,80,2,1,0,1,0,18,2,5,1,70,56,0,2,2,0,80.0,24.5,-14,2.5454545454545454,0,1.5,0,17.6,44.97991967871486,1
22,80,2,1,0,1,0,23,0,19,0,78,85,1,0,0,0,73.2,31.5,7,3.8636363636363638,2,3.9000000000000004,0,17.6,62.46987951807229,1
22,80,2,1,0,1,0,18,0,2,1,72,53,1,1,3,0,80.8,23.0,-19,2.409090909090909,1,2.2,0,17.6,42.99598393574297,1
20,83,1,0,1,1,1,27,1,8,0,76,58,1,2,2,0,63.60000000000001,24.0,-18,2.9,0,2.8,1,16.599999999999998,37.03614457831326,1
20,83,1,0,1,1,1,29,3,18,0,65,42,0,0,3,0,59.2,29.0,-23,2.1,2,2.8,1,16.599999999999998,24.96385542168675,1
20,83,0,0,2,1,1,27,1,8,0,76,58,1,2,2,0,63.60000000000001,24.0,-18,2.9,0,2.8,0,16.599999999999998,37.03614457831326,1
20,83,0,0,2,1,1,29,3,18,0,65,42,0,0,3,0,59.2,29.0,-23,2.1,2,2.8,0,16.599999999999998,24.96385542168675,1
20,83,1,1,0,1,1,27,1,8,0,76,58,1,2,2,0,73.60000000000001,24.0,-18,2.9,-1,2.8,0,16.599999999999998,42.85943775100402,1
20,83,1,1,0,1,1,29,3,18,0,65,42,0,0,3,0,69.2,29.0,-23,2.1,1,2.8,0,16.599999999999998,29.18072289156627,1
20,83,0,1,1,1,1,27,1,8,0,76,58,1,2,2,0,73.60000000000001,24.0,-18,2.9,-1,2.8,0,16.599999999999998,42.85943775100402,1
20,83,0,1,1,1,1,29,3,18,0,65,42,0,0,3,0,69.2,29.0,-23,2.1,1,2.8,0,16.599999999999998,29.18072289156627,1
20,83,2,1,1,1,1,27,1,8,0,76,58,1,2,2,0,73.60000000000001,24.0,-18,2.9,1,2.8,2,16.599999999999998,42.85943775100402,1
20,83,2,1,1,1,1,29,3,18,0,65,42,0,0,3,0,69.2,29.0,-23,2.1,3,2.8,2,16.599999999999998,29.18072289156627,1
20,83,1,1,1,1,1,27,1,8,0,76,58,1,2,2,0,73.60000000000001,24.0,-18,2.9,0,2.8,1,16.599999999999998,42.85943775100402,1
20,83,1,1,1,1,1,29,3,18,0,65,42,0,0,3,0,69.2,29.0,-23,2.1,2,2.8,1,16.599999999999998,29.18072289156627,1
23,95,1,1,1,1,1,26,1,0,1,77,73,1,0,1,0,88.8,23.0,-4,3.1739130434782608,2,2.0,1,21.849999999999998,65.08433734939759,1
23,95,1,1,1,1,1,24,1,11,1,98,63,1,2,2,0,97.2,28.5,-35,2.739130434782609,0,3.1,1,21.849999999999998,61.48192771084337,1
23,95,1,1,2,1,1,26,1,0,1,77,73,1,0,1,0,88.8,23.0,-4,3.1739130434782608,3,2.0,2,21.849999999999998,65.08433734939759,1
23,95,1,1,2,1,1,24,1,11,1,98,63,1,2,2,0,97.2,28.5,-35,2.739130434782609,1,3.1,2,21.849999999999998,61.48192771084337,1
20,79,1,1,2,1,0,26,1,18,1,67,51,1,1,3,0,78.4,29.0,-16,2.55,2,3.8,2,15.8,40.14457831325302,1
20,79,1,0,1,1,0,26,1,18,1,67,51,1,1,3,0,68.4,29.0,-16,2.55,1,3.8,1,15.8,35.02409638554217,1
20,79,1,0,0,1,0,26,1,18,1,67,51,1,1,3,0,68.4,29.0,-16,2.55,0,3.8,0,15.8,35.02409638554217,1
20,79,0,1,0,1,0,26,1,18,1,67,51,1,1,3,0,78.4,29.0,-16,2.55,-1,3.8,0,15.8,40.14457831325302,1
20,79,1,1,1,1,0,26,1,18,1,67,51,1,1,3,0,78.4,29.0,-16,2.55,1,3.8,1,15.8,40.14457831325302,1
21,88,1,1,2,1,1,18,3,5,1,78,97,0,2,0,0,86.4,23.5,19,4.619047619047619,1,1.5,2,18.48,84.14457831325302,1
21,88,1,1,2,1,1,27,0,6,1,51,57,1,1,2,0,75.60000000000001,24.0,6,2.7142857142857144,2,2.6,2,18.48,43.26506024096386,1
21,88,0,1,1,1,1,18,3,5,1,78,97,0,2,0,0,86.4,23.5,19,4.619047619047619,-1,1.5,0,18.48,84.14457831325302,1
21,88,0,1,1,1,1,27,0,6,1,51,57,1,1,2,0,75.60000000000001,24.0,6,2.7142857142857144,0,2.6,0,18.48,43.26506024096386,1
21,88,0,0,1,1,1,18,3,5,1,78,97,0,2,0,0,76.4,23.5,19,4.619047619047619,-1,1.5,0,18.48,74.40562248995985,1
21,88,0,0,1,1,1,27,0,6,1,51,57,1,1,2,0,65.60000000000001,24.0,6,2.7142857142857144,0,2.6,0,18.48,37.5421686746988,1
21,88,1,0,1,1,1,18,3,5,1,78,97,0,2,0,0,76.4,23.5,19,4.619047619047619,0,1.5,1,18.48,74.40562248995985,1
21,88,1,0,1,1,1,27,0,6,1,51,57,1,1,2,0,65.60000000000001,24.0,6,2.7142857142857144,1,2.6,1,18.48,37.5421686746988,1
21,88,1,0,0,1,1,18,3,5,1,78,97,0,2,0,0,76.4,23.5,19,4.619047619047619,-1,1.5,0,18.48,74.40562248995985,1
21,88,1,0,0,1,1,27,0,6,1,51,57,1,1,2,0,65.60000000000001,24.0,6,2.7142857142857144,0,2.6,0,18.48,37.5421686746988,1
19,79,2,0,0,1,0,23,0,6,0,76,61,1,1,2,0,62.0,22.0,-15,3.210526315789474,1,2.6,0,15.010000000000002,37.971887550200805,1
19,79,2,0,0,1,0,18,0,1,0,60,67,0,2,2,0,55.6,19.5,7,3.526315789473684,0,1.1,0,15.010000000000002,37.401606425702816,1
19,79,2,1,1,1,0,23,0,6,0,76,61,1,1,2,0,72.0,22.0,-15,3.210526315789474,2,2.6,2,15.010000000000002,44.096385542168676,1
19,79,2,1,1,1,0,18,0,1,0,60,67,0,2,2,0,65.6,19.5,7,3.526315789473684,1,1.1,2,15.010000000000002,44.1285140562249,1
19,79,1,1,2,1,0,23,0,6,0,76,61,1,1,2,0,72.0,22.0,-15,3.210526315789474,2,2.6,2,15.010000000000002,44.096385542168676,1
19,79,1,1,2,1,0,18,0,1,0,60,67,0,2,2,0,65.6,19.5,7,3.526315789473684,1,1.1,2,15.010000000000002,44.1285140562249,1
19,79,1,1,1,1,0,23,0,6,0,76,61,1,1,2,0,72.0,22.0,-15,3.210526315789474,1,2.6,1,15.010000000000002,44.096385542168676,1
19,79,1,1,1,1,0,18,0,1,0,60,67,0,2,2,0,65.6,19.5,7,3.526315789473684,0,1.1,1,15.010000000000002,44.1285140562249,1
19,79,1,1,0,1,0,23,0,6,0,76,61,1,1,2,0,72.0,22.0,-15,3.210526315789474,0,2.6,0,15.010000000000002,44.096385542168676,1
19,79,1,1,0,1,0,18,0,1,0,60,67,0,2,2,0,65.6,19.5,7,3.526315789473684,-1,1.1,0,15.010000000000002,44.1285140562249,1
24,69,2,0,0,1,1,28,2,9,1,61,72,0,2,1,0,62.0,28.5,11,3.0,0,1.9,0,16.56,44.81927710843374,1
24,69,0,1,1,1,1,28,2,9,1,61,72,0,2,1,0,72.0,28.5,11,3.0,-1,1.9,0,16.56,52.04819277108434,1
24,69,2,1,1,1,1,28,2,9,1,61,72,0,2,1,0,72.0,28.5,11,3.0,1,1.9,2,16.56,52.04819277108434,1
24,69,2,1,0,1,1,28,2,9,1,61,72,0,2,1,0,72.0,28.5,11,3.0,0,1.9,0,16.56,52.04819277108434,1
25,63,1,0,1,1,0,19,0,2,0,96,91,1,2,0,1,63.60000000000001,26.0,-5,3.64,0,2.2,1,15.75,58.10843373493977,1
25,63,0,1,1,1,0,19,0,2,0,96,91,1,2,0,1,73.60000000000001,26.0,-5,3.64,-1,2.2,0,15.75,67.24497991967873,1
18,80,0,1,1,1,0,24,1,3,1,86,54,1,2,3,0,86.4,19.5,-32,3.0,-1,2.3,0,14.4,46.84337349397591,1
18,80,0,1,1,1,0,24,1,14,0,74,61,1,2,2,0,71.6,25.0,-13,3.388888888888889,-1,3.4000000000000004,0,14.4,43.851405622489956,1
18,80,2,1,1,1,0,24,1,3,1,86,54,1,2,3,0,86.4,19.5,-32,3.0,1,2.3,2,14.4,46.84337349397591,1
18,80,2,1,1,1,0,24,1,14,0,74,61,1,2,2,0,71.6,25.0,-13,3.388888888888889,1,3.4000000000000004,2,14.4,43.851405622489956,1
28,85,2,1,1,1,1,27,2,19,1,75,87,1,2,0,0,84.0,37.5,12,3.107142857142857,1,3.9000000000000004,2,23.8,73.37349397590361,1
28,85,2,1,1,1,1,22,1,0,1,54,43,0,0,3,0,75.6,28.0,-11,1.5357142857142858,3,1.0,2,23.8,32.63855421686747,1
28,85,1,1,0,1,1,27,2,19,1,75,87,1,2,0,0,84.0,37.5,12,3.107142857142857,-1,3.9000000000000004,0,23.8,73.37349397590361,1
28,85,1,1,0,1,1,22,1,0,1,54,43,0,0,3,0,75.6,28.0,-11,1.5357142857142858,1,1.0,0,23.8,32.63855421686747,1
28,85,0,0,0,1,1,27,2,19,1,75,87,1,2,0,0,74.0,37.5,12,3.107142857142857,-2,3.9000000000000004,0,23.8,64.63855421686748,1
28,85,0,0,0,1,1,22,1,0,1,54,43,0,0,3,0,65.6,28.0,-11,1.5357142857142858,0,1.0,0,23.8,28.32128514056225,1
30,61,2,1,1,1,0,23,2,14,1,89,83,1,2,1,0,80.0,37.0,-6,2.7666666666666666,1,3.4000000000000004,2,18.3,66.66666666666667,1
30,61,2,1,0,1,0,23,2,14,1,89,83,1,2,1,0,80.0,37.0,-6,2.7666666666666666,0,3.4000000000000004,0,18.3,66.66666666666667,1
19,88,0,0,1,1,0,27,3,10,0,77,45,0,1,3,0,66.0,24.0,-32,2.3684210526315788,0,2.0,0,16.72,29.819277108433734,1
19,88,0,0,1,1,0,27,0,15,0,74,68,1,2,2,0,64.80000000000001,26.5,-6,3.5789473684210527,-1,3.5,0,16.72,44.2409638554217,1
19,88,2,0,1,1,0,27,3,10,0,77,45,0,1,3,0,66.0,24.0,-32,2.3684210526315788,2,2.0,2,16.72,29.819277108433734,1
19,88,2,0,1,1,0,27,0,15,0,74,68,1,2,2,0,64.80000000000001,26.5,-6,3.5789473684210527,1,3.5,2,16.72,44.2409638554217,1
38,86,2,1,0,1,1,21,2,11,1,99,53,1,0,3,0,94.0,43.5,-46,1.394736842105263,2,3.1,0,32.68,50.02008032128514,1
27,74,2,0,1,1,0,28,2,14,1,83,45,1,0,3,0,72.80000000000001,34.0,-38,1.6666666666666667,3,3.4000000000000004,2,19.98,32.89156626506025,1
27,74,2,0,1,1,0,28,1,14,1,66,57,1,1,2,0,66.0,34.0,-9,2.111111111111111,2,3.4000000000000004,2,19.98,37.7710843373494,1
27,74,2,0,1,1,0,20,3,6,1,76,62,1,1,2,0,70.0,30.0,-14,2.2962962962962963,2,2.6,2,19.98,43.574297188755025,1
27,74,2,0,1,1,0,19,0,8,1,66,69,1,2,2,0,66.0,31.0,3,2.5555555555555554,1,2.8,2,19.98,45.72289156626506,1
27,74,2,1,0,1,0,28,2,14,1,83,45,1,0,3,0,82.80000000000001,34.0,-38,1.6666666666666667,2,3.4000000000000004,0,19.98,37.409638554216876,1
27,74,2,1,0,1,0,28,1,14,1,66,57,1,1,2,0,76.0,34.0,-9,2.111111111111111,1,3.4000000000000004,0,19.98,43.49397590361446,1
27,74,2,1,0,1,0,20,3,6,1,76,62,1,1,2,0,80.0,30.0,-14,2.2962962962962963,1,2.6,0,19.98,49.799196787148595,1
27,74,2,1,0,1,0,19,0,8,1,66,69,1,2,2,0,76.0,31.0,3,2.5555555555555554,0,2.8,0,19.98,52.65060240963856,1
21,60,2,1,0,1,0,19,2,13,0,79,76,0,1,1,0,65.6,27.5,-3,3.619047619047619,1,2.3,0,12.6,50.05622489959839,1
21,60,2,1,0,1,0,27,3,19,1,50,40,1,1,3,0,64.0,30.5,-10,1.9047619047619047,1,3.9000000000000004,0,12.6,25.70281124497992,1
21,60,2,1,0,1,0,19,0,4,0,63,74,1,2,1,0,59.2,23.0,11,3.5238095238095237,0,2.4,0,12.6,43.983935742971894,1
21,60,2,1,0,1,0,18,2,8,1,56,63,1,1,2,0,66.4,25.0,7,3.0,1,2.8,0,12.6,42.00000000000001,1
21,60,0,0,1,1,0,19,2,13,0,79,76,0,1,1,0,55.6,27.5,-3,3.619047619047619,0,2.3,0,12.6,42.42570281124498,1
21,60,0,0,1,1,0,27,3,19,1,50,40,1,1,3,0,54.0,30.5,-10,1.9047619047619047,0,3.9000000000000004,0,12.6,21.68674698795181,1
21,60,0,0,1,1,0,19,0,4,0,63,74,1,2,1,0,49.2,23.0,11,3.5238095238095237,-1,2.4,0,12.6,36.55421686746988,1
21,60,0,0,1,1,0,18,2,8,1,56,63,1,1,2,0,56.400000000000006,25.0,7,3.0,0,2.8,0,12.6,35.674698795180724,1
15,97,1,1,1,1,1,19,0,8,1,69,41,1,2,3,0,86.4,19.0,-28,2.7333333333333334,0,2.8,1,14.549999999999999,35.566265060240966,1
14,73,1,1,1,1,0,22,1,7,0,81,40,1,2,3,0,71.6,17.5,-41,2.857142857142857,0,2.7,1,10.219999999999999,28.755020080321284,1
14,73,0,1,0,1,0,22,1,7,0,81,40,1,2,3,0,71.6,17.5,-41,2.857142857142857,-2,2.7,0,10.219999999999999,28.755020080321284,1
14,73,2,1,1,1,0,22,1,7,0,81,40,1,2,3,0,71.6,17.5,-41,2.857142857142857,1,2.7,2,10.219999999999999,28.755020080321284,1
14,73,1,0,2,1,0,22,1,7,0,81,40,1,2,3,0,61.6,17.5,-41,2.857142857142857,1,2.7,2,10.219999999999999,24.738955823293175,1
30,75,2,0,2,1,0,22,1,15,1,96,40,0,1,3,0,78.4,37.5,-56,1.3333333333333333,3,2.5,4,22.5,31.485943775100406,1
30,75,2,0,2,1,0,22,1,17,0,60,63,1,0,2,0,54.0,38.5,3,2.1,4,3.7,4,22.5,34.156626506024104,1
30,75,2,0,2,1,0,19,0,3,0,77,92,1,0,0,0,60.8,31.5,15,3.066666666666667,4,2.3,4,22.5,56.16064257028113,1
30,75,2,0,2,1,0,23,1,16,1,55,69,1,0,2,0,62.0,38.0,14,2.3,4,3.6,4,22.5,42.95180722891567,1
30,75,2,0,2,1,0,22,0,12,1,57,64,1,1,2,0,62.8,36.0,7,2.1333333333333333,3,3.2,4,22.5,40.35341365461847,1
20,61,0,1,1,1,0,27,1,13,0,68,56,1,2,2,0,61.60000000000001,26.5,-12,2.8,-1,3.3,0,12.2,34.634538152610446,1
20,61,0,1,1,1,0,29,2,1,1,91,70,0,0,1,0,80.8,20.5,-21,3.5,1,1.1,0,12.2,56.787148594377506,1
20,61,0,1,1,1,0,25,1,18,1,72,82,1,2,1,0,73.2,29.0,10,4.1,-1,3.8,0,12.2,60.265060240963855,1
20,61,0,1,0,1,0,27,1,13,0,68,56,1,2,2,0,61.60000000000001,26.5,-12,2.8,-2,3.3,0,12.2,34.634538152610446,1
20,61,0,1,0,1,0,29,2,1,1,91,70,0,0,1,0,80.8,20.5,-21,3.5,0,1.1,0,12.2,56.787148594377506,1
20,61,0,1,0,1,0,25,1,18,1,72,82,1,2,1,0,73.2,29.0,10,4.1,-2,3.8,0,12.2,60.265060240963855,1
20,61,2,1,1,1,0,27,1,13,0,68,56,1,2,2,0,61.60000000000001,26.5,-12,2.8,1,3.3,2,12.2,34.634538152610446,1
20,61,2,1,1,1,0,29,2,1,1,91,70,0,0,1,0,80.8,20.5,-21,3.5,3,1.1,2,12.2,56.787148594377506,1
20,61,2,1,1,1,0,25,1,18,1,72,82,1,2,1,0,73.2,29.0,10,4.1,1,3.8,2,12.2,60.265060240963855,1
20,61,2,0,1,1,0,27,1,13,0,68,56,1,2,2,0,51.60000000000001,26.5,-12,2.8,1,3.3,2,12.2,29.01204819277109,1
20,61,2,0,1,1,0,29,2,1,1,91,70,0,0,1,0,70.8,20.5,-21,3.5,3,1.1,2,12.2,49.75903614457831,1
20,61,2,0,1,1,0,25,1,18,1,72,82,1,2,1,0,63.2,29.0,10,4.1,1,3.8,2,12.2,52.03212851405623,1
29,92,1,1,2,1,1,28,0,19,0,99,83,0,1,1,0,86.4,38.5,-16,2.8620689655172415,2,2.9000000000000004,2,26.68,72.00000000000001,1
29,92,1,1,2,1,1,20,1,2,1,55,49,1,1,3,0,78.80000000000001,30.0,-6,1.6896551724137931,2,2.2,2,26.68,38.76706827309238,1
29,92,0,1,1,1,1,28,0,19,0,99,83,0,1,1,0,86.4,38.5,-16,2.8620689655172415,0,2.9000000000000004,0,26.68,72.00000000000001,1
29,92,0,1,1,1,1,20,1,2,1,55,49,1,1,3,0,78.80000000000001,30.0,-6,1.6896551724137931,0,2.2,0,26.68,38.76706827309238,1
29,92,2,0,0,1,1,28,0,19,0,99,83,0,1,1,0,76.4,38.5,-16,2.8620689655172415,1,2.9000000000000004,0,26.68,63.66666666666668,1
29,92,2,0,0,1,1,20,1,2,1,55,49,1,1,3,0,68.80000000000001,30.0,-6,1.6896551724137931,1,2.2,0,26.68,33.84738955823294,1
23,88,1,1,1,1,1,18,2,5,1,86,45,0,1,3,0,89.6,25.5,-41,1.9565217391304348,1,1.5,1,20.24,40.48192771084337,1
23,88,1,1,1,1,1,23,3,19,0,84,93,0,2,0,0,78.80000000000001,32.5,9,4.043478260869565,0,2.9000000000000004,1,20.24,73.57831325301207,1
23,88,1,1,1,1,1,25,1,11,0,91,91,1,0,0,0,81.6,28.5,0,3.9565217391304346,2,3.1,1,20.24,74.55421686746988,1
23,88,1,1,1,1,1,29,0,16,1,81,96,0,1,0,0,87.6,31.0,15,4.173913043478261,1,2.6,1,20.24,84.43373493975903,1
23,88,1,0,1,1,1,18,2,5,1,86,45,0,1,3,0,79.6,25.5,-41,1.9565217391304348,1,1.5,1,20.24,35.963855421686745,1
23,88,1,0,1,1,1,23,3,19,0,84,93,0,2,0,0,68.80000000000001,32.5,9,4.043478260869565,0,2.9000000000000004,1,20.24,64.2409638554217,1
23,88,1,0,1,1,1,25,1,11,0,91,91,1,0,0,0,71.6,28.5,0,3.9565217391304346,2,3.1,1,20.24,65.41767068273091,1
23,88,1,0,1,1,1,29,0,16,1,81,96,0,1,0,0,77.6,31.0,15,4.173913043478261,1,2.6,1,20.24,74.79518072289157,1
23,88,0,1,1,1,1,18,2,5,1,86,45,0,1,3,0,89.6,25.5,-41,1.9565217391304348,0,1.5,0,20.24,40.48192771084337,1
23,88,0,1,1,1,1,23,3,19,0,84,93,0,2,0,0,78.80000000000001,32.5,9,4.043478260869565,-1,2.9000000000000004,0,20.24,73.57831325301207,1
23,88,0,1,1,1,1,25,1,11,0,91,91,1,0,0,0,81.6,28.5,0,3.9565217391304346,1,3.1,0,20.24,74.55421686746988,1
23,88,0,1,1,1,1,29,0,16,1,81,96,0,1,0,0,87.6,31.0,15,4.173913043478261,0,2.6,0,20.24,84.43373493975903,1
23,88,1,1,0,1,1,18,2,5,1,86,45,0,1,3,0,89.6,25.5,-41,1.9565217391304348,0,1.5,0,20.24,40.48192771084337,1
23,88,1,1,0,1,1,23,3,19,0,84,93,0,2,0,0,78.80000000000001,32.5,9,4.043478260869565,-1,2.9000000000000004,0,20.24,73.57831325301207,1
23,88,1,1,0,1,1,25,1,11,0,91,91,1,0,0,0,81.6,28.5,0,3.9565217391304346,1,3.1,0,20.24,74.55421686746988,1
23,88,1,1,0,1,1,29,0,16,1,81,96,0,1,0,0,87.6,31.0,15,4.173913043478261,0,2.6,0,20.24,84.43373493975903,1
31,93,0,1,1,1,1,19,1,8,0,62,66,1,1,2,0,72.0,35.0,4,2.129032258064516,0,2.8,0,28.830000000000002,47.71084337349397,1
31,93,0,1,1,1,1,18,0,7,1,89,94,0,1,0,0,92.80000000000001,34.5,5,3.032258064516129,0,1.7000000000000002,0,28.830000000000002,87.58232931726909,1
31,93,0,1,1,1,1,23,2,15,1,62,66,0,2,2,0,82.0,38.5,4,2.129032258064516,-1,2.5,0,28.830000000000002,54.337349397590366,1
31,93,0,0,0,1,1,19,1,8,0,62,66,1,1,2,0,62.0,35.0,4,2.129032258064516,-1,2.8,0,28.830000000000002,41.08433734939759,1
31,93,0,0,0,1,1,18,0,7,1,89,94,0,1,0,0,82.80000000000001,34.5,5,3.032258064516129,-1,1.7000000000000002,0,28.830000000000002,78.14457831325302,1
31,93,0,0,0,1,1,23,2,15,1,62,66,0,2,2,0,72.0,38.5,4,2.129032258064516,-2,2.5,0,28.830000000000002,47.71084337349397,1
31,93,1,0,1,1,1,19,1,8,0,62,66,1,1,2,0,62.0,35.0,4,2.129032258064516,1,2.8,1,28.830000000000002,41.08433734939759,1
31,93,1,0,1,1,1,18,0,7,1,89,94,0,1,0,0,82.80000000000001,34.5,5,3.032258064516129,1,1.7000000000000002,1,28.830000000000002,78.14457831325302,1
31,93,1,0,1,1,1,23,2,15,1,62,66,0,2,2,0,72.0,38.5,4,2.129032258064516,0,2.5,1,28.830000000000002,47.71084337349397,1
23,80,1,1,0,1,0,20,3,12,0,54,47,0,2,3,0,63.6,29.0,-7,2.0434782608695654,-1,2.2,0,18.400000000000002,30.012048192771086,1
23,80,1,1,0,1,0,21,1,4,1,97,79,1,2,1,0,90.80000000000001,25.0,-18,3.4347826086956523,-1,2.4,0,18.400000000000002,72.02008032128515,1
23,80,1,1,0,1,0,19,1,4,0,83,68,0,2,2,0,75.2,25.0,-15,2.9565217391304346,-1,1.4,0,18.400000000000002,51.341365461847396,1
23,80,1,1,0,1,0,29,2,17,1,73,81,0,0,1,0,81.2,31.5,8,3.5217391304347827,1,2.7,0,18.400000000000002,66.03614457831326,1
23,80,0,1,1,1,0,20,3,12,0,54,47,0,2,3,0,63.6,29.0,-7,2.0434782608695654,-1,2.2,0,18.400000000000002,30.012048192771086,1
23,80,0,1,1,1,0,21,1,4,1,97,79,1,2,1,0,90.80000000000001,25.0,-18,3.4347826086956523,-1,2.4,0,18.400000000000002,72.02008032128515,1
23,80,0,1,1,1,0,19,1,4,0,83,68,0,2,2,0,75.2,25.0,-15,2.9565217391304346,-1,1.4,0,18.400000000000002,51.341365461847396,1
23,80,0,1,1,1,0,29,2,17,1,73,81,0,0,1,0,81.2,31.5,8,3.5217391304347827,1,2.7,0,18.400000000000002,66.03614457831326,1
23,80,0,1,2,1,0,20,3,12,0,54,47,0,2,3,0,63.6,29.0,-7,2.0434782608695654,0,2.2,0,18.400000000000002,30.012048192771086,1
23,80,0,1,2,1,0,21,1,4,1,97,79,1,2,1,0,90.80000000000001,25.0,-18,3.4347826086956523,0,2.4,0,18.400000000000002,72.02008032128515,1
23,80,0,1,2,1,0,19,1,4,0,83,68,0,2,2,0,75.2,25.0,-15,2.9565217391304346,0,1.4,0,18.400000000000002,51.341365461847396,1
23,80,0,1,2,1,0,29,2,17,1,73,81,0,0,1,0,81.2,31.5,8,3.5217391304347827,2,2.7,0,18.400000000000002,66.03614457831326,1
23,80,1,0,0,1,0,20,3,12,0,54,47,0,2,3,0,53.6,29.0,-7,2.0434782608695654,-1,2.2,0,18.400000000000002,25.293172690763054,1
23,80,1,0,0,1,0,21,1,4,1,97,79,1,2,1,0,80.80000000000001,25.0,-18,3.4347826086956523,-1,2.4,0,18.400000000000002,64.08835341365463,1
23,80,1,0,0,1,0,19,1,4,0,83,68,0,2,2,0,65.2,25.0,-15,2.9565217391304346,-1,1.4,0,18.400000000000002,44.5140562248996,1
23,80,1,0,0,1,0,29,2,17,1,73,81,0,0,1,0,71.2,31.5,8,3.5217391304347827,1,2.7,0,18.400000000000002,57.90361445783134,1
20,63,0,1,0,1,0,27,0,12,1,99,60,1,2,2,1,84.80000000000001,26.0,-39,3.0,-2,3.2,0,12.6,51.0843373493976,1
20,63,0,1,0,1,0,21,0,19,0,98,50,0,0,3,1,74.4,29.5,-48,2.5,0,2.9000000000000004,0,12.6,37.34939759036145,1
20,63,0,1,0,1,0,26,3,5,1,83,68,1,2,2,0,78.4,22.5,-15,3.4,-2,2.5,0,12.6,53.526104417670695,1
20,63,0,1,1,1,0,27,0,12,1,99,60,1,2,2,1,84.80000000000001,26.0,-39,3.0,-1,3.2,0,12.6,51.0843373493976,1
20,63,0,1,1,1,0,21,0,19,0,98,50,0,0,3,1,74.4,29.5,-48,2.5,1,2.9000000000000004,0,12.6,37.34939759036145,1
20,63,0,1,1,1,0,26,3,5,1,83,68,1,2,2,0,78.4,22.5,-15,3.4,-1,2.5,0,12.6,53.526104417670695,1
20,63,0,0,0,1,0,27,0,12,1,99,60,1,2,2,1,74.80000000000001,26.0,-39,3.0,-2,3.2,0,12.6,45.06024096385543,1
20,63,0,0,0,1,0,21,0,19,0,98,50,0,0,3,1,64.4,29.5,-48,2.5,0,2.9000000000000004,0,12.6,32.329317269076306,1
20,63,0,0,0,1,0,26,3,5,1,83,68,1,2,2,0,68.4,22.5,-15,3.4,-2,2.5,0,12.6,46.6987951807229,1
20,63,1,1,0,1,0,27,0,12,1,99,60,1,2,2,1,84.80000000000001,26.0,-39,3.0,-1,3.2,0,12.6,51.0843373493976,1
20,63,1,1,0,1,0,21,0,19,0,98,50,0,0,3,1,74.4,29.5,-48,2.5,1,2.9000000000000004,0,12.6,37.34939759036145,1
20,63,1,1,0,1,0,26,3,5,1,83,68,1,2,2,0,78.4,22.5,-15,3.4,-1,2.5,0,12.6,53.526104417670695,1
22,75,1,0,0,1,1,23,2,14,0,99,60,1,2,2,0,69.6,29.0,-39,2.727272727272727,-1,3.4000000000000004,0,16.5,41.9277108433735,1
22,75,1,0,0,1,1,18,0,0,1,93,84,0,0,1,0,77.2,22.0,-9,3.8181818181818183,1,1.0,0,16.5,65.10843373493977,1
22,75,2,1,0,1,1,23,2,14,0,99,60,1,2,2,0,79.6,29.0,-39,2.727272727272727,0,3.4000000000000004,0,16.5,47.95180722891566,1
22,75,2,1,0,1,1,18,0,0,1,93,84,0,0,1,0,87.2,22.0,-9,3.8181818181818183,2,1.0,0,16.5,73.5421686746988,1
22,75,0,1,0,1,1,23,2,14,0,99,60,1,2,2,0,79.6,29.0,-39,2.727272727272727,-2,3.4000000000000004,0,16.5,47.95180722891566,1
22,75,0,1,0,1,1,18,0,0,1,93,84,0,0,1,0,87.2,22.0,-9,3.8181818181818183,0,1.0,0,16.5,73.5421686746988,1
22,75,1,1,0,1,1,23,2,14,0,99,60,1,2,2,0,79.6,29.0,-39,2.727272727272727,-1,3.4000000000000004,0,16.5,47.95180722891566,1
22,75,1,1,0,1,1,18,0,0,1,93,84,0,0,1,0,87.2,22.0,-9,3.8181818181818183,1,1.0,0,16.5,73.5421686746988,1
22,75,1,1,2,1,1,23,2,14,0,99,60,1,2,2,0,79.6,29.0,-39,2.727272727272727,1,3.4000000000000004,2,16.5,47.95180722891566,1
22,75,1,1,2,1,1,18,0,0,1,93,84,0,0,1,0,87.2,22.0,-9,3.8181818181818183,3,1.0,2,16.5,73.5421686746988,1
22,75,2,0,0,1,1,23,2,14,0,99,60,1,2,2,0,69.6,29.0,-39,2.727272727272727,0,3.4000000000000004,0,16.5,41.9277108433735,1
22,75,2,0,0,1,1,18,0,0,1,93,84,0,0,1,0,77.2,22.0,-9,3.8181818181818183,2,1.0,0,16.5,65.10843373493977,1
15,90,0,1,0,1,1,22,3,7,1,55,43,0,2,3,0,78.0,18.5,-12,2.8666666666666667,-2,1.7000000000000002,0,13.5,33.674698795180724,1
15,90,1,0,1,1,1,22,3,7,1,55,43,0,2,3,0,68.0,18.5,-12,2.8666666666666667,0,1.7000000000000002,1,13.5,29.357429718875505,1
17,84,0,1,2,1,0,22,3,11,0,77,49,1,1,3,0,74.4,22.5,-28,2.8823529411764706,1,3.1,0,14.28,36.60240963855422,1
17,84,1,1,0,1,0,22,3,11,0,77,49,1,1,3,0,74.4,22.5,-28,2.8823529411764706,0,3.1,0,14.28,36.60240963855422,1
17,84,2,0,1,1,0,22,3,11,0,77,49,1,1,3,0,64.4,22.5,-28,2.8823529411764706,2,3.1,2,14.28,31.68273092369478,1
17,84,2,1,1,1,0,22,3,11,0,77,49,1,1,3,0,74.4,22.5,-28,2.8823529411764706,2,3.1,2,14.28,36.60240963855422,1
25,85,2,0,2,1,0,18,2,16,1,69,70,1,2,1,0,71.6,33.0,1,2.8,2,3.6,4,21.25,50.321285140562246,1
25,85,2,0,2,1,0,21,0,3,0,96,50,1,2,3,0,72.4,26.5,-46,2.0,2,2.3,4,21.25,36.34538152610442,1
25,85,2,0,2,1,0,24,0,4,1,78,76,1,1,1,0,75.2,27.0,-2,3.04,3,2.4,4,21.25,57.381526104417674,1
25,85,1,0,0,1,0,18,2,16,1,69,70,1,2,1,0,71.6,33.0,1,2.8,-1,3.6,0,21.25,50.321285140562246,1
25,85,1,0,0,1,0,21,0,3,0,96,50,1,2,3,0,72.4,26.5,-46,2.0,-1,2.3,0,21.25,36.34538152610442,1
25,85,1,0,0,1,0,24,0,4,1,78,76,1,1,1,0,75.2,27.0,-2,3.04,0,2.4,0,21.25,57.381526104417674,1
25,85,1,1,1,1,0,18,2,16,1,69,70,1,2,1,0,81.6,33.0,1,2.8,0,3.6,1,21.25,57.34939759036144,1
25,85,1,1,1,1,0,21,0,3,0,96,50,1,2,3,0,82.4,26.5,-46,2.0,0,2.3,1,21.25,41.36546184738956,1
25,85,1,1,1,1,0,24,0,4,1,78,76,1,1,1,0,85.2,27.0,-2,3.04,1,2.4,1,21.25,65.01204819277109,1
25,85,2,0,1,1,0,18,2,16,1,69,70,1,2,1,0,71.6,33.0,1,2.8,1,3.6,2,21.25,50.321285140562246,1
25,85,2,0,1,1,0,21,0,3,0,96,50,1,2,3,0,72.4,26.5,-46,2.0,1,2.3,2,21.25,36.34538152610442,1
25,85,2,0,1,1,0,24,0,4,1,78,76,1,1,1,0,75.2,27.0,-2,3.04,2,2.4,2,21.25,57.381526104417674,1
23,86,1,1,0,1,0,20,0,3,1,81,85,1,2,0,0,86.8,24.5,4,3.6956521739130435,-1,2.3,0,19.78,74.07630522088354,1
23,86,2,1,0,1,0,20,0,3,1,81,85,1,2,0,0,86.8,24.5,4,3.6956521739130435,0,2.3,0,19.78,74.07630522088354,1
23,86,2,1,1,1,0,20,0,3,1,81,85,1,2,0,0,86.8,24.5,4,3.6956521739130435,1,2.3,2,19.78,74.07630522088354,1
23,86,1,0,0,1,0,20,0,3,1,81,85,1,2,0,0,76.8,24.5,4,3.6956521739130435,-1,2.3,0,19.78,65.5421686746988,1
23,86,1,1,2,1,0,20,0,3,1,81,85,1,2,0,0,86.8,24.5,4,3.6956521739130435,1,2.3,2,19.78,74.07630522088354,1
23,86,2,0,0,1,0,20,0,3,1,81,85,1,2,0,0,76.8,24.5,4,3.6956521739130435,0,2.3,0,19.78,65.5421686746988,1
21,82,1,0,1,1,1,25,0,8,1,78,46,1,2,3,0,74.0,25.0,-32,2.1904761904761907,0,2.8,1,17.22,34.17670682730924,1
21,82,1,0,1,1,1,19,1,8,1,80,91,1,0,0,0,74.80000000000001,25.0,11,4.333333333333333,2,2.8,1,17.22,68.3413654618474,1
21,82,0,1,2,1,1,25,0,8,1,78,46,1,2,3,0,84.0,25.0,-32,2.1904761904761907,0,2.8,0,17.22,38.795180722891565,1
21,82,0,1,2,1,1,19,1,8,1,80,91,1,0,0,0,84.80000000000001,25.0,11,4.333333333333333,2,2.8,0,17.22,77.47791164658636,1
21,82,2,1,0,1,1,25,0,8,1,78,46,1,2,3,0,84.0,25.0,-32,2.1904761904761907,0,2.8,0,17.22,38.795180722891565,1
21,82,2,1,0,1,1,19,1,8,1,80,91,1,0,0,0,84.80000000000001,25.0,11,4.333333333333333,2,2.8,0,17.22,77.47791164658636,1
21,82,2,0,1,1,1,25,0,8,1,78,46,1,2,3,0,74.0,25.0,-32,2.1904761904761907,1,2.8,2,17.22,34.17670682730924,1
21,82,2,0,1,1,1,19,1,8,1,80,91,1,0,0,0,74.80000000000001,25.0,11,4.333333333333333,3,2.8,2,17.22,68.3413654618474,1
21,82,2,0,2,1,1,25,0,8,1,78,46,1,2,3,0,74.0,25.0,-32,2.1904761904761907,2,2.8,4,17.22,34.17670682730924,1
21,82,2,0,2,1,1,19,1,8,1,80,91,1,0,0,0,74.80000000000001,25.0,11,4.333333333333333,4,2.8,4,17.22,68.3413654618474,1
25,99,1,1,2,1,1,19,3,11,0,99,97,1,2,0,0,89.2,30.5,-2,3.88,1,3.1,2,24.75,86.8714859437751,1
25,99,1,1,2,1,1,18,1,4,0,80,48,0,1,3,0,81.6,27.0,-32,1.92,2,1.4,2,24.75,39.325301204819276,1
25,99,1,0,1,1,1,19,3,11,0,99,97,1,2,0,0,79.2,30.5,-2,3.88,0,3.1,1,24.75,77.13253012048195,1
25,99,1,0,1,1,1,18,1,4,0,80,48,0,1,3,0,71.6,27.0,-32,1.92,1,1.4,1,24.75,34.50602409638554,1
25,99,2,0,1,1,1,19,3,11,0,99,97,1,2,0,0,79.2,30.5,-2,3.88,1,3.1,2,24.75,77.13253012048195,1
25,99,2,0,1,1,1,18,1,4,0,80,48,0,1,3,0,71.6,27.0,-32,1.92,2,1.4,2,24.75,34.50602409638554,1
25,99,2,0,2,1,1,19,3,11,0,99,97,1,2,0,0,79.2,30.5,-2,3.88,2,3.1,4,24.75,77.13253012048195,1
25,99,2,0,2,1,1,18,1,4,0,80,48,0,1,3,0,71.6,27.0,-32,1.92,3,1.4,4,24.75,34.50602409638554,1
25,99,1,1,1,1,1,19,3,11,0,99,97,1,2,0,0,89.2,30.5,-2,3.88,0,3.1,1,24.75,86.8714859437751,1
25,99,1,1,1,1,1,18,1,4,0,80,48,0,1,3,0,81.6,27.0,-32,1.92,1,1.4,1,24.75,39.325301204819276,1
23,69,2,1,1,1,1,18,3,7,1,69,80,1,2,1,0,75.2,26.5,11,3.4782608695652173,1,2.7,2,15.87,60.401606425702816,1
23,69,1,1,1,1,1,18,3,7,1,69,80,1,2,1,0,75.2,26.5,11,3.4782608695652173,0,2.7,1,15.87,60.401606425702816,1
23,69,0,1,2,1,1,18,3,7,1,69,80,1,2,1,0,75.2,26.5,11,3.4782608695652173,0,2.7,0,15.87,60.401606425702816,1
20,93,2,1,1,1,1,19,1,0,0,65,54,0,2,3,0,73.2,20.0,-11,2.7,1,1.0,2,18.6,39.68674698795181,1
20,93,2,1,1,1,1,23,2,14,1,65,56,0,2,2,0,83.2,27.0,-9,2.8,1,2.4000000000000004,2,18.6,46.77911646586346,1
20,93,2,1,1,1,1,23,3,8,1,51,47,1,1,3,0,77.60000000000001,24.0,-4,2.35,2,2.8,2,18.6,36.61847389558233,1
20,93,1,1,0,1,1,19,1,0,0,65,54,0,2,3,0,73.2,20.0,-11,2.7,-1,1.0,0,18.6,39.68674698795181,1
20,93,1,1,0,1,1,23,2,14,1,65,56,0,2,2,0,83.2,27.0,-9,2.8,-1,2.4000000000000004,0,18.6,46.77911646586346,1
20,93,1,1,0,1,1,23,3,8,1,51,47,1,1,3,0,77.60000000000001,24.0,-4,2.35,0,2.8,0,18.6,36.61847389558233,1
20,93,0,1,1,1,1,19,1,0,0,65,54,0,2,3,0,73.2,20.0,-11,2.7,-1,1.0,0,18.6,39.68674698795181,1
20,93,0,1,1,1,1,23,2,14,1,65,56,0,2,2,0,83.2,27.0,-9,2.8,-1,2.4000000000000004,0,18.6,46.77911646586346,1
20,93,0,1,1,1,1,23,3,8,1,51,47,1,1,3,0,77.60000000000001,24.0,-4,2.35,0,2.8,0,18.6,36.61847389558233,1
20,93,1,1,1,1,1,19,1,0,0,65,54,0,2,3,0,73.2,20.0,-11,2.7,0,1.0,1,18.6,39.68674698795181,1
20,93,1,1,1,1,1,23,2,14,1,65,56,0,2,2,0,83.2,27.0,-9,2.8,0,2.4000000000000004,1,18.6,46.77911646586346,1
20,93,1,1,1,1,1,23,3,8,1,51,47,1,1,3,0,77.60000000000001,24.0,-4,2.35,1,2.8,1,18.6,36.61847389558233,1
20,93,2,0,1,1,1,19,1,0,0,65,54,0,2,3,0,63.2,20.0,-11,2.7,1,1.0,2,18.6,34.26506024096386,1
20,93,2,0,1,1,1,23,2,14,1,65,56,0,2,2,0,73.2,27.0,-9,2.8,1,2.4000000000000004,2,18.6,41.1566265060241,1
20,93,2,0,1,1,1,23,3,8,1,51,47,1,1,3,0,67.60000000000001,24.0,-4,2.35,2,2.8,2,18.6,31.8995983935743,1
20,93,1,0,2,1,1,19,1,0,0,65,54,0,2,3,0,63.2,20.0,-11,2.7,1,1.0,2,18.6,34.26506024096386,1
20,93,1,0,2,1,1,23,2,14,1,65,56,0,2,2,0,73.2,27.0,-9,2.8,1,2.4000000000000004,2,18.6,41.1566265060241,1
20,93,1,0,2,1,1,23,3,8,1,51,47,1,1,3,0,67.60000000000001,24.0,-4,2.35,2,2.8,2,18.6,31.8995983935743,1
20,93,0,0,1,1,1,19,1,0,0,65,54,0,2,3,0,63.2,20.0,-11,2.7,-1,1.0,0,18.6,34.26506024096386,1
20,93,0,0,1,1,1,23,2,14,1,65,56,0,2,2,0,73.2,27.0,-9,2.8,-1,2.4000000000000004,0,18.6,41.1566265060241,1
20,93,0,0,1,1,1,23,3,8,1,51,47,1,1,3,0,67.60000000000001,24.0,-4,2.35,0,2.8,0,18.6,31.8995983935743,1
22,78,1,1,0,1,1,19,3,13,1,95,60,0,2,2,0,89.2,28.5,-35,2.727272727272727,-1,2.3,0,17.16,53.734939759036145,1
22,78,1,1,0,1,1,27,3,9,1,58,73,1,1,1,0,74.4,26.5,15,3.3181818181818183,0,2.9,0,17.16,54.53012048192772,1
22,78,1,1,0,1,1,22,3,10,0,87,65,0,0,2,0,76.0,27.0,-22,2.9545454545454546,1,2.0,0,17.16,49.59839357429719,1
22,78,2,1,1,1,1,19,3,13,1,95,60,0,2,2,0,89.2,28.5,-35,2.727272727272727,1,2.3,2,17.16,53.734939759036145,1
22,78,2,1,1,1,1,27,3,9,1,58,73,1,1,1,0,74.4,26.5,15,3.3181818181818183,2,2.9,2,17.16,54.53012048192772,1
22,78,2,1,1,1,1,22,3,10,0,87,65,0,0,2,0,76.0,27.0,-22,2.9545454545454546,3,2.0,2,17.16,49.59839357429719,1
22,78,1,0,1,1,1,19,3,13,1,95,60,0,2,2,0,79.2,28.5,-35,2.727272727272727,0,2.3,1,17.16,47.71084337349399,1
22,78,1,0,1,1,1,27,3,9,1,58,73,1,1,1,0,64.4,26.5,15,3.3181818181818183,1,2.9,1,17.16,47.20080321285141,1
22,78,1,0,1,1,1,22,3,10,0,87,65,0,0,2,0,66.0,27.0,-22,2.9545454545454546,2,2.0,1,17.16,43.07228915662651,1
22,78,1,1,1,1,1,19,3,13,1,95,60,0,2,2,0,89.2,28.5,-35,2.727272727272727,0,2.3,1,17.16,53.734939759036145,1
22,78,1,1,1,1,1,27,3,9,1,58,73,1,1,1,0,74.4,26.5,15,3.3181818181818183,1,2.9,1,17.16,54.53012048192772,1
22,78,1,1,1,1,1,22,3,10,0,87,65,0,0,2,0,76.0,27.0,-22,2.9545454545454546,2,2.0,1,17.16,49.59839357429719,1
22,78,2,0,0,1,1,19,3,13,1,95,60,0,2,2,0,79.2,28.5,-35,2.727272727272727,0,2.3,0,17.16,47.71084337349399,1
22,78,2,0,0,1,1,27,3,9,1,58,73,1,1,1,0,64.4,26.5,15,3.3181818181818183,1,2.9,0,17.16,47.20080321285141,1
22,78,2,0,0,1,1,22,3,10,0,87,65,0,0,2,0,66.0,27.0,-22,2.9545454545454546,2,2.0,0,17.16,43.07228915662651,1
22,78,2,1,0,1,1,19,3,13,1,95,60,0,2,2,0,89.2,28.5,-35,2.727272727272727,0,2.3,0,17.16,53.734939759036145,1
22,78,2,1,0,1,1,27,3,9,1,58,73,1,1,1,0,74.4,26.5,15,3.3181818181818183,1,2.9,0,17.16,54.53012048192772,1
22,78,2,1,0,1,1,22,3,10,0,87,65,0,0,2,0,76.0,27.0,-22,2.9545454545454546,2,2.0,0,17.16,49.59839357429719,1
22,78,0,0,2,1,1,19,3,13,1,95,60,0,2,2,0,79.2,28.5,-35,2.727272727272727,0,2.3,0,17.16,47.71084337349399,1
22,78,0,0,2,1,1,27,3,9,1,58,73,1,1,1,0,64.4,26.5,15,3.3181818181818183,1,2.9,0,17.16,47.20080321285141,1
22,78,0,0,2,1,1,22,3,10,0,87,65,0,0,2,0,66.0,27.0,-22,2.9545454545454546,2,2.0,0,17.16,43.07228915662651,1
24,81,0,0,1,1,0,25,0,20,0,64,43,1,2,3,0,58.0,34.0,-21,1.7916666666666667,-1,4.0,0,19.44,25.04016064257028,1
24,81,0,0,1,1,0,20,2,13,1,97,83,0,1,1,0,81.2,30.5,-14,3.4583333333333335,0,2.3,0,19.44,67.66666666666667,1
20,85,1,0,2,1,1,25,1,20,1,52,53,1,1,3,0,64.8,30.0,1,2.65,2,4.0,2,17.0,34.48192771084337,1
20,85,1,0,2,1,1,28,2,1,0,98,67,1,2,2,0,73.2,20.5,-31,3.35,1,2.1,2,17.0,49.24096385542169,1
20,85,1,0,2,1,1,28,3,5,1,50,75,1,2,1,0,64.0,22.5,25,3.75,1,2.5,2,17.0,48.19277108433735,1
20,85,1,0,2,1,1,20,2,7,0,97,81,1,1,1,0,72.80000000000001,23.5,-16,4.05,2,2.7,2,17.0,59.20481927710845,1
20,85,1,0,2,1,1,22,3,5,1,54,41,1,1,3,0,65.6,22.5,-13,2.05,2,2.5,2,17.0,27.004016064257026,1
20,85,1,1,0,1,1,25,1,20,1,52,53,1,1,3,0,74.8,30.0,1,2.65,0,4.0,0,17.0,39.803212851405625,1
20,85,1,1,0,1,1,28,2,1,0,98,67,1,2,2,0,83.2,20.5,-31,3.35,-1,2.1,0,17.0,55.96787148594378,1
20,85,1,1,0,1,1,28,3,5,1,50,75,1,2,1,0,74.0,22.5,25,3.75,-1,2.5,0,17.0,55.72289156626506,1
20,85,1,1,0,1,1,20,2,7,0,97,81,1,1,1,0,82.80000000000001,23.5,-16,4.05,0,2.7,0,17.0,67.33734939759037,1
20,85,1,1,0,1,1,22,3,5,1,54,41,1,1,3,0,75.6,22.5,-13,2.05,0,2.5,0,17.0,31.120481927710845,1
20,85,0,0,0,1,1,25,1,20,1,52,53,1,1,3,0,64.8,30.0,1,2.65,-1,4.0,0,17.0,34.48192771084337,1
20,85,0,0,0,1,1,28,2,1,0,98,67,1,2,2,0,73.2,20.5,-31,3.35,-2,2.1,0,17.0,49.24096385542169,1
20,85,0,0,0,1,1,28,3,5,1,50,75,1,2,1,0,64.0,22.5,25,3.75,-2,2.5,0,17.0,48.19277108433735,1
20,85,0,0,0,1,1,20,2,7,0,97,81,1,1,1,0,72.80000000000001,23.5,-16,4.05,-1,2.7,0,17.0,59.20481927710845,1
20,85,0,0,0,1,1,22,3,5,1,54,41,1,1,3,0,65.6,22.5,-13,2.05,-1,2.5,0,17.0,27.004016064257026,1
20,85,0,1,1,1,1,25,1,20,1,52,53,1,1,3,0,74.8,30.0,1,2.65,0,4.0,0,17.0,39.803212851405625,1
20,85,0,1,1,1,1,28,2,1,0,98,67,1,2,2,0,83.2,20.5,-31,3.35,-1,2.1,0,17.0,55.96787148594378,1
20,85,0,1,1,1,1,28,3,5,1,50,75,1,2,1,0,74.0,22.5,25,3.75,-1,2.5,0,17.0,55.72289156626506,1
20,85,0,1,1,1,1,20,2,7,0,97,81,1,1,1,0,82.80000000000001,23.5,-16,4.05,0,2.7,0,17.0,67.33734939759037,1
20,85,0,1,1,1,1,22,3,5,1,54,41,1,1,3,0,75.6,22.5,-13,2.05,0,2.5,0,17.0,31.120481927710845,1
20,85,1,0,0,1,1,25,1,20,1,52,53,1,1,3,0,64.8,30.0,1,2.65,0,4.0,0,17.0,34.48192771084337,1
20,85,1,0,0,1,1,28,2,1,0,98,67,1,2,2,0,73.2,20.5,-31,3.35,-1,2.1,0,17.0,49.24096385542169,1
20,85,1,0,0,1,1,28,3,5,1,50,75,1,2,1,0,64.0,22.5,25,3.75,-1,2.5,0,17.0,48.19277108433735,1
20,85,1,0,0,1,1,20,2,7,0,97,81,1,1,1,0,72.80000000000001,23.5,-16,4.05,0,2.7,0,17.0,59.20481927710845,1
20,85,1,0,0,1,1,22,3,5,1,54,41,1,1,3,0,65.6,22.5,-13,2.05,0,2.5,0,17.0,27.004016064257026,1
13,93,0,1,2,1,1,29,1,15,1,89,41,0,1,3,0,92.80000000000001,20.5,-48,3.1538461538461537,1,2.5,0,12.09,38.20080321285141,1
13,93,2,1,1,1,1,29,1,15,1,89,41,0,1,3,0,92.80000000000001,20.5,-48,3.1538461538461537,2,2.5,2,12.09,38.20080321285141,1
20,84,2,1,2,1,0,21,2,15,1,83,66,1,1,2,0,86.80000000000001,27.5,-17,3.3,3,3.5,4,16.8,57.518072289156635,1
20,84,2,1,1,1,0,21,2,15,1,83,66,1,1,2,0,86.80000000000001,27.5,-17,3.3,2,3.5,2,16.8,57.518072289156635,1
20,84,0,0,1,1,0,21,2,15,1,83,66,1,1,2,0,76.80000000000001,27.5,-17,3.3,0,3.5,0,16.8,50.89156626506025,1
20,84,0,0,0,1,0,21,2,15,1,83,66,1,1,2,0,76.80000000000001,27.5,-17,3.3,-1,3.5,0,16.8,50.89156626506025,1
18,67,0,1,0,1,1,25,3,17,1,78,56,1,2,2,0,78.0,26.5,-22,3.111111111111111,-2,3.7,0,12.06,43.85542168674699,1
18,67,2,1,1,1,1,25,3,17,1,78,56,1,2,2,0,78.0,26.5,-22,3.111111111111111,1,3.7,2,12.06,43.85542168674699,1
18,67,0,0,0,1,1,25,3,17,1,78,56,1,2,2,0,68.0,26.5,-22,3.111111111111111,-2,3.7,0,12.06,38.23293172690764,1
18,67,1,0,2,1,1,25,3,17,1,78,56,1,2,2,0,68.0,26.5,-22,3.111111111111111,1,3.7,2,12.06,38.23293172690764,1
18,67,1,1,2,1,1,25,3,17,1,78,56,1,2,2,0,78.0,26.5,-22,3.111111111111111,1,3.7,2,12.06,43.85542168674699,1
17,99,2,0,1,1,1,27,1,16,1,81,43,1,1,3,0,82.0,25.0,-38,2.5294117647058822,2,3.6,2,16.83,35.40160642570281,1
17,99,1,0,0,1,1,27,1,16,1,81,43,1,1,3,0,82.0,25.0,-38,2.5294117647058822,0,3.6,0,16.83,35.40160642570281,1
17,99,1,1,1,1,1,27,1,16,1,81,43,1,1,3,0,92.0,25.0,-38,2.5294117647058822,1,3.6,1,16.83,39.71887550200803,1
23,67,1,1,1,1,0,27,2,5,0,70,93,1,0,0,0,64.8,25.5,23,4.043478260869565,2,2.5,1,15.41,60.50602409638554,1
23,67,1,0,2,1,0,27,2,5,0,70,93,1,0,0,0,54.8,25.5,23,4.043478260869565,3,2.5,2,15.41,51.16867469879518,1
23,67,2,1,1,1,0,27,2,5,0,70,93,1,0,0,0,64.8,25.5,23,4.043478260869565,3,2.5,2,15.41,60.50602409638554,1
23,67,2,1,0,1,0,27,2,5,0,70,93,1,0,0,0,64.8,25.5,23,4.043478260869565,2,2.5,0,15.41,60.50602409638554,1
23,67,0,0,1,1,0,27,2,5,0,70,93,1,0,0,0,54.8,25.5,23,4.043478260869565,1,2.5,0,15.41,51.16867469879518,1
29,87,2,1,2,1,1,23,0,9,1,69,59,1,0,2,0,82.4,33.5,-10,2.0344827586206895,4,2.9,4,25.23,48.811244979919685,1
19,96,1,0,2,1,0,21,2,20,1,72,54,0,0,3,0,77.2,29.0,-18,2.8421052631578947,3,3.0,2,18.24,41.85542168674699,1
19,96,1,0,2,1,0,20,0,12,1,62,65,1,1,2,0,73.2,25.0,3,3.4210526315789473,2,3.2,2,18.24,47.7710843373494,1
19,96,1,0,2,1,0,24,0,1,0,66,72,0,2,1,0,64.80000000000001,19.5,6,3.789473684210526,1,1.1,2,18.24,46.84337349397591,1
19,96,1,0,2,1,0,29,2,4,1,98,73,1,1,1,0,87.60000000000001,21.0,-25,3.8421052631578947,2,2.4,2,18.24,64.20481927710844,1
19,96,1,1,2,1,0,21,2,20,1,72,54,0,0,3,0,87.2,29.0,-18,2.8421052631578947,3,3.0,2,18.24,47.277108433734945,1
19,96,1,1,2,1,0,20,0,12,1,62,65,1,1,2,0,83.2,25.0,3,3.4210526315789473,2,3.2,2,18.24,54.29718875502009,1
19,96,1,1,2,1,0,24,0,1,0,66,72,0,2,1,0,74.80000000000001,19.5,6,3.789473684210526,1,1.1,2,18.24,54.07228915662652,1
19,96,1,1,2,1,0,29,2,4,1,98,73,1,1,1,0,97.60000000000001,21.0,-25,3.8421052631578947,2,2.4,2,18.24,71.53413654618475,1
19,76,2,1,0,1,1,27,0,20,1,83,54,1,2,3,0,83.60000000000001,29.0,-29,2.8421052631578947,0,4.0,0,14.44,45.32530120481928,1
19,76,0,0,1,1,1,27,0,20,1,83,54,1,2,3,0,73.60000000000001,29.0,-29,2.8421052631578947,-1,4.0,0,14.44,39.90361445783133,1
19,76,1,1,1,1,1,27,0,20,1,83,54,1,2,3,0,83.60000000000001,29.0,-29,2.8421052631578947,0,4.0,1,14.44,45.32530120481928,1
19,76,0,1,1,1,1,27,0,20,1,83,54,1,2,3,0,83.60000000000001,29.0,-29,2.8421052631578947,-1,4.0,0,14.44,45.32530120481928,1
27,95,1,0,2,1,0,19,2,1,1,63,91,1,0,0,0,73.2,27.5,28,3.3703703703703702,3,2.1,2,25.65,66.87951807228916,1
27,95,2,0,2,1,0,19,2,1,1,63,91,1,0,0,0,73.2,27.5,28,3.3703703703703702,4,2.1,4,25.65,66.87951807228916,1
27,95,1,1,2,1,0,19,2,1,1,63,91,1,0,0,0,83.2,27.5,28,3.3703703703703702,3,2.1,2,25.65,76.01606425702812,1
27,95,2,1,2,1,0,19,2,1,1,63,91,1,0,0,0,83.2,27.5,28,3.3703703703703702,4,2.1,4,25.65,76.01606425702812,1
22,97,2,1,1,1,1,29,1,11,1,73,89,1,1,0,0,88.0,27.5,16,4.045454545454546,2,3.1,2,21.34,78.63453815261045,1
22,97,2,1,1,1,1,20,0,13,1,79,77,0,2,1,0,90.4,28.5,-2,3.5,1,2.3,2,21.34,69.88755020080322,1
22,97,2,1,1,1,1,26,2,16,1,66,65,1,2,2,0,85.2,30.0,-1,2.9545454545454546,1,3.6,2,21.34,55.60240963855422,1
22,97,1,1,2,1,1,29,1,11,1,73,89,1,1,0,0,88.0,27.5,16,4.045454545454546,2,3.1,2,21.34,78.63453815261045,1
22,97,1,1,2,1,1,20,0,13,1,79,77,0,2,1,0,90.4,28.5,-2,3.5,1,2.3,2,21.34,69.88755020080322,1
22,97,1,1,2,1,1,26,2,16,1,66,65,1,2,2,0,85.2,30.0,-1,2.9545454545454546,1,3.6,2,21.34,55.60240963855422,1
22,97,1,0,2,1,1,29,1,11,1,73,89,1,1,0,0,78.0,27.5,16,4.045454545454546,2,3.1,2,21.34,69.6987951807229,1
22,97,1,0,2,1,1,20,0,13,1,79,77,0,2,1,0,80.4,28.5,-2,3.5,1,2.3,2,21.34,62.15662650602411,1
22,97,1,0,2,1,1,26,2,16,1,66,65,1,2,2,0,75.2,30.0,-1,2.9545454545454546,1,3.6,2,21.34,49.07630522088354,1
22,97,1,0,1,1,1,29,1,11,1,73,89,1,1,0,0,78.0,27.5,16,4.045454545454546,1,3.1,1,21.34,69.6987951807229,1
22,97,1,0,1,1,1,20,0,13,1,79,77,0,2,1,0,80.4,28.5,-2,3.5,0,2.3,1,21.34,62.15662650602411,1
22,97,1,0,1,1,1,26,2,16,1,66,65,1,2,2,0,75.2,30.0,-1,2.9545454545454546,0,3.6,1,21.34,49.07630522088354,1
22,97,1,1,1,1,1,29,1,11,1,73,89,1,1,0,0,88.0,27.5,16,4.045454545454546,1,3.1,1,21.34,78.63453815261045,1
22,97,1,1,1,1,1,20,0,13,1,79,77,0,2,1,0,90.4,28.5,-2,3.5,0,2.3,1,21.34,69.88755020080322,1
22,97,1,1,1,1,1,26,2,16,1,66,65,1,2,2,0,85.2,30.0,-1,2.9545454545454546,0,3.6,1,21.34,55.60240963855422,1
22,72,1,1,1,1,1,27,0,20,0,50,87,0,1,0,0,58.8,32.0,37,3.9545454545454546,1,3.0,1,15.84,51.36144578313253,1
22,72,1,0,0,1,1,27,0,20,0,50,87,0,1,0,0,48.8,32.0,37,3.9545454545454546,0,3.0,0,15.84,42.626506024096386,1
22,72,0,1,2,1,1,27,0,20,0,50,87,0,1,0,0,58.8,32.0,37,3.9545454545454546,1,3.0,0,15.84,51.36144578313253,1
18,95,1,1,0,1,1,28,2,14,1,55,57,1,0,2,0,80.0,25.0,2,3.1666666666666665,1,3.4000000000000004,0,17.099999999999998,45.78313253012048,1
18,95,1,1,0,1,1,18,1,12,0,85,51,0,2,3,0,82.0,24.0,-34,2.8333333333333335,-1,2.2,0,17.099999999999998,41.98795180722892,1
18,95,1,1,2,1,1,28,2,14,1,55,57,1,0,2,0,80.0,25.0,2,3.1666666666666665,3,3.4000000000000004,2,17.099999999999998,45.78313253012048,1
18,95,1,1,2,1,1,18,1,12,0,85,51,0,2,3,0,82.0,24.0,-34,2.8333333333333335,1,2.2,2,17.099999999999998,41.98795180722892,1
18,95,2,0,1,1,1,28,2,14,1,55,57,1,0,2,0,70.0,25.0,2,3.1666666666666665,3,3.4000000000000004,2,17.099999999999998,40.06024096385543,1
18,95,2,0,1,1,1,18,1,12,0,85,51,0,2,3,0,72.0,24.0,-34,2.8333333333333335,1,2.2,2,17.099999999999998,36.86746987951807,1
18,95,2,1,2,1,1,28,2,14,1,55,57,1,0,2,0,80.0,25.0,2,3.1666666666666665,4,3.4000000000000004,4,17.099999999999998,45.78313253012048,1
18,95,2,1,2,1,1,18,1,12,0,85,51,0,2,3,0,82.0,24.0,-34,2.8333333333333335,2,2.2,4,17.099999999999998,41.98795180722892,1
22,71,2,1,2,1,0,22,1,1,1,59,61,1,2,2,0,72.0,22.5,2,2.772727272727273,2,2.1,4,15.62,44.096385542168676,1
22,71,2,1,2,1,0,22,1,8,1,73,97,1,2,0,0,77.60000000000001,26.0,24,4.409090909090909,2,2.8,4,15.62,75.57429718875504,1
22,71,2,1,2,1,0,28,1,2,0,51,57,1,2,2,0,58.800000000000004,23.0,6,2.590909090909091,2,2.2,4,15.62,33.65060240963856,1
22,71,1,1,0,1,0,22,1,1,1,59,61,1,2,2,0,72.0,22.5,2,2.772727272727273,-1,2.1,0,15.62,44.096385542168676,1
22,71,1,1,0,1,0,22,1,8,1,73,97,1,2,0,0,77.60000000000001,26.0,24,4.409090909090909,-1,2.8,0,15.62,75.57429718875504,1
22,71,1,1,0,1,0,28,1,2,0,51,57,1,2,2,0,58.800000000000004,23.0,6,2.590909090909091,-1,2.2,0,15.62,33.65060240963856,1
22,71,0,1,0,1,0,22,1,1,1,59,61,1,2,2,0,72.0,22.5,2,2.772727272727273,-2,2.1,0,15.62,44.096385542168676,1
22,71,0,1,0,1,0,22,1,8,1,73,97,1,2,0,0,77.60000000000001,26.0,24,4.409090909090909,-2,2.8,0,15.62,75.57429718875504,1
22,71,0,1,0,1,0,28,1,2,0,51,57,1,2,2,0,58.800000000000004,23.0,6,2.590909090909091,-2,2.2,0,15.62,33.65060240963856,1
25,60,2,0,1,1,0,22,0,6,1,55,90,1,0,0,0,56.0,28.0,35,3.6,3,2.6,2,15.0,50.602409638554214,1
25,60,2,1,1,1,0,22,0,6,1,55,90,1,0,0,0,66.0,28.0,35,3.6,3,2.6,2,15.0,59.63855421686747,1
27,74,1,1,1,1,1,23,2,16,0,58,98,1,1,0,0,62.800000000000004,35.0,40,3.6296296296296298,1,3.6,1,19.98,61.79116465863454,1
27,74,1,1,1,1,1,28,2,20,0,84,61,1,0,2,0,73.2,37.0,-23,2.259259259259259,2,4.0,1,19.98,44.83132530120482,1
27,74,1,1,1,1,1,21,0,10,1,54,44,1,0,3,0,71.2,32.0,-10,1.6296296296296295,2,3.0,1,19.98,31.45381526104418,1
27,74,2,0,2,1,1,23,2,16,0,58,98,1,1,0,0,52.800000000000004,35.0,40,3.6296296296296298,3,3.6,4,19.98,51.95180722891567,1
27,74,2,0,2,1,1,28,2,20,0,84,61,1,0,2,0,63.2,37.0,-23,2.259259259259259,4,4.0,4,19.98,38.70682730923696,1
27,74,2,0,2,1,1,21,0,10,1,54,44,1,0,3,0,61.2,32.0,-10,1.6296296296296295,4,3.0,4,19.98,27.036144578313255,1
25,82,2,1,1,1,1,24,2,18,1,95,48,1,2,3,0,90.80000000000001,34.0,-47,1.92,1,3.8,2,20.5,43.75903614457832,1
25,82,2,1,1,1,1,25,3,7,0,61,94,1,1,0,0,67.2,28.5,33,3.76,2,2.7,2,20.5,63.42168674698796,1
25,82,2,1,1,1,1,27,0,11,1,92,44,0,2,3,0,89.60000000000001,30.5,-48,1.76,1,2.1,2,20.5,39.58232931726908,1
25,82,2,1,1,1,1,18,0,12,1,69,55,1,2,2,0,80.4,31.0,-14,2.2,1,3.2,2,20.5,44.39759036144579,1
25,82,0,0,1,1,1,24,2,18,1,95,48,1,2,3,0,80.80000000000001,34.0,-47,1.92,-1,3.8,0,20.5,38.939759036144586,1
25,82,0,0,1,1,1,25,3,7,0,61,94,1,1,0,0,57.2,28.5,33,3.76,0,2.7,0,20.5,53.983935742971894,1
25,82,0,0,1,1,1,27,0,11,1,92,44,0,2,3,0,79.60000000000001,30.5,-48,1.76,-1,2.1,0,20.5,35.164658634538156,1
25,82,0,0,1,1,1,18,0,12,1,69,55,1,2,2,0,70.4,31.0,-14,2.2,-1,3.2,0,20.5,38.875502008032136,1
25,82,1,1,0,1,1,24,2,18,1,95,48,1,2,3,0,90.80000000000001,34.0,-47,1.92,-1,3.8,0,20.5,43.75903614457832,1
25,82,1,1,0,1,1,25,3,7,0,61,94,1,1,0,0,67.2,28.5,33,3.76,0,2.7,0,20.5,63.42168674698796,1
25,82,1,1,0,1,1,27,0,11,1,92,44,0,2,3,0,89.60000000000001,30.5,-48,1.76,-1,2.1,0,20.5,39.58232931726908,1
25,82,1,1,0,1,1,18,0,12,1,69,55,1,2,2,0,80.4,31.0,-14,2.2,-1,3.2,0,20.5,44.39759036144579,1
25,82,1,1,1,1,1,24,2,18,1,95,48,1,2,3,0,90.80000000000001,34.0,-47,1.92,0,3.8,1,20.5,43.75903614457832,1
25,82,1,1,1,1,1,25,3,7,0,61,94,1,1,0,0,67.2,28.5,33,3.76,1,2.7,1,20.5,63.42168674698796,1
25,82,1,1,1,1,1,27,0,11,1,92,44,0,2,3,0,89.60000000000001,30.5,-48,1.76,0,2.1,1,20.5,39.58232931726908,1
25,82,1,1,1,1,1,18,0,12,1,69,55,1,2,2,0,80.4,31.0,-14,2.2,0,3.2,1,20.5,44.39759036144579,1
25,82,2,0,0,1,1,24,2,18,1,95,48,1,2,3,0,80.80000000000001,34.0,-47,1.92,0,3.8,0,20.5,38.939759036144586,1
25,82,2,0,0,1,1,25,3,7,0,61,94,1,1,0,0,57.2,28.5,33,3.76,1,2.7,0,20.5,53.983935742971894,1
25,82,2,0,0,1,1,27,0,11,1,92,44,0,2,3,0,79.60000000000001,30.5,-48,1.76,0,2.1,0,20.5,35.164658634538156,1
25,82,2,0,0,1,1,18,0,12,1,69,55,1,2,2,0,70.4,31.0,-14,2.2,0,3.2,0,20.5,38.875502008032136,1
25,82,2,0,1,1,1,24,2,18,1,95,48,1,2,3,0,80.80000000000001,34.0,-47,1.92,1,3.8,2,20.5,38.939759036144586,1
25,82,2,0,1,1,1,25,3,7,0,61,94,1,1,0,0,57.2,28.5,33,3.76,2,2.7,2,20.5,53.983935742971894,1
25,82,2,0,1,1,1,27,0,11,1,92,44,0,2,3,0,79.60000000000001,30.5,-48,1.76,1,2.1,2,20.5,35.164658634538156,1
25,82,2,0,1,1,1,18,0,12,1,69,55,1,2,2,0,70.4,31.0,-14,2.2,1,3.2,2,20.5,38.875502008032136,1
25,89,1,1,2,1,1,24,1,8,1,95,82,1,2,1,0,93.6,29.0,-13,3.28,1,2.8,2,22.25,77.06024096385542,1
25,89,0,1,2,1,1,24,1,8,1,95,82,1,2,1,0,93.6,29.0,-13,3.28,0,2.8,0,22.25,77.06024096385542,1
25,89,2,0,1,1,1,24,1,8,1,95,82,1,2,1,0,83.6,29.0,-13,3.28,1,2.8,2,22.25,68.8273092369478,1
18,84,2,0,1,1,0,23,2,10,1,71,46,1,2,3,0,72.0,23.0,-25,2.5555555555555554,1,3.0,2,15.12,33.25301204819277,1
18,84,2,0,1,1,0,23,3,18,0,98,47,0,2,3,0,72.80000000000001,27.0,-51,2.611111111111111,1,2.8,2,15.12,34.353413654618485,1
18,84,1,1,1,1,0,23,2,10,1,71,46,1,2,3,0,82.0,23.0,-25,2.5555555555555554,0,3.0,1,15.12,37.8714859437751,1
18,84,1,1,1,1,0,23,3,18,0,98,47,0,2,3,0,82.80000000000001,27.0,-51,2.611111111111111,0,2.8,1,15.12,39.07228915662651,1
18,84,2,1,0,1,0,23,2,10,1,71,46,1,2,3,0,82.0,23.0,-25,2.5555555555555554,0,3.0,0,15.12,37.8714859437751,1
18,84,2,1,0,1,0,23,3,18,0,98,47,0,2,3,0,82.80000000000001,27.0,-51,2.611111111111111,0,2.8,0,15.12,39.07228915662651,1
18,84,0,0,1,1,0,23,2,10,1,71,46,1,2,3,0,72.0,23.0,-25,2.5555555555555554,-1,3.0,0,15.12,33.25301204819277,1
18,84,0,0,1,1,0,23,3,18,0,98,47,0,2,3,0,72.80000000000001,27.0,-51,2.611111111111111,-1,2.8,0,15.12,34.353413654618485,1
18,84,0,1,0,1,0,23,2,10,1,71,46,1,2,3,0,82.0,23.0,-25,2.5555555555555554,-2,3.0,0,15.12,37.8714859437751,1
18,84,0,1,0,1,0,23,3,18,0,98,47,0,2,3,0,82.80000000000001,27.0,-51,2.611111111111111,-2,2.8,0,15.12,39.07228915662651,1
24,71,0,0,1,1,0,25,3,5,1,85,81,1,1,1,0,72.4,26.5,-4,3.375,0,2.5,0,17.04,58.87951807228916,1
24,71,2,1,1,1,0,25,3,5,1,85,81,1,1,1,0,82.4,26.5,-4,3.375,2,2.5,2,17.04,67.01204819277109,1
24,71,2,1,0,1,0,25,3,5,1,85,81,1,1,1,0,82.4,26.5,-4,3.375,1,2.5,0,17.04,67.01204819277109,1
34,63,2,1,0,1,0,28,0,18,1,78,67,1,2,2,0,76.4,43.0,-11,1.9705882352941178,0,3.8,0,21.42,51.39357429718876,1
34,63,2,1,0,1,0,23,0,20,1,65,95,1,2,0,0,71.2,44.0,30,2.7941176470588234,0,4.0,0,21.42,67.9116465863454,1
17,73,1,0,2,1,1,25,3,13,1,88,54,1,2,3,0,74.4,23.5,-34,3.176470588235294,1,3.3,2,12.41,40.337349397590366,1
17,73,1,0,2,1,1,28,1,14,0,94,51,1,2,3,0,66.80000000000001,24.0,-43,3.0,1,3.4000000000000004,2,12.41,34.20481927710844,1
17,73,1,1,1,1,1,25,3,13,1,88,54,1,2,3,0,84.4,23.5,-34,3.176470588235294,0,3.3,1,12.41,45.75903614457832,1
17,73,1,1,1,1,1,28,1,14,0,94,51,1,2,3,0,76.80000000000001,24.0,-43,3.0,0,3.4000000000000004,1,12.41,39.32530120481928,1
17,73,2,1,1,1,1,25,3,13,1,88,54,1,2,3,0,84.4,23.5,-34,3.176470588235294,1,3.3,2,12.41,45.75903614457832,1
17,73,2,1,1,1,1,28,1,14,0,94,51,1,2,3,0,76.80000000000001,24.0,-43,3.0,1,3.4000000000000004,2,12.41,39.32530120481928,1
17,73,1,1,2,1,1,25,3,13,1,88,54,1,2,3,0,84.4,23.5,-34,3.176470588235294,1,3.3,2,12.41,45.75903614457832,1
17,73,1,1,2,1,1,28,1,14,0,94,51,1,2,3,0,76.80000000000001,24.0,-43,3.0,1,3.4000000000000004,2,12.41,39.32530120481928,1
17,73,2,1,0,1,1,25,3,13,1,88,54,1,2,3,0,84.4,23.5,-34,3.176470588235294,0,3.3,0,12.41,45.75903614457832,1
17,73,2,1,0,1,1,28,1,14,0,94,51,1,2,3,0,76.80000000000001,24.0,-43,3.0,0,3.4000000000000004,0,12.41,39.32530120481928,1
17,73,0,0,1,1,1,25,3,13,1,88,54,1,2,3,0,74.4,23.5,-34,3.176470588235294,-1,3.3,0,12.41,40.337349397590366,1
17,73,0,0,1,1,1,28,1,14,0,94,51,1,2,3,0,66.80000000000001,24.0,-43,3.0,-1,3.4000000000000004,0,12.41,34.20481927710844,1
25,86,1,1,0,1,1,25,0,13,1,60,71,1,2,1,0,78.4,31.5,11,2.84,-1,3.3,0,21.5,55.88755020080322,1
25,86,1,1,0,1,1,18,3,9,1,51,51,1,2,3,0,74.8,29.5,0,2.04,-1,2.9,0,21.5,38.30120481927711,1
25,86,1,0,1,1,1,25,0,13,1,60,71,1,2,1,0,68.4,31.5,11,2.84,0,3.3,1,21.5,48.75903614457832,1
25,86,1,0,1,1,1,18,3,9,1,51,51,1,2,3,0,64.8,29.5,0,2.04,0,2.9,1,21.5,33.18072289156626,1
23,85,0,1,0,1,1,27,2,8,1,67,81,0,2,1,0,80.8,27.0,14,3.5217391304347827,-2,1.8,0,19.55,65.71084337349397,1
23,85,0,1,0,1,1,24,0,20,1,90,74,1,1,1,0,90.0,33.0,-16,3.217391304347826,-1,4.0,0,19.55,66.86746987951807,1
23,85,0,1,0,1,1,21,0,10,1,85,97,1,1,0,0,88.0,28.0,12,4.217391304347826,-1,3.0,0,19.55,85.70281124497991,1
23,85,0,1,0,1,1,21,3,18,0,88,55,1,2,2,0,79.2,32.0,-33,2.391304347826087,-2,3.8,0,19.55,43.73493975903615,1
23,85,1,1,0,1,1,27,2,8,1,67,81,0,2,1,0,80.8,27.0,14,3.5217391304347827,-1,1.8,0,19.55,65.71084337349397,1
23,85,1,1,0,1,1,24,0,20,1,90,74,1,1,1,0,90.0,33.0,-16,3.217391304347826,0,4.0,0,19.55,66.86746987951807,1
23,85,1,1,0,1,1,21,0,10,1,85,97,1,1,0,0,88.0,28.0,12,4.217391304347826,0,3.0,0,19.55,85.70281124497991,1
23,85,1,1,0,1,1,21,3,18,0,88,55,1,2,2,0,79.2,32.0,-33,2.391304347826087,-1,3.8,0,19.55,43.73493975903615,1
23,85,2,0,1,1,1,27,2,8,1,67,81,0,2,1,0,70.8,27.0,14,3.5217391304347827,1,1.8,2,19.55,57.57831325301204,1
23,85,2,0,1,1,1,24,0,20,1,90,74,1,1,1,0,80.0,33.0,-16,3.217391304347826,2,4.0,2,19.55,59.437751004016064,1
23,85,2,0,1,1,1,21,0,10,1,85,97,1,1,0,0,78.0,28.0,12,4.217391304347826,2,3.0,2,19.55,75.96385542168676,1
23,85,2,0,1,1,1,21,3,18,0,88,55,1,2,2,0,69.2,32.0,-33,2.391304347826087,1,3.8,2,19.55,38.212851405622494,1
26,60,1,1,2,1,0,28,2,19,0,50,96,1,2,0,0,54.0,35.5,46,3.6923076923076925,1,3.9000000000000004,2,15.6,52.048192771084345,1
26,60,1,1,2,1,0,22,2,1,0,94,84,1,2,1,0,71.6,26.5,-10,3.230769230769231,1,2.1,2,15.6,60.3855421686747,1
26,60,1,1,2,1,0,26,2,4,1,92,62,1,1,2,0,80.80000000000001,28.0,-30,2.3846153846153846,2,2.4,2,15.6,50.297188755020095,1
17,88,1,1,1,1,0,24,3,4,0,55,44,1,1,3,0,67.2,19.0,-11,2.588235294117647,1,2.4,1,14.96,29.68674698795181,1
17,88,1,0,1,1,0,24,3,4,0,55,44,1,1,3,0,57.2,19.0,-11,2.588235294117647,1,2.4,1,14.96,25.269076305220885,1
17,88,2,1,1,1,0,24,3,4,0,55,44,1,1,3,0,67.2,19.0,-11,2.588235294117647,2,2.4,2,14.96,29.68674698795181,1
17,93,0,0,1,1,1,26,0,15,1,79,45,1,0,3,0,78.80000000000001,24.5,-34,2.6470588235294117,1,3.5,0,15.81,35.60240963855423,1
17,93,1,1,2,1,1,26,0,15,1,79,45,1,0,3,0,88.80000000000001,24.5,-34,2.6470588235294117,3,3.5,2,15.81,40.120481927710856,1
17,93,1,1,0,1,1,26,0,15,1,79,45,1,0,3,0,88.80000000000001,24.5,-34,2.6470588235294117,1,3.5,0,15.81,40.120481927710856,1
17,93,1,0,0,1,1,26,0,15,1,79,45,1,0,3,0,78.80000000000001,24.5,-34,2.6470588235294117,1,3.5,0,15.81,35.60240963855423,1
17,93,0,1,0,1,1,26,0,15,1,79,45,1,0,3,0,88.80000000000001,24.5,-34,2.6470588235294117,0,3.5,0,15.81,40.120481927710856,1
25,74,2,1,1,1,1,19,2,17,0,71,70,0,2,1,0,68.0,33.5,-1,2.8,1,2.7,2,18.5,47.79116465863454,1
25,74,2,1,1,1,1,26,0,1,1,65,44,1,2,3,0,75.6,25.5,-21,1.76,1,2.1,2,18.5,33.397590361445786,1
25,74,2,1,1,1,1,20,1,9,1,53,76,1,2,1,0,70.80000000000001,29.5,23,3.04,1,2.9,2,18.5,54.02409638554218,1
25,74,2,1,1,1,1,21,3,17,1,75,49,1,1,3,0,79.6,33.5,-26,1.96,2,3.7,2,18.5,39.16064257028112,1
25,74,2,1,1,1,1,24,3,9,1,51,43,1,2,3,0,70.0,29.5,-8,1.72,1,2.9,2,18.5,30.22088353413655,1
25,74,2,1,1,1,1,23,1,5,1,57,72,1,2,1,0,72.4,27.5,15,2.88,1,2.5,2,18.5,52.337349397590366,1
25,74,1,1,0,1,1,19,2,17,0,71,70,0,2,1,0,68.0,33.5,-1,2.8,-1,2.7,0,18.5,47.79116465863454,1
25,74,1,1,0,1,1,26,0,1,1,65,44,1,2,3,0,75.6,25.5,-21,1.76,-1,2.1,0,18.5,33.397590361445786,1
25,74,1,1,0,1,1,20,1,9,1,53,76,1,2,1,0,70.80000000000001,29.5,23,3.04,-1,2.9,0,18.5,54.02409638554218,1
25,74,1,1,0,1,1,21,3,17,1,75,49,1,1,3,0,79.6,33.5,-26,1.96,0,3.7,0,18.5,39.16064257028112,1
25,74,1,1,0,1,1,24,3,9,1,51,43,1,2,3,0,70.0,29.5,-8,1.72,-1,2.9,0,18.5,30.22088353413655,1
25,74,1,1,0,1,1,23,1,5,1,57,72,1,2,1,0,72.4,27.5,15,2.88,-1,2.5,0,18.5,52.337349397590366,1
25,74,1,1,2,1,1,19,2,17,0,71,70,0,2,1,0,68.0,33.5,-1,2.8,1,2.7,2,18.5,47.79116465863454,1
25,74,1,1,2,1,1,26,0,1,1,65,44,1,2,3,0,75.6,25.5,-21,1.76,1,2.1,2,18.5,33.397590361445786,1
25,74,1,1,2,1,1,20,1,9,1,53,76,1,2,1,0,70.80000000000001,29.5,23,3.04,1,2.9,2,18.5,54.02409638554218,1
25,74,1,1,2,1,1,21,3,17,1,75,49,1,1,3,0,79.6,33.5,-26,1.96,2,3.7,2,18.5,39.16064257028112,1
25,74,1,1,2,1,1,24,3,9,1,51,43,1,2,3,0,70.0,29.5,-8,1.72,1,2.9,2,18.5,30.22088353413655,1
25,74,1,1,2,1,1,23,1,5,1,57,72,1,2,1,0,72.4,27.5,15,2.88,1,2.5,2,18.5,52.337349397590366,1
25,74,2,0,2,1,1,19,2,17,0,71,70,0,2,1,0,58.0,33.5,-1,2.8,2,2.7,4,18.5,40.76305220883534,1
25,74,2,0,2,1,1,26,0,1,1,65,44,1,2,3,0,65.6,25.5,-21,1.76,2,2.1,4,18.5,28.979919678714857,1
25,74,2,0,2,1,1,20,1,9,1,53,76,1,2,1,0,60.800000000000004,29.5,23,3.04,2,2.9,4,18.5,46.393574297188756,1
25,74,2,0,2,1,1,21,3,17,1,75,49,1,1,3,0,69.6,33.5,-26,1.96,3,3.7,4,18.5,34.24096385542169,1
25,74,2,0,2,1,1,24,3,9,1,51,43,1,2,3,0,60.0,29.5,-8,1.72,2,2.9,4,18.5,25.903614457831328,1
25,74,2,0,2,1,1,23,1,5,1,57,72,1,2,1,0,62.400000000000006,27.5,15,2.88,2,2.5,4,18.5,45.108433734939766,1
28,79,1,1,1,1,1,21,1,2,1,82,73,1,1,1,0,84.4,29.0,-9,2.607142857142857,1,2.2,1,22.12,61.85943775100402,1
28,79,1,1,1,1,1,28,2,11,0,67,42,1,1,3,0,68.4,33.5,-25,1.5,1,3.1,1,22.12,28.843373493975907,1
28,79,1,1,1,1,1,18,0,13,1,94,52,1,2,3,0,89.2,34.5,-42,1.8571428571428572,0,3.3,1,22.12,46.570281124497996,1
28,79,1,1,1,1,1,18,1,12,0,83,69,1,1,2,0,74.80000000000001,34.0,-14,2.4642857142857144,1,3.2,1,22.12,51.819277108433745,1
28,79,2,1,0,1,1,21,1,2,1,82,73,1,1,1,0,84.4,29.0,-9,2.607142857142857,1,2.2,0,22.12,61.85943775100402,1
28,79,2,1,0,1,1,28,2,11,0,67,42,1,1,3,0,68.4,33.5,-25,1.5,1,3.1,0,22.12,28.843373493975907,1
28,79,2,1,0,1,1,18,0,13,1,94,52,1,2,3,0,89.2,34.5,-42,1.8571428571428572,0,3.3,0,22.12,46.570281124497996,1
28,79,2,1,0,1,1,18,1,12,0,83,69,1,1,2,0,74.80000000000001,34.0,-14,2.4642857142857144,1,3.2,0,22.12,51.819277108433745,1
31,81,1,0,0,1,0,22,3,12,1,64,52,0,2,3,0,68.0,37.0,-12,1.6774193548387097,-1,2.2,0,25.110000000000003,35.502008032128515,1
31,81,1,0,0,1,0,19,3,16,1,58,96,1,0,0,0,65.6,39.0,38,3.096774193548387,1,3.6,0,25.110000000000003,63.2289156626506,1
31,81,1,0,0,1,0,22,2,19,1,89,90,1,1,0,0,78.0,40.5,1,2.903225806451613,0,3.9000000000000004,0,25.110000000000003,70.48192771084338,1
31,81,1,0,0,1,0,20,1,18,0,63,69,1,2,2,0,57.6,40.0,6,2.225806451612903,-1,3.8,0,25.110000000000003,39.90361445783133,1
29,97,1,0,1,1,0,20,0,9,1,65,77,1,1,1,0,74.80000000000001,33.5,12,2.6551724137931036,1,2.9,1,28.13,57.8273092369478,1
29,97,1,0,1,1,0,23,0,2,0,62,66,0,2,2,0,63.60000000000001,30.0,4,2.2758620689655173,0,1.2,1,28.13,42.14457831325302,1
29,97,1,0,1,1,0,18,3,20,1,86,75,1,2,1,0,83.2,39.0,-11,2.586206896551724,0,4.0,1,28.13,62.65060240963856,1
29,97,1,1,1,1,0,20,0,9,1,65,77,1,1,1,0,84.80000000000001,33.5,12,2.6551724137931036,1,2.9,1,28.13,65.55823293172692,1
29,97,1,1,1,1,0,23,0,2,0,62,66,0,2,2,0,73.60000000000001,30.0,4,2.2758620689655173,0,1.2,1,28.13,48.7710843373494,1
29,97,1,1,1,1,0,18,3,20,1,86,75,1,2,1,0,93.2,39.0,-11,2.586206896551724,0,4.0,1,28.13,70.18072289156628,1
29,97,2,1,1,1,0,20,0,9,1,65,77,1,1,1,0,84.80000000000001,33.5,12,2.6551724137931036,2,2.9,2,28.13,65.55823293172692,1
29,97,2,1,1,1,0,23,0,2,0,62,66,0,2,2,0,73.60000000000001,30.0,4,2.2758620689655173,1,1.2,2,28.13,48.7710843373494,1
29,97,2,1,1,1,0,18,3,20,1,86,75,1,2,1,0,93.2,39.0,-11,2.586206896551724,1,4.0,2,28.13,70.18072289156628,1
24,97,0,0,0,1,0,22,3,20,1,95,83,1,0,1,0,86.80000000000001,34.0,-12,3.4583333333333335,0,4.0,0,23.28,72.33333333333334,1
24,97,0,0,0,1,0,20,1,15,0,70,79,1,1,1,0,66.80000000000001,31.5,9,3.2916666666666665,-1,3.5,0,23.28,52.983935742971894,1
24,97,0,0,0,1,0,20,2,15,0,52,42,0,2,3,0,59.60000000000001,31.5,-10,1.75,-2,2.5,0,23.28,25.13253012048193,1
24,97,0,0,0,1,0,28,1,0,0,56,48,1,2,3,0,61.2,24.0,-8,2.0,-2,2.0,0,23.28,29.493975903614462,1
24,97,0,0,0,1,0,29,2,14,1,68,90,1,1,0,0,76.0,31.0,22,3.75,-1,3.4000000000000004,0,23.28,68.67469879518073,1
24,97,0,0,0,1,0,24,1,18,0,98,85,1,0,0,0,78.0,33.0,-13,3.5416666666666665,0,3.8,0,23.28,66.56626506024097,1
24,97,0,0,0,1,0,25,0,1,0,62,67,1,1,2,0,63.60000000000001,24.5,5,2.7916666666666665,-1,2.1,0,23.28,42.78313253012049,1
24,97,1,0,2,1,0,22,3,20,1,95,83,1,0,1,0,86.80000000000001,34.0,-12,3.4583333333333335,3,4.0,2,23.28,72.33333333333334,1
24,97,1,0,2,1,0,20,1,15,0,70,79,1,1,1,0,66.80000000000001,31.5,9,3.2916666666666665,2,3.5,2,23.28,52.983935742971894,1
24,97,1,0,2,1,0,20,2,15,0,52,42,0,2,3,0,59.60000000000001,31.5,-10,1.75,1,2.5,2,23.28,25.13253012048193,1
24,97,1,0,2,1,0,28,1,0,0,56,48,1,2,3,0,61.2,24.0,-8,2.0,1,2.0,2,23.28,29.493975903614462,1
24,97,1,0,2,1,0,29,2,14,1,68,90,1,1,0,0,76.0,31.0,22,3.75,2,3.4000000000000004,2,23.28,68.67469879518073,1
24,97,1,0,2,1,0,24,1,18,0,98,85,1,0,0,0,78.0,33.0,-13,3.5416666666666665,3,3.8,2,23.28,66.56626506024097,1
24,97,1,0,2,1,0,25,0,1,0,62,67,1,1,2,0,63.60000000000001,24.5,5,2.7916666666666665,2,2.1,2,23.28,42.78313253012049,1
24,97,1,1,1,1,0,22,3,20,1,95,83,1,0,1,0,96.80000000000001,34.0,-12,3.4583333333333335,2,4.0,1,23.28,80.66666666666669,1
24,97,1,1,1,1,0,20,1,15,0,70,79,1,1,1,0,76.80000000000001,31.5,9,3.2916666666666665,1,3.5,1,23.28,60.91566265060242,1
24,97,1,1,1,1,0,20,2,15,0,52,42,0,2,3,0,69.60000000000001,31.5,-10,1.75,0,2.5,1,23.28,29.349397590361452,1
24,97,1,1,1,1,0,28,1,0,0,56,48,1,2,3,0,71.2,24.0,-8,2.0,0,2.0,1,23.28,34.3132530120482,1
24,97,1,1,1,1,0,29,2,14,1,68,90,1,1,0,0,86.0,31.0,22,3.75,1,3.4000000000000004,1,23.28,77.71084337349399,1
24,97,1,1,1,1,0,24,1,18,0,98,85,1,0,0,0,88.0,33.0,-13,3.5416666666666665,2,3.8,1,23.28,75.1004016064257,1
24,97,1,1,1,1,0,25,0,1,0,62,67,1,1,2,0,73.60000000000001,24.5,5,2.7916666666666665,1,2.1,1,23.28,49.510040160642575,1
20,81,0,1,0,1,0,19,3,14,1,64,63,1,2,2,0,78.0,27.0,-1,3.15,-2,3.4000000000000004,0,16.200000000000003,49.337349397590366,1
20,81,0,1,0,1,0,28,3,11,0,80,88,1,1,0,0,74.4,25.5,8,4.4,-1,3.1,0,16.200000000000003,65.73493975903615,1
20,81,0,0,1,1,0,19,3,14,1,64,63,1,2,2,0,68.0,27.0,-1,3.15,-1,3.4000000000000004,0,16.200000000000003,43.01204819277109,1
20,81,0,0,1,1,0,28,3,11,0,80,88,1,1,0,0,64.4,25.5,8,4.4,0,3.1,0,16.200000000000003,56.8995983935743,1
20,81,1,0,0,1,0,19,3,14,1,64,63,1,2,2,0,68.0,27.0,-1,3.15,-1,3.4000000000000004,0,16.200000000000003,43.01204819277109,1
22,89,2,1,1,1,1,20,0,14,0,58,51,1,1,3,0,68.80000000000001,29.0,-7,2.3181818181818183,2,3.4000000000000004,2,19.580000000000002,35.22891566265061,1
22,89,2,1,1,1,1,27,3,0,0,73,58,0,2,2,0,74.80000000000001,22.0,-15,2.6363636363636362,1,1.0,2,19.580000000000002,43.55823293172691,1
22,89,2,1,1,1,1,18,2,8,0,51,68,1,0,2,0,66.0,26.0,17,3.090909090909091,3,2.8,2,19.580000000000002,45.06024096385542,1
22,89,2,1,1,1,1,23,1,15,1,72,88,1,2,0,0,84.4,29.5,16,4.0,1,3.5,2,19.580000000000002,74.570281124498,1
22,89,1,0,1,1,1,20,0,14,0,58,51,1,1,3,0,58.800000000000004,29.0,-7,2.3181818181818183,1,3.4000000000000004,1,19.580000000000002,30.108433734939766,1
22,89,1,0,1,1,1,27,3,0,0,73,58,0,2,2,0,64.80000000000001,22.0,-15,2.6363636363636362,0,1.0,1,19.580000000000002,37.73493975903615,1
22,89,1,0,1,1,1,18,2,8,0,51,68,1,0,2,0,56.0,26.0,17,3.090909090909091,2,2.8,1,19.580000000000002,38.23293172690763,1
22,89,1,0,1,1,1,23,1,15,1,72,88,1,2,0,0,74.4,29.5,16,4.0,0,3.5,1,19.580000000000002,65.73493975903615,1
22,89,1,1,1,1,1,20,0,14,0,58,51,1,1,3,0,68.80000000000001,29.0,-7,2.3181818181818183,1,3.4000000000000004,1,19.580000000000002,35.22891566265061,1
22,89,1,1,1,1,1,27,3,0,0,73,58,0,2,2,0,74.80000000000001,22.0,-15,2.6363636363636362,0,1.0,1,19.580000000000002,43.55823293172691,1
22,89,1,1,1,1,1,18,2,8,0,51,68,1,0,2,0,66.0,26.0,17,3.090909090909091,2,2.8,1,19.580000000000002,45.06024096385542,1
22,89,1,1,1,1,1,23,1,15,1,72,88,1,2,0,0,84.4,29.5,16,4.0,0,3.5,1,19.580000000000002,74.570281124498,1
22,89,2,0,2,1,1,20,0,14,0,58,51,1,1,3,0,58.800000000000004,29.0,-7,2.3181818181818183,3,3.4000000000000004,4,19.580000000000002,30.108433734939766,1
22,89,2,0,2,1,1,27,3,0,0,73,58,0,2,2,0,64.80000000000001,22.0,-15,2.6363636363636362,2,1.0,4,19.580000000000002,37.73493975903615,1
22,89,2,0,2,1,1,18,2,8,0,51,68,1,0,2,0,56.0,26.0,17,3.090909090909091,4,2.8,4,19.580000000000002,38.23293172690763,1
22,89,2,0,2,1,1,23,1,15,1,72,88,1,2,0,0,74.4,29.5,16,4.0,2,3.5,4,19.580000000000002,65.73493975903615,1
22,89,2,0,1,1,1,20,0,14,0,58,51,1,1,3,0,58.800000000000004,29.0,-7,2.3181818181818183,2,3.4000000000000004,2,19.580000000000002,30.108433734939766,1
22,89,2,0,1,1,1,27,3,0,0,73,58,0,2,2,0,64.80000000000001,22.0,-15,2.6363636363636362,1,1.0,2,19.580000000000002,37.73493975903615,1
22,89,2,0,1,1,1,18,2,8,0,51,68,1,0,2,0,56.0,26.0,17,3.090909090909091,3,2.8,2,19.580000000000002,38.23293172690763,1
22,89,2,0,1,1,1,23,1,15,1,72,88,1,2,0,0,74.4,29.5,16,4.0,1,3.5,2,19.580000000000002,65.73493975903615,1
35,85,2,1,2,1,0,18,3,1,0,60,76,1,2,1,0,68.0,35.5,16,2.1714285714285713,2,2.1,4,29.75,51.88755020080322,1
35,85,2,1,2,1,0,20,2,8,0,59,77,0,0,1,0,67.6,39.0,18,2.2,4,1.8,4,29.75,52.261044176706825,1
35,85,2,1,2,1,0,28,0,4,0,66,61,1,2,2,0,70.4,37.0,-5,1.7428571428571429,2,2.4,4,29.75,43.116465863453826,1
35,85,2,1,2,1,0,18,0,4,1,73,54,0,2,3,0,83.2,37.0,-19,1.542857142857143,2,1.4,4,29.75,45.108433734939766,1
35,85,2,1,2,1,0,21,1,2,1,96,97,1,2,0,0,92.4,36.0,1,2.7714285714285714,2,2.2,4,29.75,89.98795180722892,1
35,85,2,1,2,1,0,26,1,5,1,73,65,1,1,2,0,83.2,37.5,-8,1.8571428571428572,3,2.5,4,29.75,54.29718875502009,1
35,85,2,1,2,1,0,18,0,19,1,82,73,1,1,1,0,86.80000000000001,44.5,-9,2.085714285714286,3,3.9000000000000004,4,29.75,63.61847389558234,1
21,74,0,1,0,1,1,23,3,1,1,89,59,1,2,2,0,85.2,21.5,-30,2.8095238095238093,-2,2.1,0,15.54,50.4698795180723,1
21,74,0,1,0,1,1,20,3,11,1,69,90,1,1,0,0,77.2,26.5,21,4.285714285714286,-1,3.1,0,15.54,69.75903614457832,1
21,74,0,1,0,1,1,19,2,12,1,91,68,1,2,2,0,86.0,27.0,-23,3.238095238095238,-2,3.2,0,15.54,58.71485943775101,1
21,74,1,0,1,1,1,23,3,1,1,89,59,1,2,2,0,75.2,21.5,-30,2.8095238095238093,0,2.1,1,15.54,44.54618473895583,1
21,74,1,0,1,1,1,20,3,11,1,69,90,1,1,0,0,67.2,26.5,21,4.285714285714286,1,3.1,1,15.54,60.72289156626507,1
21,74,1,0,1,1,1,19,2,12,1,91,68,1,2,2,0,76.0,27.0,-23,3.238095238095238,0,3.2,1,15.54,51.88755020080322,1
21,74,2,0,0,1,1,23,3,1,1,89,59,1,2,2,0,75.2,21.5,-30,2.8095238095238093,0,2.1,0,15.54,44.54618473895583,1
21,74,2,0,0,1,1,20,3,11,1,69,90,1,1,0,0,67.2,26.5,21,4.285714285714286,1,3.1,0,15.54,60.72289156626507,1
21,74,2,0,0,1,1,19,2,12,1,91,68,1,2,2,0,76.0,27.0,-23,3.238095238095238,0,3.2,0,15.54,51.88755020080322,1
21,74,1,1,1,1,1,23,3,1,1,89,59,1,2,2,0,85.2,21.5,-30,2.8095238095238093,0,2.1,1,15.54,50.4698795180723,1
21,74,1,1,1,1,1,20,3,11,1,69,90,1,1,0,0,77.2,26.5,21,4.285714285714286,1,3.1,1,15.54,69.75903614457832,1
21,74,1,1,1,1,1,19,2,12,1,91,68,1,2,2,0,86.0,27.0,-23,3.238095238095238,0,3.2,1,15.54,58.71485943775101,1
21,74,1,0,2,1,1,23,3,1,1,89,59,1,2,2,0,75.2,21.5,-30,2.8095238095238093,1,2.1,2,15.54,44.54618473895583,1
21,74,1,0,2,1,1,20,3,11,1,69,90,1,1,0,0,67.2,26.5,21,4.285714285714286,2,3.1,2,15.54,60.72289156626507,1
21,74,1,0,2,1,1,19,2,12,1,91,68,1,2,2,0,76.0,27.0,-23,3.238095238095238,1,3.2,2,15.54,51.88755020080322,1
21,74,0,1,1,1,1,23,3,1,1,89,59,1,2,2,0,85.2,21.5,-30,2.8095238095238093,-1,2.1,0,15.54,50.4698795180723,1
21,74,0,1,1,1,1,20,3,11,1,69,90,1,1,0,0,77.2,26.5,21,4.285714285714286,0,3.1,0,15.54,69.75903614457832,1
21,74,0,1,1,1,1,19,2,12,1,91,68,1,2,2,0,86.0,27.0,-23,3.238095238095238,-1,3.2,0,15.54,58.71485943775101,1
21,74,2,1,1,1,1,23,3,1,1,89,59,1,2,2,0,85.2,21.5,-30,2.8095238095238093,1,2.1,2,15.54,50.4698795180723,1
21,74,2,1,1,1,1,20,3,11,1,69,90,1,1,0,0,77.2,26.5,21,4.285714285714286,2,3.1,2,15.54,69.75903614457832,1
21,74,2,1,1,1,1,19,2,12,1,91,68,1,2,2,0,86.0,27.0,-23,3.238095238095238,1,3.2,2,15.54,58.71485943775101,1
24,83,2,0,0,1,0,26,2,7,0,98,80,1,0,1,0,72.4,27.5,-18,3.3333333333333335,2,2.7,0,19.919999999999998,58.152610441767074,1
24,83,1,1,2,1,0,26,2,7,0,98,80,1,0,1,0,82.4,27.5,-18,3.3333333333333335,3,2.7,2,19.919999999999998,66.18473895582329,1
23,80,0,1,1,1,1,27,0,11,1,68,55,0,2,2,0,79.2,28.5,-13,2.391304347826087,-1,2.1,0,18.400000000000002,43.73493975903615,1
23,80,0,1,1,1,1,28,2,14,1,53,64,1,0,2,0,73.2,30.0,11,2.782608695652174,1,3.4000000000000004,0,18.400000000000002,47.036144578313255,1
23,80,0,1,1,1,1,29,1,5,1,77,79,1,1,1,0,82.8,25.5,2,3.4347826086956523,0,2.5,0,18.400000000000002,65.67469879518072,1
23,80,1,0,0,1,1,27,0,11,1,68,55,0,2,2,0,69.2,28.5,-13,2.391304347826087,-1,2.1,0,18.400000000000002,38.212851405622494,1
23,80,1,0,0,1,1,28,2,14,1,53,64,1,0,2,0,63.2,30.0,11,2.782608695652174,1,3.4000000000000004,0,18.400000000000002,40.61044176706828,1
23,80,1,0,0,1,1,29,1,5,1,77,79,1,1,1,0,72.8,25.5,2,3.4347826086956523,0,2.5,0,18.400000000000002,57.7429718875502,1
23,80,2,1,1,1,1,27,0,11,1,68,55,0,2,2,0,79.2,28.5,-13,2.391304347826087,1,2.1,2,18.400000000000002,43.73493975903615,1
23,80,2,1,1,1,1,28,2,14,1,53,64,1,0,2,0,73.2,30.0,11,2.782608695652174,3,3.4000000000000004,2,18.400000000000002,47.036144578313255,1
23,80,2,1,1,1,1,29,1,5,1,77,79,1,1,1,0,82.8,25.5,2,3.4347826086956523,2,2.5,2,18.400000000000002,65.67469879518072,1
23,80,2,0,0,1,1,27,0,11,1,68,55,0,2,2,0,69.2,28.5,-13,2.391304347826087,0,2.1,0,18.400000000000002,38.212851405622494,1
23,80,2,0,0,1,1,28,2,14,1,53,64,1,0,2,0,63.2,30.0,11,2.782608695652174,2,3.4000000000000004,0,18.400000000000002,40.61044176706828,1
23,80,2,0,0,1,1,29,1,5,1,77,79,1,1,1,0,72.8,25.5,2,3.4347826086956523,1,2.5,0,18.400000000000002,57.7429718875502,1
23,80,1,0,1,1,1,27,0,11,1,68,55,0,2,2,0,69.2,28.5,-13,2.391304347826087,0,2.1,1,18.400000000000002,38.212851405622494,1
23,80,1,0,1,1,1,28,2,14,1,53,64,1,0,2,0,63.2,30.0,11,2.782608695652174,2,3.4000000000000004,1,18.400000000000002,40.61044176706828,1
23,80,1,0,1,1,1,29,1,5,1,77,79,1,1,1,0,72.8,25.5,2,3.4347826086956523,1,2.5,1,18.400000000000002,57.7429718875502,1
15,71,2,1,0,1,0,19,0,12,1,87,43,1,1,3,0,83.2,21.0,-44,2.8666666666666667,1,3.2,0,10.649999999999999,35.919678714859444,1
23,75,2,1,0,1,0,21,2,13,1,72,94,0,0,0,0,78.8,29.5,22,4.086956521739131,2,2.3,0,17.25,74.3694779116466,1
23,75,2,1,0,1,0,25,0,14,1,89,82,1,2,1,0,85.6,30.0,-7,3.5652173913043477,0,3.4000000000000004,0,17.25,70.47389558232932,1
23,75,1,1,0,1,0,21,2,13,1,72,94,0,0,0,0,78.8,29.5,22,4.086956521739131,1,2.3,0,17.25,74.3694779116466,1
23,75,1,1,0,1,0,25,0,14,1,89,82,1,2,1,0,85.6,30.0,-7,3.5652173913043477,-1,3.4000000000000004,0,17.25,70.47389558232932,1
23,75,1,1,2,1,0,21,2,13,1,72,94,0,0,0,0,78.8,29.5,22,4.086956521739131,3,2.3,2,17.25,74.3694779116466,1
23,75,1,1,2,1,0,25,0,14,1,89,82,1,2,1,0,85.6,30.0,-7,3.5652173913043477,1,3.4000000000000004,2,17.25,70.47389558232932,1
23,75,1,0,0,1,0,21,2,13,1,72,94,0,0,0,0,68.8,29.5,22,4.086956521739131,1,2.3,0,17.25,64.93172690763052,1
23,75,1,0,0,1,0,25,0,14,1,89,82,1,2,1,0,75.6,30.0,-7,3.5652173913043477,-1,3.4000000000000004,0,17.25,62.24096385542169,1
23,75,0,1,2,1,0,21,2,13,1,72,94,0,0,0,0,78.8,29.5,22,4.086956521739131,2,2.3,0,17.25,74.3694779116466,1
23,75,0,1,2,1,0,25,0,14,1,89,82,1,2,1,0,85.6,30.0,-7,3.5652173913043477,0,3.4000000000000004,0,17.25,70.47389558232932,1
23,75,2,1,1,1,0,21,2,13,1,72,94,0,0,0,0,78.8,29.5,22,4.086956521739131,3,2.3,2,17.25,74.3694779116466,1
23,75,2,1,1,1,0,25,0,14,1,89,82,1,2,1,0,85.6,30.0,-7,3.5652173913043477,1,3.4000000000000004,2,17.25,70.47389558232932,1
31,63,2,0,0,1,1,27,1,8,1,91,91,1,2,0,0,71.6,35.0,0,2.935483870967742,0,2.8,0,19.53,65.41767068273091,1
31,63,2,1,0,1,1,27,1,8,1,91,91,1,2,0,0,81.6,35.0,0,2.935483870967742,0,2.8,0,19.53,74.55421686746988,1
28,62,2,0,1,1,1,24,0,2,0,50,51,1,2,3,0,44.8,29.0,1,1.8214285714285714,1,2.2,2,17.36,22.93975903614458,1
28,62,2,0,1,1,1,25,2,12,0,51,63,1,2,2,0,45.2,34.0,12,2.25,1,3.2,2,17.36,28.590361445783135,1
28,62,1,1,1,1,1,24,0,2,0,50,51,1,2,3,0,54.8,29.0,1,1.8214285714285714,0,2.2,1,17.36,28.06024096385542,1
28,62,1,1,1,1,1,25,2,12,0,51,63,1,2,2,0,55.2,34.0,12,2.25,0,3.2,1,17.36,34.91566265060241,1
28,62,1,0,2,1,1,24,0,2,0,50,51,1,2,3,0,44.8,29.0,1,1.8214285714285714,1,2.2,2,17.36,22.93975903614458,1
28,62,1,0,2,1,1,25,2,12,0,51,63,1,2,2,0,45.2,34.0,12,2.25,1,3.2,2,17.36,28.590361445783135,1
30,70,1,0,1,1,0,18,3,12,1,59,89,0,0,0,0,61.6,36.0,30,2.966666666666667,2,2.2,1,21.0,55.044176706827315,1
30,70,1,0,1,1,0,26,1,14,1,87,64,1,2,2,0,72.80000000000001,37.0,-23,2.1333333333333333,0,3.4000000000000004,1,21.0,46.77911646586347,1
30,70,1,0,1,1,0,18,1,18,0,54,89,1,2,0,0,49.6,39.0,35,2.966666666666667,0,3.8,1,21.0,44.32128514056225,1
30,70,1,0,1,1,0,27,1,6,1,62,80,1,1,1,0,62.8,33.0,18,2.6666666666666665,1,2.6,1,21.0,50.44176706827309,1
30,70,1,0,1,1,0,21,3,10,1,50,70,1,1,1,0,58.0,35.0,20,2.3333333333333335,1,3.0,1,21.0,40.76305220883534,1
30,70,2,1,1,1,0,18,3,12,1,59,89,0,0,0,0,71.6,36.0,30,2.966666666666667,3,2.2,2,21.0,63.97991967871486,1
30,70,2,1,1,1,0,26,1,14,1,87,64,1,2,2,0,82.80000000000001,37.0,-23,2.1333333333333333,1,3.4000000000000004,2,21.0,53.20481927710844,1
30,70,2,1,1,1,0,18,1,18,0,54,89,1,2,0,0,59.6,39.0,35,2.966666666666667,1,3.8,2,21.0,53.2570281124498,1
30,70,2,1,1,1,0,27,1,6,1,62,80,1,1,1,0,72.8,33.0,18,2.6666666666666665,2,2.6,2,21.0,58.47389558232932,1
30,70,2,1,1,1,0,21,3,10,1,50,70,1,1,1,0,68.0,35.0,20,2.3333333333333335,2,3.0,2,21.0,47.79116465863454,1
17,63,1,0,1,1,0,28,1,7,1,95,43,0,0,3,1,73.2,20.5,-52,2.5294117647058822,2,1.7000000000000002,1,10.71,31.602409638554217,1
17,63,1,0,1,1,0,23,3,20,1,72,42,0,2,3,0,64.0,27.0,-30,2.4705882352941178,0,3.0,1,10.71,26.987951807228917,1
17,63,1,0,1,1,0,18,0,20,0,76,54,1,1,3,0,55.60000000000001,27.0,-22,3.176470588235294,1,4.0,1,10.71,30.14457831325302,1
17,63,1,1,1,1,0,28,1,7,1,95,43,0,0,3,1,83.2,20.5,-52,2.5294117647058822,2,1.7000000000000002,1,10.71,35.919678714859444,1
17,63,1,1,1,1,0,23,3,20,1,72,42,0,2,3,0,74.0,27.0,-30,2.4705882352941178,0,3.0,1,10.71,31.204819277108435,1
20,62,1,1,2,1,1,24,1,6,0,56,79,1,0,1,0,57.2,23.0,23,3.95,3,2.6,2,12.4,45.36947791164659,1
20,62,1,1,2,1,1,20,1,17,0,81,64,1,1,2,0,67.2,28.5,-17,3.2,2,3.7,2,12.4,43.18072289156627,1
20,62,1,1,2,1,1,27,2,19,1,61,83,1,0,1,0,69.2,29.5,22,4.15,3,3.9000000000000004,2,12.4,57.66666666666667,1
20,62,0,0,2,1,1,20,1,17,0,81,64,1,1,2,0,57.2,28.5,-17,3.2,1,3.7,0,12.4,36.75502008032129,1
20,62,0,0,2,1,1,27,2,19,1,61,83,1,0,1,0,59.2,29.5,22,4.15,2,3.9000000000000004,0,12.4,49.333333333333336,1
20,62,1,1,0,1,1,24,1,6,0,56,79,1,0,1,0,57.2,23.0,23,3.95,1,2.6,0,12.4,45.36947791164659,1
20,62,1,1,0,1,1,20,1,17,0,81,64,1,1,2,0,67.2,28.5,-17,3.2,0,3.7,0,12.4,43.18072289156627,1
20,62,1,1,0,1,1,27,2,19,1,61,83,1,0,1,0,69.2,29.5,22,4.15,1,3.9000000000000004,0,12.4,57.66666666666667,1
20,62,1,0,2,1,1,20,1,17,0,81,64,1,1,2,0,57.2,28.5,-17,3.2,2,3.7,2,12.4,36.75502008032129,1
20,62,1,0,2,1,1,27,2,19,1,61,83,1,0,1,0,59.2,29.5,22,4.15,3,3.9000000000000004,2,12.4,49.333333333333336,1
27,86,1,1,0,1,0,23,1,4,0,93,47,1,2,3,0,81.6,29.0,-46,1.7407407407407407,-1,2.4,0,23.22,38.50602409638554,1
27,86,1,1,0,1,0,26,2,20,0,87,66,1,1,2,0,79.2,37.0,-21,2.4444444444444446,0,4.0,0,23.22,52.48192771084338,1
27,86,1,1,2,1,0,23,1,4,0,93,47,1,2,3,0,81.6,29.0,-46,1.7407407407407407,1,2.4,2,23.22,38.50602409638554,1
27,86,1,1,2,1,0,26,2,20,0,87,66,1,1,2,0,79.2,37.0,-21,2.4444444444444446,2,4.0,2,23.22,52.48192771084338,1
19,79,1,1,0,1,1,27,2,14,0,70,40,1,1,3,0,69.6,26.0,-30,2.1052631578947367,0,3.4000000000000004,0,15.010000000000002,27.951807228915662,1
19,79,2,1,1,1,1,27,2,14,0,70,40,1,1,3,0,69.6,26.0,-30,2.1052631578947367,2,3.4000000000000004,2,15.010000000000002,27.951807228915662,1
19,79,1,0,2,1,1,27,2,14,0,70,40,1,1,3,0,59.6,26.0,-30,2.1052631578947367,2,3.4000000000000004,2,15.010000000000002,23.93574297188755,1
19,79,1,0,1,1,1,27,2,14,0,70,40,1,1,3,0,59.6,26.0,-30,2.1052631578947367,1,3.4000000000000004,1,15.010000000000002,23.93574297188755,1
19,79,2,1,0,1,1,27,2,14,0,70,40,1,1,3,0,69.6,26.0,-30,2.1052631578947367,1,3.4000000000000004,0,15.010000000000002,27.951807228915662,1
14,81,1,0,0,1,1,22,0,13,0,54,42,1,1,3,0,54.0,20.5,-12,3.0,0,3.3,0,11.34,22.7710843373494,1
14,81,1,1,2,1,1,19,1,8,1,68,44,1,2,3,0,79.6,18.0,-24,3.142857142857143,1,2.8,2,11.34,35.16465863453815,1
14,81,1,1,2,1,1,22,0,13,0,54,42,1,1,3,0,64.0,20.5,-12,3.0,2,3.3,2,11.34,26.987951807228917,1
14,81,1,1,1,1,1,19,1,8,1,68,44,1,2,3,0,79.6,18.0,-24,3.142857142857143,0,2.8,1,11.34,35.16465863453815,1
14,81,1,1,1,1,1,22,0,13,0,54,42,1,1,3,0,64.0,20.5,-12,3.0,1,3.3,1,11.34,26.987951807228917,1
14,81,1,1,0,1,1,19,1,8,1,68,44,1,2,3,0,79.6,18.0,-24,3.142857142857143,-1,2.8,0,11.34,35.16465863453815,1
14,81,1,1,0,1,1,22,0,13,0,54,42,1,1,3,0,64.0,20.5,-12,3.0,0,3.3,0,11.34,26.987951807228917,1
14,81,2,0,1,1,1,22,0,13,0,54,42,1,1,3,0,54.0,20.5,-12,3.0,2,3.3,2,11.34,22.7710843373494,1
25,83,1,1,1,1,0,19,2,11,1,90,41,1,1,3,0,89.2,30.5,-49,1.64,1,3.1,1,20.75,36.71887550200803,1
30,88,1,0,1,1,0,22,1,20,1,84,69,1,2,2,0,78.80000000000001,40.0,-15,2.3,0,4.0,1,26.4,54.590361445783145,1
30,88,1,0,1,1,0,24,1,16,0,62,50,1,2,3,0,60.0,38.0,-12,1.6666666666666667,0,3.6,1,26.4,30.120481927710845,1
30,88,1,0,1,1,0,25,3,15,0,60,98,1,2,0,0,59.2,37.5,38,3.2666666666666666,0,3.5,1,26.4,58.24899598393575,1
30,88,1,0,1,1,0,24,3,15,1,94,81,1,2,1,0,82.80000000000001,37.5,-13,2.7,0,3.5,1,26.4,67.33734939759037,1
30,88,1,0,1,1,0,26,1,6,0,73,57,1,0,2,0,64.4,33.0,-16,1.9,2,2.6,1,26.4,36.85542168674699,1
30,88,1,1,2,1,0,22,1,20,1,84,69,1,2,2,0,88.80000000000001,40.0,-15,2.3,1,4.0,2,26.4,61.51807228915664,1
30,88,1,1,2,1,0,24,1,16,0,62,50,1,2,3,0,70.0,38.0,-12,1.6666666666666667,1,3.6,2,26.4,35.14056224899599,1
30,88,1,1,2,1,0,25,3,15,0,60,98,1,2,0,0,69.2,37.5,38,3.2666666666666666,1,3.5,2,26.4,68.08835341365463,1
30,88,1,1,2,1,0,24,3,15,1,94,81,1,2,1,0,92.80000000000001,37.5,-13,2.7,1,3.5,2,26.4,75.4698795180723,1
30,88,1,1,2,1,0,26,1,6,0,73,57,1,0,2,0,74.4,33.0,-16,1.9,3,2.6,2,26.4,42.578313253012055,1
30,88,1,1,1,1,0,22,1,20,1,84,69,1,2,2,0,88.80000000000001,40.0,-15,2.3,0,4.0,1,26.4,61.51807228915664,1
30,88,1,1,1,1,0,24,1,16,0,62,50,1,2,3,0,70.0,38.0,-12,1.6666666666666667,0,3.6,1,26.4,35.14056224899599,1
30,88,1,1,1,1,0,25,3,15,0,60,98,1,2,0,0,69.2,37.5,38,3.2666666666666666,0,3.5,1,26.4,68.08835341365463,1
30,88,1,1,1,1,0,24,3,15,1,94,81,1,2,1,0,92.80000000000001,37.5,-13,2.7,0,3.5,1,26.4,75.4698795180723,1
30,88,1,1,1,1,0,26,1,6,0,73,57,1,0,2,0,74.4,33.0,-16,1.9,2,2.6,1,26.4,42.578313253012055,1
30,88,1,1,0,1,0,22,1,20,1,84,69,1,2,2,0,88.80000000000001,40.0,-15,2.3,-1,4.0,0,26.4,61.51807228915664,1
30,88,1,1,0,1,0,24,1,16,0,62,50,1,2,3,0,70.0,38.0,-12,1.6666666666666667,-1,3.6,0,26.4,35.14056224899599,1
30,88,1,1,0,1,0,25,3,15,0,60,98,1,2,0,0,69.2,37.5,38,3.2666666666666666,-1,3.5,0,26.4,68.08835341365463,1
30,88,1,1,0,1,0,24,3,15,1,94,81,1,2,1,0,92.80000000000001,37.5,-13,2.7,-1,3.5,0,26.4,75.4698795180723,1
30,88,1,1,0,1,0,26,1,6,0,73,57,1,0,2,0,74.4,33.0,-16,1.9,1,2.6,0,26.4,42.578313253012055,1
19,78,2,0,1,1,1,19,1,8,1,87,56,1,0,2,0,76.0,23.0,-31,2.9473684210526314,3,2.8,2,14.82,42.73092369477912,1
19,78,1,0,0,1,1,19,1,8,1,87,56,1,0,2,0,76.0,23.0,-31,2.9473684210526314,1,2.8,0,14.82,42.73092369477912,1
19,78,2,1,1,1,1,19,1,8,1,87,56,1,0,2,0,86.0,23.0,-31,2.9473684210526314,3,2.8,2,14.82,48.35341365461848,1
19,78,1,1,1,1,1,19,1,8,1,87,56,1,0,2,0,86.0,23.0,-31,2.9473684210526314,2,2.8,1,14.82,48.35341365461848,1
20,94,1,0,1,1,1,28,0,0,0,84,50,1,2,3,0,71.2,20.0,-34,2.5,0,2.0,1,18.799999999999997,35.742971887550205,1
20,94,2,1,1,1,1,28,0,0,0,84,50,1,2,3,0,81.2,20.0,-34,2.5,1,2.0,2,18.799999999999997,40.76305220883534,1
20,94,1,1,1,1,1,28,0,0,0,84,50,1,2,3,0,81.2,20.0,-34,2.5,0,2.0,1,18.799999999999997,40.76305220883534,1
20,94,0,1,0,1,1,28,0,0,0,84,50,1,2,3,0,81.2,20.0,-34,2.5,-2,2.0,0,18.799999999999997,40.76305220883534,1
19,89,1,0,1,1,0,21,0,10,1,78,47,0,2,3,0,76.80000000000001,24.0,-31,2.473684210526316,0,2.0,1,16.91,36.2409638554217,1
19,89,1,0,1,1,0,27,2,6,0,95,47,1,2,3,0,73.6,22.0,-48,2.473684210526316,0,2.6,1,16.91,34.730923694779115,1
19,89,1,1,0,1,0,21,0,10,1,78,47,0,2,3,0,86.80000000000001,24.0,-31,2.473684210526316,-1,2.0,0,16.91,40.95983935742973,1
19,89,1,1,0,1,0,27,2,6,0,95,47,1,2,3,0,83.6,22.0,-48,2.473684210526316,-1,2.6,0,16.91,39.44979919678715,1
19,89,2,1,0,1,0,21,0,10,1,78,47,0,2,3,0,86.80000000000001,24.0,-31,2.473684210526316,0,2.0,0,16.91,40.95983935742973,1
19,89,2,1,0,1,0,27,2,6,0,95,47,1,2,3,0,83.6,22.0,-48,2.473684210526316,0,2.6,0,16.91,39.44979919678715,1
19,89,0,1,1,1,0,21,0,10,1,78,47,0,2,3,0,86.80000000000001,24.0,-31,2.473684210526316,-1,2.0,0,16.91,40.95983935742973,1
19,89,0,1,1,1,0,27,2,6,0,95,47,1,2,3,0,83.6,22.0,-48,2.473684210526316,-1,2.6,0,16.91,39.44979919678715,1
19,89,0,0,1,1,0,21,0,10,1,78,47,0,2,3,0,76.80000000000001,24.0,-31,2.473684210526316,-1,2.0,0,16.91,36.2409638554217,1
19,89,0,0,1,1,0,27,2,6,0,95,47,1,2,3,0,73.6,22.0,-48,2.473684210526316,-1,2.6,0,16.91,34.730923694779115,1
19,89,1,1,2,1,0,21,0,10,1,78,47,0,2,3,0,86.80000000000001,24.0,-31,2.473684210526316,1,2.0,2,16.91,40.95983935742973,1
19,89,1,1,2,1,0,27,2,6,0,95,47,1,2,3,0,83.6,22.0,-48,2.473684210526316,1,2.6,2,16.91,39.44979919678715,1
19,89,2,1,1,1,0,21,0,10,1,78,47,0,2,3,0,86.80000000000001,24.0,-31,2.473684210526316,1,2.0,2,16.91,40.95983935742973,1
19,89,2,1,1,1,0,27,2,6,0,95,47,1,2,3,0,83.6,22.0,-48,2.473684210526316,1,2.6,2,16.91,39.44979919678715,1
27,73,1,0,0,1,1,20,2,14,1,63,45,1,2,3,0,64.4,34.0,-18,1.6666666666666667,-1,3.4000000000000004,0,19.71,29.096385542168676,1
27,73,1,0,0,1,1,22,3,20,1,66,82,1,1,1,0,65.60000000000001,37.0,16,3.037037037037037,0,4.0,0,19.71,54.00803212851406,1
18,99,2,1,0,1,1,18,1,8,1,90,68,1,0,2,0,95.6,22.0,-22,3.7777777777777777,2,2.8,0,17.82,65.26907630522088,1
18,99,1,0,1,1,1,18,1,8,1,90,68,1,0,2,0,85.6,22.0,-22,3.7777777777777777,2,2.8,1,17.82,58.441767068273094,1
18,99,2,1,1,1,1,18,1,8,1,90,68,1,0,2,0,95.6,22.0,-22,3.7777777777777777,3,2.8,2,17.82,65.26907630522088,1
35,78,0,1,1,1,1,23,0,12,0,85,40,0,0,3,0,75.2,41.0,-45,1.1428571428571428,1,2.2,0,27.3,30.200803212851408,1
35,78,0,1,1,1,1,22,1,10,0,89,50,1,1,3,0,76.80000000000001,40.0,-39,1.4285714285714286,0,3.0,0,27.3,38.55421686746989,1
20,76,2,1,0,1,1,22,3,9,0,59,55,1,1,2,0,64.0,24.5,-4,2.75,1,2.9,0,15.2,35.34136546184739,1
20,76,2,1,0,1,1,26,2,10,0,58,62,1,2,2,0,63.60000000000001,25.0,4,3.1,0,3.0,0,15.2,39.590361445783145,1
20,76,1,1,1,1,1,22,3,9,0,59,55,1,1,2,0,64.0,24.5,-4,2.75,1,2.9,1,15.2,35.34136546184739,1
20,76,1,1,1,1,1,26,2,10,0,58,62,1,2,2,0,63.60000000000001,25.0,4,3.1,0,3.0,1,15.2,39.590361445783145,1
20,76,1,0,0,1,1,22,3,9,0,59,55,1,1,2,0,54.0,24.5,-4,2.75,0,2.9,0,15.2,29.819277108433738,1
20,76,1,0,0,1,1,26,2,10,0,58,62,1,2,2,0,53.60000000000001,25.0,4,3.1,-1,3.0,0,15.2,33.36546184738957,1
20,83,1,0,1,1,0,21,2,17,0,56,67,1,2,2,0,55.60000000000001,28.5,11,3.35,0,3.7,1,16.599999999999998,37.40160642570282,1
20,83,1,0,1,1,0,22,1,8,1,89,78,1,2,1,0,78.80000000000001,24.0,-11,3.9,0,2.8,1,16.599999999999998,61.71084337349399,1
20,83,1,0,1,1,0,21,1,2,1,57,78,1,1,1,0,66.0,21.0,21,3.9,1,2.2,1,16.599999999999998,51.68674698795181,1
20,83,1,1,2,1,0,21,2,17,0,56,67,1,2,2,0,65.60000000000001,28.5,11,3.35,1,3.7,2,16.599999999999998,44.12851405622491,1
20,83,1,1,2,1,0,22,1,8,1,89,78,1,2,1,0,88.80000000000001,24.0,-11,3.9,1,2.8,2,16.599999999999998,69.54216867469881,1
20,83,1,1,2,1,0,21,1,2,1,57,78,1,1,1,0,76.0,21.0,21,3.9,2,2.2,2,16.599999999999998,59.51807228915663,1
20,83,2,1,2,1,0,21,2,17,0,56,67,1,2,2,0,65.60000000000001,28.5,11,3.35,2,3.7,4,16.599999999999998,44.12851405622491,1
20,83,2,1,2,1,0,22,1,8,1,89,78,1,2,1,0,88.80000000000001,24.0,-11,3.9,2,2.8,4,16.599999999999998,69.54216867469881,1
20,83,2,1,2,1,0,21,1,2,1,57,78,1,1,1,0,76.0,21.0,21,3.9,3,2.2,4,16.599999999999998,59.51807228915663,1
20,83,1,1,1,1,0,21,2,17,0,56,67,1,2,2,0,65.60000000000001,28.5,11,3.35,0,3.7,1,16.599999999999998,44.12851405622491,1
20,83,1,1,1,1,0,22,1,8,1,89,78,1,2,1,0,88.80000000000001,24.0,-11,3.9,0,2.8,1,16.599999999999998,69.54216867469881,1
20,83,1,1,1,1,0,21,1,2,1,57,78,1,1,1,0,76.0,21.0,21,3.9,1,2.2,1,16.599999999999998,59.51807228915663,1
20,83,0,1,1,1,0,21,2,17,0,56,67,1,2,2,0,65.60000000000001,28.5,11,3.35,-1,3.7,0,16.599999999999998,44.12851405622491,1
20,83,0,1,1,1,0,22,1,8,1,89,78,1,2,1,0,88.80000000000001,24.0,-11,3.9,-1,2.8,0,16.599999999999998,69.54216867469881,1
20,83,0,1,1,1,0,21,1,2,1,57,78,1,1,1,0,76.0,21.0,21,3.9,0,2.2,0,16.599999999999998,59.51807228915663,1
20,83,2,1,1,1,0,21,2,17,0,56,67,1,2,2,0,65.60000000000001,28.5,11,3.35,1,3.7,2,16.599999999999998,44.12851405622491,1
20,83,2,1,1,1,0,22,1,8,1,89,78,1,2,1,0,88.80000000000001,24.0,-11,3.9,1,2.8,2,16.599999999999998,69.54216867469881,1
20,83,2,1,1,1,0,21,1,2,1,57,78,1,1,1,0,76.0,21.0,21,3.9,2,2.2,2,16.599999999999998,59.51807228915663,1
20,83,0,1,2,1,0,21,2,17,0,56,67,1,2,2,0,65.60000000000001,28.5,11,3.35,0,3.7,0,16.599999999999998,44.12851405622491,1
20,83,0,1,2,1,0,22,1,8,1,89,78,1,2,1,0,88.80000000000001,24.0,-11,3.9,0,2.8,0,16.599999999999998,69.54216867469881,1
20,83,0,1,2,1,0,21,1,2,1,57,78,1,1,1,0,76.0,21.0,21,3.9,1,2.2,0,16.599999999999998,59.51807228915663,1
20,83,0,0,0,1,0,21,2,17,0,56,67,1,2,2,0,55.60000000000001,28.5,11,3.35,-2,3.7,0,16.599999999999998,37.40160642570282,1
20,83,0,0,0,1,0,22,1,8,1,89,78,1,2,1,0,78.80000000000001,24.0,-11,3.9,-2,2.8,0,16.599999999999998,61.71084337349399,1
20,83,0,0,0,1,0,21,1,2,1,57,78,1,1,1,0,66.0,21.0,21,3.9,-1,2.2,0,16.599999999999998,51.68674698795181,1
21,98,1,0,0,1,1,18,0,10,1,83,79,0,0,1,0,82.4,26.0,-4,3.761904761904762,1,2.0,0,20.58,65.35742971887551,1
21,98,1,0,0,1,1,29,2,3,0,78,82,1,2,1,0,70.4,22.5,4,3.9047619047619047,-1,2.3,0,20.58,57.95983935742973,1
21,98,2,0,0,1,1,18,0,10,1,83,79,0,0,1,0,82.4,26.0,-4,3.761904761904762,2,2.0,0,20.58,65.35742971887551,1
21,98,2,0,0,1,1,29,2,3,0,78,82,1,2,1,0,70.4,22.5,4,3.9047619047619047,0,2.3,0,20.58,57.95983935742973,1
21,98,1,0,1,1,1,18,0,10,1,83,79,0,0,1,0,82.4,26.0,-4,3.761904761904762,2,2.0,1,20.58,65.35742971887551,1
21,98,1,0,1,1,1,29,2,3,0,78,82,1,2,1,0,70.4,22.5,4,3.9047619047619047,0,2.3,1,20.58,57.95983935742973,1
21,98,1,1,1,1,1,18,0,10,1,83,79,0,0,1,0,92.4,26.0,-4,3.761904761904762,2,2.0,1,20.58,73.28915662650603,1
21,98,1,1,1,1,1,29,2,3,0,78,82,1,2,1,0,80.4,22.5,4,3.9047619047619047,0,2.3,1,20.58,66.19277108433737,1
21,98,2,1,1,1,1,18,0,10,1,83,79,0,0,1,0,92.4,26.0,-4,3.761904761904762,3,2.0,2,20.58,73.28915662650603,1
21,98,2,1,1,1,1,29,2,3,0,78,82,1,2,1,0,80.4,22.5,4,3.9047619047619047,1,2.3,2,20.58,66.19277108433737,1
21,98,0,1,1,1,1,18,0,10,1,83,79,0,0,1,0,92.4,26.0,-4,3.761904761904762,1,2.0,0,20.58,73.28915662650603,1
21,98,0,1,1,1,1,29,2,3,0,78,82,1,2,1,0,80.4,22.5,4,3.9047619047619047,-1,2.3,0,20.58,66.19277108433737,1
21,98,1,1,0,1,1,18,0,10,1,83,79,0,0,1,0,92.4,26.0,-4,3.761904761904762,1,2.0,0,20.58,73.28915662650603,1
21,98,1,1,0,1,1,29,2,3,0,78,82,1,2,1,0,80.4,22.5,4,3.9047619047619047,-1,2.3,0,20.58,66.19277108433737,1
21,98,0,1,0,1,1,18,0,10,1,83,79,0,0,1,0,92.4,26.0,-4,3.761904761904762,0,2.0,0,20.58,73.28915662650603,1
21,98,0,1,0,1,1,29,2,3,0,78,82,1,2,1,0,80.4,22.5,4,3.9047619047619047,-2,2.3,0,20.58,66.19277108433737,1
19,81,2,0,0,1,1,24,2,4,1,99,70,1,1,1,0,82.0,21.0,-29,3.6842105263157894,1,2.4,0,15.39,57.630522088353416,1
19,81,2,1,1,1,1,24,2,4,1,99,70,1,1,1,0,92.0,21.0,-29,3.6842105263157894,2,2.4,2,15.39,64.65863453815261,1
19,81,0,1,2,1,1,24,2,4,1,99,70,1,1,1,0,92.0,21.0,-29,3.6842105263157894,1,2.4,0,15.39,64.65863453815261,1
19,81,0,1,0,1,1,24,2,4,1,99,70,1,1,1,0,92.0,21.0,-29,3.6842105263157894,-1,2.4,0,15.39,64.65863453815261,1
19,81,1,1,1,1,1,24,2,4,1,99,70,1,1,1,0,92.0,21.0,-29,3.6842105263157894,1,2.4,1,15.39,64.65863453815261,1
19,81,1,1,2,1,1,24,2,4,1,99,70,1,1,1,0,92.0,21.0,-29,3.6842105263157894,2,2.4,2,15.39,64.65863453815261,1
17,82,0,0,0,1,1,29,3,6,1,71,61,1,0,2,0,71.2,20.0,-10,3.588235294117647,0,2.6,0,13.94,43.60642570281125,1
17,82,0,0,0,1,1,24,2,2,0,65,46,1,2,3,0,58.800000000000004,18.0,-19,2.7058823529411766,-2,2.2,0,13.94,27.156626506024104,1
17,82,1,0,1,1,1,24,2,2,0,65,46,1,2,3,0,58.800000000000004,18.0,-19,2.7058823529411766,0,2.2,1,13.94,27.156626506024104,1
17,82,2,0,1,1,1,24,2,2,0,65,46,1,2,3,0,58.800000000000004,18.0,-19,2.7058823529411766,1,2.2,2,13.94,27.156626506024104,1
17,82,1,1,1,1,1,29,3,6,1,71,61,1,0,2,0,81.2,20.0,-10,3.588235294117647,2,2.6,1,13.94,49.73092369477912,1
17,82,1,1,1,1,1,24,2,2,0,65,46,1,2,3,0,68.80000000000001,18.0,-19,2.7058823529411766,0,2.2,1,13.94,31.775100401606434,1
17,82,2,1,2,1,1,24,2,2,0,65,46,1,2,3,0,68.80000000000001,18.0,-19,2.7058823529411766,2,2.2,4,13.94,31.775100401606434,1
16,83,1,0,1,1,1,29,0,5,1,75,46,1,2,3,0,73.2,18.5,-29,2.875,0,2.5,1,13.28,33.807228915662655,1
16,83,2,1,1,1,1,29,0,5,1,75,46,1,2,3,0,83.2,18.5,-29,2.875,1,2.5,2,13.28,38.42570281124498,1
16,83,0,1,1,1,1,29,0,5,1,75,46,1,2,3,0,83.2,18.5,-29,2.875,-1,2.5,0,13.28,38.42570281124498,1
16,83,1,1,1,1,1,29,0,5,1,75,46,1,2,3,0,83.2,18.5,-29,2.875,0,2.5,1,13.28,38.42570281124498,1
27,68,1,0,1,1,1,25,0,11,1,87,55,1,1,2,0,72.0,32.5,-32,2.037037037037037,1,3.1,1,18.360000000000003,39.75903614457831,1
27,68,1,0,1,1,1,22,2,3,0,90,76,1,2,1,0,63.2,28.5,-14,2.814814814814815,0,2.3,1,18.360000000000003,48.224899598393584,1
27,68,1,0,1,1,1,28,2,8,1,51,43,0,1,3,0,57.60000000000001,31.0,-8,1.5925925925925926,1,1.8,1,18.360000000000003,24.867469879518076,1
27,68,1,1,0,1,1,25,0,11,1,87,55,1,1,2,0,82.0,32.5,-32,2.037037037037037,0,3.1,0,18.360000000000003,45.28112449799197,1
27,68,1,1,0,1,1,22,2,3,0,90,76,1,2,1,0,73.2,28.5,-14,2.814814814814815,-1,2.3,0,18.360000000000003,55.85542168674699,1
27,68,1,1,0,1,1,28,2,8,1,51,43,0,1,3,0,67.60000000000001,31.0,-8,1.5925925925925926,0,1.8,0,18.360000000000003,29.1847389558233,1
27,68,0,1,1,1,1,25,0,11,1,87,55,1,1,2,0,82.0,32.5,-32,2.037037037037037,0,3.1,0,18.360000000000003,45.28112449799197,1
27,68,0,1,1,1,1,22,2,3,0,90,76,1,2,1,0,73.2,28.5,-14,2.814814814814815,-1,2.3,0,18.360000000000003,55.85542168674699,1
27,68,0,1,1,1,1,28,2,8,1,51,43,0,1,3,0,67.60000000000001,31.0,-8,1.5925925925925926,0,1.8,0,18.360000000000003,29.1847389558233,1
27,68,1,0,2,1,1,25,0,11,1,87,55,1,1,2,0,72.0,32.5,-32,2.037037037037037,2,3.1,2,18.360000000000003,39.75903614457831,1
27,68,1,0,2,1,1,22,2,3,0,90,76,1,2,1,0,63.2,28.5,-14,2.814814814814815,1,2.3,2,18.360000000000003,48.224899598393584,1
27,68,1,0,2,1,1,28,2,8,1,51,43,0,1,3,0,57.60000000000001,31.0,-8,1.5925925925925926,2,1.8,2,18.360000000000003,24.867469879518076,1
27,68,0,1,2,1,1,25,0,11,1,87,55,1,1,2,0,82.0,32.5,-32,2.037037037037037,1,3.1,0,18.360000000000003,45.28112449799197,1
27,68,0,1,2,1,1,22,2,3,0,90,76,1,2,1,0,73.2,28.5,-14,2.814814814814815,0,2.3,0,18.360000000000003,55.85542168674699,1
27,68,0,1,2,1,1,28,2,8,1,51,43,0,1,3,0,67.60000000000001,31.0,-8,1.5925925925925926,1,1.8,0,18.360000000000003,29.1847389558233,1
27,97,2,1,0,1,1,20,0,3,1,69,97,1,2,0,0,86.4,28.5,28,3.5925925925925926,0,2.3,0,26.189999999999998,84.14457831325302,1
27,97,2,1,0,1,1,22,2,1,1,61,50,1,2,3,0,83.2,27.5,-11,1.8518518518518519,0,2.1,0,26.189999999999998,41.76706827309237,1
27,97,2,1,0,1,1,24,3,11,0,79,100,1,2,0,0,80.4,32.5,21,3.7037037037037037,0,3.1,0,26.189999999999998,80.72289156626508,1
18,91,2,1,2,1,1,24,2,4,0,65,56,1,2,2,0,72.4,20.0,-9,3.111111111111111,2,2.4,4,16.38,40.70682730923695,1
18,91,1,0,2,1,1,24,2,4,0,65,56,1,2,2,0,62.4,20.0,-9,3.111111111111111,1,2.4,2,16.38,35.08433734939759,1
18,91,0,0,1,1,1,24,2,4,0,65,56,1,2,2,0,62.4,20.0,-9,3.111111111111111,-1,2.4,0,16.38,35.08433734939759,1
18,91,1,0,1,1,1,24,2,4,0,65,56,1,2,2,0,62.4,20.0,-9,3.111111111111111,0,2.4,1,16.38,35.08433734939759,1
18,91,1,1,0,1,1,24,2,4,0,65,56,1,2,2,0,72.4,20.0,-9,3.111111111111111,-1,2.4,0,16.38,40.70682730923695,1
18,91,1,1,1,1,1,24,2,4,0,65,56,1,2,2,0,72.4,20.0,-9,3.111111111111111,0,2.4,1,16.38,40.70682730923695,1
18,91,2,0,1,1,1,24,2,4,0,65,56,1,2,2,0,62.4,20.0,-9,3.111111111111111,1,2.4,2,16.38,35.08433734939759,1
18,91,2,1,1,1,1,24,2,4,0,65,56,1,2,2,0,72.4,20.0,-9,3.111111111111111,1,2.4,2,16.38,40.70682730923695,1
18,91,1,0,0,1,1,24,2,4,0,65,56,1,2,2,0,62.4,20.0,-9,3.111111111111111,-1,2.4,0,16.38,35.08433734939759,1
18,76,2,0,1,1,0,28,3,18,1,62,52,0,1,3,0,65.2,27.0,-10,2.888888888888889,2,2.8,2,13.68,34.040160642570285,1
18,76,1,0,2,1,0,28,3,18,1,62,52,0,1,3,0,65.2,27.0,-10,2.888888888888889,2,2.8,2,13.68,34.040160642570285,1
18,76,0,0,2,1,0,28,3,18,1,62,52,0,1,3,0,65.2,27.0,-10,2.888888888888889,1,2.8,0,13.68,34.040160642570285,1
18,76,2,1,2,1,0,28,3,18,1,62,52,0,1,3,0,75.2,27.0,-10,2.888888888888889,3,2.8,4,13.68,39.26104417670683,1
18,76,1,0,0,1,0,28,3,18,1,62,52,0,1,3,0,65.2,27.0,-10,2.888888888888889,0,2.8,0,13.68,34.040160642570285,1
15,79,1,0,0,1,1,20,0,13,0,92,45,1,0,3,0,68.4,21.5,-47,3.0,1,3.3,0,11.850000000000001,30.90361445783133,1
15,79,1,1,1,1,1,20,0,13,0,92,45,1,0,3,0,78.4,21.5,-47,3.0,2,3.3,1,11.850000000000001,35.42168674698796,1
31,80,2,1,0,1,0,19,0,14,1,91,80,1,2,1,0,88.4,38.0,-11,2.5806451612903225,0,3.4000000000000004,0,24.8,71.00401606425704,1
31,80,1,1,2,1,0,19,0,14,1,91,80,1,2,1,0,88.4,38.0,-11,2.5806451612903225,1,3.4000000000000004,2,24.8,71.00401606425704,1
28,65,1,1,1,1,1,25,0,10,1,70,64,1,0,2,0,74.0,33.0,-6,2.2857142857142856,2,3.0,1,18.2,47.55020080321285,1
28,65,1,1,2,1,1,25,0,10,1,70,64,1,0,2,0,74.0,33.0,-6,2.2857142857142856,3,3.0,2,18.2,47.55020080321285,1
23,81,0,1,1,1,0,19,3,6,0,56,59,1,2,2,0,64.8,26.0,3,2.5652173913043477,-1,2.6,0,18.630000000000003,38.3855421686747,1
23,81,0,1,1,1,0,26,0,5,1,89,83,1,1,1,0,88.0,25.5,-6,3.608695652173913,0,2.5,0,18.630000000000003,73.33333333333333,1
23,81,0,1,2,1,0,19,3,6,0,56,59,1,2,2,0,64.8,26.0,3,2.5652173913043477,0,2.6,0,18.630000000000003,38.3855421686747,1
23,81,0,1,2,1,0,26,0,5,1,89,83,1,1,1,0,88.0,25.5,-6,3.608695652173913,1,2.5,0,18.630000000000003,73.33333333333333,1
23,81,0,0,1,1,0,19,3,6,0,56,59,1,2,2,0,54.8,26.0,3,2.5652173913043477,-1,2.6,0,18.630000000000003,32.46184738955823,1
23,81,0,0,1,1,0,26,0,5,1,89,83,1,1,1,0,78.0,25.5,-6,3.608695652173913,0,2.5,0,18.630000000000003,65.0,1
23,81,2,0,0,1,0,19,3,6,0,56,59,1,2,2,0,54.8,26.0,3,2.5652173913043477,0,2.6,0,18.630000000000003,32.46184738955823,1
23,81,2,0,0,1,0,26,0,5,1,89,83,1,1,1,0,78.0,25.5,-6,3.608695652173913,1,2.5,0,18.630000000000003,65.0,1
24,89,2,1,1,1,0,29,3,7,1,66,90,1,1,0,0,82.0,27.5,24,3.75,2,2.7,2,21.36,74.09638554216868,1
24,89,2,1,1,1,0,26,0,7,0,98,62,1,1,2,0,84.80000000000001,27.5,-36,2.5833333333333335,2,2.7,2,21.36,52.78714859437752,1
24,89,1,1,1,1,0,29,3,7,1,66,90,1,1,0,0,82.0,27.5,24,3.75,1,2.7,1,21.36,74.09638554216868,1
24,89,1,1,1,1,0,26,0,7,0,98,62,1,1,2,0,84.80000000000001,27.5,-36,2.5833333333333335,1,2.7,1,21.36,52.78714859437752,1
24,89,1,0,1,1,0,29,3,7,1,66,90,1,1,0,0,72.0,27.5,24,3.75,1,2.7,1,21.36,65.06024096385542,1
24,89,1,0,1,1,0,26,0,7,0,98,62,1,1,2,0,74.80000000000001,27.5,-36,2.5833333333333335,1,2.7,1,21.36,46.56224899598394,1
23,68,0,0,1,1,0,28,2,9,0,61,93,0,2,0,0,51.60000000000001,27.5,32,4.043478260869565,-1,1.9,0,15.64,48.180722891566276,1
23,68,0,0,1,1,0,26,2,3,1,88,71,1,0,1,0,72.4,24.5,-17,3.0869565217391304,1,2.3,0,15.64,51.610441767068274,1
23,68,0,0,1,1,0,28,1,1,0,82,99,1,2,0,0,60.00000000000001,23.5,17,4.304347826086956,-1,2.1,0,15.64,59.638554216867476,1
23,68,0,0,1,1,0,20,1,3,0,77,69,0,1,2,0,58.0,24.5,-8,3.0,0,1.3,0,15.64,40.18072289156627,1
23,68,2,1,2,1,0,28,2,9,0,61,93,0,2,0,0,61.60000000000001,27.5,32,4.043478260869565,2,1.9,4,15.64,57.51807228915664,1
23,68,2,1,2,1,0,26,2,3,1,88,71,1,0,1,0,82.4,24.5,-17,3.0869565217391304,4,2.3,4,15.64,58.738955823293175,1
23,68,2,1,2,1,0,28,1,1,0,82,99,1,2,0,0,70.0,23.5,17,4.304347826086956,2,2.1,4,15.64,69.57831325301206,1
23,68,2,1,2,1,0,20,1,3,0,77,69,0,1,2,0,68.0,24.5,-8,3.0,3,1.3,4,15.64,47.108433734939766,1
23,68,1,0,1,1,0,28,2,9,0,61,93,0,2,0,0,51.60000000000001,27.5,32,4.043478260869565,0,1.9,1,15.64,48.180722891566276,1
23,68,1,0,1,1,0,26,2,3,1,88,71,1,0,1,0,72.4,24.5,-17,3.0869565217391304,2,2.3,1,15.64,51.610441767068274,1
23,68,1,0,1,1,0,28,1,1,0,82,99,1,2,0,0,60.00000000000001,23.5,17,4.304347826086956,0,2.1,1,15.64,59.638554216867476,1
23,68,1,0,1,1,0,20,1,3,0,77,69,0,1,2,0,58.0,24.5,-8,3.0,1,1.3,1,15.64,40.18072289156627,1
23,68,2,0,0,1,0,28,2,9,0,61,93,0,2,0,0,51.60000000000001,27.5,32,4.043478260869565,0,1.9,0,15.64,48.180722891566276,1
23,68,2,0,0,1,0,26,2,3,1,88,71,1,0,1,0,72.4,24.5,-17,3.0869565217391304,2,2.3,0,15.64,51.610441767068274,1
23,68,2,0,0,1,0,28,1,1,0,82,99,1,2,0,0,60.00000000000001,23.5,17,4.304347826086956,0,2.1,0,15.64,59.638554216867476,1
23,68,2,0,0,1,0,20,1,3,0,77,69,0,1,2,0,58.0,24.5,-8,3.0,1,1.3,0,15.64,40.18072289156627,1
23,68,2,0,2,1,0,28,2,9,0,61,93,0,2,0,0,51.60000000000001,27.5,32,4.043478260869565,2,1.9,4,15.64,48.180722891566276,1
23,68,2,0,2,1,0,26,2,3,1,88,71,1,0,1,0,72.4,24.5,-17,3.0869565217391304,4,2.3,4,15.64,51.610441767068274,1
23,68,2,0,2,1,0,28,1,1,0,82,99,1,2,0,0,60.00000000000001,23.5,17,4.304347826086956,2,2.1,4,15.64,59.638554216867476,1
23,68,2,0,2,1,0,20,1,3,0,77,69,0,1,2,0,58.0,24.5,-8,3.0,3,1.3,4,15.64,40.18072289156627,1
23,68,1,1,1,1,0,28,2,9,0,61,93,0,2,0,0,61.60000000000001,27.5,32,4.043478260869565,0,1.9,1,15.64,57.51807228915664,1
23,68,1,1,1,1,0,26,2,3,1,88,71,1,0,1,0,82.4,24.5,-17,3.0869565217391304,2,2.3,1,15.64,58.738955823293175,1
23,68,1,1,1,1,0,28,1,1,0,82,99,1,2,0,0,70.0,23.5,17,4.304347826086956,0,2.1,1,15.64,69.57831325301206,1
23,68,1,1,1,1,0,20,1,3,0,77,69,0,1,2,0,68.0,24.5,-8,3.0,1,1.3,1,15.64,47.108433734939766,1
27,79,0,0,0,1,1,28,0,2,1,85,57,1,1,2,0,75.6,28.0,-28,2.111111111111111,-1,2.2,0,21.330000000000002,43.265060240963855,1
27,79,2,1,0,1,1,28,0,2,1,85,57,1,1,2,0,85.6,28.0,-28,2.111111111111111,1,2.2,0,21.330000000000002,48.98795180722892,1
24,73,1,1,1,1,0,19,0,8,0,54,44,1,2,3,0,60.800000000000004,28.0,-10,1.8333333333333333,0,2.8,1,17.52,26.859437751004016,1
24,73,1,1,1,1,0,27,0,1,1,67,69,1,2,2,0,76.0,24.5,2,2.875,0,2.1,1,17.52,52.65060240963856,1
22,76,1,1,2,1,1,19,3,18,0,91,85,0,2,0,0,76.8,31.0,-6,3.8636363636363638,1,2.8,2,16.72,65.5421686746988,1
22,76,1,1,2,1,1,23,2,12,1,88,49,0,2,3,0,85.60000000000001,28.0,-39,2.227272727272727,1,2.2,2,16.72,42.112449799196796,1
22,76,1,0,2,1,1,19,3,18,0,91,85,0,2,0,0,66.8,31.0,-6,3.8636363636363638,1,2.8,2,16.72,57.00803212851406,1
22,76,1,0,2,1,1,23,2,12,1,88,49,0,2,3,0,75.60000000000001,28.0,-39,2.227272727272727,1,2.2,2,16.72,37.19277108433735,1
22,76,1,1,1,1,1,19,3,18,0,91,85,0,2,0,0,76.8,31.0,-6,3.8636363636363638,0,2.8,1,16.72,65.5421686746988,1
22,76,1,1,1,1,1,23,2,12,1,88,49,0,2,3,0,85.60000000000001,28.0,-39,2.227272727272727,0,2.2,1,16.72,42.112449799196796,1
22,76,0,1,0,1,1,19,3,18,0,91,85,0,2,0,0,76.8,31.0,-6,3.8636363636363638,-2,2.8,0,16.72,65.5421686746988,1
22,76,0,1,0,1,1,23,2,12,1,88,49,0,2,3,0,85.60000000000001,28.0,-39,2.227272727272727,-2,2.2,0,16.72,42.112449799196796,1
26,69,1,1,1,1,1,25,0,8,1,84,92,0,0,0,0,81.2,30.0,8,3.5384615384615383,2,1.8,1,17.939999999999998,75.00401606425703,1
26,69,1,1,1,1,1,18,3,5,0,82,81,0,1,1,0,70.4,28.5,-1,3.1153846153846154,1,1.5,1,17.939999999999998,57.25301204819278,1
26,69,1,1,1,1,1,20,1,2,0,90,93,1,1,0,0,73.6,27.0,3,3.576923076923077,1,2.2,1,17.939999999999998,68.72289156626506,1
26,69,0,0,0,1,1,25,0,8,1,84,92,0,0,0,0,71.2,30.0,8,3.5384615384615383,0,1.8,0,17.939999999999998,65.76706827309238,1
26,69,0,0,0,1,1,18,3,5,0,82,81,0,1,1,0,60.400000000000006,28.5,-1,3.1153846153846154,-1,1.5,0,17.939999999999998,49.12048192771085,1
26,69,0,0,0,1,1,20,1,2,0,90,93,1,1,0,0,63.6,27.0,3,3.576923076923077,-1,2.2,0,17.939999999999998,59.385542168674704,1
26,69,0,1,1,1,1,25,0,8,1,84,92,0,0,0,0,81.2,30.0,8,3.5384615384615383,1,1.8,0,17.939999999999998,75.00401606425703,1
26,69,0,1,1,1,1,18,3,5,0,82,81,0,1,1,0,70.4,28.5,-1,3.1153846153846154,0,1.5,0,17.939999999999998,57.25301204819278,1
26,69,0,1,1,1,1,20,1,2,0,90,93,1,1,0,0,73.6,27.0,3,3.576923076923077,0,2.2,0,17.939999999999998,68.72289156626506,1
26,69,1,0,0,1,1,25,0,8,1,84,92,0,0,0,0,71.2,30.0,8,3.5384615384615383,1,1.8,0,17.939999999999998,65.76706827309238,1
26,69,1,0,0,1,1,18,3,5,0,82,81,0,1,1,0,60.400000000000006,28.5,-1,3.1153846153846154,0,1.5,0,17.939999999999998,49.12048192771085,1
26,69,1,0,0,1,1,20,1,2,0,90,93,1,1,0,0,63.6,27.0,3,3.576923076923077,0,2.2,0,17.939999999999998,59.385542168674704,1
19,84,2,1,0,1,0,21,3,13,0,91,49,0,1,3,0,80.0,25.5,-42,2.5789473684210527,1,2.3,0,15.959999999999999,39.3574297188755,1
19,84,2,1,0,1,0,27,2,8,0,98,66,1,0,2,0,82.80000000000001,23.0,-32,3.473684210526316,2,2.8,0,15.959999999999999,54.86746987951808,1
19,84,1,0,1,1,0,21,3,13,0,91,49,0,1,3,0,70.0,25.5,-42,2.5789473684210527,1,2.3,1,15.959999999999999,34.43775100401607,1
19,84,1,0,1,1,0,27,2,8,0,98,66,1,0,2,0,72.80000000000001,23.0,-32,3.473684210526316,2,2.8,1,15.959999999999999,48.2409638554217,1
19,84,1,1,0,1,0,21,3,13,0,91,49,0,1,3,0,80.0,25.5,-42,2.5789473684210527,0,2.3,0,15.959999999999999,39.3574297188755,1
19,84,1,1,0,1,0,27,2,8,0,98,66,1,0,2,0,82.80000000000001,23.0,-32,3.473684210526316,1,2.8,0,15.959999999999999,54.86746987951808,1
19,84,1,1,1,1,0,21,3,13,0,91,49,0,1,3,0,80.0,25.5,-42,2.5789473684210527,1,2.3,1,15.959999999999999,39.3574297188755,1
19,84,1,1,1,1,0,27,2,8,0,98,66,1,0,2,0,82.80000000000001,23.0,-32,3.473684210526316,2,2.8,1,15.959999999999999,54.86746987951808,1
19,84,0,0,2,1,0,21,3,13,0,91,49,0,1,3,0,70.0,25.5,-42,2.5789473684210527,1,2.3,0,15.959999999999999,34.43775100401607,1
19,84,0,0,2,1,0,27,2,8,0,98,66,1,0,2,0,72.80000000000001,23.0,-32,3.473684210526316,2,2.8,0,15.959999999999999,48.2409638554217,1
17,77,1,0,0,1,0,20,1,8,0,58,48,1,1,3,0,54.0,21.0,-10,2.823529411764706,0,2.8,0,13.09,26.024096385542173,1
17,77,1,0,0,1,0,29,0,20,1,77,48,0,2,3,0,71.6,27.0,-29,2.823529411764706,-1,3.0,0,13.09,34.50602409638554,1
17,77,2,1,0,1,0,20,1,8,0,58,48,1,1,3,0,64.0,21.0,-10,2.823529411764706,1,2.8,0,13.09,30.843373493975903,1
17,77,2,1,0,1,0,29,0,20,1,77,48,0,2,3,0,81.6,27.0,-29,2.823529411764706,0,3.0,0,13.09,39.325301204819276,1
17,77,1,1,0,1,0,20,1,8,0,58,48,1,1,3,0,64.0,21.0,-10,2.823529411764706,0,2.8,0,13.09,30.843373493975903,1
17,77,1,1,0,1,0,29,0,20,1,77,48,0,2,3,0,81.6,27.0,-29,2.823529411764706,-1,3.0,0,13.09,39.325301204819276,1
26,63,2,1,1,1,0,28,1,8,1,55,41,0,1,3,0,67.2,30.0,-14,1.5769230769230769,2,1.8,2,16.38,27.66265060240964,1
26,63,2,0,1,1,0,28,1,8,1,55,41,0,1,3,0,57.2,30.0,-14,1.5769230769230769,2,1.8,2,16.38,23.546184738955823,1
26,63,1,1,1,1,0,28,1,8,1,55,41,0,1,3,0,67.2,30.0,-14,1.5769230769230769,1,1.8,1,16.38,27.66265060240964,1
30,75,1,0,2,1,1,22,2,13,0,98,57,1,2,2,0,69.2,36.5,-41,1.9,1,3.3,2,22.5,39.60240963855422,1
30,75,1,1,0,1,1,22,2,13,0,98,57,1,2,2,0,79.2,36.5,-41,1.9,-1,3.3,0,22.5,45.32530120481928,1
30,75,1,0,1,1,1,22,2,13,0,98,57,1,2,2,0,69.2,36.5,-41,1.9,0,3.3,1,22.5,39.60240963855422,1
30,75,0,1,0,1,1,22,2,13,0,98,57,1,2,2,0,79.2,36.5,-41,1.9,-2,3.3,0,22.5,45.32530120481928,1
19,92,1,1,1,1,1,18,1,10,1,81,46,0,0,3,0,89.2,24.0,-35,2.4210526315789473,2,2.0,1,17.48,41.19678714859438,1
19,92,1,1,0,1,1,18,1,10,1,81,46,0,0,3,0,89.2,24.0,-35,2.4210526315789473,1,2.0,0,17.48,41.19678714859438,1
19,92,1,0,1,1,1,18,1,10,1,81,46,0,0,3,0,79.2,24.0,-35,2.4210526315789473,2,2.0,1,17.48,36.578313253012055,1
20,65,2,1,1,1,0,19,1,17,1,51,79,1,2,1,0,66.4,28.5,28,3.95,1,3.7,2,13.0,52.66666666666667,1
20,65,1,1,0,1,0,19,1,17,1,51,79,1,2,1,0,66.4,28.5,28,3.95,-1,3.7,0,13.0,52.66666666666667,1
20,65,1,1,2,1,0,19,1,17,1,51,79,1,2,1,0,66.4,28.5,28,3.95,1,3.7,2,13.0,52.66666666666667,1
20,65,1,0,1,1,0,19,1,17,1,51,79,1,2,1,0,56.400000000000006,28.5,28,3.95,0,3.7,1,13.0,44.734939759036145,1
21,66,1,1,1,1,0,21,3,18,1,61,92,1,1,0,0,70.80000000000001,30.0,31,4.380952380952381,1,3.8,1,13.860000000000001,65.3975903614458,1
21,66,1,1,1,1,0,27,2,15,1,78,71,1,2,1,0,77.60000000000001,28.5,-7,3.380952380952381,0,3.5,1,13.860000000000001,55.31726907630523,1
21,66,2,1,2,1,0,21,3,18,1,61,92,1,1,0,0,70.80000000000001,30.0,31,4.380952380952381,3,3.8,4,13.860000000000001,65.3975903614458,1
21,66,2,1,2,1,0,27,2,15,1,78,71,1,2,1,0,77.60000000000001,28.5,-7,3.380952380952381,2,3.5,4,13.860000000000001,55.31726907630523,1
21,66,1,1,0,1,0,21,3,18,1,61,92,1,1,0,0,70.80000000000001,30.0,31,4.380952380952381,0,3.8,0,13.860000000000001,65.3975903614458,1
21,66,1,1,0,1,0,27,2,15,1,78,71,1,2,1,0,77.60000000000001,28.5,-7,3.380952380952381,-1,3.5,0,13.860000000000001,55.31726907630523,1
21,66,1,1,2,1,0,21,3,18,1,61,92,1,1,0,0,70.80000000000001,30.0,31,4.380952380952381,2,3.8,2,13.860000000000001,65.3975903614458,1
21,66,1,1,2,1,0,27,2,15,1,78,71,1,2,1,0,77.60000000000001,28.5,-7,3.380952380952381,1,3.5,2,13.860000000000001,55.31726907630523,1
18,69,2,1,1,1,0,26,2,9,0,65,64,1,1,2,0,63.6,22.5,-1,3.5555555555555554,2,2.9,2,12.419999999999998,40.867469879518076,1
20,89,1,1,1,1,1,22,1,19,1,92,68,1,2,2,0,92.4,29.5,-24,3.4,0,3.9000000000000004,1,17.8,63.0843373493976,1
20,89,1,1,1,1,1,19,1,3,1,79,57,0,0,2,0,87.2,21.5,-22,2.85,2,1.3,1,17.8,49.90361445783133,1
20,89,1,1,1,1,1,29,2,4,1,55,41,0,2,3,0,77.6,22.0,-14,2.05,0,1.4,1,17.8,31.94377510040161,1
20,89,1,1,0,1,1,22,1,19,1,92,68,1,2,2,0,92.4,29.5,-24,3.4,-1,3.9000000000000004,0,17.8,63.0843373493976,1
20,89,1,1,0,1,1,19,1,3,1,79,57,0,0,2,0,87.2,21.5,-22,2.85,1,1.3,0,17.8,49.90361445783133,1
20,89,1,1,0,1,1,29,2,4,1,55,41,0,2,3,0,77.6,22.0,-14,2.05,-1,1.4,0,17.8,31.94377510040161,1
20,89,2,1,0,1,1,22,1,19,1,92,68,1,2,2,0,92.4,29.5,-24,3.4,0,3.9000000000000004,0,17.8,63.0843373493976,1
20,89,2,1,0,1,1,19,1,3,1,79,57,0,0,2,0,87.2,21.5,-22,2.85,2,1.3,0,17.8,49.90361445783133,1
20,89,2,1,0,1,1,29,2,4,1,55,41,0,2,3,0,77.6,22.0,-14,2.05,0,1.4,0,17.8,31.94377510040161,1
20,89,1,1,2,1,1,22,1,19,1,92,68,1,2,2,0,92.4,29.5,-24,3.4,1,3.9000000000000004,2,17.8,63.0843373493976,1
20,89,1,1,2,1,1,19,1,3,1,79,57,0,0,2,0,87.2,21.5,-22,2.85,3,1.3,2,17.8,49.90361445783133,1
20,89,1,1,2,1,1,29,2,4,1,55,41,0,2,3,0,77.6,22.0,-14,2.05,1,1.4,2,17.8,31.94377510040161,1
20,89,0,1,0,1,1,22,1,19,1,92,68,1,2,2,0,92.4,29.5,-24,3.4,-2,3.9000000000000004,0,17.8,63.0843373493976,1
20,89,0,1,0,1,1,19,1,3,1,79,57,0,0,2,0,87.2,21.5,-22,2.85,0,1.3,0,17.8,49.90361445783133,1
20,89,0,1,0,1,1,29,2,4,1,55,41,0,2,3,0,77.6,22.0,-14,2.05,-2,1.4,0,17.8,31.94377510040161,1
20,89,2,0,0,1,1,22,1,19,1,92,68,1,2,2,0,82.4,29.5,-24,3.4,0,3.9000000000000004,0,17.8,56.2570281124498,1
20,89,2,0,0,1,1,19,1,3,1,79,57,0,0,2,0,77.2,21.5,-22,2.85,2,1.3,0,17.8,44.18072289156627,1
20,89,2,0,0,1,1,29,2,4,1,55,41,0,2,3,0,67.6,22.0,-14,2.05,0,1.4,0,17.8,27.82730923694779,1
20,89,2,0,1,1,1,22,1,19,1,92,68,1,2,2,0,82.4,29.5,-24,3.4,1,3.9000000000000004,2,17.8,56.2570281124498,1
20,89,2,0,1,1,1,19,1,3,1,79,57,0,0,2,0,77.2,21.5,-22,2.85,3,1.3,2,17.8,44.18072289156627,1
20,89,2,0,1,1,1,29,2,4,1,55,41,0,2,3,0,67.6,22.0,-14,2.05,1,1.4,2,17.8,27.82730923694779,1
24,78,0,1,2,1,1,27,3,9,1,89,55,1,2,2,0,86.80000000000001,28.5,-34,2.2916666666666665,0,2.9,0,18.72,47.931726907630534,1
24,78,0,1,2,1,1,23,1,9,0,59,55,1,1,2,0,64.80000000000001,28.5,-4,2.2916666666666665,1,2.9,0,18.72,35.78313253012049,1
24,78,0,1,2,1,1,23,0,11,1,66,98,1,2,0,0,77.60000000000001,29.5,32,4.083333333333333,0,3.1,0,18.72,76.35341365461849,1
24,78,0,1,2,1,1,29,1,12,1,71,64,1,2,2,0,79.60000000000001,30.0,-7,2.6666666666666665,0,3.2,0,18.72,51.14859437751005,1
24,78,2,1,1,1,1,27,3,9,1,89,55,1,2,2,0,86.80000000000001,28.5,-34,2.2916666666666665,1,2.9,2,18.72,47.931726907630534,1
24,78,2,1,1,1,1,23,1,9,0,59,55,1,1,2,0,64.80000000000001,28.5,-4,2.2916666666666665,2,2.9,2,18.72,35.78313253012049,1
24,78,2,1,1,1,1,23,0,11,1,66,98,1,2,0,0,77.60000000000001,29.5,32,4.083333333333333,1,3.1,2,18.72,76.35341365461849,1
24,78,2,1,1,1,1,29,1,12,1,71,64,1,2,2,0,79.60000000000001,30.0,-7,2.6666666666666665,1,3.2,2,18.72,51.14859437751005,1
24,78,1,1,0,1,1,27,3,9,1,89,55,1,2,2,0,86.80000000000001,28.5,-34,2.2916666666666665,-1,2.9,0,18.72,47.931726907630534,1
24,78,1,1,0,1,1,23,1,9,0,59,55,1,1,2,0,64.80000000000001,28.5,-4,2.2916666666666665,0,2.9,0,18.72,35.78313253012049,1
24,78,1,1,0,1,1,23,0,11,1,66,98,1,2,0,0,77.60000000000001,29.5,32,4.083333333333333,-1,3.1,0,18.72,76.35341365461849,1
24,78,1,1,0,1,1,29,1,12,1,71,64,1,2,2,0,79.60000000000001,30.0,-7,2.6666666666666665,-1,3.2,0,18.72,51.14859437751005,1
21,73,1,0,1,1,1,25,1,14,1,81,90,1,0,0,0,71.6,28.0,9,4.285714285714286,2,3.4000000000000004,1,15.33,64.69879518072288,1
21,73,1,0,1,1,1,25,3,14,0,89,87,1,2,0,0,64.80000000000001,28.0,-2,4.142857142857143,0,3.4000000000000004,1,15.33,56.60240963855423,1
21,73,1,1,2,1,1,25,1,14,1,81,90,1,0,0,0,81.6,28.0,9,4.285714285714286,3,3.4000000000000004,2,15.33,73.73493975903614,1
21,73,1,1,2,1,1,25,3,14,0,89,87,1,2,0,0,74.80000000000001,28.0,-2,4.142857142857143,1,3.4000000000000004,2,15.33,65.33734939759037,1
21,73,1,1,1,1,1,25,1,14,1,81,90,1,0,0,0,81.6,28.0,9,4.285714285714286,2,3.4000000000000004,1,15.33,73.73493975903614,1
21,73,1,1,1,1,1,25,3,14,0,89,87,1,2,0,0,74.80000000000001,28.0,-2,4.142857142857143,0,3.4000000000000004,1,15.33,65.33734939759037,1
21,73,1,0,2,1,1,25,1,14,1,81,90,1,0,0,0,71.6,28.0,9,4.285714285714286,3,3.4000000000000004,2,15.33,64.69879518072288,1
21,73,1,0,2,1,1,25,3,14,0,89,87,1,2,0,0,64.80000000000001,28.0,-2,4.142857142857143,1,3.4000000000000004,2,15.33,56.60240963855423,1
20,84,1,1,0,1,1,23,3,8,0,59,77,1,2,1,0,67.2,24.0,18,3.85,-1,2.8,0,16.8,51.95180722891567,1
20,84,1,1,0,1,1,24,0,19,1,100,62,1,1,2,0,93.6,29.5,-38,3.1,0,3.9000000000000004,0,16.8,58.265060240963855,1
20,84,1,0,1,1,1,23,3,8,0,59,77,1,2,1,0,57.2,24.0,18,3.85,0,2.8,1,16.8,44.22088353413655,1
20,84,1,0,1,1,1,24,0,19,1,100,62,1,1,2,0,83.6,29.5,-38,3.1,1,3.9000000000000004,1,16.8,52.04016064257028,1
20,84,1,0,0,1,1,23,3,8,0,59,77,1,2,1,0,57.2,24.0,18,3.85,-1,2.8,0,16.8,44.22088353413655,1
20,84,1,0,0,1,1,24,0,19,1,100,62,1,1,2,0,83.6,29.5,-38,3.1,0,3.9000000000000004,0,16.8,52.04016064257028,1
20,84,1,1,2,1,1,23,3,8,0,59,77,1,2,1,0,67.2,24.0,18,3.85,1,2.8,2,16.8,51.95180722891567,1
20,84,1,1,2,1,1,24,0,19,1,100,62,1,1,2,0,93.6,29.5,-38,3.1,2,3.9000000000000004,2,16.8,58.265060240963855,1
20,84,2,0,1,1,1,23,3,8,0,59,77,1,2,1,0,57.2,24.0,18,3.85,1,2.8,2,16.8,44.22088353413655,1
20,84,2,0,1,1,1,24,0,19,1,100,62,1,1,2,0,83.6,29.5,-38,3.1,2,3.9000000000000004,2,16.8,52.04016064257028,1
20,84,0,0,1,1,1,23,3,8,0,59,77,1,2,1,0,57.2,24.0,18,3.85,-1,2.8,0,16.8,44.22088353413655,1
20,84,0,0,1,1,1,24,0,19,1,100,62,1,1,2,0,83.6,29.5,-38,3.1,0,3.9000000000000004,0,16.8,52.04016064257028,1
20,84,1,1,1,1,1,23,3,8,0,59,77,1,2,1,0,67.2,24.0,18,3.85,0,2.8,1,16.8,51.95180722891567,1
20,84,1,1,1,1,1,24,0,19,1,100,62,1,1,2,0,93.6,29.5,-38,3.1,1,3.9000000000000004,1,16.8,58.265060240963855,1
21,96,2,0,1,1,0,20,0,18,1,81,55,1,0,2,0,80.80000000000001,30.0,-26,2.619047619047619,3,3.8,2,20.16,44.61847389558234,1
21,96,2,1,0,1,0,20,0,18,1,81,55,1,0,2,0,90.80000000000001,30.0,-26,2.619047619047619,2,3.8,0,20.16,50.14056224899599,1
21,96,1,1,1,1,0,20,0,18,1,81,55,1,0,2,0,90.80000000000001,30.0,-26,2.619047619047619,2,3.8,1,20.16,50.14056224899599,1
26,76,1,0,0,1,0,26,1,3,1,53,48,0,1,3,0,61.60000000000001,27.5,-5,1.8461538461538463,0,1.3,0,19.76,29.686746987951814,1
26,76,1,0,0,1,0,29,3,14,1,84,40,1,2,3,0,74.0,33.0,-44,1.5384615384615385,-1,3.4000000000000004,0,19.76,29.718875502008032,1
26,76,1,0,0,1,0,28,3,19,0,77,73,1,2,1,0,61.2,35.5,-4,2.8076923076923075,-1,3.9000000000000004,0,19.76,44.85542168674699,1
26,76,0,1,1,1,0,26,1,3,1,53,48,0,1,3,0,71.60000000000001,27.5,-5,1.8461538461538463,0,1.3,0,19.76,34.50602409638555,1
26,76,0,1,1,1,0,29,3,14,1,84,40,1,2,3,0,84.0,33.0,-44,1.5384615384615385,-1,3.4000000000000004,0,19.76,33.734939759036145,1
26,76,0,1,1,1,0,28,3,19,0,77,73,1,2,1,0,71.2,35.5,-4,2.8076923076923075,-1,3.9000000000000004,0,19.76,52.1847389558233,1
22,77,1,1,1,1,1,26,3,12,1,60,65,1,0,2,0,74.8,28.0,5,2.9545454545454546,2,3.2,1,16.94,48.81526104417671,1
22,77,1,1,1,1,1,27,3,10,0,68,96,1,1,0,0,68.0,27.0,28,4.363636363636363,1,3.0,1,16.94,65.5421686746988,1
22,77,1,1,1,1,1,25,2,7,0,65,47,0,1,3,0,66.8,25.5,-18,2.1363636363636362,1,1.7000000000000002,1,16.94,31.522088353413654,1
22,77,0,1,1,1,1,26,3,12,1,60,65,1,0,2,0,74.8,28.0,5,2.9545454545454546,1,3.2,0,16.94,48.81526104417671,1
22,77,0,1,1,1,1,27,3,10,0,68,96,1,1,0,0,68.0,27.0,28,4.363636363636363,0,3.0,0,16.94,65.5421686746988,1
22,77,0,1,1,1,1,25,2,7,0,65,47,0,1,3,0,66.8,25.5,-18,2.1363636363636362,0,1.7000000000000002,0,16.94,31.522088353413654,1
22,77,1,1,2,1,1,26,3,12,1,60,65,1,0,2,0,74.8,28.0,5,2.9545454545454546,3,3.2,2,16.94,48.81526104417671,1
22,77,1,1,2,1,1,27,3,10,0,68,96,1,1,0,0,68.0,27.0,28,4.363636363636363,2,3.0,2,16.94,65.5421686746988,1
22,77,1,1,2,1,1,25,2,7,0,65,47,0,1,3,0,66.8,25.5,-18,2.1363636363636362,2,1.7000000000000002,2,16.94,31.522088353413654,1
22,77,2,0,0,1,1,26,3,12,1,60,65,1,0,2,0,64.8,28.0,5,2.9545454545454546,2,3.2,0,16.94,42.28915662650602,1
22,77,2,0,0,1,1,27,3,10,0,68,96,1,1,0,0,58.0,27.0,28,4.363636363636363,1,3.0,0,16.94,55.903614457831324,1
22,77,2,0,0,1,1,25,2,7,0,65,47,0,1,3,0,56.8,25.5,-18,2.1363636363636362,1,1.7000000000000002,0,16.94,26.803212851405622,1
22,77,0,0,1,1,1,26,3,12,1,60,65,1,0,2,0,64.8,28.0,5,2.9545454545454546,1,3.2,0,16.94,42.28915662650602,1
22,77,0,0,1,1,1,27,3,10,0,68,96,1,1,0,0,58.0,27.0,28,4.363636363636363,0,3.0,0,16.94,55.903614457831324,1
22,77,0,0,1,1,1,25,2,7,0,65,47,0,1,3,0,56.8,25.5,-18,2.1363636363636362,0,1.7000000000000002,0,16.94,26.803212851405622,1
26,84,1,0,0,1,1,28,1,5,1,67,75,1,1,1,0,70.4,28.5,8,2.8846153846153846,0,2.5,0,21.84,53.0120481927711,1
26,84,1,0,0,1,1,20,0,6,1,93,53,0,0,3,0,80.80000000000001,29.0,-40,2.0384615384615383,1,1.6,0,21.84,42.995983935742984,1
26,84,1,0,1,1,1,28,1,5,1,67,75,1,1,1,0,70.4,28.5,8,2.8846153846153846,1,2.5,1,21.84,53.0120481927711,1
26,84,1,0,1,1,1,20,0,6,1,93,53,0,0,3,0,80.80000000000001,29.0,-40,2.0384615384615383,2,1.6,1,21.84,42.995983935742984,1
30,88,1,1,1,1,1,21,2,13,0,78,61,1,1,2,0,76.4,36.5,-17,2.033333333333333,1,3.3,1,26.4,46.79116465863454,1
30,88,1,1,1,1,1,28,1,15,0,58,76,1,1,1,0,68.4,37.5,18,2.533333333333333,1,3.5,1,26.4,52.19277108433736,1
30,88,1,1,1,1,1,29,2,18,0,51,49,1,0,3,0,65.60000000000001,39.0,-2,1.6333333333333333,2,3.8,1,26.4,32.273092369477915,1
30,88,1,1,2,1,1,21,2,13,0,78,61,1,1,2,0,76.4,36.5,-17,2.033333333333333,2,3.3,2,26.4,46.79116465863454,1
30,88,1,1,2,1,1,28,1,15,0,58,76,1,1,1,0,68.4,37.5,18,2.533333333333333,2,3.5,2,26.4,52.19277108433736,1
30,88,1,1,2,1,1,29,2,18,0,51,49,1,0,3,0,65.60000000000001,39.0,-2,1.6333333333333333,3,3.8,2,26.4,32.273092369477915,1
26,98,0,1,2,1,1,27,0,16,1,53,78,1,2,1,0,80.4,34.0,25,3.0,0,3.6,0,25.48,62.96385542168676,1
26,98,0,1,2,1,1,18,3,16,0,68,73,1,2,1,0,76.4,34.0,5,2.8076923076923075,0,3.6,0,25.48,55.99598393574298,1
26,98,0,1,2,1,1,19,1,12,0,72,86,0,0,0,0,78.0,32.0,14,3.3076923076923075,2,2.2,0,25.48,67.34939759036145,1
26,98,0,1,2,1,1,22,3,17,1,52,91,0,2,0,0,80.0,34.5,39,3.5,0,2.7,0,25.48,73.09236947791165,1
26,98,2,1,0,1,1,27,0,16,1,53,78,1,2,1,0,80.4,34.0,25,3.0,0,3.6,0,25.48,62.96385542168676,1
26,98,2,1,0,1,1,18,3,16,0,68,73,1,2,1,0,76.4,34.0,5,2.8076923076923075,0,3.6,0,25.48,55.99598393574298,1
26,98,2,1,0,1,1,19,1,12,0,72,86,0,0,0,0,78.0,32.0,14,3.3076923076923075,2,2.2,0,25.48,67.34939759036145,1
26,98,2,1,0,1,1,22,3,17,1,52,91,0,2,0,0,80.0,34.5,39,3.5,0,2.7,0,25.48,73.09236947791165,1
26,98,2,1,1,1,1,27,0,16,1,53,78,1,2,1,0,80.4,34.0,25,3.0,1,3.6,2,25.48,62.96385542168676,1
26,98,2,1,1,1,1,18,3,16,0,68,73,1,2,1,0,76.4,34.0,5,2.8076923076923075,1,3.6,2,25.48,55.99598393574298,1
26,98,2,1,1,1,1,19,1,12,0,72,86,0,0,0,0,78.0,32.0,14,3.3076923076923075,3,2.2,2,25.48,67.34939759036145,1
26,98,2,1,1,1,1,22,3,17,1,52,91,0,2,0,0,80.0,34.5,39,3.5,1,2.7,2,25.48,73.09236947791165,1
26,98,1,1,0,1,1,27,0,16,1,53,78,1,2,1,0,80.4,34.0,25,3.0,-1,3.6,0,25.48,62.96385542168676,1
26,98,1,1,0,1,1,18,3,16,0,68,73,1,2,1,0,76.4,34.0,5,2.8076923076923075,-1,3.6,0,25.48,55.99598393574298,1
26,98,1,1,0,1,1,19,1,12,0,72,86,0,0,0,0,78.0,32.0,14,3.3076923076923075,1,2.2,0,25.48,67.34939759036145,1
26,98,1,1,0,1,1,22,3,17,1,52,91,0,2,0,0,80.0,34.5,39,3.5,-1,2.7,0,25.48,73.09236947791165,1
26,98,1,0,1,1,1,27,0,16,1,53,78,1,2,1,0,70.4,34.0,25,3.0,0,3.6,1,25.48,55.13253012048194,1
26,98,1,0,1,1,1,18,3,16,0,68,73,1,2,1,0,66.4,34.0,5,2.8076923076923075,0,3.6,1,25.48,48.66666666666667,1
26,98,1,0,1,1,1,19,1,12,0,72,86,0,0,0,0,68.0,32.0,14,3.3076923076923075,2,2.2,1,25.48,58.71485943775101,1
26,98,1,0,1,1,1,22,3,17,1,52,91,0,2,0,0,70.0,34.5,39,3.5,0,2.7,1,25.48,63.9558232931727,1
26,98,0,1,1,1,1,27,0,16,1,53,78,1,2,1,0,80.4,34.0,25,3.0,-1,3.6,0,25.48,62.96385542168676,1
26,98,0,1,1,1,1,18,3,16,0,68,73,1,2,1,0,76.4,34.0,5,2.8076923076923075,-1,3.6,0,25.48,55.99598393574298,1
26,98,0,1,1,1,1,19,1,12,0,72,86,0,0,0,0,78.0,32.0,14,3.3076923076923075,1,2.2,0,25.48,67.34939759036145,1
26,98,0,1,1,1,1,22,3,17,1,52,91,0,2,0,0,80.0,34.5,39,3.5,-1,2.7,0,25.48,73.09236947791165,1
16,81,1,1,1,1,1,18,3,11,0,73,50,0,1,3,0,71.6,21.5,-23,3.125,1,2.1,1,12.96,35.9437751004016,1
16,81,2,0,1,1,1,18,3,11,0,73,50,0,1,3,0,61.6,21.5,-23,3.125,2,2.1,2,12.96,30.923694779116467,1
16,81,1,1,2,1,1,18,3,11,0,73,50,0,1,3,0,71.6,21.5,-23,3.125,2,2.1,2,12.96,35.9437751004016,1
16,81,1,0,2,1,1,18,3,11,0,73,50,0,1,3,0,61.6,21.5,-23,3.125,2,2.1,2,12.96,30.923694779116467,1
23,91,2,1,0,1,0,27,0,6,1,58,73,1,2,1,0,79.6,26.0,15,3.1739130434782608,0,2.6,0,20.93,58.34136546184739,1
23,91,1,0,1,1,0,27,0,6,1,58,73,1,2,1,0,69.6,26.0,15,3.1739130434782608,0,2.6,1,20.93,51.01204819277109,1
23,91,0,1,2,1,0,27,0,6,1,58,73,1,2,1,0,79.6,26.0,15,3.1739130434782608,0,2.6,0,20.93,58.34136546184739,1
23,91,0,1,1,1,0,27,0,6,1,58,73,1,2,1,0,79.6,26.0,15,3.1739130434782608,-1,2.6,0,20.93,58.34136546184739,1
16,79,1,1,1,1,0,21,0,15,1,52,43,1,2,3,0,72.4,23.5,-9,2.6875,0,3.5,1,12.64,31.257028112449802,1
16,79,1,1,1,1,0,29,0,14,0,73,47,1,2,3,0,70.80000000000001,23.0,-26,2.9375,0,3.4000000000000004,1,12.64,33.409638554216876,1
16,79,2,1,1,1,0,21,0,15,1,52,43,1,2,3,0,72.4,23.5,-9,2.6875,1,3.5,2,12.64,31.257028112449802,1
16,79,2,1,1,1,0,29,0,14,0,73,47,1,2,3,0,70.80000000000001,23.0,-26,2.9375,1,3.4000000000000004,2,12.64,33.409638554216876,1
16,79,1,0,0,1,0,21,0,15,1,52,43,1,2,3,0,62.400000000000006,23.5,-9,2.6875,-1,3.5,0,12.64,26.939759036144583,1
16,79,1,0,0,1,0,29,0,14,0,73,47,1,2,3,0,60.800000000000004,23.0,-26,2.9375,-1,3.4000000000000004,0,12.64,28.690763052208837,1
26,80,0,1,1,1,1,22,2,13,0,96,90,1,2,0,0,80.4,32.5,-6,3.4615384615384617,-1,3.3,0,20.8,72.65060240963857,1
26,80,0,1,1,1,1,19,1,18,1,82,66,1,1,2,0,84.80000000000001,35.0,-16,2.5384615384615383,0,3.8,0,20.8,56.19277108433736,1
26,80,1,1,1,1,1,22,2,13,0,96,90,1,2,0,0,80.4,32.5,-6,3.4615384615384617,0,3.3,1,20.8,72.65060240963857,1
26,80,1,1,1,1,1,19,1,18,1,82,66,1,1,2,0,84.80000000000001,35.0,-16,2.5384615384615383,1,3.8,1,20.8,56.19277108433736,1
26,80,1,0,0,1,1,22,2,13,0,96,90,1,2,0,0,70.4,32.5,-6,3.4615384615384617,-1,3.3,0,20.8,63.61445783132531,1
26,80,1,0,0,1,1,19,1,18,1,82,66,1,1,2,0,74.80000000000001,35.0,-16,2.5384615384615383,0,3.8,0,20.8,49.56626506024097,1
26,80,0,0,2,1,1,22,2,13,0,96,90,1,2,0,0,70.4,32.5,-6,3.4615384615384617,0,3.3,0,20.8,63.61445783132531,1
26,80,0,0,2,1,1,19,1,18,1,82,66,1,1,2,0,74.80000000000001,35.0,-16,2.5384615384615383,1,3.8,0,20.8,49.56626506024097,1
21,76,1,0,1,1,0,27,3,17,0,67,73,1,2,1,0,57.2,29.5,6,3.4761904761904763,0,3.7,1,15.96,41.92369477911647,1
21,76,1,0,0,1,0,27,3,17,0,67,73,1,2,1,0,57.2,29.5,6,3.4761904761904763,-1,3.7,0,15.96,41.92369477911647,1
21,76,2,1,0,1,0,27,3,17,0,67,73,1,2,1,0,67.2,29.5,6,3.4761904761904763,0,3.7,0,15.96,49.25301204819277,1
21,76,2,0,1,1,0,27,3,17,0,67,73,1,2,1,0,57.2,29.5,6,3.4761904761904763,1,3.7,2,15.96,41.92369477911647,1
21,76,1,1,0,1,0,27,3,17,0,67,73,1,2,1,0,67.2,29.5,6,3.4761904761904763,-1,3.7,0,15.96,49.25301204819277,1
24,82,1,1,1,1,0,23,3,18,0,92,86,1,2,0,0,79.60000000000001,33.0,-6,3.5833333333333335,0,3.8,1,19.68,68.73092369477914,1
24,82,1,1,1,1,0,21,2,1,0,55,42,0,2,3,0,64.80000000000001,24.5,-13,1.75,0,1.1,1,19.68,27.325301204819283,1
24,82,1,1,1,1,0,25,0,12,1,76,42,1,0,3,0,83.2,30.0,-34,1.75,2,3.2,1,19.68,35.08433734939759,1
24,82,1,1,1,1,0,27,1,10,1,59,40,1,1,3,0,76.4,29.0,-19,1.6666666666666667,1,3.0,1,19.68,30.682730923694784,1
24,82,1,0,1,1,0,23,3,18,0,92,86,1,2,0,0,69.60000000000001,33.0,-6,3.5833333333333335,0,3.8,1,19.68,60.09638554216869,1
24,82,1,0,1,1,0,21,2,1,0,55,42,0,2,3,0,54.800000000000004,24.5,-13,1.75,0,1.1,1,19.68,23.108433734939762,1
24,82,1,0,1,1,0,25,0,12,1,76,42,1,0,3,0,73.2,30.0,-34,1.75,2,3.2,1,19.68,30.867469879518072,1
24,82,1,0,1,1,0,27,1,10,1,59,40,1,1,3,0,66.4,29.0,-19,1.6666666666666667,1,3.0,1,19.68,26.66666666666667,1
35,65,1,1,2,1,1,27,3,20,1,95,59,0,1,2,1,84.0,45.0,-36,1.6857142857142857,2,3.0,2,22.75,49.75903614457832,1
35,65,1,1,2,1,1,25,1,17,1,94,98,0,2,0,0,83.6,43.5,4,2.8,1,2.7,2,22.75,82.2570281124498,1
19,80,0,0,1,1,1,23,1,7,0,55,49,1,2,3,0,54.0,22.5,-6,2.5789473684210527,-1,2.7,0,15.200000000000001,26.56626506024097,1
19,80,1,1,1,1,1,23,1,7,0,55,49,1,2,3,0,64.0,22.5,-6,2.5789473684210527,0,2.7,1,15.200000000000001,31.485943775100402,1
19,80,0,0,2,1,1,23,1,7,0,55,49,1,2,3,0,54.0,22.5,-6,2.5789473684210527,0,2.7,0,15.200000000000001,26.56626506024097,1
19,80,0,0,0,1,1,23,1,7,0,55,49,1,2,3,0,54.0,22.5,-6,2.5789473684210527,-2,2.7,0,15.200000000000001,26.56626506024097,1
19,80,1,1,0,1,1,23,1,7,0,55,49,1,2,3,0,64.0,22.5,-6,2.5789473684210527,-1,2.7,0,15.200000000000001,31.485943775100402,1
19,80,2,1,1,1,1,23,1,7,0,55,49,1,2,3,0,64.0,22.5,-6,2.5789473684210527,1,2.7,2,15.200000000000001,31.485943775100402,1
27,67,1,1,1,1,1,25,2,18,1,77,65,1,2,2,0,77.6,36.0,-12,2.4074074074074074,0,3.8,1,18.09,50.6425702811245,1
27,67,1,1,1,1,1,23,3,6,1,80,85,0,0,0,0,78.8,30.0,5,3.1481481481481484,2,1.6,1,18.09,67.24899598393574,1
27,67,1,1,1,1,1,27,2,13,0,95,83,1,2,1,0,74.8,33.5,-12,3.074074074074074,0,3.3,1,18.09,62.333333333333336,1
27,67,1,0,1,1,1,25,2,18,1,77,65,1,2,2,0,67.6,36.0,-12,2.4074074074074074,0,3.8,1,18.09,44.11646586345382,1
27,67,1,0,1,1,1,23,3,6,1,80,85,0,0,0,0,68.8,30.0,5,3.1481481481481484,2,1.6,1,18.09,58.71485943775101,1
27,67,1,0,1,1,1,27,2,13,0,95,83,1,2,1,0,64.8,33.5,-12,3.074074074074074,0,3.3,1,18.09,54.0,1
16,65,2,0,0,1,1,28,2,15,1,58,46,1,1,3,0,59.2,23.5,-12,2.875,1,3.5,0,10.4,27.341365461847392,1
16,65,0,0,1,1,1,28,2,15,1,58,46,1,1,3,0,59.2,23.5,-12,2.875,0,3.5,0,10.4,27.341365461847392,1
16,65,1,0,1,1,1,28,2,15,1,58,46,1,1,3,0,59.2,23.5,-12,2.875,1,3.5,1,10.4,27.341365461847392,1
31,76,1,1,1,1,0,20,2,20,0,53,55,1,1,2,0,61.60000000000001,41.0,2,1.7741935483870968,1,4.0,1,23.56,34.01606425702812,1
24,96,2,0,1,1,0,18,1,2,0,82,76,0,1,1,0,71.20000000000002,25.0,-6,3.1666666666666665,2,1.2,2,23.04,54.32931726907632,1
24,96,2,0,0,1,0,18,1,2,0,82,76,0,1,1,0,71.20000000000002,25.0,-6,3.1666666666666665,1,1.2,0,23.04,54.32931726907632,1
24,96,1,0,1,1,0,18,1,2,0,82,76,0,1,1,0,71.20000000000002,25.0,-6,3.1666666666666665,1,1.2,1,23.04,54.32931726907632,1
24,96,2,1,1,1,0,18,1,2,0,82,76,0,1,1,0,81.20000000000002,25.0,-6,3.1666666666666665,2,1.2,2,23.04,61.959839357429736,1
21,71,1,1,0,1,0,24,0,14,1,78,56,1,0,2,0,79.60000000000001,28.0,-22,2.6666666666666665,1,3.4000000000000004,0,14.91,44.755020080321295,1
21,71,1,1,1,1,0,24,0,14,1,78,56,1,0,2,0,79.60000000000001,28.0,-22,2.6666666666666665,2,3.4000000000000004,1,14.91,44.755020080321295,1
21,71,0,0,2,1,0,24,0,14,1,78,56,1,0,2,0,69.60000000000001,28.0,-22,2.6666666666666665,2,3.4000000000000004,0,14.91,39.13253012048194,1
21,71,1,0,0,1,0,24,0,14,1,78,56,1,0,2,0,69.60000000000001,28.0,-22,2.6666666666666665,1,3.4000000000000004,0,14.91,39.13253012048194,1
21,71,2,1,1,1,0,24,0,14,1,78,56,1,0,2,0,79.60000000000001,28.0,-22,2.6666666666666665,3,3.4000000000000004,2,14.91,44.755020080321295,1
22,61,0,1,0,1,0,27,1,17,1,91,99,1,0,0,0,80.8,30.5,8,4.5,0,3.7,0,13.42,80.3132530120482,1
22,61,0,1,0,1,0,24,3,16,1,78,85,0,2,0,0,75.60000000000001,30.0,7,3.8636363636363638,-2,2.6,0,13.42,64.51807228915663,1
22,61,0,1,0,1,0,24,3,14,1,97,90,1,2,0,1,83.2,29.0,-7,4.090909090909091,-2,3.4000000000000004,0,13.42,75.18072289156628,1
22,61,0,1,0,1,0,27,0,12,1,63,74,0,2,1,0,69.60000000000001,28.0,11,3.3636363636363638,-2,2.2,0,13.42,51.71084337349399,1
22,61,0,1,0,1,0,27,1,3,0,84,71,1,2,1,0,68.0,23.5,-13,3.227272727272727,-2,2.3,0,13.42,48.47389558232932,1
22,61,2,1,1,1,0,27,1,17,1,91,99,1,0,0,0,80.8,30.5,8,4.5,3,3.7,2,13.42,80.3132530120482,1
22,61,2,1,1,1,0,24,3,16,1,78,85,0,2,0,0,75.60000000000001,30.0,7,3.8636363636363638,1,2.6,2,13.42,64.51807228915663,1
22,61,2,1,1,1,0,24,3,14,1,97,90,1,2,0,1,83.2,29.0,-7,4.090909090909091,1,3.4000000000000004,2,13.42,75.18072289156628,1
22,61,2,1,1,1,0,27,0,12,1,63,74,0,2,1,0,69.60000000000001,28.0,11,3.3636363636363638,1,2.2,2,13.42,51.71084337349399,1
22,61,2,1,1,1,0,27,1,3,0,84,71,1,2,1,0,68.0,23.5,-13,3.227272727272727,1,2.3,2,13.42,48.47389558232932,1
22,61,1,1,0,1,0,27,1,17,1,91,99,1,0,0,0,80.8,30.5,8,4.5,1,3.7,0,13.42,80.3132530120482,1
22,61,1,1,0,1,0,24,3,16,1,78,85,0,2,0,0,75.60000000000001,30.0,7,3.8636363636363638,-1,2.6,0,13.42,64.51807228915663,1
22,61,1,1,0,1,0,24,3,14,1,97,90,1,2,0,1,83.2,29.0,-7,4.090909090909091,-1,3.4000000000000004,0,13.42,75.18072289156628,1
22,61,1,1,0,1,0,27,0,12,1,63,74,0,2,1,0,69.60000000000001,28.0,11,3.3636363636363638,-1,2.2,0,13.42,51.71084337349399,1
22,61,1,1,0,1,0,27,1,3,0,84,71,1,2,1,0,68.0,23.5,-13,3.227272727272727,-1,2.3,0,13.42,48.47389558232932,1
22,61,1,0,0,1,0,27,1,17,1,91,99,1,0,0,0,70.8,30.5,8,4.5,1,3.7,0,13.42,70.37349397590361,1
22,61,1,0,0,1,0,24,3,16,1,78,85,0,2,0,0,65.60000000000001,30.0,7,3.8636363636363638,-1,2.6,0,13.42,55.983935742971894,1
22,61,1,0,0,1,0,24,3,14,1,97,90,1,2,0,1,73.2,29.0,-7,4.090909090909091,-1,3.4000000000000004,0,13.42,66.14457831325302,1
22,61,1,0,0,1,0,27,0,12,1,63,74,0,2,1,0,59.60000000000001,28.0,11,3.3636363636363638,-1,2.2,0,13.42,44.281124497991975,1
22,61,1,0,0,1,0,27,1,3,0,84,71,1,2,1,0,58.0,23.5,-13,3.227272727272727,-1,2.3,0,13.42,41.34538152610442,1
22,61,0,0,2,1,0,27,1,17,1,91,99,1,0,0,0,70.8,30.5,8,4.5,2,3.7,0,13.42,70.37349397590361,1
22,61,0,0,2,1,0,24,3,16,1,78,85,0,2,0,0,65.60000000000001,30.0,7,3.8636363636363638,0,2.6,0,13.42,55.983935742971894,1
22,61,0,0,2,1,0,24,3,14,1,97,90,1,2,0,1,73.2,29.0,-7,4.090909090909091,0,3.4000000000000004,0,13.42,66.14457831325302,1
22,61,0,0,2,1,0,27,0,12,1,63,74,0,2,1,0,59.60000000000001,28.0,11,3.3636363636363638,0,2.2,0,13.42,44.281124497991975,1
22,61,0,0,2,1,0,27,1,3,0,84,71,1,2,1,0,58.0,23.5,-13,3.227272727272727,0,2.3,0,13.42,41.34538152610442,1
24,63,1,0,0,1,1,27,2,2,0,69,43,1,2,3,0,52.800000000000004,25.0,-26,1.7916666666666667,-1,2.2,0,15.120000000000001,22.79518072289157,1
24,63,1,0,0,1,1,27,1,12,1,52,95,1,1,0,0,56.0,30.0,43,3.9583333333333335,0,3.2,0,15.120000000000001,53.41365461847389,1
24,63,1,0,0,1,1,22,3,7,1,63,55,1,2,2,0,60.400000000000006,27.5,-8,2.2916666666666665,-1,2.7,0,15.120000000000001,33.35341365461848,1
24,63,1,1,1,1,1,27,2,2,0,69,43,1,2,3,0,62.800000000000004,25.0,-26,1.7916666666666667,0,2.2,1,15.120000000000001,27.11244979919679,1
24,63,1,1,1,1,1,27,1,12,1,52,95,1,1,0,0,66.0,30.0,43,3.9583333333333335,1,3.2,1,15.120000000000001,62.95180722891566,1
24,63,1,1,1,1,1,22,3,7,1,63,55,1,2,2,0,70.4,27.5,-8,2.2916666666666665,0,2.7,1,15.120000000000001,38.875502008032136,1
24,63,1,0,1,1,1,27,2,2,0,69,43,1,2,3,0,52.800000000000004,25.0,-26,1.7916666666666667,0,2.2,1,15.120000000000001,22.79518072289157,1
24,63,1,0,1,1,1,27,1,12,1,52,95,1,1,0,0,56.0,30.0,43,3.9583333333333335,1,3.2,1,15.120000000000001,53.41365461847389,1
24,63,1,0,1,1,1,22,3,7,1,63,55,1,2,2,0,60.400000000000006,27.5,-8,2.2916666666666665,0,2.7,1,15.120000000000001,33.35341365461848,1
23,71,1,1,2,1,0,25,1,19,1,86,41,1,1,3,0,82.8,32.5,-45,1.7826086956521738,2,3.9000000000000004,2,16.33,34.08433734939759,1
23,71,1,1,2,1,0,26,1,17,1,63,70,1,1,1,0,73.60000000000001,31.5,7,3.0434782608695654,2,3.7,2,16.33,51.72690763052209,1
23,71,2,0,1,1,0,25,1,19,1,86,41,1,1,3,0,72.8,32.5,-45,1.7826086956521738,2,3.9000000000000004,2,16.33,29.967871485943775,1
23,71,2,0,1,1,0,26,1,17,1,63,70,1,1,1,0,63.60000000000001,31.5,7,3.0434782608695654,2,3.7,2,16.33,44.698795180722904,1
23,71,1,1,0,1,0,25,1,19,1,86,41,1,1,3,0,82.8,32.5,-45,1.7826086956521738,0,3.9000000000000004,0,16.33,34.08433734939759,1
23,71,1,1,0,1,0,26,1,17,1,63,70,1,1,1,0,73.60000000000001,31.5,7,3.0434782608695654,0,3.7,0,16.33,51.72690763052209,1
23,71,1,0,0,1,0,25,1,19,1,86,41,1,1,3,0,72.8,32.5,-45,1.7826086956521738,0,3.9000000000000004,0,16.33,29.967871485943775,1
23,71,1,0,0,1,0,26,1,17,1,63,70,1,1,1,0,63.60000000000001,31.5,7,3.0434782608695654,0,3.7,0,16.33,44.698795180722904,1
23,71,1,1,1,1,0,25,1,19,1,86,41,1,1,3,0,82.8,32.5,-45,1.7826086956521738,1,3.9000000000000004,1,16.33,34.08433734939759,1
23,71,1,1,1,1,0,26,1,17,1,63,70,1,1,1,0,73.60000000000001,31.5,7,3.0434782608695654,1,3.7,1,16.33,51.72690763052209,1
26,68,2,1,1,1,1,24,1,12,1,59,93,1,1,0,0,70.80000000000001,32.0,34,3.576923076923077,2,3.2,2,17.68,66.10843373493978,1
26,68,2,1,1,1,1,26,0,10,1,81,65,0,2,2,0,79.6,31.0,-16,2.5,1,2.0,2,17.68,51.94779116465863,1
26,68,2,1,1,1,1,20,3,17,1,84,77,0,2,1,0,80.80000000000001,34.5,-7,2.9615384615384617,1,2.7,2,17.68,62.465863453815274,1
26,68,2,0,2,1,1,24,1,12,1,59,93,1,1,0,0,60.800000000000004,32.0,34,3.576923076923077,3,3.2,4,17.68,56.7710843373494,1
26,68,2,0,2,1,1,26,0,10,1,81,65,0,2,2,0,69.6,31.0,-16,2.5,2,2.0,4,17.68,45.42168674698795,1
26,68,2,0,2,1,1,20,3,17,1,84,77,0,2,1,0,70.80000000000001,34.5,-7,2.9615384615384617,2,2.7,4,17.68,54.73493975903616,1
26,68,1,0,1,1,1,24,1,12,1,59,93,1,1,0,0,60.800000000000004,32.0,34,3.576923076923077,1,3.2,1,17.68,56.7710843373494,1
26,68,1,0,1,1,1,26,0,10,1,81,65,0,2,2,0,69.6,31.0,-16,2.5,0,2.0,1,17.68,45.42168674698795,1
26,68,1,0,1,1,1,20,3,17,1,84,77,0,2,1,0,70.80000000000001,34.5,-7,2.9615384615384617,0,2.7,1,17.68,54.73493975903616,1
26,68,0,1,1,1,1,24,1,12,1,59,93,1,1,0,0,70.80000000000001,32.0,34,3.576923076923077,0,3.2,0,17.68,66.10843373493978,1
26,68,0,1,1,1,1,26,0,10,1,81,65,0,2,2,0,79.6,31.0,-16,2.5,-1,2.0,0,17.68,51.94779116465863,1
26,68,0,1,1,1,1,20,3,17,1,84,77,0,2,1,0,80.80000000000001,34.5,-7,2.9615384615384617,-1,2.7,0,17.68,62.465863453815274,1
25,69,1,1,1,1,1,19,3,14,1,88,43,1,2,3,0,82.80000000000001,32.0,-45,1.72,0,3.4000000000000004,1,17.25,35.746987951807235,1
25,69,1,1,1,1,1,26,3,8,0,62,61,0,1,2,0,62.400000000000006,29.0,-1,2.44,1,1.8,1,17.25,38.216867469879524,1
25,69,1,1,1,1,1,19,3,1,0,63,71,1,0,1,0,62.800000000000004,25.5,8,2.84,2,2.1,1,17.25,44.76706827309238,1
25,69,0,1,2,1,1,19,3,14,1,88,43,1,2,3,0,82.80000000000001,32.0,-45,1.72,0,3.4000000000000004,0,17.25,35.746987951807235,1
25,69,0,1,2,1,1,26,3,8,0,62,61,0,1,2,0,62.400000000000006,29.0,-1,2.44,1,1.8,0,17.25,38.216867469879524,1
25,69,0,1,2,1,1,19,3,1,0,63,71,1,0,1,0,62.800000000000004,25.5,8,2.84,2,2.1,0,17.25,44.76706827309238,1
25,69,0,1,1,1,1,19,3,14,1,88,43,1,2,3,0,82.80000000000001,32.0,-45,1.72,-1,3.4000000000000004,0,17.25,35.746987951807235,1
25,69,0,1,1,1,1,26,3,8,0,62,61,0,1,2,0,62.400000000000006,29.0,-1,2.44,0,1.8,0,17.25,38.216867469879524,1
25,69,0,1,1,1,1,19,3,1,0,63,71,1,0,1,0,62.800000000000004,25.5,8,2.84,1,2.1,0,17.25,44.76706827309238,1
23,92,1,0,1,1,0,20,1,18,1,82,81,0,2,1,0,79.60000000000001,32.0,-1,3.5217391304347827,0,2.8,1,21.16,64.73493975903615,1
23,92,1,0,1,1,0,22,2,16,1,92,58,1,1,2,0,83.60000000000001,31.0,-34,2.5217391304347827,1,3.6,1,21.16,48.682730923694784,1
23,92,1,0,1,1,0,25,1,14,1,70,82,1,0,1,0,74.80000000000001,30.0,12,3.5652173913043477,2,3.4000000000000004,1,21.16,61.582329317269085,1
23,92,2,0,2,1,0,20,1,18,1,82,81,0,2,1,0,79.60000000000001,32.0,-1,3.5217391304347827,2,2.8,4,21.16,64.73493975903615,1
23,92,2,0,2,1,0,22,2,16,1,92,58,1,1,2,0,83.60000000000001,31.0,-34,2.5217391304347827,3,3.6,4,21.16,48.682730923694784,1
23,92,2,0,2,1,0,25,1,14,1,70,82,1,0,1,0,74.80000000000001,30.0,12,3.5652173913043477,4,3.4000000000000004,4,21.16,61.582329317269085,1
23,92,2,0,1,1,0,20,1,18,1,82,81,0,2,1,0,79.60000000000001,32.0,-1,3.5217391304347827,1,2.8,2,21.16,64.73493975903615,1
23,92,2,0,1,1,0,22,2,16,1,92,58,1,1,2,0,83.60000000000001,31.0,-34,2.5217391304347827,2,3.6,2,21.16,48.682730923694784,1
23,92,2,0,1,1,0,25,1,14,1,70,82,1,0,1,0,74.80000000000001,30.0,12,3.5652173913043477,3,3.4000000000000004,2,21.16,61.582329317269085,1
23,92,1,1,2,1,0,20,1,18,1,82,81,0,2,1,0,89.60000000000001,32.0,-1,3.5217391304347827,1,2.8,2,21.16,72.86746987951808,1
23,92,1,1,2,1,0,22,2,16,1,92,58,1,1,2,0,93.60000000000001,31.0,-34,2.5217391304347827,2,3.6,2,21.16,54.50602409638555,1
23,92,1,1,2,1,0,25,1,14,1,70,82,1,0,1,0,84.80000000000001,30.0,12,3.5652173913043477,3,3.4000000000000004,2,21.16,69.81526104417672,1
21,76,2,1,1,1,1,29,3,3,0,56,83,1,0,1,0,62.800000000000004,22.5,27,3.9523809523809526,3,2.3,2,15.96,52.333333333333336,1
21,76,2,1,1,1,1,18,0,11,1,74,42,0,2,3,0,80.0,26.5,-32,2.0,1,2.1,2,15.96,33.734939759036145,1
21,76,1,1,1,1,1,29,3,3,0,56,83,1,0,1,0,62.800000000000004,22.5,27,3.9523809523809526,2,2.3,1,15.96,52.333333333333336,1
21,76,1,1,1,1,1,18,0,11,1,74,42,0,2,3,0,80.0,26.5,-32,2.0,0,2.1,1,15.96,33.734939759036145,1
21,76,1,1,0,1,1,29,3,3,0,56,83,1,0,1,0,62.800000000000004,22.5,27,3.9523809523809526,1,2.3,0,15.96,52.333333333333336,1
21,76,1,1,0,1,1,18,0,11,1,74,42,0,2,3,0,80.0,26.5,-32,2.0,-1,2.1,0,15.96,33.734939759036145,1
21,76,0,1,2,1,1,29,3,3,0,56,83,1,0,1,0,62.800000000000004,22.5,27,3.9523809523809526,2,2.3,0,15.96,52.333333333333336,1
21,76,0,1,2,1,1,18,0,11,1,74,42,0,2,3,0,80.0,26.5,-32,2.0,0,2.1,0,15.96,33.734939759036145,1
21,76,0,1,2,1,1,19,2,7,0,57,91,0,2,0,0,63.2,24.5,34,4.333333333333333,0,1.7000000000000002,0,15.96,57.74297188755021,1
21,76,1,1,2,1,1,29,3,3,0,56,83,1,0,1,0,62.800000000000004,22.5,27,3.9523809523809526,3,2.3,2,15.96,52.333333333333336,1
21,76,1,1,2,1,1,18,0,11,1,74,42,0,2,3,0,80.0,26.5,-32,2.0,1,2.1,2,15.96,33.734939759036145,1
26,89,0,1,1,1,1,25,1,4,1,88,74,1,2,1,0,90.80000000000001,28.0,-14,2.8461538461538463,-1,2.4,0,23.14,67.46184738955824,1
26,89,1,0,1,1,1,25,1,4,1,88,74,1,2,1,0,80.80000000000001,28.0,-14,2.8461538461538463,0,2.4,1,23.14,60.03212851405624,1
26,89,1,1,0,1,1,25,1,4,1,88,74,1,2,1,0,90.80000000000001,28.0,-14,2.8461538461538463,-1,2.4,0,23.14,67.46184738955824,1
20,98,1,0,2,1,1,25,1,10,1,61,59,1,2,2,0,73.60000000000001,25.0,-2,2.95,1,3.0,2,19.6,43.59839357429719,1
20,98,1,0,2,1,1,18,1,14,1,77,62,1,1,2,0,80.0,27.0,-15,3.1,2,3.4000000000000004,2,19.6,49.799196787148595,1
20,98,2,1,1,1,1,25,1,10,1,61,59,1,2,2,0,83.60000000000001,25.0,-2,2.95,1,3.0,2,19.6,49.522088353413665,1
20,98,2,1,1,1,1,18,1,14,1,77,62,1,1,2,0,90.0,27.0,-15,3.1,2,3.4000000000000004,2,19.6,56.02409638554217,1
20,98,1,1,2,1,1,25,1,10,1,61,59,1,2,2,0,83.60000000000001,25.0,-2,2.95,1,3.0,2,19.6,49.522088353413665,1
20,98,1,1,2,1,1,18,1,14,1,77,62,1,1,2,0,90.0,27.0,-15,3.1,2,3.4000000000000004,2,19.6,56.02409638554217,1
20,98,1,1,1,1,1,25,1,10,1,61,59,1,2,2,0,83.60000000000001,25.0,-2,2.95,0,3.0,1,19.6,49.522088353413665,1
20,98,1,1,1,1,1,18,1,14,1,77,62,1,1,2,0,90.0,27.0,-15,3.1,1,3.4000000000000004,1,19.6,56.02409638554217,1
20,98,1,0,1,1,1,25,1,10,1,61,59,1,2,2,0,73.60000000000001,25.0,-2,2.95,0,3.0,1,19.6,43.59839357429719,1
20,98,1,0,1,1,1,18,1,14,1,77,62,1,1,2,0,80.0,27.0,-15,3.1,1,3.4000000000000004,1,19.6,49.799196787148595,1
20,98,0,0,0,1,1,25,1,10,1,61,59,1,2,2,0,73.60000000000001,25.0,-2,2.95,-2,3.0,0,19.6,43.59839357429719,1
20,98,0,0,0,1,1,18,1,14,1,77,62,1,1,2,0,80.0,27.0,-15,3.1,-1,3.4000000000000004,0,19.6,49.799196787148595,1
20,98,1,1,0,1,1,25,1,10,1,61,59,1,2,2,0,83.60000000000001,25.0,-2,2.95,-1,3.0,0,19.6,49.522088353413665,1
20,98,1,1,0,1,1,18,1,14,1,77,62,1,1,2,0,90.0,27.0,-15,3.1,0,3.4000000000000004,0,19.6,56.02409638554217,1
21,97,1,1,1,1,1,19,1,20,1,100,75,1,2,1,0,98.80000000000001,31.0,-25,3.5714285714285716,0,4.0,1,20.37,74.3975903614458,1
21,97,1,1,1,1,1,19,0,4,0,58,89,1,2,0,0,72.0,23.0,31,4.238095238095238,0,2.4,1,20.37,64.33734939759036,1
21,97,2,1,0,1,1,19,1,20,1,100,75,1,2,1,0,98.80000000000001,31.0,-25,3.5714285714285716,0,4.0,0,20.37,74.3975903614458,1
21,97,2,1,0,1,1,19,0,4,0,58,89,1,2,0,0,72.0,23.0,31,4.238095238095238,0,2.4,0,20.37,64.33734939759036,1
21,97,2,1,2,1,1,19,1,20,1,100,75,1,2,1,0,98.80000000000001,31.0,-25,3.5714285714285716,2,4.0,4,20.37,74.3975903614458,1
21,97,2,1,2,1,1,19,0,4,0,58,89,1,2,0,0,72.0,23.0,31,4.238095238095238,2,2.4,4,20.37,64.33734939759036,1
21,97,1,0,2,1,1,19,1,20,1,100,75,1,2,1,0,88.80000000000001,31.0,-25,3.5714285714285716,1,4.0,2,20.37,66.86746987951808,1
21,97,1,0,2,1,1,19,0,4,0,58,89,1,2,0,0,62.00000000000001,23.0,31,4.238095238095238,1,2.4,2,20.37,55.401606425702816,1
21,97,1,1,0,1,1,19,1,20,1,100,75,1,2,1,0,98.80000000000001,31.0,-25,3.5714285714285716,-1,4.0,0,20.37,74.3975903614458,1
21,97,1,1,0,1,1,19,0,4,0,58,89,1,2,0,0,72.0,23.0,31,4.238095238095238,-1,2.4,0,20.37,64.33734939759036,1
28,87,0,1,1,1,1,29,1,12,1,70,48,1,2,3,0,82.80000000000001,34.0,-22,1.7142857142857142,-1,3.2,0,24.36,39.90361445783133,1
28,87,1,1,1,1,1,29,1,12,1,70,48,1,2,3,0,82.80000000000001,34.0,-22,1.7142857142857142,0,3.2,1,24.36,39.90361445783133,1
19,98,0,1,2,1,0,22,1,20,1,91,76,1,2,1,0,95.6,29.0,-15,4.0,0,4.0,0,18.62,72.94779116465863,1
19,98,0,1,2,1,0,29,3,16,0,51,51,1,2,3,0,69.60000000000001,27.0,0,2.6842105263157894,0,3.6,0,18.62,35.638554216867476,1
19,98,2,1,1,1,0,22,1,20,1,91,76,1,2,1,0,95.6,29.0,-15,4.0,1,4.0,2,18.62,72.94779116465863,1
19,98,2,1,1,1,0,29,3,16,0,51,51,1,2,3,0,69.60000000000001,27.0,0,2.6842105263157894,1,3.6,2,18.62,35.638554216867476,1
19,98,2,1,2,1,0,22,1,20,1,91,76,1,2,1,0,95.6,29.0,-15,4.0,2,4.0,4,18.62,72.94779116465863,1
19,98,2,1,2,1,0,29,3,16,0,51,51,1,2,3,0,69.60000000000001,27.0,0,2.6842105263157894,2,3.6,4,18.62,35.638554216867476,1
26,97,1,1,0,1,1,27,2,20,0,82,87,1,2,0,0,81.60000000000001,36.0,5,3.3461538461538463,-1,4.0,0,25.22,71.27710843373495,1
26,97,1,1,0,1,1,27,2,14,1,72,49,1,0,3,0,87.60000000000001,33.0,-23,1.8846153846153846,1,3.4000000000000004,0,25.22,43.09638554216868,1
26,97,1,1,0,1,1,19,3,0,0,98,52,0,2,3,0,88.0,26.0,-46,2.0,-1,1.0,0,25.22,45.94377510040161,1
26,97,1,1,0,1,1,20,1,16,0,99,86,1,2,0,0,88.4,34.0,-13,3.3076923076923075,-1,3.6,0,25.22,76.32931726907631,1
20,92,0,0,0,1,0,19,3,10,1,72,46,1,1,3,0,75.60000000000001,25.0,-26,2.3,-1,3.0,0,18.400000000000002,34.915662650602414,1
20,92,2,1,1,1,0,19,3,10,1,72,46,1,1,3,0,85.60000000000001,25.0,-26,2.3,2,3.0,2,18.400000000000002,39.53413654618475,1
20,92,1,1,0,1,0,19,3,10,1,72,46,1,1,3,0,85.60000000000001,25.0,-26,2.3,0,3.0,0,18.400000000000002,39.53413654618475,1
20,92,2,0,1,1,0,19,3,10,1,72,46,1,1,3,0,75.60000000000001,25.0,-26,2.3,2,3.0,2,18.400000000000002,34.915662650602414,1
17,96,1,1,1,1,0,22,2,8,1,59,54,1,2,3,0,82.0,21.0,-5,3.176470588235294,0,2.8,1,16.32,44.45783132530121,1
17,96,0,0,0,1,0,22,2,8,1,59,54,1,2,3,0,72.0,21.0,-5,3.176470588235294,-2,2.8,0,16.32,39.036144578313255,1
17,96,2,0,0,1,0,22,2,8,1,59,54,1,2,3,0,72.0,21.0,-5,3.176470588235294,0,2.8,0,16.32,39.036144578313255,1
17,96,1,0,1,1,0,22,2,8,1,59,54,1,2,3,0,72.0,21.0,-5,3.176470588235294,0,2.8,1,16.32,39.036144578313255,1
17,96,1,1,0,1,0,22,2,8,1,59,54,1,2,3,0,82.0,21.0,-5,3.176470588235294,-1,2.8,0,16.32,44.45783132530121,1
17,96,1,0,0,1,0,22,2,8,1,59,54,1,2,3,0,72.0,21.0,-5,3.176470588235294,-1,2.8,0,16.32,39.036144578313255,1
28,98,1,1,1,1,1,21,2,6,1,62,53,0,2,3,0,84.0,31.0,-9,1.8928571428571428,0,1.6,1,27.439999999999998,44.6987951807229,1
28,98,1,1,1,1,1,29,0,13,0,61,96,0,2,0,0,73.60000000000001,34.5,35,3.4285714285714284,0,2.3,1,27.439999999999998,70.93975903614458,1
28,98,1,1,1,1,1,19,1,0,1,79,79,1,1,1,0,90.80000000000001,28.0,0,2.8214285714285716,1,2.0,1,27.439999999999998,72.02008032128515,1
28,98,1,1,1,1,1,25,1,14,1,84,78,1,2,1,0,92.80000000000001,35.0,-6,2.7857142857142856,0,3.4000000000000004,1,27.439999999999998,72.67469879518073,1
28,98,1,1,1,1,1,21,2,8,1,55,94,1,0,0,0,81.2,32.0,39,3.357142857142857,2,2.8,1,27.439999999999998,76.63453815261045,1
28,98,1,1,1,1,1,21,1,3,0,64,71,1,2,1,0,74.80000000000001,29.5,7,2.5357142857142856,0,2.3,1,27.439999999999998,53.32128514056226,1
28,98,2,1,1,1,1,21,2,6,1,62,53,0,2,3,0,84.0,31.0,-9,1.8928571428571428,1,1.6,2,27.439999999999998,44.6987951807229,1
28,98,2,1,1,1,1,29,0,13,0,61,96,0,2,0,0,73.60000000000001,34.5,35,3.4285714285714284,1,2.3,2,27.439999999999998,70.93975903614458,1
28,98,2,1,1,1,1,19,1,0,1,79,79,1,1,1,0,90.80000000000001,28.0,0,2.8214285714285716,2,2.0,2,27.439999999999998,72.02008032128515,1
28,98,2,1,1,1,1,25,1,14,1,84,78,1,2,1,0,92.80000000000001,35.0,-6,2.7857142857142856,1,3.4000000000000004,2,27.439999999999998,72.67469879518073,1
28,98,2,1,1,1,1,21,2,8,1,55,94,1,0,0,0,81.2,32.0,39,3.357142857142857,3,2.8,2,27.439999999999998,76.63453815261045,1
28,98,2,1,1,1,1,21,1,3,0,64,71,1,2,1,0,74.80000000000001,29.5,7,2.5357142857142856,1,2.3,2,27.439999999999998,53.32128514056226,1
34,63,2,1,1,1,1,28,2,6,1,63,60,0,2,2,0,70.4,37.0,-3,1.7647058823529411,1,1.6,2,21.42,42.409638554216876,1
18,76,2,0,1,1,1,23,3,6,1,88,65,1,2,2,0,75.60000000000001,21.0,-23,3.611111111111111,1,2.6,2,13.68,49.337349397590366,1
18,76,2,0,1,1,1,20,0,1,1,65,40,1,1,3,0,66.4,18.5,-25,2.2222222222222223,2,2.1,2,13.68,26.66666666666667,1
18,76,2,1,2,1,1,23,3,6,1,88,65,1,2,2,0,85.60000000000001,21.0,-23,3.611111111111111,2,2.6,4,13.68,55.86345381526105,1
18,76,2,1,2,1,1,20,0,1,1,65,40,1,1,3,0,76.4,18.5,-25,2.2222222222222223,3,2.1,4,13.68,30.682730923694784,1
29,73,1,0,1,1,0,18,1,2,1,71,42,0,1,3,0,67.60000000000001,30.0,-29,1.4482758620689655,1,1.2,1,21.169999999999998,28.50602409638555,1
29,73,0,1,1,1,0,18,1,2,1,71,42,0,1,3,0,77.60000000000001,30.0,-29,1.4482758620689655,0,1.2,0,21.169999999999998,32.72289156626507,1
17,96,1,1,1,1,1,22,2,17,0,82,44,1,1,3,0,81.20000000000002,25.5,-38,2.588235294117647,1,3.7,1,16.32,35.87148594377511,1
17,96,2,1,1,1,1,22,2,17,0,82,44,1,1,3,0,81.20000000000002,25.5,-38,2.588235294117647,2,3.7,2,16.32,35.87148594377511,1
17,96,1,1,0,1,1,22,2,17,0,82,44,1,1,3,0,81.20000000000002,25.5,-38,2.588235294117647,0,3.7,0,16.32,35.87148594377511,1
17,96,1,0,0,1,1,22,2,17,0,82,44,1,1,3,0,71.20000000000002,25.5,-38,2.588235294117647,0,3.7,0,16.32,31.453815261044188,1
20,96,1,0,1,1,1,22,0,2,1,67,66,1,0,2,0,75.2,21.0,-1,3.3,2,2.2,1,19.2,49.83132530120482,1
20,96,1,0,1,1,1,29,2,20,1,64,48,0,0,3,0,74.0,30.0,-16,2.4,2,3.0,1,19.2,35.66265060240964,1
20,96,2,0,0,1,1,22,0,2,1,67,66,1,0,2,0,75.2,21.0,-1,3.3,2,2.2,0,19.2,49.83132530120482,1
20,96,2,0,0,1,1,29,2,20,1,64,48,0,0,3,0,74.0,30.0,-16,2.4,2,3.0,0,19.2,35.66265060240964,1
20,96,2,0,1,1,1,22,0,2,1,67,66,1,0,2,0,75.2,21.0,-1,3.3,3,2.2,2,19.2,49.83132530120482,1
20,96,2,0,1,1,1,29,2,20,1,64,48,0,0,3,0,74.0,30.0,-16,2.4,3,3.0,2,19.2,35.66265060240964,1
29,76,1,0,0,1,1,26,2,10,0,71,44,0,2,3,0,58.800000000000004,34.0,-27,1.5172413793103448,-1,2.0,0,22.04,25.975903614457838,1
29,76,0,1,1,1,1,26,2,10,0,71,44,0,2,3,0,68.80000000000001,34.0,-27,1.5172413793103448,-1,2.0,0,22.04,30.393574297188763,1
29,76,2,1,1,1,1,26,2,10,0,71,44,0,2,3,0,68.80000000000001,34.0,-27,1.5172413793103448,1,2.0,2,22.04,30.393574297188763,1
20,79,0,1,0,1,1,23,3,13,1,77,74,1,2,1,0,82.4,26.5,-3,3.7,-2,3.3,0,15.8,61.220883534136554,1
20,79,0,1,0,1,1,25,3,5,1,90,81,1,1,1,0,87.6,22.5,-9,4.05,-1,2.5,0,15.8,71.24096385542168,1
20,79,2,1,0,1,1,23,3,13,1,77,74,1,2,1,0,82.4,26.5,-3,3.7,0,3.3,0,15.8,61.220883534136554,1
20,79,2,1,0,1,1,25,3,5,1,90,81,1,1,1,0,87.6,22.5,-9,4.05,1,2.5,0,15.8,71.24096385542168,1
20,79,1,1,1,1,1,23,3,13,1,77,74,1,2,1,0,82.4,26.5,-3,3.7,0,3.3,1,15.8,61.220883534136554,1
20,79,1,1,1,1,1,25,3,5,1,90,81,1,1,1,0,87.6,22.5,-9,4.05,1,2.5,1,15.8,71.24096385542168,1
20,79,1,0,1,1,1,23,3,13,1,77,74,1,2,1,0,72.4,26.5,-3,3.7,0,3.3,1,15.8,53.79116465863454,1
20,79,1,0,1,1,1,25,3,5,1,90,81,1,1,1,0,77.6,22.5,-9,4.05,1,2.5,1,15.8,63.10843373493976,1
24,65,1,0,0,1,0,23,0,17,0,88,95,1,2,0,0,61.2,32.5,7,3.9583333333333335,-1,3.7,0,15.600000000000001,58.37349397590362,1
24,65,2,1,1,1,0,23,0,17,0,88,95,1,2,0,0,71.2,32.5,7,3.9583333333333335,1,3.7,2,15.600000000000001,67.9116465863454,1
21,89,1,1,0,1,0,23,0,14,0,79,90,1,2,0,0,77.2,28.0,11,4.285714285714286,-1,3.4000000000000004,0,18.69,69.75903614457832,1
21,89,1,1,0,1,0,18,1,4,1,51,54,1,0,3,0,76.0,23.0,3,2.5714285714285716,1,2.4,0,18.69,41.204819277108435,1
21,89,1,1,0,1,0,25,3,6,0,100,90,1,2,0,0,85.6,24.0,-10,4.285714285714286,-1,2.6,0,18.69,77.34939759036145,1
21,89,1,0,1,1,0,23,0,14,0,79,90,1,2,0,0,67.2,28.0,11,4.285714285714286,0,3.4000000000000004,1,18.69,60.72289156626507,1
21,89,1,0,1,1,0,18,1,4,1,51,54,1,0,3,0,66.0,23.0,3,2.5714285714285716,2,2.4,1,18.69,35.78313253012048,1
21,89,1,0,1,1,0,25,3,6,0,100,90,1,2,0,0,75.6,24.0,-10,4.285714285714286,0,2.6,1,18.69,68.3132530120482,1
21,89,0,1,1,1,0,23,0,14,0,79,90,1,2,0,0,77.2,28.0,11,4.285714285714286,-1,3.4000000000000004,0,18.69,69.75903614457832,1
21,89,0,1,1,1,0,18,1,4,1,51,54,1,0,3,0,76.0,23.0,3,2.5714285714285716,1,2.4,0,18.69,41.204819277108435,1
21,89,0,1,1,1,0,25,3,6,0,100,90,1,2,0,0,85.6,24.0,-10,4.285714285714286,-1,2.6,0,18.69,77.34939759036145,1
21,89,1,1,2,1,0,23,0,14,0,79,90,1,2,0,0,77.2,28.0,11,4.285714285714286,1,3.4000000000000004,2,18.69,69.75903614457832,1
21,89,1,1,2,1,0,18,1,4,1,51,54,1,0,3,0,76.0,23.0,3,2.5714285714285716,3,2.4,2,18.69,41.204819277108435,1
21,89,1,1,2,1,0,25,3,6,0,100,90,1,2,0,0,85.6,24.0,-10,4.285714285714286,1,2.6,2,18.69,77.34939759036145,1
22,61,0,1,2,1,1,28,2,19,0,83,94,1,1,0,0,67.60000000000001,31.5,11,4.2727272727272725,1,3.9000000000000004,0,13.42,63.7991967871486,1
22,61,0,1,2,1,1,18,3,7,1,53,79,1,2,1,0,65.60000000000001,25.5,26,3.590909090909091,0,2.7,0,13.42,52.03212851405623,1
22,61,0,1,2,1,1,20,1,11,1,78,91,1,2,0,0,75.60000000000001,27.5,13,4.136363636363637,0,3.1,0,13.42,69.07228915662651,1
22,61,0,1,2,1,1,28,2,10,1,66,41,1,1,3,0,70.80000000000001,27.0,-25,1.8636363636363635,1,3.0,0,13.42,29.14457831325302,1
22,61,1,1,2,1,1,28,2,19,0,83,94,1,1,0,0,67.60000000000001,31.5,11,4.2727272727272725,2,3.9000000000000004,2,13.42,63.7991967871486,1
22,61,1,1,2,1,1,18,3,7,1,53,79,1,2,1,0,65.60000000000001,25.5,26,3.590909090909091,1,2.7,2,13.42,52.03212851405623,1
22,61,1,1,2,1,1,20,1,11,1,78,91,1,2,0,0,75.60000000000001,27.5,13,4.136363636363637,1,3.1,2,13.42,69.07228915662651,1
22,61,1,1,2,1,1,28,2,10,1,66,41,1,1,3,0,70.80000000000001,27.0,-25,1.8636363636363635,2,3.0,2,13.42,29.14457831325302,1
22,61,1,0,0,1,1,28,2,19,0,83,94,1,1,0,0,57.60000000000001,31.5,11,4.2727272727272725,0,3.9000000000000004,0,13.42,54.36144578313254,1
22,61,1,0,0,1,1,18,3,7,1,53,79,1,2,1,0,55.60000000000001,25.5,26,3.590909090909091,-1,2.7,0,13.42,44.10040160642571,1
22,61,1,0,0,1,1,20,1,11,1,78,91,1,2,0,0,65.60000000000001,27.5,13,4.136363636363637,-1,3.1,0,13.42,59.93574297188756,1
22,61,1,0,0,1,1,28,2,10,1,66,41,1,1,3,0,60.800000000000004,27.0,-25,1.8636363636363635,0,3.0,0,13.42,25.0281124497992,1
22,61,0,1,1,1,1,28,2,19,0,83,94,1,1,0,0,67.60000000000001,31.5,11,4.2727272727272725,0,3.9000000000000004,0,13.42,63.7991967871486,1
22,61,0,1,1,1,1,18,3,7,1,53,79,1,2,1,0,65.60000000000001,25.5,26,3.590909090909091,-1,2.7,0,13.42,52.03212851405623,1
22,61,0,1,1,1,1,20,1,11,1,78,91,1,2,0,0,75.60000000000001,27.5,13,4.136363636363637,-1,3.1,0,13.42,69.07228915662651,1
22,61,0,1,1,1,1,28,2,10,1,66,41,1,1,3,0,70.80000000000001,27.0,-25,1.8636363636363635,0,3.0,0,13.42,29.14457831325302,1
22,61,2,0,2,1,1,28,2,19,0,83,94,1,1,0,0,57.60000000000001,31.5,11,4.2727272727272725,3,3.9000000000000004,4,13.42,54.36144578313254,1
22,61,2,0,2,1,1,18,3,7,1,53,79,1,2,1,0,55.60000000000001,25.5,26,3.590909090909091,2,2.7,4,13.42,44.10040160642571,1
22,61,2,0,2,1,1,20,1,11,1,78,91,1,2,0,0,65.60000000000001,27.5,13,4.136363636363637,2,3.1,4,13.42,59.93574297188756,1
22,61,2,0,2,1,1,28,2,10,1,66,41,1,1,3,0,60.800000000000004,27.0,-25,1.8636363636363635,3,3.0,4,13.42,25.0281124497992,1
35,64,1,1,1,1,1,20,1,20,0,56,43,0,2,3,0,58.0,45.0,-13,1.2285714285714286,0,3.0,1,22.400000000000002,25.04016064257028,1
35,64,1,1,1,1,1,19,3,1,0,59,95,1,2,0,0,59.2,35.5,36,2.7142857142857144,0,2.1,1,22.400000000000002,56.46586345381527,1
35,64,0,0,2,1,1,20,1,20,0,56,43,0,2,3,0,48.0,45.0,-13,1.2285714285714286,0,3.0,0,22.400000000000002,20.722891566265062,1
35,64,0,0,2,1,1,19,3,1,0,59,95,1,2,0,0,49.2,35.5,36,2.7142857142857144,0,2.1,0,22.400000000000002,46.9277108433735,1
27,88,1,0,1,1,1,19,2,11,1,79,56,1,2,2,0,76.80000000000001,32.5,-23,2.074074074074074,0,3.1,1,23.76,43.180722891566276,1
27,88,1,0,1,1,1,19,3,2,0,70,44,0,1,3,0,63.2,28.0,-26,1.6296296296296295,1,1.2,1,23.76,27.919678714859444,1
27,88,2,1,1,1,1,19,2,11,1,79,56,1,2,2,0,86.80000000000001,32.5,-23,2.074074074074074,1,3.1,2,23.76,48.80321285140563,1
27,88,2,1,1,1,1,19,3,2,0,70,44,0,1,3,0,73.2,28.0,-26,1.6296296296296295,2,1.2,2,23.76,32.337349397590366,1
29,80,2,1,1,1,0,26,1,6,0,100,44,1,0,3,0,82.0,32.0,-56,1.5172413793103448,3,2.6,2,23.200000000000003,36.22489959839358,1
29,80,1,1,1,1,0,26,1,6,0,100,44,1,0,3,0,82.0,32.0,-56,1.5172413793103448,2,2.6,1,23.200000000000003,36.22489959839358,1
29,80,0,1,1,1,0,26,1,6,0,100,44,1,0,3,0,82.0,32.0,-56,1.5172413793103448,1,2.6,0,23.200000000000003,36.22489959839358,1
23,78,1,1,0,1,1,23,0,4,0,67,84,1,1,1,0,68.0,25.0,17,3.652173913043478,0,2.4,0,17.94,57.34939759036145,1
23,78,2,0,1,1,1,23,0,4,0,67,84,1,1,1,0,58.0,25.0,17,3.652173913043478,2,2.4,2,17.94,48.915662650602414,1
23,78,0,1,1,1,1,23,0,4,0,67,84,1,1,1,0,68.0,25.0,17,3.652173913043478,0,2.4,0,17.94,57.34939759036145,1
23,78,1,0,2,1,1,23,0,4,0,67,84,1,1,1,0,58.0,25.0,17,3.652173913043478,2,2.4,2,17.94,48.915662650602414,1
23,78,1,0,1,1,1,23,0,4,0,67,84,1,1,1,0,58.0,25.0,17,3.652173913043478,1,2.4,1,17.94,48.915662650602414,1
23,78,1,1,1,1,1,23,0,4,0,67,84,1,1,1,0,68.0,25.0,17,3.652173913043478,1,2.4,1,17.94,57.34939759036145,1
23,78,2,1,1,1,1,23,0,4,0,67,84,1,1,1,0,68.0,25.0,17,3.652173913043478,2,2.4,2,17.94,57.34939759036145,1
17,68,1,1,2,1,1,27,0,1,1,69,45,1,2,3,0,74.80000000000001,17.5,-24,2.6470588235294117,1,2.1,2,11.56,33.79518072289157,1
17,68,2,0,1,1,1,27,0,1,1,69,45,1,2,3,0,64.80000000000001,17.5,-24,2.6470588235294117,1,2.1,2,11.56,29.277108433734945,1
17,68,2,1,1,1,1,27,0,1,1,69,45,1,2,3,0,74.80000000000001,17.5,-24,2.6470588235294117,1,2.1,2,11.56,33.79518072289157,1
17,68,0,1,1,1,1,27,0,1,1,69,45,1,2,3,0,74.80000000000001,17.5,-24,2.6470588235294117,-1,2.1,0,11.56,33.79518072289157,1
17,68,1,0,1,1,1,27,0,1,1,69,45,1,2,3,0,64.80000000000001,17.5,-24,2.6470588235294117,0,2.1,1,11.56,29.277108433734945,1
17,68,2,1,2,1,1,27,0,1,1,69,45,1,2,3,0,74.80000000000001,17.5,-24,2.6470588235294117,2,2.1,4,11.56,33.79518072289157,1
29,70,2,0,0,1,1,18,0,19,0,99,68,0,2,2,0,67.6,38.5,-31,2.3448275862068964,0,2.9000000000000004,0,20.299999999999997,46.15261044176707,1
29,70,0,1,0,1,1,18,0,19,0,99,68,0,2,2,0,77.6,38.5,-31,2.3448275862068964,-2,2.9000000000000004,0,20.299999999999997,52.979919678714865,1
29,70,0,0,2,1,1,18,0,19,0,99,68,0,2,2,0,67.6,38.5,-31,2.3448275862068964,0,2.9000000000000004,0,20.299999999999997,46.15261044176707,1
29,70,1,1,0,1,1,18,0,19,0,99,68,0,2,2,0,77.6,38.5,-31,2.3448275862068964,-1,2.9000000000000004,0,20.299999999999997,52.979919678714865,1
16,91,1,1,1,1,0,25,3,15,1,92,56,1,0,2,0,93.2,23.5,-36,3.5,2,3.5,1,14.56,52.401606425702816,1
16,91,1,1,1,1,0,27,0,11,1,100,57,1,1,2,0,96.4,21.5,-43,3.5625,1,3.1,1,14.56,55.168674698795186,1
16,91,1,1,2,1,0,25,3,15,1,92,56,1,0,2,0,93.2,23.5,-36,3.5,3,3.5,2,14.56,52.401606425702816,1
16,91,1,1,2,1,0,27,0,11,1,100,57,1,1,2,0,96.4,21.5,-43,3.5625,2,3.1,2,14.56,55.168674698795186,1
18,73,1,1,0,1,1,29,2,12,1,53,64,0,2,2,0,70.4,24.0,11,3.5555555555555554,-1,2.2,0,13.14,45.23694779116467,1
18,73,1,1,0,1,1,25,1,5,1,80,62,0,2,2,0,81.2,20.5,-18,3.4444444444444446,-1,1.5,0,13.14,50.54618473895582,1
18,73,1,1,0,1,1,18,0,3,0,52,65,1,2,2,0,60.0,19.5,13,3.611111111111111,-1,2.3,0,13.14,39.1566265060241,1
18,73,2,1,0,1,1,29,2,12,1,53,64,0,2,2,0,70.4,24.0,11,3.5555555555555554,0,2.2,0,13.14,45.23694779116467,1
18,73,2,1,0,1,1,25,1,5,1,80,62,0,2,2,0,81.2,20.5,-18,3.4444444444444446,0,1.5,0,13.14,50.54618473895582,1
18,73,2,1,0,1,1,18,0,3,0,52,65,1,2,2,0,60.0,19.5,13,3.611111111111111,0,2.3,0,13.14,39.1566265060241,1
22,70,2,1,1,1,1,27,3,17,0,66,83,1,2,1,0,64.4,30.5,17,3.772727272727273,1,3.7,2,15.399999999999999,53.66666666666667,1
22,70,2,1,1,1,1,18,1,2,1,86,47,1,0,3,0,82.4,23.0,-39,2.1363636363636362,3,2.2,2,15.399999999999999,38.88353413654619,1
22,70,2,1,2,1,1,27,3,17,0,66,83,1,2,1,0,64.4,30.5,17,3.772727272727273,2,3.7,4,15.399999999999999,53.66666666666667,1
22,70,2,1,2,1,1,18,1,2,1,86,47,1,0,3,0,82.4,23.0,-39,2.1363636363636362,4,2.2,4,15.399999999999999,38.88353413654619,1
22,70,2,1,0,1,1,27,3,17,0,66,83,1,2,1,0,64.4,30.5,17,3.772727272727273,0,3.7,0,15.399999999999999,53.66666666666667,1
22,70,2,1,0,1,1,18,1,2,1,86,47,1,0,3,0,82.4,23.0,-39,2.1363636363636362,2,2.2,0,15.399999999999999,38.88353413654619,1
22,70,1,1,2,1,1,27,3,17,0,66,83,1,2,1,0,64.4,30.5,17,3.772727272727273,1,3.7,2,15.399999999999999,53.66666666666667,1
22,70,1,1,2,1,1,18,1,2,1,86,47,1,0,3,0,82.4,23.0,-39,2.1363636363636362,3,2.2,2,15.399999999999999,38.88353413654619,1
22,70,0,0,1,1,1,27,3,17,0,66,83,1,2,1,0,54.400000000000006,30.5,17,3.772727272727273,-1,3.7,0,15.399999999999999,45.33333333333334,1
22,70,0,0,1,1,1,18,1,2,1,86,47,1,0,3,0,72.4,23.0,-39,2.1363636363636362,1,2.2,0,15.399999999999999,34.164658634538156,1
22,70,0,0,0,1,1,27,3,17,0,66,83,1,2,1,0,54.400000000000006,30.5,17,3.772727272727273,-2,3.7,0,15.399999999999999,45.33333333333334,1
22,70,0,0,0,1,1,18,1,2,1,86,47,1,0,3,0,72.4,23.0,-39,2.1363636363636362,0,2.2,0,15.399999999999999,34.164658634538156,1
22,70,2,0,0,1,1,27,3,17,0,66,83,1,2,1,0,54.400000000000006,30.5,17,3.772727272727273,0,3.7,0,15.399999999999999,45.33333333333334,1
22,70,2,0,0,1,1,18,1,2,1,86,47,1,0,3,0,72.4,23.0,-39,2.1363636363636362,2,2.2,0,15.399999999999999,34.164658634538156,1
22,70,0,1,0,1,1,27,3,17,0,66,83,1,2,1,0,64.4,30.5,17,3.772727272727273,-2,3.7,0,15.399999999999999,53.66666666666667,1
22,70,0,1,0,1,1,18,1,2,1,86,47,1,0,3,0,82.4,23.0,-39,2.1363636363636362,0,2.2,0,15.399999999999999,38.88353413654619,1
22,70,1,0,1,1,1,27,3,17,0,66,83,1,2,1,0,54.400000000000006,30.5,17,3.772727272727273,0,3.7,1,15.399999999999999,45.33333333333334,1
22,70,1,0,1,1,1,18,1,2,1,86,47,1,0,3,0,72.4,23.0,-39,2.1363636363636362,2,2.2,1,15.399999999999999,34.164658634538156,1
22,67,1,0,0,1,1,23,2,16,1,79,53,0,2,3,0,68.4,30.0,-26,2.409090909090909,-1,2.6,0,14.74,36.397590361445786,1
22,67,1,0,0,1,1,18,3,19,0,62,56,1,2,2,0,51.6,31.5,-6,2.5454545454545454,-1,3.9000000000000004,0,14.74,29.012048192771083,1
22,67,2,1,1,1,1,23,2,16,1,79,53,0,2,3,0,78.4,30.0,-26,2.409090909090909,1,2.6,2,14.74,41.71887550200804,1
22,67,2,1,1,1,1,18,3,19,0,62,56,1,2,2,0,61.6,31.5,-6,2.5454545454545454,1,3.9000000000000004,2,14.74,34.634538152610446,1
22,67,1,1,2,1,1,23,2,16,1,79,53,0,2,3,0,78.4,30.0,-26,2.409090909090909,1,2.6,2,14.74,41.71887550200804,1
22,67,1,1,2,1,1,18,3,19,0,62,56,1,2,2,0,61.6,31.5,-6,2.5454545454545454,1,3.9000000000000004,2,14.74,34.634538152610446,1
22,67,2,0,1,1,1,23,2,16,1,79,53,0,2,3,0,68.4,30.0,-26,2.409090909090909,1,2.6,2,14.74,36.397590361445786,1
22,67,2,0,1,1,1,18,3,19,0,62,56,1,2,2,0,51.6,31.5,-6,2.5454545454545454,1,3.9000000000000004,2,14.74,29.012048192771083,1
22,67,1,1,0,1,1,23,2,16,1,79,53,0,2,3,0,78.4,30.0,-26,2.409090909090909,-1,2.6,0,14.74,41.71887550200804,1
22,67,1,1,0,1,1,18,3,19,0,62,56,1,2,2,0,61.6,31.5,-6,2.5454545454545454,-1,3.9000000000000004,0,14.74,34.634538152610446,1
22,67,1,1,1,1,1,23,2,16,1,79,53,0,2,3,0,78.4,30.0,-26,2.409090909090909,0,2.6,1,14.74,41.71887550200804,1
22,67,1,1,1,1,1,18,3,19,0,62,56,1,2,2,0,61.6,31.5,-6,2.5454545454545454,0,3.9000000000000004,1,14.74,34.634538152610446,1
22,67,2,1,2,1,1,23,2,16,1,79,53,0,2,3,0,78.4,30.0,-26,2.409090909090909,2,2.6,4,14.74,41.71887550200804,1
22,67,2,1,2,1,1,18,3,19,0,62,56,1,2,2,0,61.6,31.5,-6,2.5454545454545454,2,3.9000000000000004,4,14.74,34.634538152610446,1
22,67,2,0,2,1,1,23,2,16,1,79,53,0,2,3,0,68.4,30.0,-26,2.409090909090909,2,2.6,4,14.74,36.397590361445786,1
22,67,2,0,2,1,1,18,3,19,0,62,56,1,2,2,0,51.6,31.5,-6,2.5454545454545454,2,3.9000000000000004,4,14.74,29.012048192771083,1
32,65,0,1,0,1,0,22,0,4,0,97,74,1,2,1,1,74.80000000000001,34.0,-23,2.3125,-2,2.4,0,20.8,55.57429718875503,1
32,65,0,1,0,1,0,19,1,17,1,61,90,1,2,0,0,70.4,40.5,29,2.8125,-2,3.7,0,20.8,63.61445783132531,1
32,65,1,0,1,1,0,22,0,4,0,97,74,1,2,1,1,64.80000000000001,34.0,-23,2.3125,0,2.4,1,20.8,48.14457831325302,1
32,65,1,0,1,1,0,19,1,17,1,61,90,1,2,0,0,60.400000000000006,40.5,29,2.8125,0,3.7,1,20.8,54.578313253012055,1
16,85,1,0,2,1,1,21,1,14,1,68,42,1,2,3,0,71.2,23.0,-26,2.625,1,3.4000000000000004,2,13.6,30.024096385542173,1
16,85,1,0,2,1,1,25,1,7,1,100,42,1,0,3,0,84.0,19.5,-58,2.625,3,2.7,2,13.6,35.42168674698795,1
16,85,2,1,2,1,1,21,1,14,1,68,42,1,2,3,0,81.2,23.0,-26,2.625,2,3.4000000000000004,4,13.6,34.24096385542169,1
16,85,2,1,2,1,1,25,1,7,1,100,42,1,0,3,0,94.0,19.5,-58,2.625,4,2.7,4,13.6,39.638554216867476,1
16,85,0,0,0,1,1,21,1,14,1,68,42,1,2,3,0,71.2,23.0,-26,2.625,-2,3.4000000000000004,0,13.6,30.024096385542173,1
16,85,0,0,0,1,1,25,1,7,1,100,42,1,0,3,0,84.0,19.5,-58,2.625,0,2.7,0,13.6,35.42168674698795,1
16,85,0,1,0,1,1,21,1,14,1,68,42,1,2,3,0,81.2,23.0,-26,2.625,-2,3.4000000000000004,0,13.6,34.24096385542169,1
16,85,0,1,0,1,1,25,1,7,1,100,42,1,0,3,0,94.0,19.5,-58,2.625,0,2.7,0,13.6,39.638554216867476,1
31,62,1,0,1,1,0,21,2,20,0,56,45,1,2,3,0,47.2,41.0,-11,1.4516129032258065,0,4.0,1,19.22,21.32530120481928,1
31,62,1,1,1,1,0,21,2,20,0,56,45,1,2,3,0,57.2,41.0,-11,1.4516129032258065,0,4.0,1,19.22,25.843373493975903,1
21,71,0,0,1,1,1,24,0,13,1,59,74,1,2,1,0,62.0,27.5,15,3.5238095238095237,-1,3.3,0,14.91,46.06425702811246,1
21,71,0,0,1,1,1,24,3,6,1,92,97,1,0,0,0,75.2,24.0,5,4.619047619047619,1,2.6,0,14.91,73.23694779116467,1
21,71,1,1,0,1,1,24,0,13,1,59,74,1,2,1,0,72.0,27.5,15,3.5238095238095237,-1,3.3,0,14.91,53.493975903614455,1
21,71,1,1,0,1,1,24,3,6,1,92,97,1,0,0,0,85.2,24.0,5,4.619047619047619,1,2.6,0,14.91,82.97590361445783,1
21,71,1,0,2,1,1,24,0,13,1,59,74,1,2,1,0,62.0,27.5,15,3.5238095238095237,1,3.3,2,14.91,46.06425702811246,1
21,71,1,0,2,1,1,24,3,6,1,92,97,1,0,0,0,75.2,24.0,5,4.619047619047619,3,2.6,2,14.91,73.23694779116467,1
21,71,1,0,0,1,1,24,0,13,1,59,74,1,2,1,0,62.0,27.5,15,3.5238095238095237,-1,3.3,0,14.91,46.06425702811246,1
21,71,1,0,0,1,1,24,3,6,1,92,97,1,0,0,0,75.2,24.0,5,4.619047619047619,1,2.6,0,14.91,73.23694779116467,1
21,71,1,1,1,1,1,24,0,13,1,59,74,1,2,1,0,72.0,27.5,15,3.5238095238095237,0,3.3,1,14.91,53.493975903614455,1
21,71,1,1,1,1,1,24,3,6,1,92,97,1,0,0,0,85.2,24.0,5,4.619047619047619,2,2.6,1,14.91,82.97590361445783,1
35,72,2,1,1,1,1,25,1,10,1,92,85,1,2,0,0,85.60000000000001,40.0,-7,2.4285714285714284,1,3.0,2,25.2,73.05220883534137,1
35,72,2,1,1,1,1,20,2,4,1,71,54,1,2,3,0,77.2,37.0,-17,1.542857142857143,1,2.4,2,25.2,41.85542168674699,1
17,81,2,0,1,1,1,29,3,2,1,71,52,1,2,3,0,70.8,18.0,-19,3.0588235294117645,1,2.2,2,13.770000000000001,36.963855421686745,1
17,81,0,1,0,1,1,29,3,2,1,71,52,1,2,3,0,80.8,18.0,-19,3.0588235294117645,-2,2.2,0,13.770000000000001,42.18473895582329,1
17,81,1,1,1,1,1,29,3,2,1,71,52,1,2,3,0,80.8,18.0,-19,3.0588235294117645,0,2.2,1,13.770000000000001,42.18473895582329,1
17,81,1,1,0,1,1,29,3,2,1,71,52,1,2,3,0,80.8,18.0,-19,3.0588235294117645,-1,2.2,0,13.770000000000001,42.18473895582329,1
17,81,1,0,1,1,1,29,3,2,1,71,52,1,2,3,0,70.8,18.0,-19,3.0588235294117645,0,2.2,1,13.770000000000001,36.963855421686745,1
17,81,0,1,2,1,1,29,3,2,1,71,52,1,2,3,0,80.8,18.0,-19,3.0588235294117645,0,2.2,0,13.770000000000001,42.18473895582329,1
17,81,1,0,2,1,1,29,3,2,1,71,52,1,2,3,0,70.8,18.0,-19,3.0588235294117645,1,2.2,2,13.770000000000001,36.963855421686745,1
17,87,0,1,1,1,1,20,1,1,1,63,48,1,0,3,0,80.0,17.5,-15,2.823529411764706,1,2.1,0,14.79,38.554216867469876,1
17,87,2,1,1,1,1,20,1,1,1,63,48,1,0,3,0,80.0,17.5,-15,2.823529411764706,3,2.1,2,14.79,38.554216867469876,1
17,87,1,0,0,1,1,20,1,1,1,63,48,1,0,3,0,70.0,17.5,-15,2.823529411764706,1,2.1,0,14.79,33.73493975903615,1
17,87,1,0,1,1,1,20,1,1,1,63,48,1,0,3,0,70.0,17.5,-15,2.823529411764706,2,2.1,1,14.79,33.73493975903615,1
17,87,2,1,2,1,1,20,1,1,1,63,48,1,0,3,0,80.0,17.5,-15,2.823529411764706,4,2.1,4,14.79,38.554216867469876,1
17,87,2,0,1,1,1,20,1,1,1,63,48,1,0,3,0,70.0,17.5,-15,2.823529411764706,3,2.1,2,14.79,33.73493975903615,1
24,89,0,1,0,1,1,23,2,15,0,61,71,1,1,1,0,70.0,31.5,10,2.9583333333333335,-1,3.5,0,21.36,49.8995983935743,1
24,89,2,1,1,1,1,23,2,15,0,61,71,1,1,1,0,70.0,31.5,10,2.9583333333333335,2,3.5,2,21.36,49.8995983935743,1
24,89,0,1,1,1,1,23,2,15,0,61,71,1,1,1,0,70.0,31.5,10,2.9583333333333335,0,3.5,0,21.36,49.8995983935743,1
24,89,0,0,2,1,1,23,2,15,0,61,71,1,1,1,0,60.0,31.5,10,2.9583333333333335,1,3.5,0,21.36,42.7710843373494,1
31,73,1,1,1,1,1,19,0,13,1,87,97,0,2,0,0,84.0,37.5,10,3.129032258064516,0,2.3,1,22.63,81.80722891566266,1
24,72,0,1,1,1,1,18,2,5,1,67,64,1,0,2,0,75.6,26.5,-3,2.6666666666666665,1,2.5,0,17.28,48.57831325301205,1
24,72,1,1,1,1,1,18,2,5,1,67,64,1,0,2,0,75.6,26.5,-3,2.6666666666666665,2,2.5,1,17.28,48.57831325301205,1
24,72,1,1,2,1,1,18,2,5,1,67,64,1,0,2,0,75.6,26.5,-3,2.6666666666666665,3,2.5,2,17.28,48.57831325301205,1
24,72,2,1,0,1,1,18,2,5,1,67,64,1,0,2,0,75.6,26.5,-3,2.6666666666666665,2,2.5,0,17.28,48.57831325301205,1
18,82,1,0,0,1,0,25,2,19,1,75,42,1,2,3,0,72.80000000000001,27.5,-33,2.3333333333333335,-1,3.9000000000000004,0,14.76,30.6987951807229,1
18,82,1,0,1,1,0,25,2,19,1,75,42,1,2,3,0,72.80000000000001,27.5,-33,2.3333333333333335,0,3.9000000000000004,1,14.76,30.6987951807229,1
18,82,0,0,0,1,0,25,2,19,1,75,42,1,2,3,0,72.80000000000001,27.5,-33,2.3333333333333335,-2,3.9000000000000004,0,14.76,30.6987951807229,1
18,82,1,1,2,1,0,25,2,19,1,75,42,1,2,3,0,82.80000000000001,27.5,-33,2.3333333333333335,1,3.9000000000000004,2,14.76,34.915662650602414,1
24,61,1,0,2,1,1,20,3,14,0,80,74,1,0,1,0,56.400000000000006,31.0,-6,3.0833333333333335,3,3.4000000000000004,2,14.64,41.90361445783133,1
24,61,1,0,2,1,1,22,1,10,0,79,47,0,2,3,0,56.0,29.0,-32,1.9583333333333333,1,2.0,2,14.64,26.425702811244978,1
24,61,1,0,2,1,1,28,1,17,1,92,90,1,1,0,0,71.2,32.5,-2,3.75,2,3.7,2,14.64,64.33734939759037,1
24,61,1,0,1,1,1,20,3,14,0,80,74,1,0,1,0,56.400000000000006,31.0,-6,3.0833333333333335,2,3.4000000000000004,1,14.64,41.90361445783133,1
24,61,1,0,1,1,1,22,1,10,0,79,47,0,2,3,0,56.0,29.0,-32,1.9583333333333333,0,2.0,1,14.64,26.425702811244978,1
24,61,1,0,1,1,1,28,1,17,1,92,90,1,1,0,0,71.2,32.5,-2,3.75,1,3.7,1,14.64,64.33734939759037,1
27,63,1,1,1,1,0,18,2,11,1,85,56,1,1,2,0,79.2,32.5,-29,2.074074074074074,1,3.1,1,17.01,44.53012048192772,1
27,63,2,1,1,1,0,18,2,11,1,85,56,1,1,2,0,79.2,32.5,-29,2.074074074074074,2,3.1,2,17.01,44.53012048192772,1
27,63,2,0,0,1,0,18,2,11,1,85,56,1,1,2,0,69.2,32.5,-29,2.074074074074074,1,3.1,0,17.01,38.90763052208836,1
27,63,1,1,0,1,0,18,2,11,1,85,56,1,1,2,0,79.2,32.5,-29,2.074074074074074,0,3.1,0,17.01,44.53012048192772,1
26,89,0,1,0,1,0,19,1,0,1,67,74,0,2,1,0,82.4,26.0,7,2.8461538461538463,-2,1.0,0,23.14,61.220883534136554,1
26,89,0,1,0,1,0,26,1,0,1,80,62,0,2,2,0,87.6,26.0,-18,2.3846153846153846,-2,1.0,0,23.14,54.53012048192771,1
26,89,0,1,0,1,0,29,3,10,1,76,75,1,0,1,0,86.0,31.0,-1,2.8846153846153846,0,3.0,0,23.14,64.75903614457832,1
26,89,1,0,2,1,0,19,1,0,1,67,74,0,2,1,0,72.4,26.0,7,2.8461538461538463,1,1.0,2,23.14,53.79116465863454,1
26,89,1,0,2,1,0,26,1,0,1,80,62,0,2,2,0,77.6,26.0,-18,2.3846153846153846,1,1.0,2,23.14,48.30522088353414,1
26,89,1,0,2,1,0,29,3,10,1,76,75,1,0,1,0,76.0,31.0,-1,2.8846153846153846,3,3.0,2,23.14,57.22891566265061,1
26,89,0,0,0,1,0,19,1,0,1,67,74,0,2,1,0,72.4,26.0,7,2.8461538461538463,-2,1.0,0,23.14,53.79116465863454,1
26,89,0,0,0,1,0,26,1,0,1,80,62,0,2,2,0,77.6,26.0,-18,2.3846153846153846,-2,1.0,0,23.14,48.30522088353414,1
26,89,0,0,0,1,0,29,3,10,1,76,75,1,0,1,0,76.0,31.0,-1,2.8846153846153846,0,3.0,0,23.14,57.22891566265061,1
27,64,0,1,1,1,1,19,2,9,1,53,41,1,1,3,0,66.80000000000001,31.5,-12,1.5185185185185186,0,2.9,0,17.28,27.497991967871492,1
27,64,0,1,1,1,1,18,2,7,1,99,91,0,0,0,1,85.2,30.5,-8,3.3703703703703702,1,1.7000000000000002,0,17.28,77.84337349397592,1
27,64,2,1,2,1,1,19,2,9,1,53,41,1,1,3,0,66.80000000000001,31.5,-12,1.5185185185185186,3,2.9,4,17.28,27.497991967871492,1
27,64,2,1,2,1,1,18,2,7,1,99,91,0,0,0,1,85.2,30.5,-8,3.3703703703703702,4,1.7000000000000002,4,17.28,77.84337349397592,1
27,64,2,0,1,1,1,19,2,9,1,53,41,1,1,3,0,56.800000000000004,31.5,-12,1.5185185185185186,2,2.9,2,17.28,23.381526104417674,1
27,64,2,0,1,1,1,18,2,7,1,99,91,0,0,0,1,75.2,30.5,-8,3.3703703703703702,3,1.7000000000000002,2,17.28,68.70682730923696,1
27,64,1,1,2,1,1,19,2,9,1,53,41,1,1,3,0,66.80000000000001,31.5,-12,1.5185185185185186,2,2.9,2,17.28,27.497991967871492,1
27,64,1,1,2,1,1,18,2,7,1,99,91,0,0,0,1,85.2,30.5,-8,3.3703703703703702,3,1.7000000000000002,2,17.28,77.84337349397592,1
21,93,0,1,1,1,1,18,1,18,1,54,66,1,2,2,0,78.80000000000001,30.0,12,3.142857142857143,-1,3.8,0,19.53,52.21686746987953,1
21,93,0,1,1,1,1,26,0,0,0,95,53,1,2,3,0,85.2,21.0,-42,2.5238095238095237,-1,2.0,0,19.53,45.337349397590366,1
21,93,0,1,0,1,1,18,1,18,1,54,66,1,2,2,0,78.80000000000001,30.0,12,3.142857142857143,-2,3.8,0,19.53,52.21686746987953,1
21,93,0,1,0,1,1,26,0,0,0,95,53,1,2,3,0,85.2,21.0,-42,2.5238095238095237,-2,2.0,0,19.53,45.337349397590366,1
21,93,1,0,1,1,1,18,1,18,1,54,66,1,2,2,0,68.80000000000001,30.0,12,3.142857142857143,0,3.8,1,19.53,45.590361445783145,1
21,93,1,0,1,1,1,26,0,0,0,95,53,1,2,3,0,75.2,21.0,-42,2.5238095238095237,0,2.0,1,19.53,40.01606425702811,1
21,93,2,1,0,1,1,18,1,18,1,54,66,1,2,2,0,78.80000000000001,30.0,12,3.142857142857143,0,3.8,0,19.53,52.21686746987953,1
21,93,2,1,0,1,1,26,0,0,0,95,53,1,2,3,0,85.2,21.0,-42,2.5238095238095237,0,2.0,0,19.53,45.337349397590366,1
21,93,0,0,1,1,1,18,1,18,1,54,66,1,2,2,0,68.80000000000001,30.0,12,3.142857142857143,-1,3.8,0,19.53,45.590361445783145,1
21,93,0,0,1,1,1,26,0,0,0,95,53,1,2,3,0,75.2,21.0,-42,2.5238095238095237,-1,2.0,0,19.53,40.01606425702811,1
20,82,0,1,1,1,1,26,2,18,0,75,64,1,2,2,0,72.80000000000001,29.0,-11,3.2,-1,3.8,0,16.4,46.77911646586347,1
20,82,1,1,0,1,1,26,2,18,0,75,64,1,2,2,0,72.80000000000001,29.0,-11,3.2,-1,3.8,0,16.4,46.77911646586347,1
20,82,2,1,0,1,1,26,2,18,0,75,64,1,2,2,0,72.80000000000001,29.0,-11,3.2,0,3.8,0,16.4,46.77911646586347,1
20,82,1,0,0,1,1,26,2,18,0,75,64,1,2,2,0,62.800000000000004,29.0,-11,3.2,-1,3.8,0,16.4,40.35341365461848,1
20,82,1,0,1,1,1,26,2,18,0,75,64,1,2,2,0,62.800000000000004,29.0,-11,3.2,0,3.8,1,16.4,40.35341365461848,1
28,83,2,0,1,1,1,19,2,17,0,76,86,0,1,0,0,63.60000000000001,36.5,10,3.0714285714285716,2,2.7,2,23.24,54.91566265060242,1
28,83,2,0,1,1,1,26,3,12,1,64,98,1,1,0,0,68.80000000000001,34.0,34,3.5,2,3.2,2,23.24,67.69477911646588,1
28,83,0,0,1,1,1,19,2,17,0,76,86,0,1,0,0,63.60000000000001,36.5,10,3.0714285714285716,0,2.7,0,23.24,54.91566265060242,1
28,83,0,0,1,1,1,26,3,12,1,64,98,1,1,0,0,68.80000000000001,34.0,34,3.5,0,3.2,0,23.24,67.69477911646588,1
28,83,1,1,1,1,1,19,2,17,0,76,86,0,1,0,0,73.60000000000001,36.5,10,3.0714285714285716,1,2.7,1,23.24,63.55020080321286,1
28,83,1,1,1,1,1,26,3,12,1,64,98,1,1,0,0,78.80000000000001,34.0,34,3.5,1,3.2,1,23.24,77.53413654618475,1
24,92,2,1,0,1,1,28,1,20,0,78,49,0,2,3,0,78.0,34.0,-29,2.0416666666666665,0,3.0,0,22.080000000000002,38.37349397590362,1
24,92,2,1,0,1,1,27,3,5,0,97,52,0,0,3,0,85.60000000000001,26.5,-45,2.1666666666666665,2,1.5,0,22.080000000000002,44.690763052208844,1
24,92,2,1,0,1,1,18,3,3,0,81,87,1,2,0,0,79.2,25.5,6,3.625,0,2.3,0,22.080000000000002,69.18072289156628,1
24,92,2,0,2,1,1,28,1,20,0,78,49,0,2,3,0,68.0,34.0,-29,2.0416666666666665,2,3.0,4,22.080000000000002,33.45381526104418,1
24,92,2,0,2,1,1,27,3,5,0,97,52,0,0,3,0,75.60000000000001,26.5,-45,2.1666666666666665,4,1.5,4,22.080000000000002,39.4698795180723,1
24,92,2,0,2,1,1,18,3,3,0,81,87,1,2,0,0,69.2,25.5,6,3.625,2,2.3,4,22.080000000000002,60.44578313253013,1
24,92,2,1,2,1,1,28,1,20,0,78,49,0,2,3,0,78.0,34.0,-29,2.0416666666666665,2,3.0,4,22.080000000000002,38.37349397590362,1
24,92,2,1,2,1,1,27,3,5,0,97,52,0,0,3,0,85.60000000000001,26.5,-45,2.1666666666666665,4,1.5,4,22.080000000000002,44.690763052208844,1
24,92,2,1,2,1,1,18,3,3,0,81,87,1,2,0,0,79.2,25.5,6,3.625,2,2.3,4,22.080000000000002,69.18072289156628,1
24,92,2,1,1,1,1,28,1,20,0,78,49,0,2,3,0,78.0,34.0,-29,2.0416666666666665,1,3.0,2,22.080000000000002,38.37349397590362,1
24,92,2,1,1,1,1,27,3,5,0,97,52,0,0,3,0,85.60000000000001,26.5,-45,2.1666666666666665,3,1.5,2,22.080000000000002,44.690763052208844,1
24,92,2,1,1,1,1,18,3,3,0,81,87,1,2,0,0,79.2,25.5,6,3.625,1,2.3,2,22.080000000000002,69.18072289156628,1
33,64,1,0,1,1,0,20,3,4,1,90,87,1,2,0,0,71.6,35.0,-3,2.6363636363636362,0,2.4,1,21.12,62.54216867469879,1
33,64,1,0,1,1,0,25,2,9,0,77,83,1,1,1,0,56.400000000000006,37.5,6,2.515151515151515,1,2.9,1,21.12,47.00000000000001,1
18,71,0,1,0,1,1,24,0,2,1,63,63,1,1,2,0,73.60000000000001,19.0,0,3.5,-1,2.2,0,12.78,46.55421686746988,1
18,71,2,1,1,1,1,24,0,2,1,63,63,1,1,2,0,73.60000000000001,19.0,0,3.5,2,2.2,2,12.78,46.55421686746988,1
18,71,1,1,1,1,1,24,0,2,1,63,63,1,1,2,0,73.60000000000001,19.0,0,3.5,1,2.2,1,12.78,46.55421686746988,1
18,71,1,0,1,1,1,24,0,2,1,63,63,1,1,2,0,63.60000000000001,19.0,0,3.5,1,2.2,1,12.78,40.228915662650614,1
19,90,1,1,2,1,0,20,0,15,1,100,72,1,0,1,0,96.0,26.5,-28,3.789473684210526,3,3.5,2,17.1,69.3975903614458,1
19,90,1,1,2,1,0,19,1,18,1,58,76,1,2,1,0,79.2,28.0,18,4.0,1,3.8,2,17.1,60.43373493975905,1
19,90,0,0,1,1,0,20,0,15,1,100,72,1,0,1,0,86.0,26.5,-28,3.789473684210526,1,3.5,0,17.1,62.168674698795186,1
19,90,0,0,1,1,0,19,1,18,1,58,76,1,2,1,0,69.2,28.0,18,4.0,-1,3.8,0,17.1,52.80321285140563,1
19,90,2,1,0,1,0,20,0,15,1,100,72,1,0,1,0,96.0,26.5,-28,3.789473684210526,2,3.5,0,17.1,69.3975903614458,1
19,90,2,1,0,1,0,19,1,18,1,58,76,1,2,1,0,79.2,28.0,18,4.0,0,3.8,0,17.1,60.43373493975905,1
19,90,2,0,1,1,0,20,0,15,1,100,72,1,0,1,0,86.0,26.5,-28,3.789473684210526,3,3.5,2,17.1,62.168674698795186,1
19,90,2,0,1,1,0,19,1,18,1,58,76,1,2,1,0,69.2,28.0,18,4.0,1,3.8,2,17.1,52.80321285140563,1
24,70,2,0,1,1,1,20,2,1,0,69,75,1,2,1,0,55.6,24.5,6,3.125,1,2.1,2,16.799999999999997,41.867469879518076,1
24,70,1,1,1,1,1,20,2,1,0,69,75,1,2,1,0,65.6,24.5,6,3.125,0,2.1,1,16.799999999999997,49.39759036144578,1
24,70,2,0,0,1,1,20,2,1,0,69,75,1,2,1,0,55.6,24.5,6,3.125,0,2.1,0,16.799999999999997,41.867469879518076,1
24,70,2,1,0,1,1,20,2,1,0,69,75,1,2,1,0,65.6,24.5,6,3.125,0,2.1,0,16.799999999999997,49.39759036144578,1
24,70,2,1,2,1,1,20,2,1,0,69,75,1,2,1,0,65.6,24.5,6,3.125,2,2.1,4,16.799999999999997,49.39759036144578,1
16,75,1,1,1,1,0,26,0,11,0,76,51,1,2,3,0,70.4,21.5,-25,3.1875,0,3.1,1,12.0,36.048192771084345,1
16,75,0,1,1,1,0,26,0,11,0,76,51,1,2,3,0,70.4,21.5,-25,3.1875,-1,3.1,0,12.0,36.048192771084345,1
16,75,0,1,2,1,0,26,0,11,0,76,51,1,2,3,0,70.4,21.5,-25,3.1875,0,3.1,0,12.0,36.048192771084345,1
27,82,2,1,0,1,0,26,0,6,1,93,79,1,1,1,0,90.0,30.0,-14,2.925925925925926,1,2.6,0,22.139999999999997,71.3855421686747,1
27,82,2,1,0,1,0,29,3,2,0,61,68,0,2,2,0,67.2,28.0,7,2.5185185185185186,0,1.2,0,22.139999999999997,45.87951807228916,1
27,82,2,1,0,1,0,26,1,12,0,90,44,0,1,3,0,78.80000000000001,33.0,-46,1.6296296296296295,1,2.2,0,22.139999999999997,34.811244979919685,1
27,82,2,1,0,1,0,27,0,3,1,83,62,0,2,2,0,86.0,28.5,-21,2.2962962962962963,0,1.3,0,22.139999999999997,53.53413654618474,1
29,86,1,1,1,1,0,18,3,8,0,79,71,0,2,1,0,76.0,33.0,-8,2.4482758620689653,0,1.8,1,24.94,54.17670682730924,1
29,86,1,1,1,1,0,26,2,10,1,86,62,1,2,2,0,88.8,34.0,-24,2.1379310344827585,0,3.0,1,24.94,55.27710843373494,1
29,86,1,1,1,1,0,22,0,8,1,87,99,1,1,0,0,89.2,33.0,12,3.413793103448276,1,2.8,1,24.94,88.66265060240964,1
29,86,1,1,1,1,0,23,2,15,1,87,66,0,1,2,0,89.2,36.5,-21,2.2758620689655173,1,2.5,1,24.94,59.10843373493976,1
29,86,1,1,1,1,0,23,1,13,1,72,84,1,2,1,0,83.2,35.5,12,2.896551724137931,0,3.3,1,24.94,70.16867469879519,1
29,86,1,1,1,1,0,20,0,19,1,84,45,0,2,3,0,88.0,38.5,-39,1.5517241379310345,0,2.9000000000000004,1,24.94,39.75903614457831,1
29,86,2,0,0,1,0,18,3,8,0,79,71,0,2,1,0,66.0,33.0,-8,2.4482758620689653,0,1.8,0,24.94,47.04819277108434,1
29,86,2,0,0,1,0,26,2,10,1,86,62,1,2,2,0,78.8,34.0,-24,2.1379310344827585,0,3.0,0,24.94,49.05220883534137,1
29,86,2,0,0,1,0,22,0,8,1,87,99,1,1,0,0,79.2,33.0,12,3.413793103448276,1,2.8,0,24.94,78.72289156626508,1
29,86,2,0,0,1,0,23,2,15,1,87,66,0,1,2,0,79.2,36.5,-21,2.2758620689655173,1,2.5,0,24.94,52.48192771084338,1
29,86,2,0,0,1,0,23,1,13,1,72,84,1,2,1,0,73.2,35.5,12,2.896551724137931,0,3.3,0,24.94,61.734939759036145,1
29,86,2,0,0,1,0,20,0,19,1,84,45,0,2,3,0,78.0,38.5,-39,1.5517241379310345,0,2.9000000000000004,0,24.94,35.24096385542169,1
29,86,0,1,1,1,0,18,3,8,0,79,71,0,2,1,0,76.0,33.0,-8,2.4482758620689653,-1,1.8,0,24.94,54.17670682730924,1
29,86,0,1,1,1,0,26,2,10,1,86,62,1,2,2,0,88.8,34.0,-24,2.1379310344827585,-1,3.0,0,24.94,55.27710843373494,1
29,86,0,1,1,1,0,22,0,8,1,87,99,1,1,0,0,89.2,33.0,12,3.413793103448276,0,2.8,0,24.94,88.66265060240964,1
29,86,0,1,1,1,0,23,2,15,1,87,66,0,1,2,0,89.2,36.5,-21,2.2758620689655173,0,2.5,0,24.94,59.10843373493976,1
29,86,0,1,1,1,0,23,1,13,1,72,84,1,2,1,0,83.2,35.5,12,2.896551724137931,-1,3.3,0,24.94,70.16867469879519,1
29,86,0,1,1,1,0,20,0,19,1,84,45,0,2,3,0,88.0,38.5,-39,1.5517241379310345,-1,2.9000000000000004,0,24.94,39.75903614457831,1
31,95,1,1,1,1,1,21,3,19,0,61,44,1,2,3,0,72.4,40.5,-17,1.4193548387096775,0,3.9000000000000004,1,29.45,31.98393574297189,1
23,67,1,0,0,1,1,23,2,4,1,69,93,1,0,0,0,64.4,25.0,24,4.043478260869565,1,2.4,0,15.41,60.13253012048193,1
23,67,1,0,0,1,1,28,2,6,1,55,100,0,2,0,0,58.8,26.0,45,4.3478260869565215,-1,1.6,0,15.41,59.036144578313255,1
23,67,1,0,0,1,1,22,2,0,0,85,90,0,1,0,0,60.8,23.0,5,3.9130434782608696,0,1.0,0,15.41,54.93975903614458,1
23,67,0,1,1,1,1,23,2,4,1,69,93,1,0,0,0,74.4,25.0,24,4.043478260869565,1,2.4,0,15.41,69.46987951807229,1
23,67,0,1,1,1,1,28,2,6,1,55,100,0,2,0,0,68.8,26.0,45,4.3478260869565215,-1,1.6,0,15.41,69.07630522088354,1
23,67,0,1,1,1,1,22,2,0,0,85,90,0,1,0,0,70.8,23.0,5,3.9130434782608696,0,1.0,0,15.41,63.97590361445783,1
23,67,1,1,2,1,1,23,2,4,1,69,93,1,0,0,0,74.4,25.0,24,4.043478260869565,3,2.4,2,15.41,69.46987951807229,1
23,67,1,1,2,1,1,28,2,6,1,55,100,0,2,0,0,68.8,26.0,45,4.3478260869565215,1,1.6,2,15.41,69.07630522088354,1
23,67,1,1,2,1,1,22,2,0,0,85,90,0,1,0,0,70.8,23.0,5,3.9130434782608696,2,1.0,2,15.41,63.97590361445783,1
23,67,1,0,1,1,1,23,2,4,1,69,93,1,0,0,0,64.4,25.0,24,4.043478260869565,2,2.4,1,15.41,60.13253012048193,1
23,67,1,0,1,1,1,28,2,6,1,55,100,0,2,0,0,58.8,26.0,45,4.3478260869565215,0,1.6,1,15.41,59.036144578313255,1
23,67,1,0,1,1,1,22,2,0,0,85,90,0,1,0,0,60.8,23.0,5,3.9130434782608696,1,1.0,1,15.41,54.93975903614458,1
24,78,1,1,0,1,0,29,1,5,0,50,52,1,2,3,0,61.2,26.5,2,2.1666666666666665,-1,2.5,0,18.72,31.95180722891567,1
24,78,2,1,2,1,0,29,1,5,0,50,52,1,2,3,0,61.2,26.5,2,2.1666666666666665,2,2.5,4,18.72,31.95180722891567,1
24,78,0,1,0,1,0,29,1,5,0,50,52,1,2,3,0,61.2,26.5,2,2.1666666666666665,-2,2.5,0,18.72,31.95180722891567,1
31,75,1,0,0,1,1,19,1,10,0,98,41,1,2,3,0,69.2,36.0,-57,1.3225806451612903,-1,3.0,0,23.25,28.485943775100406,1
31,75,1,0,0,1,1,25,1,4,1,94,48,1,1,3,0,77.6,33.0,-46,1.5483870967741935,0,2.4,0,23.25,37.397590361445786,1
22,82,2,0,1,1,1,26,1,4,0,89,44,1,0,3,0,68.4,24.0,-45,2.0,3,2.4,2,18.04,30.216867469879524,1
22,82,2,0,1,1,1,25,0,12,1,59,91,0,2,0,0,66.4,28.0,32,4.136363636363637,1,2.2,2,18.04,60.66666666666667,1
22,82,1,0,2,1,1,26,1,4,0,89,44,1,0,3,0,68.4,24.0,-45,2.0,3,2.4,2,18.04,30.216867469879524,1
22,82,1,0,2,1,1,25,0,12,1,59,91,0,2,0,0,66.4,28.0,32,4.136363636363637,1,2.2,2,18.04,60.66666666666667,1
22,82,0,0,1,1,1,26,1,4,0,89,44,1,0,3,0,68.4,24.0,-45,2.0,1,2.4,0,18.04,30.216867469879524,1
22,82,0,0,1,1,1,25,0,12,1,59,91,0,2,0,0,66.4,28.0,32,4.136363636363637,-1,2.2,0,18.04,60.66666666666667,1
22,82,2,1,1,1,1,26,1,4,0,89,44,1,0,3,0,78.4,24.0,-45,2.0,3,2.4,2,18.04,34.634538152610446,1
22,82,2,1,1,1,1,25,0,12,1,59,91,0,2,0,0,76.4,28.0,32,4.136363636363637,1,2.2,2,18.04,69.80321285140563,1
22,82,1,1,0,1,1,26,1,4,0,89,44,1,0,3,0,78.4,24.0,-45,2.0,1,2.4,0,18.04,34.634538152610446,1
22,82,1,1,0,1,1,25,0,12,1,59,91,0,2,0,0,76.4,28.0,32,4.136363636363637,-1,2.2,0,18.04,69.80321285140563,1
29,90,2,0,1,1,0,24,3,10,0,99,61,1,2,2,0,75.6,34.0,-38,2.103448275862069,1,3.0,2,26.1,46.30120481927711,1
29,90,2,0,1,1,0,25,0,8,1,55,62,1,2,2,0,68.0,33.0,7,2.1379310344827585,1,2.8,2,26.1,42.329317269076306,1
29,90,1,1,1,1,0,24,3,10,0,99,61,1,2,2,0,85.6,34.0,-38,2.103448275862069,0,3.0,1,26.1,52.42570281124498,1
29,90,1,1,1,1,0,25,0,8,1,55,62,1,2,2,0,78.0,33.0,7,2.1379310344827585,0,2.8,1,26.1,48.55421686746988,1
29,90,0,1,0,1,0,24,3,10,0,99,61,1,2,2,0,85.6,34.0,-38,2.103448275862069,-2,3.0,0,26.1,52.42570281124498,1
29,90,0,1,0,1,0,25,0,8,1,55,62,1,2,2,0,78.0,33.0,7,2.1379310344827585,-2,2.8,0,26.1,48.55421686746988,1
22,90,2,0,2,1,1,20,3,12,1,92,46,0,2,3,0,82.80000000000001,28.0,-46,2.090909090909091,2,2.2,4,19.8,38.24096385542169,1
22,90,2,0,2,1,1,22,2,19,0,69,55,0,1,2,0,63.6,31.5,-14,2.5,3,2.9000000000000004,4,19.8,35.12048192771085,1
22,90,2,0,2,1,1,19,1,18,1,98,75,1,0,1,0,85.2,31.0,-23,3.409090909090909,4,3.8,4,19.8,64.1566265060241,1
22,90,2,0,2,1,1,25,0,17,1,92,52,1,2,3,0,82.80000000000001,30.5,-40,2.3636363636363638,2,3.7,4,19.8,43.22891566265061,1
22,90,1,1,0,1,1,20,3,12,1,92,46,0,2,3,0,92.80000000000001,28.0,-46,2.090909090909091,-1,2.2,0,19.8,42.85943775100402,1
22,90,1,1,0,1,1,22,2,19,0,69,55,0,1,2,0,73.6,31.5,-14,2.5,0,2.9000000000000004,0,19.8,40.6425702811245,1
22,90,1,1,0,1,1,19,1,18,1,98,75,1,0,1,0,95.2,31.0,-23,3.409090909090909,1,3.8,0,19.8,71.68674698795182,1
22,90,1,1,0,1,1,25,0,17,1,92,52,1,2,3,0,92.80000000000001,30.5,-40,2.3636363636363638,-1,3.7,0,19.8,48.449799196787154,1
22,90,1,0,0,1,1,20,3,12,1,92,46,0,2,3,0,82.80000000000001,28.0,-46,2.090909090909091,-1,2.2,0,19.8,38.24096385542169,1
22,90,1,0,0,1,1,22,2,19,0,69,55,0,1,2,0,63.6,31.5,-14,2.5,0,2.9000000000000004,0,19.8,35.12048192771085,1
22,90,1,0,0,1,1,19,1,18,1,98,75,1,0,1,0,85.2,31.0,-23,3.409090909090909,1,3.8,0,19.8,64.1566265060241,1
22,90,1,0,0,1,1,25,0,17,1,92,52,1,2,3,0,82.80000000000001,30.5,-40,2.3636363636363638,-1,3.7,0,19.8,43.22891566265061,1
22,90,0,1,1,1,1,20,3,12,1,92,46,0,2,3,0,92.80000000000001,28.0,-46,2.090909090909091,-1,2.2,0,19.8,42.85943775100402,1
22,90,0,1,1,1,1,22,2,19,0,69,55,0,1,2,0,73.6,31.5,-14,2.5,0,2.9000000000000004,0,19.8,40.6425702811245,1
22,90,0,1,1,1,1,19,1,18,1,98,75,1,0,1,0,95.2,31.0,-23,3.409090909090909,1,3.8,0,19.8,71.68674698795182,1
22,90,0,1,1,1,1,25,0,17,1,92,52,1,2,3,0,92.80000000000001,30.5,-40,2.3636363636363638,-1,3.7,0,19.8,48.449799196787154,1
22,90,1,1,1,1,1,20,3,12,1,92,46,0,2,3,0,92.80000000000001,28.0,-46,2.090909090909091,0,2.2,1,19.8,42.85943775100402,1
22,90,1,1,1,1,1,22,2,19,0,69,55,0,1,2,0,73.6,31.5,-14,2.5,1,2.9000000000000004,1,19.8,40.6425702811245,1
22,90,1,1,1,1,1,19,1,18,1,98,75,1,0,1,0,95.2,31.0,-23,3.409090909090909,2,3.8,1,19.8,71.68674698795182,1
22,90,1,1,1,1,1,25,0,17,1,92,52,1,2,3,0,92.80000000000001,30.5,-40,2.3636363636363638,0,3.7,1,19.8,48.449799196787154,1
23,94,0,1,1,1,0,25,2,11,1,84,63,1,2,2,0,91.2,28.5,-21,2.739130434782609,-1,3.1,0,21.619999999999997,57.686746987951814,1
23,94,2,0,1,1,0,25,2,11,1,84,63,1,2,2,0,81.2,28.5,-21,2.739130434782609,1,3.1,2,21.619999999999997,51.36144578313253,1
23,94,1,0,2,1,0,25,2,11,1,84,63,1,2,2,0,81.2,28.5,-21,2.739130434782609,1,3.1,2,21.619999999999997,51.36144578313253,1
28,74,0,1,1,1,1,24,2,16,1,94,78,1,2,1,0,87.2,36.0,-16,2.7857142857142856,-1,3.6,0,20.72,68.28915662650603,1
28,74,0,1,1,1,1,27,1,0,1,85,91,1,2,0,0,83.6,28.0,6,3.25,-1,2.0,0,20.72,76.38152610441767,1
28,74,0,1,1,1,1,18,0,5,0,94,45,0,2,3,0,77.2,30.5,-49,1.6071428571428572,-1,1.5,0,20.72,34.87951807228916,1
28,74,2,0,2,1,1,24,2,16,1,94,78,1,2,1,0,77.2,36.0,-16,2.7857142857142856,2,3.6,4,20.72,60.457831325301214,1
28,74,2,0,2,1,1,27,1,0,1,85,91,1,2,0,0,73.6,28.0,6,3.25,2,2.0,4,20.72,67.24497991967871,1
28,74,2,0,2,1,1,18,0,5,0,94,45,0,2,3,0,67.2,30.5,-49,1.6071428571428572,2,1.5,4,20.72,30.361445783132535,1
19,63,2,1,1,1,0,22,1,4,1,55,67,0,0,2,0,67.2,21.0,12,3.526315789473684,3,1.4,2,11.97,45.204819277108435,1
19,63,2,1,1,1,0,27,1,1,1,70,44,1,1,3,0,73.2,19.5,-26,2.3157894736842106,2,2.1,2,11.97,32.337349397590366,1
19,63,2,1,1,1,0,23,3,7,0,65,54,1,2,3,0,61.2,22.5,-11,2.8421052631578947,1,2.7,2,11.97,33.18072289156627,1
19,63,1,1,0,1,0,22,1,4,1,55,67,0,0,2,0,67.2,21.0,12,3.526315789473684,1,1.4,0,11.97,45.204819277108435,1
19,63,1,1,0,1,0,27,1,1,1,70,44,1,1,3,0,73.2,19.5,-26,2.3157894736842106,0,2.1,0,11.97,32.337349397590366,1
19,63,1,1,0,1,0,23,3,7,0,65,54,1,2,3,0,61.2,22.5,-11,2.8421052631578947,-1,2.7,0,11.97,33.18072289156627,1
16,93,1,0,1,1,1,22,3,16,0,64,40,1,2,3,0,62.800000000000004,24.0,-24,2.5,0,3.6,1,14.88,25.220883534136547,1
16,93,0,1,1,1,1,22,3,16,0,64,40,1,2,3,0,72.80000000000001,24.0,-24,2.5,-1,3.6,0,14.88,29.236947791164667,1
16,93,1,1,0,1,1,22,3,16,0,64,40,1,2,3,0,72.80000000000001,24.0,-24,2.5,-1,3.6,0,14.88,29.236947791164667,1
16,93,0,0,1,1,1,22,3,16,0,64,40,1,2,3,0,62.800000000000004,24.0,-24,2.5,-1,3.6,0,14.88,25.220883534136547,1
16,93,2,0,2,1,1,22,3,16,0,64,40,1,2,3,0,62.800000000000004,24.0,-24,2.5,2,3.6,4,14.88,25.220883534136547,1
31,67,0,0,2,1,0,28,3,3,1,83,61,0,0,2,0,70.0,32.5,-22,1.967741935483871,2,1.3,0,20.77,42.871485943775106,1
21,81,1,0,1,1,1,28,1,20,1,95,82,1,2,1,0,80.4,31.0,-13,3.9047619047619047,0,4.0,1,17.01,66.19277108433737,1
21,81,1,0,1,1,1,21,1,17,1,74,84,1,2,1,0,72.0,29.5,10,4.0,0,3.7,1,17.01,60.72289156626506,1
21,81,0,1,2,1,1,23,3,10,1,64,98,1,0,0,0,78.0,26.0,34,4.666666666666667,2,3.0,0,17.01,76.74698795180724,1
21,81,0,1,2,1,1,28,1,20,1,95,82,1,2,1,0,90.4,31.0,-13,3.9047619047619047,0,4.0,0,17.01,74.42570281124499,1
21,81,0,1,2,1,1,21,1,17,1,74,84,1,2,1,0,82.0,29.5,10,4.0,0,3.7,0,17.01,69.1566265060241,1
21,81,1,1,1,1,1,23,3,10,1,64,98,1,0,0,0,78.0,26.0,34,4.666666666666667,2,3.0,1,17.01,76.74698795180724,1
21,81,1,1,1,1,1,28,1,20,1,95,82,1,2,1,0,90.4,31.0,-13,3.9047619047619047,0,4.0,1,17.01,74.42570281124499,1
21,81,1,1,1,1,1,21,1,17,1,74,84,1,2,1,0,82.0,29.5,10,4.0,0,3.7,1,17.01,69.1566265060241,1
25,83,2,0,1,1,1,21,1,6,1,93,56,1,0,2,0,80.4,28.0,-37,2.24,3,2.6,2,20.75,45.20481927710844,1
25,83,2,1,0,1,1,21,1,6,1,93,56,1,0,2,0,90.4,28.0,-37,2.24,2,2.6,0,20.75,50.8273092369478,1
25,83,2,1,2,1,1,21,1,6,1,93,56,1,0,2,0,90.4,28.0,-37,2.24,4,2.6,4,20.75,50.8273092369478,1
25,83,1,1,0,1,1,21,1,6,1,93,56,1,0,2,0,90.4,28.0,-37,2.24,1,2.6,0,20.75,50.8273092369478,1
25,91,2,1,1,1,0,24,0,6,0,92,88,0,2,0,0,83.2,28.0,-4,3.52,1,1.6,2,22.75,73.51004016064257,1
25,91,2,1,1,1,0,21,0,0,0,59,67,1,1,2,0,70.0,25.0,8,2.68,2,2.0,2,22.75,47.08835341365462,1
25,91,2,1,1,1,0,28,0,9,1,66,62,1,2,2,0,82.8,29.5,-4,2.48,1,2.9,2,22.75,51.54216867469879,1
25,91,1,1,1,1,0,24,0,6,0,92,88,0,2,0,0,83.2,28.0,-4,3.52,0,1.6,1,22.75,73.51004016064257,1
25,91,1,1,1,1,0,21,0,0,0,59,67,1,1,2,0,70.0,25.0,8,2.68,1,2.0,1,22.75,47.08835341365462,1
25,91,1,1,1,1,0,28,0,9,1,66,62,1,2,2,0,82.8,29.5,-4,2.48,0,2.9,1,22.75,51.54216867469879,1
25,91,0,1,0,1,0,24,0,6,0,92,88,0,2,0,0,83.2,28.0,-4,3.52,-2,1.6,0,22.75,73.51004016064257,1
25,91,0,1,0,1,0,21,0,0,0,59,67,1,1,2,0,70.0,25.0,8,2.68,-1,2.0,0,22.75,47.08835341365462,1
25,91,0,1,0,1,0,28,0,9,1,66,62,1,2,2,0,82.8,29.5,-4,2.48,-2,2.9,0,22.75,51.54216867469879,1
25,91,0,0,1,1,0,24,0,6,0,92,88,0,2,0,0,73.2,28.0,-4,3.52,-1,1.6,0,22.75,64.67469879518073,1
25,91,0,0,1,1,0,21,0,0,0,59,67,1,1,2,0,60.0,25.0,8,2.68,0,2.0,0,22.75,40.36144578313253,1
25,91,0,0,1,1,0,28,0,9,1,66,62,1,2,2,0,72.8,29.5,-4,2.48,-1,2.9,0,22.75,45.31726907630522,1
23,68,1,1,1,1,1,23,0,2,1,77,95,0,2,0,0,78.0,24.0,18,4.130434782608695,0,1.2,1,15.64,74.3975903614458,1
23,68,0,1,1,1,1,23,0,2,1,77,95,0,2,0,0,78.0,24.0,18,4.130434782608695,-1,1.2,0,15.64,74.3975903614458,1
23,68,1,1,0,1,1,23,0,2,1,77,95,0,2,0,0,78.0,24.0,18,4.130434782608695,-1,1.2,0,15.64,74.3975903614458,1
23,68,2,1,1,1,1,23,0,2,1,77,95,0,2,0,0,78.0,24.0,18,4.130434782608695,1,1.2,2,15.64,74.3975903614458,1
29,88,2,0,0,1,0,24,1,20,1,59,54,1,2,3,0,68.80000000000001,39.0,-5,1.8620689655172413,0,4.0,0,25.52,37.30120481927712,1
25,76,0,1,0,1,1,29,2,17,1,73,90,0,2,0,0,79.60000000000001,33.5,17,3.6,-2,2.7,0,19.0,71.9277108433735,1
25,76,1,1,1,1,1,29,2,17,1,73,90,0,2,0,0,79.60000000000001,33.5,17,3.6,0,2.7,1,19.0,71.9277108433735,1
25,76,2,0,2,1,1,29,2,17,1,73,90,0,2,0,0,69.60000000000001,33.5,17,3.6,2,2.7,4,19.0,62.891566265060256,1
25,76,2,0,1,1,1,29,2,17,1,73,90,0,2,0,0,69.60000000000001,33.5,17,3.6,1,2.7,2,19.0,62.891566265060256,1
18,95,2,0,1,1,0,19,0,9,1,63,51,1,0,3,0,73.2,22.5,-12,2.8333333333333335,3,2.9,2,17.099999999999998,37.48192771084337,1
18,95,2,0,1,1,0,29,2,9,1,66,53,0,2,3,0,74.4,22.5,-13,2.9444444444444446,1,1.9,2,17.099999999999998,39.59036144578314,1
18,95,2,1,0,1,0,19,0,9,1,63,51,1,0,3,0,83.2,22.5,-12,2.8333333333333335,2,2.9,0,17.099999999999998,42.60240963855422,1
18,95,2,1,0,1,0,29,2,9,1,66,53,0,2,3,0,84.4,22.5,-13,2.9444444444444446,0,1.9,0,17.099999999999998,44.911646586345384,1
18,95,2,1,1,1,0,19,0,9,1,63,51,1,0,3,0,83.2,22.5,-12,2.8333333333333335,3,2.9,2,17.099999999999998,42.60240963855422,1
18,95,2,1,1,1,0,29,2,9,1,66,53,0,2,3,0,84.4,22.5,-13,2.9444444444444446,1,1.9,2,17.099999999999998,44.911646586345384,1
18,95,1,0,1,1,0,19,0,9,1,63,51,1,0,3,0,73.2,22.5,-12,2.8333333333333335,2,2.9,1,17.099999999999998,37.48192771084337,1
18,95,1,0,1,1,0,29,2,9,1,66,53,0,2,3,0,74.4,22.5,-13,2.9444444444444446,0,1.9,1,17.099999999999998,39.59036144578314,1
18,95,0,1,0,1,0,19,0,9,1,63,51,1,0,3,0,83.2,22.5,-12,2.8333333333333335,0,2.9,0,17.099999999999998,42.60240963855422,1
18,95,0,1,0,1,0,29,2,9,1,66,53,0,2,3,0,84.4,22.5,-13,2.9444444444444446,-2,1.9,0,17.099999999999998,44.911646586345384,1
18,95,1,1,2,1,0,19,0,9,1,63,51,1,0,3,0,83.2,22.5,-12,2.8333333333333335,3,2.9,2,17.099999999999998,42.60240963855422,1
18,95,1,1,2,1,0,29,2,9,1,66,53,0,2,3,0,84.4,22.5,-13,2.9444444444444446,1,1.9,2,17.099999999999998,44.911646586345384,1
18,95,1,1,0,1,0,19,0,9,1,63,51,1,0,3,0,83.2,22.5,-12,2.8333333333333335,1,2.9,0,17.099999999999998,42.60240963855422,1
18,95,1,1,0,1,0,29,2,9,1,66,53,0,2,3,0,84.4,22.5,-13,2.9444444444444446,-1,1.9,0,17.099999999999998,44.911646586345384,1
31,96,1,1,0,1,1,18,3,1,0,73,77,1,2,1,0,77.60000000000001,31.5,4,2.4838709677419355,-1,2.1,0,29.759999999999998,59.991967871485954,1
31,96,1,1,0,1,1,26,0,5,1,59,69,1,2,2,0,82.0,33.5,10,2.225806451612903,-1,2.5,0,29.759999999999998,56.807228915662655,1
31,96,2,1,2,1,1,18,3,1,0,73,77,1,2,1,0,77.60000000000001,31.5,4,2.4838709677419355,2,2.1,4,29.759999999999998,59.991967871485954,1
31,96,2,1,2,1,1,26,0,5,1,59,69,1,2,2,0,82.0,33.5,10,2.225806451612903,2,2.5,4,29.759999999999998,56.807228915662655,1
31,96,0,1,1,1,1,18,3,1,0,73,77,1,2,1,0,77.60000000000001,31.5,4,2.4838709677419355,-1,2.1,0,29.759999999999998,59.991967871485954,1
31,96,0,1,1,1,1,26,0,5,1,59,69,1,2,2,0,82.0,33.5,10,2.225806451612903,-1,2.5,0,29.759999999999998,56.807228915662655,1
28,98,1,1,1,1,0,26,1,14,1,87,64,1,2,2,0,94.0,35.0,-23,2.2857142857142856,0,3.4000000000000004,1,27.439999999999998,60.401606425702816,1
26,100,2,0,0,1,0,18,1,15,1,84,80,0,1,1,0,83.6,33.5,-4,3.076923076923077,1,2.5,0,26.0,67.14859437751004,1
26,100,2,0,0,1,0,19,1,15,0,97,45,1,0,3,0,78.80000000000001,33.5,-52,1.7307692307692308,2,3.5,0,26.0,35.60240963855423,1
26,100,2,1,2,1,0,18,1,15,1,84,80,0,1,1,0,93.6,33.5,-4,3.076923076923077,3,2.5,4,26.0,75.18072289156626,1
26,100,2,1,2,1,0,19,1,15,0,97,45,1,0,3,0,88.80000000000001,33.5,-52,1.7307692307692308,4,3.5,4,26.0,40.120481927710856,1
20,69,1,0,0,1,0,29,3,6,1,99,57,1,2,2,0,77.2,23.0,-42,2.85,-1,2.6,0,13.799999999999999,44.18072289156627,1
20,69,1,0,0,1,0,20,1,2,1,65,41,1,2,3,0,63.6,21.0,-24,2.05,-1,2.2,0,13.799999999999999,26.18072289156627,1
20,69,1,0,1,1,0,29,3,6,1,99,57,1,2,2,0,77.2,23.0,-42,2.85,0,2.6,1,13.799999999999999,44.18072289156627,1
20,69,1,0,1,1,0,20,1,2,1,65,41,1,2,3,0,63.6,21.0,-24,2.05,0,2.2,1,13.799999999999999,26.18072289156627,1
20,69,2,1,1,1,0,29,3,6,1,99,57,1,2,2,0,87.2,23.0,-42,2.85,1,2.6,2,13.799999999999999,49.90361445783133,1
20,69,2,1,1,1,0,20,1,2,1,65,41,1,2,3,0,73.6,21.0,-24,2.05,1,2.2,2,13.799999999999999,30.29718875502008,1
20,69,0,1,2,1,0,29,3,6,1,99,57,1,2,2,0,87.2,23.0,-42,2.85,0,2.6,0,13.799999999999999,49.90361445783133,1
20,69,0,1,2,1,0,20,1,2,1,65,41,1,2,3,0,73.6,21.0,-24,2.05,0,2.2,0,13.799999999999999,30.29718875502008,1
20,69,0,0,1,1,0,29,3,6,1,99,57,1,2,2,0,77.2,23.0,-42,2.85,-1,2.6,0,13.799999999999999,44.18072289156627,1
20,69,0,0,1,1,0,20,1,2,1,65,41,1,2,3,0,63.6,21.0,-24,2.05,-1,2.2,0,13.799999999999999,26.18072289156627,1
20,69,1,1,2,1,0,29,3,6,1,99,57,1,2,2,0,87.2,23.0,-42,2.85,1,2.6,2,13.799999999999999,49.90361445783133,1
20,69,1,1,2,1,0,20,1,2,1,65,41,1,2,3,0,73.6,21.0,-24,2.05,1,2.2,2,13.799999999999999,30.29718875502008,1
16,89,1,0,1,1,1,18,3,13,0,82,42,0,2,3,0,68.4,22.5,-40,2.625,0,2.3,1,14.24,28.843373493975907,1
16,89,1,1,2,1,1,18,3,13,0,82,42,0,2,3,0,78.4,22.5,-40,2.625,1,2.3,2,14.24,33.06024096385543,1
16,89,1,1,0,1,1,18,3,13,0,82,42,0,2,3,0,78.4,22.5,-40,2.625,-1,2.3,0,14.24,33.06024096385543,1
22,60,1,0,0,1,1,22,1,14,1,69,88,0,2,0,0,61.6,29.0,19,4.0,-1,2.4000000000000004,0,13.2,54.42570281124498,1
22,60,1,1,1,1,1,22,1,14,1,69,88,0,2,0,0,71.6,29.0,19,4.0,0,2.4000000000000004,1,13.2,63.261044176706825,1
22,60,1,0,1,1,1,22,1,14,1,69,88,0,2,0,0,61.6,29.0,19,4.0,0,2.4000000000000004,1,13.2,54.42570281124498,1
25,60,0,1,0,1,1,28,3,5,1,83,76,0,1,1,0,77.2,27.5,-7,3.04,-1,1.5,0,15.0,58.90763052208836,1
25,60,0,0,0,1,1,28,3,5,1,83,76,0,1,1,0,67.2,27.5,-7,3.04,-1,1.5,0,15.0,51.277108433734945,1
16,72,1,1,0,1,1,23,2,0,1,85,52,1,2,3,0,82.8,16.0,-33,3.25,-1,2.0,0,11.52,43.2289156626506,1
30,67,2,1,2,1,1,21,0,20,1,70,96,1,2,0,0,74.8,40.0,26,3.2,2,4.0,4,20.1,72.09638554216868,1
30,67,2,1,2,1,1,18,0,2,0,75,87,1,1,0,0,66.8,31.0,12,2.9,3,2.2,4,20.1,58.34939759036145,1
30,67,2,1,2,1,1,24,0,7,1,65,77,0,2,1,0,72.8,33.5,12,2.566666666666667,2,1.7000000000000002,4,20.1,56.28112449799197,1
30,67,2,1,2,1,1,23,3,2,1,50,75,1,1,1,0,66.8,31.0,25,2.5,3,2.2,4,20.1,50.30120481927711,1
30,67,2,1,2,1,1,24,1,2,0,88,69,1,1,2,0,72.0,31.0,-19,2.3,3,2.2,4,20.1,49.87951807228916,1
30,67,1,0,2,1,1,21,0,20,1,70,96,1,2,0,0,64.8,40.0,26,3.2,1,4.0,2,20.1,62.4578313253012,1
30,67,1,0,2,1,1,18,0,2,0,75,87,1,1,0,0,56.8,31.0,12,2.9,2,2.2,2,20.1,49.614457831325296,1
30,67,1,0,2,1,1,24,0,7,1,65,77,0,2,1,0,62.8,33.5,12,2.566666666666667,1,1.7000000000000002,2,20.1,48.550200803212846,1
30,67,1,0,2,1,1,23,3,2,1,50,75,1,1,1,0,56.8,31.0,25,2.5,2,2.2,2,20.1,42.77108433734939,1
30,67,1,0,2,1,1,24,1,2,0,88,69,1,1,2,0,62.0,31.0,-19,2.3,2,2.2,2,20.1,42.95180722891567,1
23,66,2,0,1,1,0,22,1,4,0,67,43,1,2,3,0,53.2,25.0,-24,1.8695652173913044,1,2.4,2,15.180000000000001,22.96787148594378,1
23,66,2,0,1,1,0,28,0,7,0,67,58,1,2,2,0,53.2,26.5,-9,2.5217391304347827,1,2.7,2,15.180000000000001,30.979919678714865,1
23,66,0,1,2,1,0,22,1,4,0,67,43,1,2,3,0,63.2,25.0,-24,1.8695652173913044,0,2.4,0,15.180000000000001,27.285140562249,1
23,66,0,1,2,1,0,28,0,7,0,67,58,1,2,2,0,63.2,26.5,-9,2.5217391304347827,0,2.7,0,15.180000000000001,36.80321285140563,1
23,66,0,1,1,1,0,22,1,4,0,67,43,1,2,3,0,63.2,25.0,-24,1.8695652173913044,-1,2.4,0,15.180000000000001,27.285140562249,1
23,66,0,1,1,1,0,28,0,7,0,67,58,1,2,2,0,63.2,26.5,-9,2.5217391304347827,-1,2.7,0,15.180000000000001,36.80321285140563,1
23,66,1,1,1,1,0,22,1,4,0,67,43,1,2,3,0,63.2,25.0,-24,1.8695652173913044,0,2.4,1,15.180000000000001,27.285140562249,1
23,66,1,1,1,1,0,28,0,7,0,67,58,1,2,2,0,63.2,26.5,-9,2.5217391304347827,0,2.7,1,15.180000000000001,36.80321285140563,1
23,66,2,1,1,1,0,22,1,4,0,67,43,1,2,3,0,63.2,25.0,-24,1.8695652173913044,1,2.4,2,15.180000000000001,27.285140562249,1
23,66,2,1,1,1,0,28,0,7,0,67,58,1,2,2,0,63.2,26.5,-9,2.5217391304347827,1,2.7,2,15.180000000000001,36.80321285140563,1
23,66,2,1,2,1,0,22,1,4,0,67,43,1,2,3,0,63.2,25.0,-24,1.8695652173913044,2,2.4,4,15.180000000000001,27.285140562249,1
23,66,2,1,2,1,0,28,0,7,0,67,58,1,2,2,0,63.2,26.5,-9,2.5217391304347827,2,2.7,4,15.180000000000001,36.80321285140563,1
33,64,0,1,0,1,1,23,2,10,1,82,100,1,0,0,0,78.4,38.0,18,3.0303030303030303,0,3.0,0,21.12,78.71485943775102,1
33,64,1,1,1,1,1,23,2,10,1,82,100,1,0,0,0,78.4,38.0,18,3.0303030303030303,2,3.0,1,21.12,78.71485943775102,1
30,79,1,0,1,1,0,25,2,4,1,64,69,1,1,2,0,67.2,32.0,5,2.3,1,2.4,1,23.700000000000003,46.55421686746988,1
30,79,1,0,1,1,0,19,0,6,1,65,84,1,2,1,0,67.6,33.0,19,2.8,0,2.6,1,23.700000000000003,57.01204819277108,1
30,79,2,0,1,1,0,25,2,4,1,64,69,1,1,2,0,67.2,32.0,5,2.3,2,2.4,2,23.700000000000003,46.55421686746988,1
30,79,2,0,1,1,0,19,0,6,1,65,84,1,2,1,0,67.6,33.0,19,2.8,1,2.6,2,23.700000000000003,57.01204819277108,1
23,63,0,1,0,1,1,28,3,5,0,96,44,1,1,3,1,73.60000000000001,25.5,-52,1.9130434782608696,-1,2.5,0,14.49,32.514056224899605,1
23,63,1,0,2,1,1,28,3,5,0,96,44,1,1,3,1,63.60000000000001,25.5,-52,1.9130434782608696,2,2.5,2,14.49,28.096385542168683,1
23,63,1,1,2,1,1,28,3,5,0,96,44,1,1,3,1,73.60000000000001,25.5,-52,1.9130434782608696,2,2.5,2,14.49,32.514056224899605,1
23,63,1,0,1,1,1,28,3,5,0,96,44,1,1,3,1,63.60000000000001,25.5,-52,1.9130434782608696,1,2.5,1,14.49,28.096385542168683,1
23,63,1,1,1,1,1,28,3,5,0,96,44,1,1,3,1,73.60000000000001,25.5,-52,1.9130434782608696,1,2.5,1,14.49,32.514056224899605,1
23,63,1,0,0,1,1,28,3,5,0,96,44,1,1,3,1,63.60000000000001,25.5,-52,1.9130434782608696,0,2.5,0,14.49,28.096385542168683,1
24,81,2,1,1,1,1,19,3,11,1,58,83,1,0,1,0,75.6,29.5,25,3.4583333333333335,3,3.1,2,19.44,63.0,1
24,81,2,1,1,1,1,25,3,17,0,64,62,1,0,2,0,68.0,32.5,-2,2.5833333333333335,3,3.7,2,19.44,42.329317269076306,1
24,81,2,1,1,1,1,28,2,18,0,98,55,1,2,2,0,81.6,33.0,-43,2.2916666666666665,1,3.8,2,19.44,45.06024096385542,1
24,81,1,1,0,1,1,19,3,11,1,58,83,1,0,1,0,75.6,29.5,25,3.4583333333333335,1,3.1,0,19.44,63.0,1
24,81,1,1,0,1,1,25,3,17,0,64,62,1,0,2,0,68.0,32.5,-2,2.5833333333333335,1,3.7,0,19.44,42.329317269076306,1
24,81,1,1,0,1,1,28,2,18,0,98,55,1,2,2,0,81.6,33.0,-43,2.2916666666666665,-1,3.8,0,19.44,45.06024096385542,1
24,81,0,1,1,1,1,19,3,11,1,58,83,1,0,1,0,75.6,29.5,25,3.4583333333333335,1,3.1,0,19.44,63.0,1
24,81,0,1,1,1,1,25,3,17,0,64,62,1,0,2,0,68.0,32.5,-2,2.5833333333333335,1,3.7,0,19.44,42.329317269076306,1
24,81,0,1,1,1,1,28,2,18,0,98,55,1,2,2,0,81.6,33.0,-43,2.2916666666666665,-1,3.8,0,19.44,45.06024096385542,1
24,81,1,0,1,1,1,19,3,11,1,58,83,1,0,1,0,65.6,29.5,25,3.4583333333333335,2,3.1,1,19.44,54.666666666666664,1
24,81,1,0,1,1,1,25,3,17,0,64,62,1,0,2,0,58.0,32.5,-2,2.5833333333333335,2,3.7,1,19.44,36.104417670682736,1
24,81,1,0,1,1,1,28,2,18,0,98,55,1,2,2,0,71.6,33.0,-43,2.2916666666666665,0,3.8,1,19.44,39.53815261044176,1
24,81,2,1,2,1,1,19,3,11,1,58,83,1,0,1,0,75.6,29.5,25,3.4583333333333335,4,3.1,4,19.44,63.0,1
24,81,2,1,2,1,1,25,3,17,0,64,62,1,0,2,0,68.0,32.5,-2,2.5833333333333335,4,3.7,4,19.44,42.329317269076306,1
24,81,2,1,2,1,1,28,2,18,0,98,55,1,2,2,0,81.6,33.0,-43,2.2916666666666665,2,3.8,4,19.44,45.06024096385542,1
24,81,1,1,1,1,1,19,3,11,1,58,83,1,0,1,0,75.6,29.5,25,3.4583333333333335,2,3.1,1,19.44,63.0,1
24,81,1,1,1,1,1,25,3,17,0,64,62,1,0,2,0,68.0,32.5,-2,2.5833333333333335,2,3.7,1,19.44,42.329317269076306,1
24,81,1,1,1,1,1,28,2,18,0,98,55,1,2,2,0,81.6,33.0,-43,2.2916666666666665,0,3.8,1,19.44,45.06024096385542,1
24,81,1,1,2,1,1,19,3,11,1,58,83,1,0,1,0,75.6,29.5,25,3.4583333333333335,3,3.1,2,19.44,63.0,1
24,81,1,1,2,1,1,25,3,17,0,64,62,1,0,2,0,68.0,32.5,-2,2.5833333333333335,3,3.7,2,19.44,42.329317269076306,1
24,81,1,1,2,1,1,28,2,18,0,98,55,1,2,2,0,81.6,33.0,-43,2.2916666666666665,1,3.8,2,19.44,45.06024096385542,1
18,97,1,0,0,1,0,25,3,1,1,75,53,0,2,3,0,78.80000000000001,18.5,-22,2.9444444444444446,-1,1.1,0,17.46,41.931726907630534,1
18,97,2,0,0,1,0,25,3,1,1,75,53,0,2,3,0,78.80000000000001,18.5,-22,2.9444444444444446,0,1.1,0,17.46,41.931726907630534,1
18,97,2,1,1,1,0,25,3,1,1,75,53,0,2,3,0,88.80000000000001,18.5,-22,2.9444444444444446,1,1.1,2,17.46,47.25301204819278,1
18,97,0,0,1,1,0,25,3,1,1,75,53,0,2,3,0,78.80000000000001,18.5,-22,2.9444444444444446,-1,1.1,0,17.46,41.931726907630534,1
29,91,1,0,0,1,0,27,3,6,0,66,75,1,2,1,0,62.8,32.0,9,2.586206896551724,-1,2.6,0,26.39,47.28915662650602,1
26,93,1,0,1,1,1,28,3,10,0,98,90,1,1,0,0,76.4,31.0,-8,3.4615384615384617,1,3.0,1,24.18,69.03614457831326,1
26,93,1,0,1,1,1,18,1,9,1,79,94,1,0,0,0,78.80000000000001,30.5,15,3.6153846153846154,2,2.9,1,24.18,74.3694779116466,1
26,93,2,1,1,1,1,28,3,10,0,98,90,1,1,0,0,86.4,31.0,-8,3.4615384615384617,2,3.0,2,24.18,78.07228915662651,1
26,93,2,1,1,1,1,18,1,9,1,79,94,1,0,0,0,88.80000000000001,30.5,15,3.6153846153846154,3,2.9,2,24.18,83.80722891566268,1
30,93,2,1,1,1,0,22,2,8,1,73,99,0,0,0,0,86.4,34.0,26,3.3,3,1.8,2,27.900000000000002,85.87951807228917,1
25,72,2,1,1,1,1,21,1,18,0,73,57,1,1,2,0,68.0,34.0,-16,2.28,2,3.8,2,18.0,38.915662650602414,1
25,72,2,1,1,1,1,19,3,13,1,81,56,1,0,2,0,81.2,31.5,-25,2.24,3,3.3,2,18.0,45.65461847389558,1
25,72,0,1,0,1,1,21,1,18,0,73,57,1,1,2,0,68.0,34.0,-16,2.28,-1,3.8,0,18.0,38.915662650602414,1
25,72,0,1,0,1,1,19,3,13,1,81,56,1,0,2,0,81.2,31.5,-25,2.24,0,3.3,0,18.0,45.65461847389558,1
25,72,1,1,0,1,1,21,1,18,0,73,57,1,1,2,0,68.0,34.0,-16,2.28,0,3.8,0,18.0,38.915662650602414,1
25,72,1,1,0,1,1,19,3,13,1,81,56,1,0,2,0,81.2,31.5,-25,2.24,1,3.3,0,18.0,45.65461847389558,1
25,72,1,0,0,1,1,21,1,18,0,73,57,1,1,2,0,58.0,34.0,-16,2.28,0,3.8,0,18.0,33.19277108433735,1
25,72,1,0,0,1,1,19,3,13,1,81,56,1,0,2,0,71.2,31.5,-25,2.24,1,3.3,0,18.0,40.03212851405623,1
25,72,1,1,2,1,1,21,1,18,0,73,57,1,1,2,0,68.0,34.0,-16,2.28,2,3.8,2,18.0,38.915662650602414,1
25,72,1,1,2,1,1,19,3,13,1,81,56,1,0,2,0,81.2,31.5,-25,2.24,3,3.3,2,18.0,45.65461847389558,1
25,72,0,1,2,1,1,21,1,18,0,73,57,1,1,2,0,68.0,34.0,-16,2.28,1,3.8,0,18.0,38.915662650602414,1
25,72,0,1,2,1,1,19,3,13,1,81,56,1,0,2,0,81.2,31.5,-25,2.24,2,3.3,0,18.0,45.65461847389558,1
29,60,2,1,1,1,0,23,3,7,1,99,68,1,0,2,1,83.6,32.5,-31,2.3448275862068964,3,2.7,2,17.4,57.07630522088353,1
29,60,2,1,1,1,0,21,2,17,0,55,42,1,2,3,0,56.0,37.5,-13,1.4482758620689655,1,3.7,2,17.4,23.6144578313253,1
23,70,2,1,2,1,0,22,1,20,1,87,44,1,2,3,0,82.80000000000001,33.0,-43,1.9130434782608696,2,4.0,4,16.099999999999998,36.578313253012055,1
23,70,2,1,2,1,0,28,3,5,0,72,90,1,2,0,0,66.8,25.5,18,3.9130434782608696,2,2.5,4,16.099999999999998,60.36144578313253,1
23,70,2,1,1,1,0,22,1,20,1,87,44,1,2,3,0,82.80000000000001,33.0,-43,1.9130434782608696,1,4.0,2,16.099999999999998,36.578313253012055,1
23,70,2,1,1,1,0,28,3,5,0,72,90,1,2,0,0,66.8,25.5,18,3.9130434782608696,1,2.5,2,16.099999999999998,60.36144578313253,1
23,70,2,0,0,1,0,22,1,20,1,87,44,1,2,3,0,72.80000000000001,33.0,-43,1.9130434782608696,0,4.0,0,16.099999999999998,32.160642570281134,1
23,70,2,0,0,1,0,28,3,5,0,72,90,1,2,0,0,56.8,25.5,18,3.9130434782608696,0,2.5,0,16.099999999999998,51.325301204819276,1
22,75,0,1,1,1,0,23,3,2,1,89,89,0,2,0,0,85.6,23.0,0,4.045454545454546,-1,1.2,0,16.5,76.48995983935743,1
22,75,1,0,2,1,0,23,3,2,1,89,89,0,2,0,0,75.6,23.0,0,4.045454545454546,1,1.2,2,16.5,67.55421686746988,1
16,62,1,0,2,1,0,18,3,6,0,56,52,1,2,3,0,47.2,19.0,-4,3.25,1,2.6,2,9.92,24.642570281124502,1
16,62,1,0,0,1,0,18,3,6,0,56,52,1,2,3,0,47.2,19.0,-4,3.25,-1,2.6,0,9.92,24.642570281124502,1
16,62,1,0,1,1,0,18,3,6,0,56,52,1,2,3,0,47.2,19.0,-4,3.25,0,2.6,1,9.92,24.642570281124502,1
16,62,0,0,2,1,0,18,3,6,0,56,52,1,2,3,0,47.2,19.0,-4,3.25,0,2.6,0,9.92,24.642570281124502,1
20,99,1,0,1,1,0,27,2,4,1,62,90,1,2,0,0,74.4,22.0,28,4.5,0,2.4,1,19.8,67.2289156626506,1
20,99,1,0,1,1,0,27,3,14,1,61,97,0,0,0,0,74.0,27.0,36,4.85,2,2.4000000000000004,1,19.8,72.06827309236948,1
20,99,0,1,0,1,0,27,2,4,1,62,90,1,2,0,0,84.4,22.0,28,4.5,-2,2.4,0,19.8,76.26506024096386,1
27,89,1,0,1,1,0,26,3,4,1,74,96,1,1,0,0,75.2,29.0,22,3.5555555555555554,1,2.4,1,24.03,72.48192771084338,1
27,89,1,0,1,1,0,21,3,17,0,97,51,1,1,3,0,74.4,35.5,-46,1.8888888888888888,1,3.7,1,24.03,38.096385542168676,1
27,89,0,0,1,1,0,26,3,4,1,74,96,1,1,0,0,75.2,29.0,22,3.5555555555555554,0,2.4,0,24.03,72.48192771084338,1
27,89,0,0,1,1,0,21,3,17,0,97,51,1,1,3,0,74.4,35.5,-46,1.8888888888888888,0,3.7,0,24.03,38.096385542168676,1
27,89,1,1,1,1,0,26,3,4,1,74,96,1,1,0,0,85.2,29.0,22,3.5555555555555554,1,2.4,1,24.03,82.12048192771086,1
27,89,1,1,1,1,0,21,3,17,0,97,51,1,1,3,0,84.4,35.5,-46,1.8888888888888888,1,3.7,1,24.03,43.216867469879524,1
23,73,1,1,1,1,0,24,1,5,1,96,86,1,1,0,0,87.60000000000001,25.5,-10,3.739130434782609,1,2.5,1,16.79,75.63855421686749,1
23,73,1,1,1,1,0,21,0,6,0,96,82,0,2,1,0,77.60000000000001,26.0,-14,3.5652173913043477,0,1.6,1,16.79,63.887550200803226,1
23,73,1,1,1,1,0,23,1,17,1,58,93,1,1,0,0,72.4,31.5,35,4.043478260869565,1,3.7,1,16.79,67.60240963855422,1
23,73,1,1,1,1,0,27,0,0,1,92,65,0,2,2,0,86.0,23.0,-27,2.8260869565217392,0,1.0,1,16.79,56.12449799196788,1
23,73,2,0,0,1,0,24,1,5,1,96,86,1,1,0,0,77.60000000000001,25.5,-10,3.739130434782609,1,2.5,0,16.79,67.00401606425704,1
23,73,2,0,0,1,0,21,0,6,0,96,82,0,2,1,0,67.60000000000001,26.0,-14,3.5652173913043477,0,1.6,0,16.79,55.65461847389559,1
23,73,2,0,0,1,0,23,1,17,1,58,93,1,1,0,0,62.400000000000006,31.5,35,4.043478260869565,1,3.7,0,16.79,58.26506024096387,1
23,73,2,0,0,1,0,27,0,0,1,92,65,0,2,2,0,76.0,23.0,-27,2.8260869565217392,0,1.0,0,16.79,49.59839357429719,1
23,73,2,0,2,1,0,24,1,5,1,96,86,1,1,0,0,77.60000000000001,25.5,-10,3.739130434782609,3,2.5,4,16.79,67.00401606425704,1
23,73,2,0,2,1,0,21,0,6,0,96,82,0,2,1,0,67.60000000000001,26.0,-14,3.5652173913043477,2,1.6,4,16.79,55.65461847389559,1
23,73,2,0,2,1,0,23,1,17,1,58,93,1,1,0,0,62.400000000000006,31.5,35,4.043478260869565,3,3.7,4,16.79,58.26506024096387,1
23,73,2,0,2,1,0,27,0,0,1,92,65,0,2,2,0,76.0,23.0,-27,2.8260869565217392,2,1.0,4,16.79,49.59839357429719,1
25,78,1,0,1,1,0,27,3,3,0,86,68,1,2,2,0,65.6,26.5,-18,2.72,0,2.3,1,19.5,44.787148594377506,1
25,78,1,0,1,1,0,26,2,20,1,86,74,0,2,1,0,75.6,35.0,-12,2.96,0,3.0,1,19.5,56.16867469879518,1
27,95,2,0,0,1,1,24,0,4,0,99,95,1,0,0,0,77.6,29.0,-4,3.5185185185185186,2,2.4,0,25.65,74.01606425702812,1
27,95,2,0,0,1,1,29,3,20,1,62,58,0,1,2,0,72.8,37.0,-4,2.1481481481481484,1,3.0,0,25.65,42.393574297188756,1
27,95,2,0,0,1,1,22,0,16,1,77,84,1,0,1,0,78.8,35.0,7,3.111111111111111,2,3.6,0,25.65,66.45783132530121,1
27,95,2,0,0,1,1,22,2,15,0,66,72,1,1,1,0,64.4,34.5,6,2.6666666666666665,1,3.5,0,25.65,46.55421686746988,1
27,95,1,0,0,1,1,24,0,4,0,99,95,1,0,0,0,77.6,29.0,-4,3.5185185185185186,1,2.4,0,25.65,74.01606425702812,1
27,95,1,0,0,1,1,29,3,20,1,62,58,0,1,2,0,72.8,37.0,-4,2.1481481481481484,0,3.0,0,25.65,42.393574297188756,1
27,95,1,0,0,1,1,22,0,16,1,77,84,1,0,1,0,78.8,35.0,7,3.111111111111111,1,3.6,0,25.65,66.45783132530121,1
27,95,1,0,0,1,1,22,2,15,0,66,72,1,1,1,0,64.4,34.5,6,2.6666666666666665,0,3.5,0,25.65,46.55421686746988,1
20,87,1,0,1,1,1,21,1,13,1,57,52,1,2,3,0,67.60000000000001,26.5,-5,2.6,0,3.3,1,17.4,35.29317269076306,1
20,87,1,0,0,1,1,21,1,13,1,57,52,1,2,3,0,67.60000000000001,26.5,-5,2.6,-1,3.3,0,17.4,35.29317269076306,1
20,87,2,1,1,1,1,21,1,13,1,57,52,1,2,3,0,77.60000000000001,26.5,-5,2.6,1,3.3,2,17.4,40.514056224899605,1
20,87,1,1,0,1,1,21,1,13,1,57,52,1,2,3,0,77.60000000000001,26.5,-5,2.6,-1,3.3,0,17.4,40.514056224899605,1
20,87,1,1,2,1,1,21,1,13,1,57,52,1,2,3,0,77.60000000000001,26.5,-5,2.6,1,3.3,2,17.4,40.514056224899605,1
20,87,0,0,1,1,1,21,1,13,1,57,52,1,2,3,0,67.60000000000001,26.5,-5,2.6,-1,3.3,0,17.4,35.29317269076306,1
29,80,0,0,2,1,1,23,2,18,1,52,51,1,2,3,0,62.8,38.0,-1,1.7586206896551724,0,3.8,0,23.200000000000003,32.1566265060241,1
29,80,0,0,2,1,1,29,0,0,0,69,89,0,2,0,0,59.6,29.0,20,3.0689655172413794,0,1.0,0,23.200000000000003,53.2570281124498,1
18,88,2,1,0,1,0,24,3,13,1,96,45,0,2,3,0,93.60000000000001,24.5,-51,2.5,0,2.3,0,15.84,42.28915662650603,1
18,88,1,0,0,1,0,24,3,13,1,96,45,0,2,3,0,83.60000000000001,24.5,-51,2.5,-1,2.3,0,15.84,37.7710843373494,1
18,88,0,1,1,1,0,24,3,13,1,96,45,0,2,3,0,93.60000000000001,24.5,-51,2.5,-1,2.3,0,15.84,42.28915662650603,1
18,88,1,0,1,1,0,24,3,13,1,96,45,0,2,3,0,83.60000000000001,24.5,-51,2.5,0,2.3,1,15.84,37.7710843373494,1
23,93,0,0,1,1,1,18,1,1,1,56,66,1,0,2,0,69.60000000000001,23.5,10,2.869565217391304,1,2.1,0,21.39,46.120481927710856,1
23,93,0,1,0,1,1,18,1,1,1,56,66,1,0,2,0,79.60000000000001,23.5,10,2.869565217391304,0,2.1,0,21.39,52.74698795180724,1
23,93,2,0,2,1,1,18,1,1,1,56,66,1,0,2,0,69.60000000000001,23.5,10,2.869565217391304,4,2.1,4,21.39,46.120481927710856,1
26,99,2,1,2,1,0,24,2,13,0,65,68,1,2,2,0,75.6,32.5,3,2.6153846153846154,2,3.3,4,25.74,51.6144578313253,1
26,99,2,1,2,1,0,29,0,1,1,93,77,1,1,1,0,96.80000000000001,26.5,-16,2.9615384615384617,3,2.1,4,25.74,74.83534136546186,1
21,95,0,1,1,1,0,25,1,20,0,53,90,1,1,0,0,69.2,31.0,37,4.285714285714286,0,4.0,0,19.95,62.53012048192772,1
21,95,0,1,1,1,0,21,2,13,0,60,88,0,0,0,0,72.0,27.5,28,4.190476190476191,1,2.3,0,19.95,63.6144578313253,1
21,95,1,1,1,1,0,25,1,20,0,53,90,1,1,0,0,69.2,31.0,37,4.285714285714286,1,4.0,1,19.95,62.53012048192772,1
21,95,1,1,1,1,0,21,2,13,0,60,88,0,0,0,0,72.0,27.5,28,4.190476190476191,2,2.3,1,19.95,63.6144578313253,1
18,71,0,0,1,1,0,25,3,13,0,83,56,0,2,2,0,61.60000000000001,24.5,-27,3.111111111111111,-1,2.3,0,12.78,34.634538152610446,1
18,71,0,0,1,1,0,20,0,14,0,67,54,1,2,3,0,55.2,25.0,-13,3.0,-1,3.4000000000000004,0,12.78,29.927710843373493,1
18,71,1,0,2,1,0,25,3,13,0,83,56,0,2,2,0,61.60000000000001,24.5,-27,3.111111111111111,1,2.3,2,12.78,34.634538152610446,1
18,71,1,0,2,1,0,20,0,14,0,67,54,1,2,3,0,55.2,25.0,-13,3.0,1,3.4000000000000004,2,12.78,29.927710843373493,1
18,71,1,1,0,1,0,25,3,13,0,83,56,0,2,2,0,71.60000000000001,24.5,-27,3.111111111111111,-1,2.3,0,12.78,40.25702811244981,1
18,71,1,1,0,1,0,20,0,14,0,67,54,1,2,3,0,65.2,25.0,-13,3.0,-1,3.4000000000000004,0,12.78,35.34939759036145,1
18,71,1,0,1,1,0,25,3,13,0,83,56,0,2,2,0,61.60000000000001,24.5,-27,3.111111111111111,0,2.3,1,12.78,34.634538152610446,1
18,71,1,0,1,1,0,20,0,14,0,67,54,1,2,3,0,55.2,25.0,-13,3.0,0,3.4000000000000004,1,12.78,29.927710843373493,1
18,71,2,1,1,1,0,25,3,13,0,83,56,0,2,2,0,71.60000000000001,24.5,-27,3.111111111111111,1,2.3,2,12.78,40.25702811244981,1
18,71,2,1,1,1,0,20,0,14,0,67,54,1,2,3,0,65.2,25.0,-13,3.0,1,3.4000000000000004,2,12.78,35.34939759036145,1
18,71,0,1,1,1,0,25,3,13,0,83,56,0,2,2,0,71.60000000000001,24.5,-27,3.111111111111111,-1,2.3,0,12.78,40.25702811244981,1
18,71,0,1,1,1,0,20,0,14,0,67,54,1,2,3,0,65.2,25.0,-13,3.0,-1,3.4000000000000004,0,12.78,35.34939759036145,1
20,64,2,0,1,1,0,27,2,20,0,82,45,0,0,3,0,58.400000000000006,30.0,-37,2.25,3,3.0,2,12.8,26.385542168674704,1
20,64,1,1,1,1,0,27,2,20,0,82,45,0,0,3,0,68.4,30.0,-37,2.25,2,3.0,1,12.8,30.90361445783133,1
20,64,1,0,1,1,0,27,2,20,0,82,45,0,0,3,0,58.400000000000006,30.0,-37,2.25,2,3.0,1,12.8,26.385542168674704,1
20,64,0,1,2,1,0,27,2,20,0,82,45,0,0,3,0,68.4,30.0,-37,2.25,2,3.0,0,12.8,30.90361445783133,1
24,85,1,1,1,1,0,20,1,8,1,95,47,1,1,3,0,92.0,28.0,-48,1.9583333333333333,1,2.8,1,20.4,43.4136546184739,1
24,85,1,1,1,1,0,23,0,5,1,100,64,1,1,2,0,94.0,26.5,-36,2.6666666666666665,1,2.5,1,20.4,60.401606425702816,1
24,85,1,1,2,1,0,20,1,8,1,95,47,1,1,3,0,92.0,28.0,-48,1.9583333333333333,2,2.8,2,20.4,43.4136546184739,1
24,85,1,1,2,1,0,23,0,5,1,100,64,1,1,2,0,94.0,26.5,-36,2.6666666666666665,2,2.5,2,20.4,60.401606425702816,1
24,85,1,1,0,1,0,20,1,8,1,95,47,1,1,3,0,92.0,28.0,-48,1.9583333333333333,0,2.8,0,20.4,43.4136546184739,1
24,85,1,1,0,1,0,23,0,5,1,100,64,1,1,2,0,94.0,26.5,-36,2.6666666666666665,0,2.5,0,20.4,60.401606425702816,1
24,85,2,0,1,1,0,20,1,8,1,95,47,1,1,3,0,82.0,28.0,-48,1.9583333333333333,2,2.8,2,20.4,38.69477911646587,1
24,85,2,0,1,1,0,23,0,5,1,100,64,1,1,2,0,84.0,26.5,-36,2.6666666666666665,2,2.5,2,20.4,53.975903614457835,1
20,85,2,0,1,1,0,20,1,11,1,84,42,1,0,3,0,77.6,25.5,-42,2.1,3,3.1,2,17.0,32.72289156626506,1
25,64,0,1,0,1,0,21,1,9,1,87,46,1,0,3,0,80.4,29.5,-41,1.84,0,2.9,0,16.0,37.13253012048194,1
25,64,0,1,0,1,0,18,1,3,1,94,84,1,1,1,0,83.2,26.5,-10,3.36,-1,2.3,0,16.0,70.16867469879519,1
25,64,0,1,0,1,0,18,2,12,0,85,63,1,0,2,0,69.6,31.0,-22,2.52,0,3.2,0,16.0,44.02409638554217,1
25,64,0,1,0,1,0,26,3,1,0,98,88,1,2,0,1,74.80000000000001,25.5,-10,3.52,-2,2.1,0,16.0,66.08835341365463,1
25,64,0,1,0,1,0,23,2,4,1,58,55,1,1,2,0,68.80000000000001,27.0,-3,2.2,-1,2.4,0,16.0,37.991967871485954,1
25,64,0,1,0,1,0,28,3,18,0,60,99,1,2,0,0,59.6,34.0,39,3.96,-2,3.8,0,16.0,59.24096385542169,1
25,64,0,1,0,1,0,21,2,8,1,71,40,0,1,3,0,74.0,29.0,-31,1.6,-1,1.8,0,16.0,29.718875502008032,1
33,74,1,0,1,1,0,20,2,15,1,87,52,1,2,3,0,74.4,40.5,-35,1.5757575757575757,0,3.5,1,24.419999999999998,38.84337349397591,1
24,80,1,0,1,1,1,24,3,16,1,98,50,1,2,3,0,81.2,32.0,-48,2.0833333333333335,0,3.6,1,19.200000000000003,40.76305220883534,1
24,80,1,0,1,1,1,22,1,20,0,51,43,1,1,3,0,52.400000000000006,34.0,-8,1.7916666666666667,1,4.0,1,19.200000000000003,22.622489959839363,1
24,80,1,0,1,1,1,27,1,1,1,96,59,0,2,2,0,80.4,24.5,-37,2.4583333333333335,0,1.1,1,19.200000000000003,47.62650602409639,1
24,80,1,0,1,1,1,28,1,16,0,71,96,1,2,0,0,60.400000000000006,32.0,25,4.0,0,3.6,1,19.200000000000003,58.21686746987953,1
24,80,1,0,1,1,1,28,1,15,0,88,84,0,2,1,0,67.2,31.5,-4,3.5,0,2.5,1,19.200000000000003,56.67469879518073,1
24,80,2,1,2,1,1,24,3,16,1,98,50,1,2,3,0,91.2,32.0,-48,2.0833333333333335,2,3.6,4,19.200000000000003,45.78313253012048,1
24,80,2,1,2,1,1,22,1,20,0,51,43,1,1,3,0,62.400000000000006,34.0,-8,1.7916666666666667,3,4.0,4,19.200000000000003,26.939759036144583,1
24,80,2,1,2,1,1,27,1,1,1,96,59,0,2,2,0,90.4,24.5,-37,2.4583333333333335,2,1.1,4,19.200000000000003,53.55020080321285,1
24,80,2,1,2,1,1,28,1,16,0,71,96,1,2,0,0,70.4,32.0,25,4.0,2,3.6,4,19.200000000000003,67.85542168674701,1
24,80,2,1,2,1,1,28,1,15,0,88,84,0,2,1,0,77.2,31.5,-4,3.5,2,2.5,4,19.200000000000003,65.10843373493977,1
24,80,1,1,0,1,1,24,3,16,1,98,50,1,2,3,0,91.2,32.0,-48,2.0833333333333335,-1,3.6,0,19.200000000000003,45.78313253012048,1
24,80,1,1,0,1,1,22,1,20,0,51,43,1,1,3,0,62.400000000000006,34.0,-8,1.7916666666666667,0,4.0,0,19.200000000000003,26.939759036144583,1
24,80,1,1,0,1,1,27,1,1,1,96,59,0,2,2,0,90.4,24.5,-37,2.4583333333333335,-1,1.1,0,19.200000000000003,53.55020080321285,1
24,80,1,1,0,1,1,28,1,16,0,71,96,1,2,0,0,70.4,32.0,25,4.0,-1,3.6,0,19.200000000000003,67.85542168674701,1
24,80,1,1,0,1,1,28,1,15,0,88,84,0,2,1,0,77.2,31.5,-4,3.5,-1,2.5,0,19.200000000000003,65.10843373493977,1
24,80,2,0,1,1,1,24,3,16,1,98,50,1,2,3,0,81.2,32.0,-48,2.0833333333333335,1,3.6,2,19.200000000000003,40.76305220883534,1
24,80,2,0,1,1,1,22,1,20,0,51,43,1,1,3,0,52.400000000000006,34.0,-8,1.7916666666666667,2,4.0,2,19.200000000000003,22.622489959839363,1
24,80,2,0,1,1,1,27,1,1,1,96,59,0,2,2,0,80.4,24.5,-37,2.4583333333333335,1,1.1,2,19.200000000000003,47.62650602409639,1
24,80,2,0,1,1,1,28,1,16,0,71,96,1,2,0,0,60.400000000000006,32.0,25,4.0,1,3.6,2,19.200000000000003,58.21686746987953,1
24,80,2,0,1,1,1,28,1,15,0,88,84,0,2,1,0,67.2,31.5,-4,3.5,1,2.5,2,19.200000000000003,56.67469879518073,1
24,80,2,0,2,1,1,24,3,16,1,98,50,1,2,3,0,81.2,32.0,-48,2.0833333333333335,2,3.6,4,19.200000000000003,40.76305220883534,1
24,80,2,0,2,1,1,22,1,20,0,51,43,1,1,3,0,52.400000000000006,34.0,-8,1.7916666666666667,3,4.0,4,19.200000000000003,22.622489959839363,1
24,80,2,0,2,1,1,27,1,1,1,96,59,0,2,2,0,80.4,24.5,-37,2.4583333333333335,2,1.1,4,19.200000000000003,47.62650602409639,1
24,80,2,0,2,1,1,28,1,16,0,71,96,1,2,0,0,60.400000000000006,32.0,25,4.0,2,3.6,4,19.200000000000003,58.21686746987953,1
24,80,2,0,2,1,1,28,1,15,0,88,84,0,2,1,0,67.2,31.5,-4,3.5,2,2.5,4,19.200000000000003,56.67469879518073,1
24,80,1,0,0,1,1,24,3,16,1,98,50,1,2,3,0,81.2,32.0,-48,2.0833333333333335,-1,3.6,0,19.200000000000003,40.76305220883534,1
24,80,1,0,0,1,1,22,1,20,0,51,43,1,1,3,0,52.400000000000006,34.0,-8,1.7916666666666667,0,4.0,0,19.200000000000003,22.622489959839363,1
24,80,1,0,0,1,1,27,1,1,1,96,59,0,2,2,0,80.4,24.5,-37,2.4583333333333335,-1,1.1,0,19.200000000000003,47.62650602409639,1
24,80,1,0,0,1,1,28,1,16,0,71,96,1,2,0,0,60.400000000000006,32.0,25,4.0,-1,3.6,0,19.200000000000003,58.21686746987953,1
24,80,1,0,0,1,1,28,1,15,0,88,84,0,2,1,0,67.2,31.5,-4,3.5,-1,2.5,0,19.200000000000003,56.67469879518073,1
24,80,2,1,1,1,1,24,3,16,1,98,50,1,2,3,0,91.2,32.0,-48,2.0833333333333335,1,3.6,2,19.200000000000003,45.78313253012048,1
24,80,2,1,1,1,1,22,1,20,0,51,43,1,1,3,0,62.400000000000006,34.0,-8,1.7916666666666667,2,4.0,2,19.200000000000003,26.939759036144583,1
24,80,2,1,1,1,1,27,1,1,1,96,59,0,2,2,0,90.4,24.5,-37,2.4583333333333335,1,1.1,2,19.200000000000003,53.55020080321285,1
24,80,2,1,1,1,1,28,1,16,0,71,96,1,2,0,0,70.4,32.0,25,4.0,1,3.6,2,19.200000000000003,67.85542168674701,1
24,80,2,1,1,1,1,28,1,15,0,88,84,0,2,1,0,77.2,31.5,-4,3.5,1,2.5,2,19.200000000000003,65.10843373493977,1
16,98,0,1,1,1,1,28,0,11,0,63,43,1,2,3,0,74.4,21.5,-20,2.6875,-1,3.1,0,15.68,32.12048192771085,1
16,98,0,0,0,1,1,28,0,11,0,63,43,1,2,3,0,64.4,21.5,-20,2.6875,-2,3.1,0,15.68,27.803212851405625,1
31,69,0,1,1,1,1,29,1,3,0,55,85,1,1,0,0,59.6,32.5,30,2.7419354838709675,0,2.3,0,21.389999999999997,50.863453815261046,1
31,69,0,1,1,1,1,20,1,20,0,98,64,1,2,2,0,76.80000000000001,41.0,-34,2.064516129032258,-1,4.0,0,21.389999999999997,49.349397590361455,1
31,69,0,1,0,1,1,29,1,3,0,55,85,1,1,0,0,59.6,32.5,30,2.7419354838709675,-1,2.3,0,21.389999999999997,50.863453815261046,1
31,69,0,1,0,1,1,20,1,20,0,98,64,1,2,2,0,76.80000000000001,41.0,-34,2.064516129032258,-2,4.0,0,21.389999999999997,49.349397590361455,1
19,81,1,0,1,1,0,18,1,16,0,85,57,1,0,2,0,66.4,27.0,-28,3.0,2,3.6,1,15.39,38.00000000000001,1
19,81,1,0,1,1,0,20,2,2,1,76,74,1,2,1,0,72.8,20.0,-2,3.8947368421052633,0,2.2,1,15.39,54.088353413654616,1
19,81,2,0,1,1,0,18,1,16,0,85,57,1,0,2,0,66.4,27.0,-28,3.0,3,3.6,2,15.39,38.00000000000001,1
19,81,2,0,1,1,0,20,2,2,1,76,74,1,2,1,0,72.8,20.0,-2,3.8947368421052633,1,2.2,2,15.39,54.088353413654616,1
21,89,1,1,0,1,1,29,0,4,0,86,40,1,1,3,0,80.0,23.0,-46,1.9047619047619047,0,2.4,0,18.69,32.1285140562249,1
21,89,0,1,1,1,1,29,0,4,0,86,40,1,1,3,0,80.0,23.0,-46,1.9047619047619047,0,2.4,0,18.69,32.1285140562249,1
21,89,2,1,1,1,1,29,0,4,0,86,40,1,1,3,0,80.0,23.0,-46,1.9047619047619047,2,2.4,2,18.69,32.1285140562249,1
21,89,1,0,1,1,1,29,0,4,0,86,40,1,1,3,0,70.0,23.0,-46,1.9047619047619047,1,2.4,1,18.69,28.11244979919679,1
21,89,1,0,0,1,1,29,0,4,0,86,40,1,1,3,0,70.0,23.0,-46,1.9047619047619047,0,2.4,0,18.69,28.11244979919679,1
23,97,0,1,1,1,1,23,0,11,0,86,77,1,2,1,0,83.2,28.5,-9,3.347826086956522,-1,3.1,0,22.31,64.32128514056225,1
23,97,0,1,1,1,1,29,1,17,0,55,76,1,1,1,0,70.80000000000001,31.5,21,3.3043478260869565,0,3.7,0,22.31,54.02409638554218,1
23,97,0,1,1,1,1,20,2,9,0,60,99,1,0,0,0,72.80000000000001,27.5,39,4.304347826086956,1,2.9,0,22.31,72.36144578313255,1
23,97,2,1,0,1,1,23,0,11,0,86,77,1,2,1,0,83.2,28.5,-9,3.347826086956522,0,3.1,0,22.31,64.32128514056225,1
23,97,2,1,0,1,1,29,1,17,0,55,76,1,1,1,0,70.80000000000001,31.5,21,3.3043478260869565,1,3.7,0,22.31,54.02409638554218,1
23,97,2,1,0,1,1,20,2,9,0,60,99,1,0,0,0,72.80000000000001,27.5,39,4.304347826086956,2,2.9,0,22.31,72.36144578313255,1
23,97,1,1,1,1,1,23,0,11,0,86,77,1,2,1,0,83.2,28.5,-9,3.347826086956522,0,3.1,1,22.31,64.32128514056225,1
23,97,1,1,1,1,1,29,1,17,0,55,76,1,1,1,0,70.80000000000001,31.5,21,3.3043478260869565,1,3.7,1,22.31,54.02409638554218,1
23,97,1,1,1,1,1,20,2,9,0,60,99,1,0,0,0,72.80000000000001,27.5,39,4.304347826086956,2,2.9,1,22.31,72.36144578313255,1
23,97,0,1,2,1,1,23,0,11,0,86,77,1,2,1,0,83.2,28.5,-9,3.347826086956522,0,3.1,0,22.31,64.32128514056225,1
23,97,0,1,2,1,1,29,1,17,0,55,76,1,1,1,0,70.80000000000001,31.5,21,3.3043478260869565,1,3.7,0,22.31,54.02409638554218,1
23,97,0,1,2,1,1,20,2,9,0,60,99,1,0,0,0,72.80000000000001,27.5,39,4.304347826086956,2,2.9,0,22.31,72.36144578313255,1
23,97,2,1,1,1,1,23,0,11,0,86,77,1,2,1,0,83.2,28.5,-9,3.347826086956522,1,3.1,2,22.31,64.32128514056225,1
23,97,2,1,1,1,1,29,1,17,0,55,76,1,1,1,0,70.80000000000001,31.5,21,3.3043478260869565,2,3.7,2,22.31,54.02409638554218,1
23,97,2,1,1,1,1,20,2,9,0,60,99,1,0,0,0,72.80000000000001,27.5,39,4.304347826086956,3,2.9,2,22.31,72.36144578313255,1
21,75,1,1,0,1,1,18,1,12,1,100,55,0,2,2,0,90.0,27.0,-45,2.619047619047619,-1,2.2,0,15.75,49.69879518072289,1
21,75,1,1,0,1,1,25,1,2,1,56,56,1,2,2,0,72.4,22.0,0,2.6666666666666665,-1,2.2,0,15.75,40.70682730923695,1
21,75,1,1,0,1,1,25,2,12,1,86,56,0,2,2,0,84.4,27.0,-30,2.6666666666666665,-1,2.2,0,15.75,47.453815261044184,1
21,75,1,1,0,1,1,20,1,10,0,69,49,0,1,3,0,67.6,26.0,-20,2.3333333333333335,0,2.0,0,15.75,33.2570281124498,1
21,75,1,1,0,1,1,19,3,9,1,50,90,1,1,0,0,70.0,25.5,40,4.285714285714286,0,2.9,0,15.75,63.25301204819278,1
21,75,2,1,1,1,1,18,1,12,1,100,55,0,2,2,0,90.0,27.0,-45,2.619047619047619,1,2.2,2,15.75,49.69879518072289,1
21,75,2,1,1,1,1,25,1,2,1,56,56,1,2,2,0,72.4,22.0,0,2.6666666666666665,1,2.2,2,15.75,40.70682730923695,1
21,75,2,1,1,1,1,25,2,12,1,86,56,0,2,2,0,84.4,27.0,-30,2.6666666666666665,1,2.2,2,15.75,47.453815261044184,1
21,75,2,1,1,1,1,20,1,10,0,69,49,0,1,3,0,67.6,26.0,-20,2.3333333333333335,2,2.0,2,15.75,33.2570281124498,1
21,75,2,1,1,1,1,19,3,9,1,50,90,1,1,0,0,70.0,25.5,40,4.285714285714286,2,2.9,2,15.75,63.25301204819278,1
21,75,0,1,2,1,1,18,1,12,1,100,55,0,2,2,0,90.0,27.0,-45,2.619047619047619,0,2.2,0,15.75,49.69879518072289,1
21,75,0,1,2,1,1,25,1,2,1,56,56,1,2,2,0,72.4,22.0,0,2.6666666666666665,0,2.2,0,15.75,40.70682730923695,1
21,75,0,1,2,1,1,25,2,12,1,86,56,0,2,2,0,84.4,27.0,-30,2.6666666666666665,0,2.2,0,15.75,47.453815261044184,1
21,75,0,1,2,1,1,20,1,10,0,69,49,0,1,3,0,67.6,26.0,-20,2.3333333333333335,1,2.0,0,15.75,33.2570281124498,1
21,75,0,1,2,1,1,19,3,9,1,50,90,1,1,0,0,70.0,25.5,40,4.285714285714286,1,2.9,0,15.75,63.25301204819278,1
21,75,1,1,1,1,1,18,1,12,1,100,55,0,2,2,0,90.0,27.0,-45,2.619047619047619,0,2.2,1,15.75,49.69879518072289,1
21,75,1,1,1,1,1,25,1,2,1,56,56,1,2,2,0,72.4,22.0,0,2.6666666666666665,0,2.2,1,15.75,40.70682730923695,1
21,75,1,1,1,1,1,25,2,12,1,86,56,0,2,2,0,84.4,27.0,-30,2.6666666666666665,0,2.2,1,15.75,47.453815261044184,1
21,75,1,1,1,1,1,20,1,10,0,69,49,0,1,3,0,67.6,26.0,-20,2.3333333333333335,1,2.0,1,15.75,33.2570281124498,1
21,75,1,1,1,1,1,19,3,9,1,50,90,1,1,0,0,70.0,25.5,40,4.285714285714286,1,2.9,1,15.75,63.25301204819278,1
21,75,0,1,1,1,1,18,1,12,1,100,55,0,2,2,0,90.0,27.0,-45,2.619047619047619,-1,2.2,0,15.75,49.69879518072289,1
21,75,0,1,1,1,1,25,1,2,1,56,56,1,2,2,0,72.4,22.0,0,2.6666666666666665,-1,2.2,0,15.75,40.70682730923695,1
21,75,0,1,1,1,1,25,2,12,1,86,56,0,2,2,0,84.4,27.0,-30,2.6666666666666665,-1,2.2,0,15.75,47.453815261044184,1
21,75,0,1,1,1,1,20,1,10,0,69,49,0,1,3,0,67.6,26.0,-20,2.3333333333333335,0,2.0,0,15.75,33.2570281124498,1
21,75,0,1,1,1,1,19,3,9,1,50,90,1,1,0,0,70.0,25.5,40,4.285714285714286,0,2.9,0,15.75,63.25301204819278,1
34,64,1,0,2,1,0,26,3,2,0,85,74,1,1,1,0,59.6,35.0,-11,2.176470588235294,2,2.2,2,21.76,44.28112449799197,1
21,72,2,1,0,1,0,25,2,13,1,94,61,1,1,2,0,86.4,27.5,-33,2.9047619047619047,1,3.3,0,15.12,52.915662650602414,1
21,72,2,1,0,1,0,23,2,3,0,84,89,0,2,0,0,72.4,22.5,5,4.238095238095238,0,1.3,0,15.12,64.69477911646587,1
21,72,0,1,0,1,0,25,2,13,1,94,61,1,1,2,0,86.4,27.5,-33,2.9047619047619047,-1,3.3,0,15.12,52.915662650602414,1
21,72,0,1,0,1,0,23,2,3,0,84,89,0,2,0,0,72.4,22.5,5,4.238095238095238,-2,1.3,0,15.12,64.69477911646587,1
26,66,1,0,1,1,0,27,3,8,1,66,47,1,2,3,0,62.800000000000004,30.0,-19,1.8076923076923077,0,2.8,1,17.16,29.634538152610446,1
26,66,1,0,1,1,0,24,3,14,0,57,88,1,1,0,0,49.2,33.0,31,3.3846153846153846,1,3.4000000000000004,1,17.16,43.46987951807229,1
26,66,1,0,1,1,0,22,3,0,0,90,83,0,0,1,0,62.400000000000006,26.0,-7,3.1923076923076925,2,1.0,1,17.16,52.000000000000014,1
26,66,1,1,2,1,0,27,3,8,1,66,47,1,2,3,0,72.80000000000001,30.0,-19,1.8076923076923077,1,2.8,2,17.16,34.353413654618485,1
26,66,1,1,2,1,0,24,3,14,0,57,88,1,1,0,0,59.2,33.0,31,3.3846153846153846,2,3.4000000000000004,2,17.16,52.30522088353414,1
26,66,1,1,2,1,0,22,3,0,0,90,83,0,0,1,0,72.4,26.0,-7,3.1923076923076925,3,1.0,2,17.16,60.333333333333336,1
26,66,2,0,2,1,0,27,3,8,1,66,47,1,2,3,0,62.800000000000004,30.0,-19,1.8076923076923077,2,2.8,4,17.16,29.634538152610446,1
26,66,2,0,2,1,0,24,3,14,0,57,88,1,1,0,0,49.2,33.0,31,3.3846153846153846,3,3.4000000000000004,4,17.16,43.46987951807229,1
26,66,2,0,2,1,0,22,3,0,0,90,83,0,0,1,0,62.400000000000006,26.0,-7,3.1923076923076925,4,1.0,4,17.16,52.000000000000014,1
26,66,2,1,1,1,0,27,3,8,1,66,47,1,2,3,0,72.80000000000001,30.0,-19,1.8076923076923077,1,2.8,2,17.16,34.353413654618485,1
26,66,2,1,1,1,0,24,3,14,0,57,88,1,1,0,0,59.2,33.0,31,3.3846153846153846,2,3.4000000000000004,2,17.16,52.30522088353414,1
26,66,2,1,1,1,0,22,3,0,0,90,83,0,0,1,0,72.4,26.0,-7,3.1923076923076925,3,1.0,2,17.16,60.333333333333336,1
27,82,2,0,0,1,1,26,1,16,0,55,88,1,2,0,0,54.800000000000004,35.0,33,3.259259259259259,0,3.6,0,22.139999999999997,48.41767068273093,1
27,82,2,0,0,1,1,27,1,11,1,69,44,0,1,3,0,70.4,32.5,-25,1.6296296296296295,1,2.1,0,22.139999999999997,31.10040160642571,1
27,82,2,0,0,1,1,27,3,17,1,73,47,1,1,3,0,72.0,35.5,-26,1.7407407407407407,1,3.7,0,22.139999999999997,33.975903614457835,1
27,82,2,0,0,1,1,19,3,1,0,62,56,0,1,2,0,57.60000000000001,27.5,-6,2.074074074074074,1,1.1,0,22.139999999999997,32.385542168674704,1
27,82,1,1,0,1,1,26,1,16,0,55,88,1,2,0,0,64.80000000000001,35.0,33,3.259259259259259,-1,3.6,0,22.139999999999997,57.25301204819278,1
27,82,1,1,0,1,1,27,1,11,1,69,44,0,1,3,0,80.4,32.5,-25,1.6296296296296295,0,2.1,0,22.139999999999997,35.518072289156635,1
27,82,1,1,0,1,1,27,3,17,1,73,47,1,1,3,0,82.0,35.5,-26,1.7407407407407407,0,3.7,0,22.139999999999997,38.69477911646587,1
27,82,1,1,0,1,1,19,3,1,0,62,56,0,1,2,0,67.60000000000001,27.5,-6,2.074074074074074,0,1.1,0,22.139999999999997,38.00803212851406,1
27,82,1,0,2,1,1,26,1,16,0,55,88,1,2,0,0,54.800000000000004,35.0,33,3.259259259259259,1,3.6,2,22.139999999999997,48.41767068273093,1
27,82,1,0,2,1,1,27,1,11,1,69,44,0,1,3,0,70.4,32.5,-25,1.6296296296296295,2,2.1,2,22.139999999999997,31.10040160642571,1
27,82,1,0,2,1,1,27,3,17,1,73,47,1,1,3,0,72.0,35.5,-26,1.7407407407407407,2,3.7,2,22.139999999999997,33.975903614457835,1
27,82,1,0,2,1,1,19,3,1,0,62,56,0,1,2,0,57.60000000000001,27.5,-6,2.074074074074074,2,1.1,2,22.139999999999997,32.385542168674704,1
27,82,0,1,1,1,1,26,1,16,0,55,88,1,2,0,0,64.80000000000001,35.0,33,3.259259259259259,-1,3.6,0,22.139999999999997,57.25301204819278,1
27,82,0,1,1,1,1,27,1,11,1,69,44,0,1,3,0,80.4,32.5,-25,1.6296296296296295,0,2.1,0,22.139999999999997,35.518072289156635,1
27,82,0,1,1,1,1,27,3,17,1,73,47,1,1,3,0,82.0,35.5,-26,1.7407407407407407,0,3.7,0,22.139999999999997,38.69477911646587,1
27,82,0,1,1,1,1,19,3,1,0,62,56,0,1,2,0,67.60000000000001,27.5,-6,2.074074074074074,0,1.1,0,22.139999999999997,38.00803212851406,1
27,81,1,0,1,1,1,21,3,17,1,95,99,0,1,0,0,80.4,35.5,4,3.6666666666666665,1,2.7,1,21.87,79.91566265060243,1
27,81,1,0,1,1,1,18,2,5,1,59,98,1,0,0,0,66.0,29.5,39,3.6296296296296298,2,2.5,1,21.87,64.93975903614458,1
27,81,1,0,1,1,1,25,2,7,0,89,94,1,0,0,0,68.0,30.5,5,3.4814814814814814,2,2.7,1,21.87,64.17670682730925,1
27,81,0,1,1,1,1,21,3,17,1,95,99,0,1,0,0,90.4,35.5,4,3.6666666666666665,0,2.7,0,21.87,89.855421686747,1
27,81,0,1,1,1,1,18,2,5,1,59,98,1,0,0,0,76.0,29.5,39,3.6296296296296298,1,2.5,0,21.87,74.77911646586345,1
27,81,0,1,1,1,1,25,2,7,0,89,94,1,0,0,0,78.0,30.5,5,3.4814814814814814,1,2.7,0,21.87,73.61445783132531,1
27,81,2,0,0,1,1,21,3,17,1,95,99,0,1,0,0,80.4,35.5,4,3.6666666666666665,1,2.7,0,21.87,79.91566265060243,1
27,81,2,0,0,1,1,18,2,5,1,59,98,1,0,0,0,66.0,29.5,39,3.6296296296296298,2,2.5,0,21.87,64.93975903614458,1
27,81,2,0,0,1,1,25,2,7,0,89,94,1,0,0,0,68.0,30.5,5,3.4814814814814814,2,2.7,0,21.87,64.17670682730925,1
30,85,1,1,0,1,0,18,1,2,1,76,83,1,0,1,0,84.4,31.0,7,2.7666666666666666,1,2.2,0,25.5,70.33333333333334,1
30,85,1,1,0,1,0,29,1,16,1,57,72,0,2,1,0,76.8,38.0,15,2.4,-1,2.6,0,25.5,55.51807228915663,1
30,85,1,1,0,1,0,28,3,1,1,72,73,0,0,1,0,82.8,30.5,1,2.433333333333333,1,1.1,0,25.5,60.68674698795181,1
30,85,1,1,0,1,0,28,1,10,1,99,92,1,2,0,0,93.6,35.0,-7,3.066666666666667,-1,3.0,0,25.5,86.45783132530121,1
30,85,1,1,0,1,0,19,2,7,1,53,52,0,2,3,0,75.2,33.5,-1,1.7333333333333334,-1,1.7000000000000002,0,25.5,39.26104417670683,1
30,85,0,1,2,1,0,18,1,2,1,76,83,1,0,1,0,84.4,31.0,7,2.7666666666666666,2,2.2,0,25.5,70.33333333333334,1
30,85,0,1,2,1,0,29,1,16,1,57,72,0,2,1,0,76.8,38.0,15,2.4,0,2.6,0,25.5,55.51807228915663,1
30,85,0,1,2,1,0,28,3,1,1,72,73,0,0,1,0,82.8,30.5,1,2.433333333333333,2,1.1,0,25.5,60.68674698795181,1
30,85,0,1,2,1,0,28,1,10,1,99,92,1,2,0,0,93.6,35.0,-7,3.066666666666667,0,3.0,0,25.5,86.45783132530121,1
30,85,0,1,2,1,0,19,2,7,1,53,52,0,2,3,0,75.2,33.5,-1,1.7333333333333334,0,1.7000000000000002,0,25.5,39.26104417670683,1
30,85,1,0,1,1,0,18,1,2,1,76,83,1,0,1,0,74.4,31.0,7,2.7666666666666666,2,2.2,1,25.5,62.00000000000001,1
30,85,1,0,1,1,0,29,1,16,1,57,72,0,2,1,0,66.8,38.0,15,2.4,0,2.6,1,25.5,48.28915662650603,1
30,85,1,0,1,1,0,28,3,1,1,72,73,0,0,1,0,72.8,30.5,1,2.433333333333333,2,1.1,1,25.5,53.3574297188755,1
30,85,1,0,1,1,0,28,1,10,1,99,92,1,2,0,0,83.6,35.0,-7,3.066666666666667,0,3.0,1,25.5,77.22088353413655,1
30,85,1,0,1,1,0,19,2,7,1,53,52,0,2,3,0,65.2,33.5,-1,1.7333333333333334,0,1.7000000000000002,1,25.5,34.040160642570285,1
30,85,1,0,0,1,0,18,1,2,1,76,83,1,0,1,0,74.4,31.0,7,2.7666666666666666,1,2.2,0,25.5,62.00000000000001,1
30,85,1,0,0,1,0,29,1,16,1,57,72,0,2,1,0,66.8,38.0,15,2.4,-1,2.6,0,25.5,48.28915662650603,1
30,85,1,0,0,1,0,28,3,1,1,72,73,0,0,1,0,72.8,30.5,1,2.433333333333333,1,1.1,0,25.5,53.3574297188755,1
30,85,1,0,0,1,0,28,1,10,1,99,92,1,2,0,0,83.6,35.0,-7,3.066666666666667,-1,3.0,0,25.5,77.22088353413655,1
30,85,1,0,0,1,0,19,2,7,1,53,52,0,2,3,0,65.2,33.5,-1,1.7333333333333334,-1,1.7000000000000002,0,25.5,34.040160642570285,1
30,98,0,1,2,1,1,21,2,10,1,60,44,1,2,3,0,83.2,35.0,-16,1.4666666666666666,0,3.0,0,29.4,36.75502008032129,1
30,98,0,1,1,1,1,21,2,10,1,60,44,1,2,3,0,83.2,35.0,-16,1.4666666666666666,-1,3.0,0,29.4,36.75502008032129,1
30,98,2,0,2,1,1,21,2,10,1,60,44,1,2,3,0,73.2,35.0,-16,1.4666666666666666,2,3.0,4,29.4,32.337349397590366,1
30,98,1,0,2,1,1,21,2,10,1,60,44,1,2,3,0,73.2,35.0,-16,1.4666666666666666,1,3.0,2,29.4,32.337349397590366,1
30,98,1,1,1,1,1,21,2,10,1,60,44,1,2,3,0,83.2,35.0,-16,1.4666666666666666,0,3.0,1,29.4,36.75502008032129,1
23,87,2,0,1,1,0,22,2,13,1,62,66,1,1,2,0,69.60000000000001,29.5,4,2.869565217391304,2,3.3,2,20.01,46.120481927710856,1
23,87,2,0,1,1,0,22,2,1,1,81,53,1,2,3,0,77.2,23.5,-28,2.3043478260869565,1,2.1,2,20.01,41.08032128514057,1
23,87,0,0,0,1,0,22,2,13,1,62,66,1,1,2,0,69.60000000000001,29.5,4,2.869565217391304,-1,3.3,0,20.01,46.120481927710856,1
23,87,0,0,0,1,0,22,2,1,1,81,53,1,2,3,0,77.2,23.5,-28,2.3043478260869565,-2,2.1,0,20.01,41.08032128514057,1
23,87,2,0,2,1,0,22,2,13,1,62,66,1,1,2,0,69.60000000000001,29.5,4,2.869565217391304,3,3.3,4,20.01,46.120481927710856,1
23,87,2,0,2,1,0,22,2,1,1,81,53,1,2,3,0,77.2,23.5,-28,2.3043478260869565,2,2.1,4,20.01,41.08032128514057,1
23,87,2,1,2,1,0,22,2,13,1,62,66,1,1,2,0,79.60000000000001,29.5,4,2.869565217391304,3,3.3,4,20.01,52.74698795180724,1
23,87,2,1,2,1,0,22,2,1,1,81,53,1,2,3,0,87.2,23.5,-28,2.3043478260869565,2,2.1,4,20.01,46.401606425702816,1
23,87,1,0,1,1,0,22,2,13,1,62,66,1,1,2,0,69.60000000000001,29.5,4,2.869565217391304,1,3.3,1,20.01,46.120481927710856,1
23,87,1,0,1,1,0,22,2,1,1,81,53,1,2,3,0,77.2,23.5,-28,2.3043478260869565,0,2.1,1,20.01,41.08032128514057,1
23,87,0,1,1,1,0,22,2,13,1,62,66,1,1,2,0,79.60000000000001,29.5,4,2.869565217391304,0,3.3,0,20.01,52.74698795180724,1
23,87,0,1,1,1,0,22,2,1,1,81,53,1,2,3,0,87.2,23.5,-28,2.3043478260869565,-1,2.1,0,20.01,46.401606425702816,1
26,78,2,1,0,1,0,19,2,15,0,53,73,1,2,1,0,62.400000000000006,33.5,20,2.8076923076923075,0,3.5,0,20.28,45.73493975903615,1
26,78,2,1,0,1,0,18,1,14,1,65,48,1,1,3,0,77.2,33.0,-17,1.8461538461538463,1,3.4000000000000004,0,20.28,37.20481927710844,1
26,78,2,1,0,1,0,20,0,5,0,59,71,1,2,1,0,64.80000000000001,28.5,12,2.730769230769231,0,2.5,0,20.28,46.19277108433736,1
26,78,2,1,0,1,0,25,0,13,0,78,66,0,1,2,0,72.4,32.5,-12,2.5384615384615383,1,2.3,0,20.28,47.975903614457835,1
26,78,1,0,1,1,0,19,2,15,0,53,73,1,2,1,0,52.400000000000006,33.5,20,2.8076923076923075,0,3.5,1,20.28,38.405622489959846,1
26,78,1,0,1,1,0,18,1,14,1,65,48,1,1,3,0,67.2,33.0,-17,1.8461538461538463,1,3.4000000000000004,1,20.28,32.385542168674704,1
26,78,1,0,1,1,0,20,0,5,0,59,71,1,2,1,0,54.800000000000004,28.5,12,2.730769230769231,0,2.5,1,20.28,39.06425702811246,1
26,78,1,0,1,1,0,25,0,13,0,78,66,0,1,2,0,62.400000000000006,32.5,-12,2.5384615384615383,1,2.3,1,20.28,41.349397590361455,1
27,96,0,1,1,1,1,28,2,0,0,89,46,1,2,3,0,84.0,27.0,-43,1.7037037037037037,-1,2.0,0,25.919999999999998,38.795180722891565,1
27,96,1,0,1,1,1,28,2,0,0,89,46,1,2,3,0,74.0,27.0,-43,1.7037037037037037,0,2.0,1,25.919999999999998,34.17670682730924,1
18,63,2,0,1,1,0,27,1,18,1,93,54,0,2,3,0,72.4,27.0,-39,3.0,1,2.8,2,11.34,39.25301204819277,1
18,63,0,0,1,1,0,27,1,18,1,93,54,0,2,3,0,72.4,27.0,-39,3.0,-1,2.8,0,11.34,39.25301204819277,1
18,63,2,1,1,1,0,27,1,18,1,93,54,0,2,3,0,82.4,27.0,-39,3.0,1,2.8,2,11.34,44.674698795180724,1
18,63,1,1,0,1,0,27,1,18,1,93,54,0,2,3,0,82.4,27.0,-39,3.0,-1,2.8,0,11.34,44.674698795180724,1
28,97,1,0,0,1,0,21,1,3,1,98,71,1,2,1,0,88.0,29.5,-27,2.5357142857142856,-1,2.3,0,27.16,62.730923694779115,1
28,97,0,1,0,1,0,21,1,3,1,98,71,1,2,1,0,98.0,29.5,-27,2.5357142857142856,-2,2.3,0,27.16,69.85943775100402,1
19,75,1,0,2,1,1,19,3,18,0,57,45,0,0,3,0,52.8,28.0,-12,2.3684210526315788,3,2.8,2,14.25,23.85542168674699,1
19,75,1,0,2,1,1,28,3,1,0,57,48,0,2,3,0,52.8,19.5,-9,2.526315789473684,1,1.1,2,14.25,25.445783132530124,1
19,75,2,1,2,1,1,19,3,18,0,57,45,0,0,3,0,62.8,28.0,-12,2.3684210526315788,4,2.8,4,14.25,28.373493975903614,1
19,75,2,1,2,1,1,28,3,1,0,57,48,0,2,3,0,62.8,19.5,-9,2.526315789473684,2,1.1,4,14.25,30.265060240963855,1
19,75,1,0,0,1,1,19,3,18,0,57,45,0,0,3,0,52.8,28.0,-12,2.3684210526315788,1,2.8,0,14.25,23.85542168674699,1
19,75,1,0,0,1,1,28,3,1,0,57,48,0,2,3,0,52.8,19.5,-9,2.526315789473684,-1,1.1,0,14.25,25.445783132530124,1
19,75,1,1,0,1,1,19,3,18,0,57,45,0,0,3,0,62.8,28.0,-12,2.3684210526315788,1,2.8,0,14.25,28.373493975903614,1
19,75,1,1,0,1,1,28,3,1,0,57,48,0,2,3,0,62.8,19.5,-9,2.526315789473684,-1,1.1,0,14.25,30.265060240963855,1
20,78,1,0,0,1,0,22,3,3,1,93,67,1,2,2,0,78.4,21.5,-26,3.35,-1,2.3,0,15.600000000000001,52.73895582329318,1
20,78,1,0,0,1,0,21,1,9,1,51,57,0,2,2,0,61.60000000000001,24.5,6,2.85,-1,1.9,0,15.600000000000001,35.25301204819278,1
20,78,2,1,1,1,0,22,3,3,1,93,67,1,2,2,0,88.4,21.5,-26,3.35,1,2.3,2,15.600000000000001,59.465863453815274,1
20,78,2,1,1,1,0,21,1,9,1,51,57,0,2,2,0,71.60000000000001,24.5,6,2.85,1,1.9,2,15.600000000000001,40.97590361445784,1
20,78,0,0,1,1,0,22,3,3,1,93,67,1,2,2,0,78.4,21.5,-26,3.35,-1,2.3,0,15.600000000000001,52.73895582329318,1
20,78,0,0,1,1,0,21,1,9,1,51,57,0,2,2,0,61.60000000000001,24.5,6,2.85,-1,1.9,0,15.600000000000001,35.25301204819278,1
30,61,2,0,0,1,1,27,0,17,1,75,63,1,0,2,0,64.4,38.5,-12,2.1,2,3.7,0,18.3,40.734939759036145,1
16,74,0,0,2,1,0,21,1,17,1,59,46,1,0,3,0,63.2,24.5,-13,2.875,2,3.7,0,11.84,29.188755020080325,1
16,74,1,1,0,1,0,21,1,17,1,59,46,1,0,3,0,73.2,24.5,-13,2.875,1,3.7,0,11.84,33.807228915662655,1
16,74,2,1,1,1,0,21,1,17,1,59,46,1,0,3,0,73.2,24.5,-13,2.875,3,3.7,2,11.84,33.807228915662655,1
16,74,2,1,0,1,0,21,1,17,1,59,46,1,0,3,0,73.2,24.5,-13,2.875,2,3.7,0,11.84,33.807228915662655,1
16,74,0,1,1,1,0,21,1,17,1,59,46,1,0,3,0,73.2,24.5,-13,2.875,1,3.7,0,11.84,33.807228915662655,1
16,74,1,0,1,1,0,21,1,17,1,59,46,1,0,3,0,63.2,24.5,-13,2.875,2,3.7,1,11.84,29.188755020080325,1
30,73,1,0,1,1,1,29,0,12,0,64,94,1,1,0,0,54.800000000000004,36.0,30,3.1333333333333333,1,3.2,1,21.9,51.71887550200804,1
30,73,1,0,1,1,1,25,0,18,1,65,91,0,1,0,0,65.2,39.0,26,3.033333333333333,1,2.8,1,21.9,59.570281124497996,1
30,73,1,0,1,1,1,27,2,5,1,65,79,1,0,1,0,65.2,32.5,14,2.6333333333333333,2,2.5,1,21.9,51.71485943775101,1
30,73,1,0,1,1,1,28,1,4,1,74,89,1,2,0,0,68.80000000000001,32.0,15,2.966666666666667,0,2.4,1,21.9,61.47791164658636,1
30,73,1,0,1,1,1,22,2,16,1,89,73,1,2,1,0,74.80000000000001,38.0,-16,2.433333333333333,0,3.6,1,21.9,54.823293172690775,1
30,73,1,1,0,1,1,29,0,12,0,64,94,1,1,0,0,64.80000000000001,36.0,30,3.1333333333333333,0,3.2,0,21.9,61.156626506024104,1
30,73,1,1,0,1,1,25,0,18,1,65,91,0,1,0,0,75.2,39.0,26,3.033333333333333,0,2.8,0,21.9,68.70682730923696,1
30,73,1,1,0,1,1,27,2,5,1,65,79,1,0,1,0,75.2,32.5,14,2.6333333333333333,1,2.5,0,21.9,59.64658634538153,1
30,73,1,1,0,1,1,28,1,4,1,74,89,1,2,0,0,78.80000000000001,32.0,15,2.966666666666667,-1,2.4,0,21.9,70.41365461847391,1
30,73,1,1,0,1,1,22,2,16,1,89,73,1,2,1,0,84.80000000000001,38.0,-16,2.433333333333333,-1,3.6,0,21.9,62.15261044176708,1
26,64,2,0,0,1,1,28,0,12,1,52,87,1,1,0,0,56.400000000000006,32.0,35,3.3461538461538463,1,3.2,0,16.64,49.26506024096386,1
26,64,2,0,0,1,1,27,1,2,1,53,84,1,1,1,0,56.800000000000004,27.0,31,3.230769230769231,1,2.2,0,16.64,47.90361445783133,1
26,64,1,0,2,1,1,28,0,12,1,52,87,1,1,0,0,56.400000000000006,32.0,35,3.3461538461538463,2,3.2,2,16.64,49.26506024096386,1
26,64,1,0,2,1,1,27,1,2,1,53,84,1,1,1,0,56.800000000000004,27.0,31,3.230769230769231,2,2.2,2,16.64,47.90361445783133,1
26,64,2,0,1,1,1,28,0,12,1,52,87,1,1,0,0,56.400000000000006,32.0,35,3.3461538461538463,2,3.2,2,16.64,49.26506024096386,1
26,64,2,0,1,1,1,27,1,2,1,53,84,1,1,1,0,56.800000000000004,27.0,31,3.230769230769231,2,2.2,2,16.64,47.90361445783133,1
26,64,1,0,1,1,1,28,0,12,1,52,87,1,1,0,0,56.400000000000006,32.0,35,3.3461538461538463,1,3.2,1,16.64,49.26506024096386,1
26,64,1,0,1,1,1,27,1,2,1,53,84,1,1,1,0,56.800000000000004,27.0,31,3.230769230769231,1,2.2,1,16.64,47.90361445783133,1
26,64,0,1,0,1,1,28,0,12,1,52,87,1,1,0,0,66.4,32.0,35,3.3461538461538463,-1,3.2,0,16.64,58.00000000000001,1
26,64,0,1,0,1,1,27,1,2,1,53,84,1,1,1,0,66.80000000000001,27.0,31,3.230769230769231,-1,2.2,0,16.64,56.33734939759037,1
26,64,1,1,2,1,1,28,0,12,1,52,87,1,1,0,0,66.4,32.0,35,3.3461538461538463,2,3.2,2,16.64,58.00000000000001,1
26,64,1,1,2,1,1,27,1,2,1,53,84,1,1,1,0,66.80000000000001,27.0,31,3.230769230769231,2,2.2,2,16.64,56.33734939759037,1
34,61,1,0,1,1,1,28,3,11,1,97,80,1,1,1,1,73.2,39.5,-17,2.3529411764705883,1,3.1,1,20.74,58.79518072289157,1
34,61,1,0,1,1,1,20,1,10,0,53,60,1,1,2,0,45.60000000000001,39.0,7,1.7647058823529411,1,3.0,1,20.74,27.469879518072293,1
34,61,1,0,1,1,1,21,1,15,1,69,52,1,2,3,0,62.0,41.5,-17,1.5294117647058822,0,3.5,1,20.74,32.36947791164659,1
34,61,1,0,1,1,1,29,3,9,1,51,64,1,1,2,0,54.800000000000004,38.5,13,1.8823529411764706,1,2.9,1,20.74,35.212851405622494,1
34,61,1,1,2,1,1,28,3,11,1,97,80,1,1,1,1,83.2,39.5,-17,2.3529411764705883,2,3.1,2,20.74,66.8273092369478,1
34,61,1,1,2,1,1,20,1,10,0,53,60,1,1,2,0,55.60000000000001,39.0,7,1.7647058823529411,2,3.0,2,20.74,33.49397590361447,1
34,61,1,1,2,1,1,21,1,15,1,69,52,1,2,3,0,72.0,41.5,-17,1.5294117647058822,1,3.5,2,20.74,37.59036144578313,1
34,61,1,1,2,1,1,29,3,9,1,51,64,1,1,2,0,64.80000000000001,38.5,13,1.8823529411764706,2,2.9,2,20.74,41.638554216867476,1
26,79,0,0,1,1,1,25,2,13,1,93,47,1,2,3,0,78.80000000000001,32.5,-46,1.8076923076923077,-1,3.3,0,20.54,37.1847389558233,1
26,79,0,0,1,1,1,29,2,20,1,90,75,1,1,1,0,77.6,36.0,-15,2.8846153846153846,0,4.0,0,20.54,58.43373493975904,1
26,79,0,0,1,1,1,27,3,0,0,89,76,1,1,1,0,67.2,26.0,-13,2.923076923076923,0,2.0,0,20.54,51.277108433734945,1
26,79,0,0,1,1,1,25,3,7,0,55,83,0,0,1,0,53.6,29.5,28,3.1923076923076925,1,1.7000000000000002,0,20.54,44.66666666666667,1
26,79,2,0,1,1,1,25,2,13,1,93,47,1,2,3,0,78.80000000000001,32.5,-46,1.8076923076923077,1,3.3,2,20.54,37.1847389558233,1
26,79,2,0,1,1,1,29,2,20,1,90,75,1,1,1,0,77.6,36.0,-15,2.8846153846153846,2,4.0,2,20.54,58.43373493975904,1
26,79,2,0,1,1,1,27,3,0,0,89,76,1,1,1,0,67.2,26.0,-13,2.923076923076923,2,2.0,2,20.54,51.277108433734945,1
26,79,2,0,1,1,1,25,3,7,0,55,83,0,0,1,0,53.6,29.5,28,3.1923076923076925,3,1.7000000000000002,2,20.54,44.66666666666667,1
26,79,0,1,1,1,1,25,2,13,1,93,47,1,2,3,0,88.80000000000001,32.5,-46,1.8076923076923077,-1,3.3,0,20.54,41.90361445783134,1
26,79,0,1,1,1,1,29,2,20,1,90,75,1,1,1,0,87.6,36.0,-15,2.8846153846153846,0,4.0,0,20.54,65.96385542168674,1
26,79,0,1,1,1,1,27,3,0,0,89,76,1,1,1,0,77.2,26.0,-13,2.923076923076923,0,2.0,0,20.54,58.90763052208836,1
26,79,0,1,1,1,1,25,3,7,0,55,83,0,0,1,0,63.6,29.5,28,3.1923076923076925,1,1.7000000000000002,0,20.54,53.00000000000001,1
18,98,0,0,1,1,1,26,0,8,1,72,48,1,2,3,0,78.0,22.0,-24,2.6666666666666665,-1,2.8,0,17.64,37.59036144578314,1
18,98,2,1,1,1,1,26,0,8,1,72,48,1,2,3,0,88.0,22.0,-24,2.6666666666666665,1,2.8,2,17.64,42.40963855421687,1
18,98,1,1,1,1,1,26,0,8,1,72,48,1,2,3,0,88.0,22.0,-24,2.6666666666666665,0,2.8,1,17.64,42.40963855421687,1
18,98,1,0,1,1,1,26,0,8,1,72,48,1,2,3,0,78.0,22.0,-24,2.6666666666666665,0,2.8,1,17.64,37.59036144578314,1
18,98,1,0,0,1,1,26,0,8,1,72,48,1,2,3,0,78.0,22.0,-24,2.6666666666666665,-1,2.8,0,17.64,37.59036144578314,1
18,98,0,1,0,1,1,26,0,8,1,72,48,1,2,3,0,88.0,22.0,-24,2.6666666666666665,-2,2.8,0,17.64,42.40963855421687,1
34,98,2,0,1,1,1,26,2,11,1,64,44,0,2,3,0,74.80000000000001,39.5,-20,1.2941176470588236,1,2.1,2,33.32,33.044176706827315,1
34,98,2,0,1,1,1,20,1,10,1,53,48,0,1,3,0,70.4,39.0,-5,1.411764705882353,2,2.0,2,33.32,33.927710843373504,1
34,98,2,0,1,1,1,25,3,0,1,82,50,0,1,3,0,82.0,34.0,-32,1.4705882352941178,2,1.0,2,33.32,41.164658634538156,1
26,86,2,1,1,1,0,19,1,9,1,91,91,1,0,0,0,90.8,30.5,0,3.5,3,2.9,2,22.36,82.95983935742971,1
26,86,0,0,0,1,0,19,1,9,1,91,91,1,0,0,0,80.8,30.5,0,3.5,0,2.9,0,22.36,73.82329317269077,1
26,86,0,0,1,1,0,19,1,9,1,91,91,1,0,0,0,80.8,30.5,0,3.5,1,2.9,0,22.36,73.82329317269077,1
35,93,1,1,1,1,0,26,3,16,0,88,84,1,2,1,0,82.4,43.0,-4,2.4,0,3.6,1,32.550000000000004,69.49397590361447,1
35,93,1,1,1,1,0,23,3,5,1,62,96,1,2,0,0,82.0,37.5,34,2.742857142857143,0,2.5,1,32.550000000000004,79.03614457831326,1
28,64,2,1,0,1,1,23,3,19,1,80,79,1,1,1,0,77.6,37.5,-1,2.8214285714285716,1,3.9000000000000004,0,17.92,61.55020080321285,1
28,64,2,1,0,1,1,20,0,2,1,100,64,1,1,2,1,85.6,29.0,-36,2.2857142857142856,1,2.2,0,17.92,55.00401606425703,1
28,64,2,1,0,1,1,24,0,10,0,63,60,0,1,2,0,60.800000000000004,33.0,-3,2.142857142857143,1,2.0,0,17.92,36.626506024096386,1
28,64,1,1,1,1,1,23,3,19,1,80,79,1,1,1,0,77.6,37.5,-1,2.8214285714285716,1,3.9000000000000004,1,17.92,61.55020080321285,1
28,64,1,1,1,1,1,20,0,2,1,100,64,1,1,2,1,85.6,29.0,-36,2.2857142857142856,1,2.2,1,17.92,55.00401606425703,1
28,64,1,1,1,1,1,24,0,10,0,63,60,0,1,2,0,60.800000000000004,33.0,-3,2.142857142857143,1,2.0,1,17.92,36.626506024096386,1
28,64,0,1,1,1,1,23,3,19,1,80,79,1,1,1,0,77.6,37.5,-1,2.8214285714285716,0,3.9000000000000004,0,17.92,61.55020080321285,1
28,64,0,1,1,1,1,20,0,2,1,100,64,1,1,2,1,85.6,29.0,-36,2.2857142857142856,0,2.2,0,17.92,55.00401606425703,1
28,64,0,1,1,1,1,24,0,10,0,63,60,0,1,2,0,60.800000000000004,33.0,-3,2.142857142857143,0,2.0,0,17.92,36.626506024096386,1
28,64,1,0,0,1,1,23,3,19,1,80,79,1,1,1,0,67.6,37.5,-1,2.8214285714285716,0,3.9000000000000004,0,17.92,53.618473895582326,1
28,64,1,0,0,1,1,20,0,2,1,100,64,1,1,2,1,75.6,29.0,-36,2.2857142857142856,0,2.2,0,17.92,48.57831325301205,1
28,64,1,0,0,1,1,24,0,10,0,63,60,0,1,2,0,50.800000000000004,33.0,-3,2.142857142857143,0,2.0,0,17.92,30.602409638554224,1
24,88,1,0,0,1,0,25,0,11,1,96,61,0,1,2,0,83.60000000000001,29.5,-35,2.5416666666666665,0,2.1,0,21.12,51.20080321285141,1
24,88,1,0,0,1,0,23,1,5,0,66,99,0,2,0,0,61.60000000000001,26.5,33,4.125,-1,1.5,0,21.12,61.228915662650614,1
24,88,1,0,0,1,0,20,3,6,1,62,45,1,2,3,0,70.0,27.0,-17,1.875,-1,2.6,0,21.12,31.62650602409639,1
24,88,1,0,0,1,0,24,0,6,1,61,65,1,2,2,0,69.60000000000001,27.0,4,2.7083333333333335,-1,2.6,0,21.12,45.42168674698796,1
24,88,1,1,1,1,0,25,0,11,1,96,61,0,1,2,0,93.60000000000001,29.5,-35,2.5416666666666665,1,2.1,1,21.12,57.32530120481928,1
24,88,1,1,1,1,0,23,1,5,0,66,99,0,2,0,0,71.60000000000001,26.5,33,4.125,0,1.5,1,21.12,71.1686746987952,1
24,88,1,1,1,1,0,20,3,6,1,62,45,1,2,3,0,80.0,27.0,-17,1.875,0,2.6,1,21.12,36.144578313253014,1
24,88,1,1,1,1,0,24,0,6,1,61,65,1,2,2,0,79.60000000000001,27.0,4,2.7083333333333335,0,2.6,1,21.12,51.947791164658646,1
24,88,2,0,1,1,0,25,0,11,1,96,61,0,1,2,0,83.60000000000001,29.5,-35,2.5416666666666665,2,2.1,2,21.12,51.20080321285141,1
24,88,2,0,1,1,0,23,1,5,0,66,99,0,2,0,0,61.60000000000001,26.5,33,4.125,1,1.5,2,21.12,61.228915662650614,1
24,88,2,0,1,1,0,20,3,6,1,62,45,1,2,3,0,70.0,27.0,-17,1.875,1,2.6,2,21.12,31.62650602409639,1
24,88,2,0,1,1,0,24,0,6,1,61,65,1,2,2,0,69.60000000000001,27.0,4,2.7083333333333335,1,2.6,2,21.12,45.42168674698796,1
18,74,1,0,2,1,0,22,3,13,1,84,60,1,0,2,0,73.2,24.5,-24,3.3333333333333335,3,3.3,2,13.32,44.096385542168676,1
18,74,1,0,2,1,0,28,1,16,1,77,55,1,2,2,0,70.4,26.0,-22,3.0555555555555554,1,3.6,2,13.32,38.875502008032136,1
18,74,1,0,2,1,0,20,3,12,0,85,53,1,2,3,0,63.6,24.0,-32,2.9444444444444446,1,3.2,2,13.32,33.8433734939759,1
18,74,1,0,2,1,0,21,1,8,0,52,48,1,1,3,0,50.400000000000006,22.0,-4,2.6666666666666665,2,2.8,2,13.32,24.289156626506028,1
18,74,0,0,2,1,0,22,3,13,1,84,60,1,0,2,0,73.2,24.5,-24,3.3333333333333335,2,3.3,0,13.32,44.096385542168676,1
18,74,0,0,2,1,0,28,1,16,1,77,55,1,2,2,0,70.4,26.0,-22,3.0555555555555554,0,3.6,0,13.32,38.875502008032136,1
18,74,0,0,2,1,0,20,3,12,0,85,53,1,2,3,0,63.6,24.0,-32,2.9444444444444446,0,3.2,0,13.32,33.8433734939759,1
18,74,0,0,2,1,0,21,1,8,0,52,48,1,1,3,0,50.400000000000006,22.0,-4,2.6666666666666665,1,2.8,0,13.32,24.289156626506028,1
18,74,2,1,1,1,0,22,3,13,1,84,60,1,0,2,0,83.2,24.5,-24,3.3333333333333335,3,3.3,2,13.32,50.12048192771085,1
18,74,2,1,1,1,0,28,1,16,1,77,55,1,2,2,0,80.4,26.0,-22,3.0555555555555554,1,3.6,2,13.32,44.39759036144579,1
18,74,2,1,1,1,0,20,3,12,0,85,53,1,2,3,0,73.6,24.0,-32,2.9444444444444446,1,3.2,2,13.32,39.16465863453815,1
18,74,2,1,1,1,0,21,1,8,0,52,48,1,1,3,0,60.400000000000006,22.0,-4,2.6666666666666665,2,2.8,2,13.32,29.108433734939766,1
18,74,1,0,1,1,0,22,3,13,1,84,60,1,0,2,0,73.2,24.5,-24,3.3333333333333335,2,3.3,1,13.32,44.096385542168676,1
18,74,1,0,1,1,0,28,1,16,1,77,55,1,2,2,0,70.4,26.0,-22,3.0555555555555554,0,3.6,1,13.32,38.875502008032136,1
18,74,1,0,1,1,0,20,3,12,0,85,53,1,2,3,0,63.6,24.0,-32,2.9444444444444446,0,3.2,1,13.32,33.8433734939759,1
18,74,1,0,1,1,0,21,1,8,0,52,48,1,1,3,0,50.400000000000006,22.0,-4,2.6666666666666665,1,2.8,1,13.32,24.289156626506028,1
26,62,2,0,1,1,1,28,2,6,1,70,53,1,0,3,0,62.8,29.0,-17,2.0384615384615383,3,2.6,2,16.12,33.41767068273092,1
26,62,2,0,1,1,1,27,2,14,1,82,97,0,0,0,0,67.60000000000001,33.0,15,3.730769230769231,3,2.4000000000000004,2,16.12,65.83534136546186,1
26,62,1,1,1,1,1,28,2,6,1,70,53,1,0,3,0,72.8,29.0,-17,2.0384615384615383,2,2.6,1,16.12,38.738955823293175,1
26,62,1,1,1,1,1,27,2,14,1,82,97,0,0,0,0,77.60000000000001,33.0,15,3.730769230769231,2,2.4000000000000004,1,16.12,75.57429718875504,1
26,62,1,0,1,1,1,28,2,6,1,70,53,1,0,3,0,62.8,29.0,-17,2.0384615384615383,2,2.6,1,16.12,33.41767068273092,1
26,62,1,0,1,1,1,27,2,14,1,82,97,0,0,0,0,67.60000000000001,33.0,15,3.730769230769231,2,2.4000000000000004,1,16.12,65.83534136546186,1
26,73,1,1,2,1,1,29,3,9,1,92,41,1,1,3,0,86.0,30.5,-51,1.5769230769230769,2,2.9,2,18.98,35.401606425702816,1
26,73,1,1,2,1,1,23,1,17,0,89,86,1,2,0,0,74.80000000000001,34.5,-3,3.3076923076923075,1,3.7,2,18.98,64.58634538152612,1
26,73,2,0,0,1,1,29,3,9,1,92,41,1,1,3,0,76.0,30.5,-51,1.5769230769230769,1,2.9,0,18.98,31.285140562248998,1
26,73,2,0,0,1,1,23,1,17,0,89,86,1,2,0,0,64.80000000000001,34.5,-3,3.3076923076923075,0,3.7,0,18.98,55.95180722891567,1
26,73,1,0,1,1,1,29,3,9,1,92,41,1,1,3,0,76.0,30.5,-51,1.5769230769230769,1,2.9,1,18.98,31.285140562248998,1
26,73,1,0,1,1,1,23,1,17,0,89,86,1,2,0,0,64.80000000000001,34.5,-3,3.3076923076923075,0,3.7,1,18.98,55.95180722891567,1
26,73,2,1,0,1,1,29,3,9,1,92,41,1,1,3,0,86.0,30.5,-51,1.5769230769230769,1,2.9,0,18.98,35.401606425702816,1
26,73,2,1,0,1,1,23,1,17,0,89,86,1,2,0,0,74.80000000000001,34.5,-3,3.3076923076923075,0,3.7,0,18.98,64.58634538152612,1
26,73,2,0,1,1,1,29,3,9,1,92,41,1,1,3,0,76.0,30.5,-51,1.5769230769230769,2,2.9,2,18.98,31.285140562248998,1
26,73,2,0,1,1,1,23,1,17,0,89,86,1,2,0,0,64.80000000000001,34.5,-3,3.3076923076923075,1,3.7,2,18.98,55.95180722891567,1
19,90,1,0,0,1,1,26,1,16,1,64,74,0,2,1,0,71.6,27.0,10,3.8947368421052633,-1,2.6,0,17.1,53.196787148594375,1
19,90,1,1,1,1,1,26,1,16,1,64,74,0,2,1,0,81.6,27.0,10,3.8947368421052633,0,2.6,1,17.1,60.626506024096386,1
19,90,1,0,1,1,1,26,1,16,1,64,74,0,2,1,0,71.6,27.0,10,3.8947368421052633,0,2.6,1,17.1,53.196787148594375,1
19,90,2,0,1,1,1,26,1,16,1,64,74,0,2,1,0,71.6,27.0,10,3.8947368421052633,1,2.6,2,17.1,53.196787148594375,1
19,90,0,1,2,1,1,26,1,16,1,64,74,0,2,1,0,81.6,27.0,10,3.8947368421052633,0,2.6,0,17.1,60.626506024096386,1
19,90,2,0,0,1,1,26,1,16,1,64,74,0,2,1,0,71.6,27.0,10,3.8947368421052633,0,2.6,0,17.1,53.196787148594375,1
23,62,2,0,2,1,0,27,1,11,1,84,83,0,0,1,0,68.4,28.5,-1,3.608695652173913,4,2.1,4,14.26,57.00000000000001,1
23,62,2,0,2,1,0,26,3,20,1,72,45,0,2,3,0,63.6,33.0,-27,1.9565217391304348,2,3.0,4,14.26,28.73493975903615,1
23,62,0,1,2,1,0,27,1,11,1,84,83,0,0,1,0,78.4,28.5,-1,3.608695652173913,2,2.1,0,14.26,65.33333333333334,1
23,62,0,1,2,1,0,26,3,20,1,72,45,0,2,3,0,73.6,33.0,-27,1.9565217391304348,0,3.0,0,14.26,33.25301204819277,1
23,62,0,0,1,1,0,27,1,11,1,84,83,0,0,1,0,68.4,28.5,-1,3.608695652173913,1,2.1,0,14.26,57.00000000000001,1
23,62,0,0,1,1,0,26,3,20,1,72,45,0,2,3,0,63.6,33.0,-27,1.9565217391304348,-1,3.0,0,14.26,28.73493975903615,1
23,62,0,1,1,1,0,27,1,11,1,84,83,0,0,1,0,78.4,28.5,-1,3.608695652173913,1,2.1,0,14.26,65.33333333333334,1
23,62,0,1,1,1,0,26,3,20,1,72,45,0,2,3,0,73.6,33.0,-27,1.9565217391304348,-1,3.0,0,14.26,33.25301204819277,1
23,62,2,1,0,1,0,27,1,11,1,84,83,0,0,1,0,78.4,28.5,-1,3.608695652173913,2,2.1,0,14.26,65.33333333333334,1
23,62,2,1,0,1,0,26,3,20,1,72,45,0,2,3,0,73.6,33.0,-27,1.9565217391304348,0,3.0,0,14.26,33.25301204819277,1
22,65,1,1,2,1,1,27,1,3,1,66,69,1,2,2,0,72.4,23.5,3,3.1363636363636362,1,2.3,2,14.3,50.1566265060241,1
22,65,1,1,2,1,1,28,0,15,1,86,48,1,1,3,0,80.4,29.5,-38,2.1818181818181817,2,3.5,2,14.3,38.746987951807235,1
22,65,0,1,1,1,1,27,1,3,1,66,69,1,2,2,0,72.4,23.5,3,3.1363636363636362,-1,2.3,0,14.3,50.1566265060241,1
22,65,0,1,1,1,1,28,0,15,1,86,48,1,1,3,0,80.4,29.5,-38,2.1818181818181817,0,3.5,0,14.3,38.746987951807235,1
22,65,1,0,1,1,1,27,1,3,1,66,69,1,2,2,0,62.400000000000006,23.5,3,3.1363636363636362,0,2.3,1,14.3,43.228915662650614,1
22,65,1,0,1,1,1,28,0,15,1,86,48,1,1,3,0,70.4,29.5,-38,2.1818181818181817,1,3.5,1,14.3,33.927710843373504,1
20,67,2,0,2,1,0,21,2,2,1,72,43,1,0,3,0,65.6,21.0,-29,2.15,4,2.2,4,13.4,28.32128514056225,1
20,67,2,0,2,1,0,23,1,15,1,81,63,1,2,2,0,69.2,27.5,-18,3.15,2,3.5,4,13.4,43.7710843373494,1
20,67,2,0,2,1,0,28,2,7,1,91,69,0,2,2,0,73.2,23.5,-22,3.45,2,1.7000000000000002,4,13.4,50.71084337349398,1
20,67,2,0,2,1,0,27,3,19,0,86,57,1,2,2,0,61.2,29.5,-29,2.85,2,3.9000000000000004,4,13.4,35.02409638554217,1
20,67,2,0,0,1,0,21,2,2,1,72,43,1,0,3,0,65.6,21.0,-29,2.15,2,2.2,0,13.4,28.32128514056225,1
20,67,2,0,0,1,0,23,1,15,1,81,63,1,2,2,0,69.2,27.5,-18,3.15,0,3.5,0,13.4,43.7710843373494,1
20,67,2,0,0,1,0,28,2,7,1,91,69,0,2,2,0,73.2,23.5,-22,3.45,0,1.7000000000000002,0,13.4,50.71084337349398,1
20,67,2,0,0,1,0,27,3,19,0,86,57,1,2,2,0,61.2,29.5,-29,2.85,0,3.9000000000000004,0,13.4,35.02409638554217,1
20,67,1,0,2,1,0,21,2,2,1,72,43,1,0,3,0,65.6,21.0,-29,2.15,3,2.2,2,13.4,28.32128514056225,1
20,67,1,0,2,1,0,23,1,15,1,81,63,1,2,2,0,69.2,27.5,-18,3.15,1,3.5,2,13.4,43.7710843373494,1
20,67,1,0,2,1,0,28,2,7,1,91,69,0,2,2,0,73.2,23.5,-22,3.45,1,1.7000000000000002,2,13.4,50.71084337349398,1
20,67,1,0,2,1,0,27,3,19,0,86,57,1,2,2,0,61.2,29.5,-29,2.85,1,3.9000000000000004,2,13.4,35.02409638554217,1
23,76,1,1,2,1,0,24,1,9,1,54,66,1,1,2,0,72.0,27.5,12,2.869565217391304,2,2.9,2,17.48,47.71084337349397,1
23,76,1,1,2,1,0,21,3,3,1,61,71,1,0,1,0,74.80000000000001,24.5,10,3.0869565217391304,3,2.3,2,17.48,53.32128514056226,1
23,76,1,0,2,1,0,24,1,9,1,54,66,1,1,2,0,62.0,27.5,12,2.869565217391304,2,2.9,2,17.48,41.08433734939759,1
23,76,1,0,2,1,0,21,3,3,1,61,71,1,0,1,0,64.80000000000001,24.5,10,3.0869565217391304,3,2.3,2,17.48,46.19277108433736,1
23,76,0,1,1,1,0,24,1,9,1,54,66,1,1,2,0,72.0,27.5,12,2.869565217391304,0,2.9,0,17.48,47.71084337349397,1
23,76,0,1,1,1,0,21,3,3,1,61,71,1,0,1,0,74.80000000000001,24.5,10,3.0869565217391304,1,2.3,0,17.48,53.32128514056226,1
23,76,1,1,0,1,0,24,1,9,1,54,66,1,1,2,0,72.0,27.5,12,2.869565217391304,0,2.9,0,17.48,47.71084337349397,1
23,76,1,1,0,1,0,21,3,3,1,61,71,1,0,1,0,74.80000000000001,24.5,10,3.0869565217391304,1,2.3,0,17.48,53.32128514056226,1
23,76,2,1,0,1,0,24,1,9,1,54,66,1,1,2,0,72.0,27.5,12,2.869565217391304,1,2.9,0,17.48,47.71084337349397,1
23,76,2,1,0,1,0,21,3,3,1,61,71,1,0,1,0,74.80000000000001,24.5,10,3.0869565217391304,2,2.3,0,17.48,53.32128514056226,1
23,76,2,1,1,1,0,24,1,9,1,54,66,1,1,2,0,72.0,27.5,12,2.869565217391304,2,2.9,2,17.48,47.71084337349397,1
23,76,2,1,1,1,0,21,3,3,1,61,71,1,0,1,0,74.80000000000001,24.5,10,3.0869565217391304,3,2.3,2,17.48,53.32128514056226,1
23,76,1,0,1,1,0,24,1,9,1,54,66,1,1,2,0,62.0,27.5,12,2.869565217391304,1,2.9,1,17.48,41.08433734939759,1
23,76,1,0,1,1,0,21,3,3,1,61,71,1,0,1,0,64.80000000000001,24.5,10,3.0869565217391304,2,2.3,1,17.48,46.19277108433736,1
28,92,1,0,1,1,0,21,2,11,0,66,69,0,1,2,0,63.2,33.5,3,2.4642857142857144,1,2.1,1,25.76,43.78313253012049,1
28,92,1,0,1,1,0,23,0,6,0,61,59,1,0,2,0,61.2,31.0,-2,2.107142857142857,2,2.6,1,25.76,36.25301204819278,1
28,92,1,1,0,1,0,21,2,11,0,66,69,0,1,2,0,73.2,33.5,3,2.4642857142857144,0,2.1,0,25.76,50.71084337349398,1
28,92,1,1,0,1,0,23,0,6,0,61,59,1,0,2,0,71.2,31.0,-2,2.107142857142857,1,2.6,0,25.76,42.176706827309246,1
21,90,1,1,2,1,0,26,2,2,1,99,41,0,1,3,0,95.6,22.0,-58,1.9523809523809523,2,1.2,2,18.900000000000002,39.35341365461847,1
21,90,0,1,0,1,0,26,2,2,1,99,41,0,1,3,0,95.6,22.0,-58,1.9523809523809523,-1,1.2,0,18.900000000000002,39.35341365461847,1
21,90,1,0,1,1,0,26,2,2,1,99,41,0,1,3,0,85.6,22.0,-58,1.9523809523809523,1,1.2,1,18.900000000000002,35.23694779116466,1
21,90,0,0,1,1,0,26,2,2,1,99,41,0,1,3,0,85.6,22.0,-58,1.9523809523809523,0,1.2,0,18.900000000000002,35.23694779116466,1
21,90,2,1,2,1,0,26,2,2,1,99,41,0,1,3,0,95.6,22.0,-58,1.9523809523809523,3,1.2,4,18.900000000000002,39.35341365461847,1
20,75,0,1,1,1,1,22,2,13,0,72,55,0,2,2,0,68.8,26.5,-17,2.75,-1,2.3,0,15.0,37.99196787148595,1
20,75,1,0,2,1,1,22,2,13,0,72,55,0,2,2,0,58.8,26.5,-17,2.75,1,2.3,2,15.0,32.46987951807229,1
20,75,2,1,2,1,1,22,2,13,0,72,55,0,2,2,0,68.8,26.5,-17,2.75,2,2.3,4,15.0,37.99196787148595,1
20,75,2,0,1,1,1,22,2,13,0,72,55,0,2,2,0,58.8,26.5,-17,2.75,1,2.3,2,15.0,32.46987951807229,1
20,75,1,0,1,1,1,22,2,13,0,72,55,0,2,2,0,58.8,26.5,-17,2.75,0,2.3,1,15.0,32.46987951807229,1
16,80,2,1,0,1,0,21,0,15,1,59,52,0,2,3,0,75.6,23.5,-7,3.25,0,2.5,0,12.8,39.46987951807229,1
16,80,0,0,0,1,0,21,0,15,1,59,52,0,2,3,0,65.6,23.5,-7,3.25,-2,2.5,0,12.8,34.24899598393574,1
30,76,1,1,0,1,0,28,1,11,0,50,94,1,2,0,0,60.400000000000006,35.5,44,3.1333333333333333,-1,3.1,0,22.8,57.00401606425704,1
30,76,1,1,0,1,0,20,2,5,0,68,95,1,2,0,0,67.60000000000001,32.5,27,3.1666666666666665,-1,2.5,0,22.8,64.47791164658635,1
30,76,1,1,0,1,0,22,1,8,1,61,40,1,1,3,0,74.80000000000001,34.0,-21,1.3333333333333333,0,2.8,0,22.8,30.040160642570285,1
30,76,1,1,0,1,0,24,1,5,1,51,90,0,2,0,0,70.80000000000001,32.5,39,3.0,-1,1.5,0,22.8,63.97590361445785,1
30,76,1,1,0,1,0,25,1,3,0,51,59,1,2,2,0,60.800000000000004,31.5,8,1.9666666666666666,-1,2.3,0,22.8,36.01606425702811,1
30,76,1,1,0,1,0,25,2,14,1,91,98,0,0,0,0,86.8,37.0,7,3.2666666666666666,1,2.4000000000000004,0,22.8,85.40562248995984,1
25,62,1,0,0,1,0,21,0,19,1,79,77,0,2,1,0,66.4,34.5,-2,3.08,-1,2.9000000000000004,0,15.5,51.333333333333336,1
25,62,1,0,0,1,0,19,2,2,0,56,74,1,1,1,0,47.2,26.0,18,2.96,0,2.2,0,15.5,35.06827309236948,1
25,62,1,0,0,1,0,21,3,4,1,69,78,1,2,1,0,62.400000000000006,27.0,9,3.12,-1,2.4,0,15.5,48.86746987951808,1
25,62,0,1,1,1,0,21,0,19,1,79,77,0,2,1,0,76.4,34.5,-2,3.08,-1,2.9000000000000004,0,15.5,59.06425702811246,1
25,62,0,1,1,1,0,19,2,2,0,56,74,1,1,1,0,57.2,26.0,18,2.96,0,2.2,0,15.5,42.497991967871485,1
25,62,0,1,1,1,0,21,3,4,1,69,78,1,2,1,0,72.4,27.0,9,3.12,-1,2.4,0,15.5,56.6987951807229,1
25,62,0,0,2,1,0,21,0,19,1,79,77,0,2,1,0,66.4,34.5,-2,3.08,0,2.9000000000000004,0,15.5,51.333333333333336,1
25,62,0,0,2,1,0,19,2,2,0,56,74,1,1,1,0,47.2,26.0,18,2.96,1,2.2,0,15.5,35.06827309236948,1
25,62,0,0,2,1,0,21,3,4,1,69,78,1,2,1,0,62.400000000000006,27.0,9,3.12,0,2.4,0,15.5,48.86746987951808,1
18,86,0,1,0,1,1,21,0,3,0,59,64,1,1,2,0,68.0,19.5,5,3.5555555555555554,-1,2.3,0,15.48,43.69477911646587,1
18,86,1,0,1,1,1,21,0,3,0,59,64,1,1,2,0,58.0,19.5,5,3.5555555555555554,1,2.3,1,15.48,37.269076305220885,1
18,86,1,1,1,1,1,21,0,3,0,59,64,1,1,2,0,68.0,19.5,5,3.5555555555555554,1,2.3,1,15.48,43.69477911646587,1
18,86,1,0,2,1,1,21,0,3,0,59,64,1,1,2,0,58.0,19.5,5,3.5555555555555554,2,2.3,2,15.48,37.269076305220885,1
18,86,1,0,0,1,1,21,0,3,0,59,64,1,1,2,0,58.0,19.5,5,3.5555555555555554,0,2.3,0,15.48,37.269076305220885,1
27,91,2,1,1,1,1,18,2,12,0,63,62,1,2,2,0,71.6,33.0,-1,2.2962962962962963,1,3.2,2,24.57,44.57028112449799,1
27,91,2,1,1,1,1,22,3,11,0,98,97,1,0,0,0,85.6,32.5,-1,3.5925925925925926,3,3.1,2,24.57,83.36546184738955,1
27,91,2,1,0,1,1,18,2,12,0,63,62,1,2,2,0,71.6,33.0,-1,2.2962962962962963,0,3.2,0,24.57,44.57028112449799,1
27,91,2,1,0,1,1,22,3,11,0,98,97,1,0,0,0,85.6,32.5,-1,3.5925925925925926,2,3.1,0,24.57,83.36546184738955,1
27,91,0,0,1,1,1,18,2,12,0,63,62,1,2,2,0,61.6,33.0,-1,2.2962962962962963,-1,3.2,0,24.57,38.34538152610442,1
27,91,0,0,1,1,1,22,3,11,0,98,97,1,0,0,0,75.6,32.5,-1,3.5925925925925926,1,3.1,0,24.57,73.62650602409639,1
27,91,1,1,0,1,1,18,2,12,0,63,62,1,2,2,0,71.6,33.0,-1,2.2962962962962963,-1,3.2,0,24.57,44.57028112449799,1
27,91,1,1,0,1,1,22,3,11,0,98,97,1,0,0,0,85.6,32.5,-1,3.5925925925925926,1,3.1,0,24.57,83.36546184738955,1
27,91,1,0,0,1,1,18,2,12,0,63,62,1,2,2,0,61.6,33.0,-1,2.2962962962962963,-1,3.2,0,24.57,38.34538152610442,1
27,91,1,0,0,1,1,22,3,11,0,98,97,1,0,0,0,75.6,32.5,-1,3.5925925925925926,1,3.1,0,24.57,73.62650602409639,1
22,80,1,0,0,1,1,26,1,0,0,100,92,1,0,0,0,72.0,22.0,-8,4.181818181818182,1,2.0,0,17.6,66.50602409638554,1
22,80,1,0,0,1,1,22,3,0,1,86,74,0,2,1,0,76.4,22.0,-12,3.3636363636363638,-1,1.0,0,17.6,56.76305220883535,1
22,80,2,1,1,1,1,26,1,0,0,100,92,1,0,0,0,82.0,22.0,-8,4.181818181818182,3,2.0,2,17.6,75.7429718875502,1
22,80,2,1,1,1,1,22,3,0,1,86,74,0,2,1,0,86.4,22.0,-12,3.3636363636363638,1,1.0,2,17.6,64.19277108433735,1
22,80,2,0,1,1,1,26,1,0,0,100,92,1,0,0,0,72.0,22.0,-8,4.181818181818182,3,2.0,2,17.6,66.50602409638554,1
22,80,2,0,1,1,1,22,3,0,1,86,74,0,2,1,0,76.4,22.0,-12,3.3636363636363638,1,1.0,2,17.6,56.76305220883535,1
22,80,0,0,0,1,1,26,1,0,0,100,92,1,0,0,0,72.0,22.0,-8,4.181818181818182,0,2.0,0,17.6,66.50602409638554,1
22,80,0,0,0,1,1,22,3,0,1,86,74,0,2,1,0,76.4,22.0,-12,3.3636363636363638,-2,1.0,0,17.6,56.76305220883535,1
22,80,1,1,2,1,1,26,1,0,0,100,92,1,0,0,0,82.0,22.0,-8,4.181818181818182,3,2.0,2,17.6,75.7429718875502,1
22,80,1,1,2,1,1,22,3,0,1,86,74,0,2,1,0,86.4,22.0,-12,3.3636363636363638,1,1.0,2,17.6,64.19277108433735,1
33,89,1,0,1,1,1,20,0,11,1,65,57,1,1,2,0,71.6,38.5,-8,1.7272727272727273,1,3.1,1,29.37,40.97590361445783,1
20,88,0,0,0,1,1,19,0,8,1,98,65,1,0,2,0,84.4,24.0,-33,3.25,0,2.8,0,17.6,55.08032128514057,1
20,88,0,0,0,1,1,26,2,5,1,97,78,0,2,1,0,84.0,22.5,-19,3.9,-2,1.5,0,17.6,65.78313253012048,1
20,88,0,0,0,1,1,29,0,7,1,73,62,1,1,2,0,74.4,23.5,-11,3.1,-1,2.7,0,17.6,46.3132530120482,1
20,88,1,1,1,1,1,19,0,8,1,98,65,1,0,2,0,94.4,24.0,-33,3.25,2,2.8,1,17.6,61.60642570281125,1
20,88,1,1,1,1,1,26,2,5,1,97,78,0,2,1,0,94.0,22.5,-19,3.9,0,1.5,1,17.6,73.61445783132531,1
20,88,1,1,1,1,1,29,0,7,1,73,62,1,1,2,0,84.4,23.5,-11,3.1,1,2.7,1,17.6,52.53815261044177,1
20,88,1,0,0,1,1,19,0,8,1,98,65,1,0,2,0,84.4,24.0,-33,3.25,1,2.8,0,17.6,55.08032128514057,1
20,88,1,0,0,1,1,26,2,5,1,97,78,0,2,1,0,84.0,22.5,-19,3.9,-1,1.5,0,17.6,65.78313253012048,1
20,88,1,0,0,1,1,29,0,7,1,73,62,1,1,2,0,74.4,23.5,-11,3.1,0,2.7,0,17.6,46.3132530120482,1
19,98,1,1,1,1,1,23,0,3,1,89,49,1,2,3,0,94.80000000000001,20.5,-40,2.5789473684210527,0,2.3,1,18.62,46.638554216867476,1
19,98,1,1,1,1,1,25,3,12,0,61,50,1,1,3,0,73.60000000000001,25.0,-11,2.6315789473684212,1,3.2,1,18.62,36.94779116465864,1
19,98,1,1,1,1,1,19,1,5,1,74,65,0,1,2,0,88.80000000000001,21.5,-9,3.4210526315789473,1,1.5,1,18.62,57.951807228915676,1
19,98,0,1,1,1,1,23,0,3,1,89,49,1,2,3,0,94.80000000000001,20.5,-40,2.5789473684210527,-1,2.3,0,18.62,46.638554216867476,1
19,98,0,1,1,1,1,25,3,12,0,61,50,1,1,3,0,73.60000000000001,25.0,-11,2.6315789473684212,0,3.2,0,18.62,36.94779116465864,1
19,98,0,1,1,1,1,19,1,5,1,74,65,0,1,2,0,88.80000000000001,21.5,-9,3.4210526315789473,0,1.5,0,18.62,57.951807228915676,1
19,98,2,1,1,1,1,23,0,3,1,89,49,1,2,3,0,94.80000000000001,20.5,-40,2.5789473684210527,1,2.3,2,18.62,46.638554216867476,1
19,98,2,1,1,1,1,25,3,12,0,61,50,1,1,3,0,73.60000000000001,25.0,-11,2.6315789473684212,2,3.2,2,18.62,36.94779116465864,1
19,98,2,1,1,1,1,19,1,5,1,74,65,0,1,2,0,88.80000000000001,21.5,-9,3.4210526315789473,2,1.5,2,18.62,57.951807228915676,1
19,98,2,1,2,1,1,23,0,3,1,89,49,1,2,3,0,94.80000000000001,20.5,-40,2.5789473684210527,2,2.3,4,18.62,46.638554216867476,1
19,98,2,1,2,1,1,25,3,12,0,61,50,1,1,3,0,73.60000000000001,25.0,-11,2.6315789473684212,3,3.2,4,18.62,36.94779116465864,1
19,98,2,1,2,1,1,19,1,5,1,74,65,0,1,2,0,88.80000000000001,21.5,-9,3.4210526315789473,3,1.5,4,18.62,57.951807228915676,1
33,68,0,1,1,1,1,22,2,11,1,59,61,1,2,2,0,70.80000000000001,38.5,2,1.8484848484848484,-1,3.1,0,22.44,43.36144578313254,1
33,68,0,1,1,1,1,23,3,2,1,79,41,1,2,3,0,78.80000000000001,34.0,-38,1.2424242424242424,-1,2.2,0,22.44,32.43775100401607,1
33,68,0,1,1,1,1,26,2,15,0,51,76,1,2,1,0,57.60000000000001,40.5,25,2.303030303030303,-1,3.5,0,22.44,43.95180722891567,1
33,68,0,1,1,1,1,24,0,19,1,94,62,0,0,2,0,84.80000000000001,42.5,-32,1.878787878787879,1,2.9000000000000004,0,22.44,52.78714859437752,1
19,76,2,1,1,1,0,29,0,0,1,51,61,1,0,2,0,70.80000000000001,19.0,10,3.210526315789474,3,2.0,2,14.44,43.36144578313254,1
19,76,1,1,1,1,0,29,0,0,1,51,61,1,0,2,0,70.80000000000001,19.0,10,3.210526315789474,2,2.0,1,14.44,43.36144578313254,1
19,76,2,0,0,1,0,29,0,0,1,51,61,1,0,2,0,60.800000000000004,19.0,10,3.210526315789474,2,2.0,0,14.44,37.23694779116466,1
19,76,0,1,1,1,0,29,0,0,1,51,61,1,0,2,0,70.80000000000001,19.0,10,3.210526315789474,1,2.0,0,14.44,43.36144578313254,1
19,76,2,1,0,1,0,29,0,0,1,51,61,1,0,2,0,70.80000000000001,19.0,10,3.210526315789474,2,2.0,0,14.44,43.36144578313254,1
19,76,0,1,0,1,0,29,0,0,1,51,61,1,0,2,0,70.80000000000001,19.0,10,3.210526315789474,0,2.0,0,14.44,43.36144578313254,1
15,75,2,1,2,1,1,29,3,4,0,91,41,0,0,3,0,76.4,17.0,-50,2.7333333333333334,4,1.4,4,11.25,31.449799196787154,1
15,75,1,0,1,1,1,29,3,4,0,91,41,0,0,3,0,66.4,17.0,-50,2.7333333333333334,2,1.4,1,11.25,27.333333333333336,1
30,73,1,1,1,1,0,19,0,10,0,65,87,1,2,0,0,65.2,35.0,22,2.9,0,3.0,1,21.9,56.95180722891567,1
30,73,0,0,1,1,0,19,0,10,0,65,87,1,2,0,0,55.2,35.0,22,2.9,-1,3.0,0,21.9,48.21686746987952,1
30,84,1,0,0,1,1,19,0,8,0,84,61,1,2,2,0,67.2,34.0,-23,2.033333333333333,-1,2.8,0,25.2,41.156626506024104,1
30,84,1,0,0,1,1,23,1,13,1,55,60,1,2,2,0,65.6,36.5,5,2.0,-1,3.3,0,25.2,39.51807228915663,1
30,84,1,0,0,1,1,27,1,6,1,98,87,0,2,0,0,82.80000000000001,33.0,-11,2.9,-1,1.6,0,25.2,72.32530120481928,1
30,84,1,0,0,1,1,25,2,12,1,65,84,1,2,1,0,69.6,36.0,19,2.8,-1,3.2,0,25.2,58.6987951807229,1
30,84,1,0,0,1,1,21,2,17,0,82,87,1,0,0,0,66.4,38.5,5,2.9,1,3.7,0,25.2,58.00000000000001,1
30,84,1,0,0,1,1,19,1,17,0,88,90,1,2,0,0,68.80000000000001,38.5,2,3.0,-1,3.7,0,25.2,62.16867469879519,1
30,84,1,0,1,1,1,19,0,8,0,84,61,1,2,2,0,67.2,34.0,-23,2.033333333333333,0,2.8,1,25.2,41.156626506024104,1
30,84,1,0,1,1,1,23,1,13,1,55,60,1,2,2,0,65.6,36.5,5,2.0,0,3.3,1,25.2,39.51807228915663,1
30,84,1,0,1,1,1,27,1,6,1,98,87,0,2,0,0,82.80000000000001,33.0,-11,2.9,0,1.6,1,25.2,72.32530120481928,1
30,84,1,0,1,1,1,25,2,12,1,65,84,1,2,1,0,69.6,36.0,19,2.8,0,3.2,1,25.2,58.6987951807229,1
30,84,1,0,1,1,1,21,2,17,0,82,87,1,0,0,0,66.4,38.5,5,2.9,2,3.7,1,25.2,58.00000000000001,1
30,84,1,0,1,1,1,19,1,17,0,88,90,1,2,0,0,68.80000000000001,38.5,2,3.0,0,3.7,1,25.2,62.16867469879519,1
30,84,1,1,1,1,1,19,0,8,0,84,61,1,2,2,0,77.2,34.0,-23,2.033333333333333,0,2.8,1,25.2,47.281124497991975,1
30,84,1,1,1,1,1,23,1,13,1,55,60,1,2,2,0,75.6,36.5,5,2.0,0,3.3,1,25.2,45.54216867469879,1
30,84,1,1,1,1,1,27,1,6,1,98,87,0,2,0,0,92.80000000000001,33.0,-11,2.9,0,1.6,1,25.2,81.06024096385543,1
30,84,1,1,1,1,1,25,2,12,1,65,84,1,2,1,0,79.6,36.0,19,2.8,0,3.2,1,25.2,67.13253012048192,1
30,84,1,1,1,1,1,21,2,17,0,82,87,1,0,0,0,76.4,38.5,5,2.9,2,3.7,1,25.2,66.73493975903615,1
30,84,1,1,1,1,1,19,1,17,0,88,90,1,2,0,0,78.80000000000001,38.5,2,3.0,0,3.7,1,25.2,71.20481927710846,1
23,62,2,1,1,1,1,24,1,15,0,58,98,0,2,0,0,58.0,30.5,40,4.260869565217392,1,2.5,2,14.26,57.06827309236948,1
23,62,2,1,1,1,1,26,0,0,1,93,91,1,0,0,0,82.0,23.0,-2,3.9565217391304346,3,2.0,2,14.26,74.91967871485944,1
23,62,0,0,1,1,1,24,1,15,0,58,98,0,2,0,0,48.0,30.5,40,4.260869565217392,-1,2.5,0,14.26,47.22891566265061,1
23,62,0,0,1,1,1,26,0,0,1,93,91,1,0,0,0,72.0,23.0,-2,3.9565217391304346,1,2.0,0,14.26,65.78313253012048,1
23,62,1,0,1,1,1,24,1,15,0,58,98,0,2,0,0,48.0,30.5,40,4.260869565217392,0,2.5,1,14.26,47.22891566265061,1
23,62,1,0,1,1,1,26,0,0,1,93,91,1,0,0,0,72.0,23.0,-2,3.9565217391304346,2,2.0,1,14.26,65.78313253012048,1
23,62,2,1,0,1,1,24,1,15,0,58,98,0,2,0,0,58.0,30.5,40,4.260869565217392,0,2.5,0,14.26,57.06827309236948,1
23,62,2,1,0,1,1,26,0,0,1,93,91,1,0,0,0,82.0,23.0,-2,3.9565217391304346,2,2.0,0,14.26,74.91967871485944,1
23,62,1,1,0,1,1,24,1,15,0,58,98,0,2,0,0,58.0,30.5,40,4.260869565217392,-1,2.5,0,14.26,57.06827309236948,1
23,62,1,1,0,1,1,26,0,0,1,93,91,1,0,0,0,82.0,23.0,-2,3.9565217391304346,1,2.0,0,14.26,74.91967871485944,1
18,66,1,0,1,1,0,27,0,4,0,83,42,1,0,3,0,59.60000000000001,20.0,-41,2.3333333333333335,2,2.4,1,11.88,25.13253012048193,1
18,66,1,0,1,1,0,28,2,15,0,66,49,1,2,3,0,52.800000000000004,25.5,-17,2.7222222222222223,0,3.5,1,11.88,25.975903614457835,1
18,66,2,1,1,1,0,27,0,4,0,83,42,1,0,3,0,69.60000000000001,20.0,-41,2.3333333333333335,3,2.4,2,11.88,29.349397590361452,1
18,66,2,1,1,1,0,28,2,15,0,66,49,1,2,3,0,62.800000000000004,25.5,-17,2.7222222222222223,1,3.5,2,11.88,30.89558232931727,1
18,66,1,1,1,1,0,27,0,4,0,83,42,1,0,3,0,69.60000000000001,20.0,-41,2.3333333333333335,2,2.4,1,11.88,29.349397590361452,1
18,66,1,1,1,1,0,28,2,15,0,66,49,1,2,3,0,62.800000000000004,25.5,-17,2.7222222222222223,0,3.5,1,11.88,30.89558232931727,1
18,66,2,0,1,1,0,27,0,4,0,83,42,1,0,3,0,59.60000000000001,20.0,-41,2.3333333333333335,3,2.4,2,11.88,25.13253012048193,1
18,66,2,0,1,1,0,28,2,15,0,66,49,1,2,3,0,52.800000000000004,25.5,-17,2.7222222222222223,1,3.5,2,11.88,25.975903614457835,1
22,79,1,0,0,1,0,22,3,11,0,67,99,1,2,0,0,58.400000000000006,27.5,32,4.5,-1,3.1,0,17.380000000000003,58.048192771084345,1
22,79,1,0,0,1,0,21,2,5,1,73,47,1,1,3,0,70.80000000000001,24.5,-26,2.1363636363636362,0,2.5,0,17.380000000000003,33.409638554216876,1
22,79,1,0,0,1,0,29,2,2,1,86,47,1,2,3,0,76.0,23.0,-39,2.1363636363636362,-1,2.2,0,17.380000000000003,35.863453815261046,1
22,79,1,0,0,1,0,25,1,5,0,94,78,0,2,1,0,69.2,24.5,-16,3.5454545454545454,-1,1.5,0,17.380000000000003,54.19277108433736,1
22,79,1,0,0,1,0,27,1,19,1,62,73,1,1,1,0,66.4,31.5,11,3.3181818181818183,0,3.9000000000000004,0,17.380000000000003,48.66666666666667,1
22,79,1,0,0,1,0,29,1,16,0,99,72,1,2,1,0,71.2,30.0,-27,3.272727272727273,-1,3.6,0,17.380000000000003,51.4698795180723,1
22,79,1,0,0,1,0,21,3,5,1,52,80,1,0,1,0,62.400000000000006,24.5,28,3.6363636363636362,1,2.5,0,17.380000000000003,50.120481927710856,1
22,79,1,0,0,1,0,26,1,12,1,88,94,0,0,0,0,76.80000000000001,28.0,6,4.2727272727272725,1,2.2,0,17.380000000000003,72.4819277108434,1
22,79,1,0,0,1,0,22,2,12,1,65,81,1,2,1,0,67.6,28.0,16,3.6818181818181817,-1,3.2,0,17.380000000000003,54.975903614457835,1
22,79,1,1,1,1,0,22,3,11,0,67,99,1,2,0,0,68.4,27.5,32,4.5,0,3.1,1,17.380000000000003,67.98795180722892,1
22,79,1,1,1,1,0,21,2,5,1,73,47,1,1,3,0,80.80000000000001,24.5,-26,2.1363636363636362,1,2.5,1,17.380000000000003,38.12851405622491,1
22,79,1,1,1,1,0,29,2,2,1,86,47,1,2,3,0,86.0,23.0,-39,2.1363636363636362,0,2.2,1,17.380000000000003,40.58232931726908,1
22,79,1,1,1,1,0,25,1,5,0,94,78,0,2,1,0,79.2,24.5,-16,3.5454545454545454,0,1.5,1,17.380000000000003,62.02409638554218,1
22,79,1,1,1,1,0,27,1,19,1,62,73,1,1,1,0,76.4,31.5,11,3.3181818181818183,1,3.9000000000000004,1,17.380000000000003,55.99598393574298,1
22,79,1,1,1,1,0,29,1,16,0,99,72,1,2,1,0,81.2,30.0,-27,3.272727272727273,0,3.6,1,17.380000000000003,58.6987951807229,1
22,79,1,1,1,1,0,21,3,5,1,52,80,1,0,1,0,72.4,24.5,28,3.6363636363636362,2,2.5,1,17.380000000000003,58.152610441767074,1
22,79,1,1,1,1,0,26,1,12,1,88,94,0,0,0,0,86.80000000000001,28.0,6,4.2727272727272725,2,2.2,1,17.380000000000003,81.91967871485946,1
22,79,1,1,1,1,0,22,2,12,1,65,81,1,2,1,0,77.6,28.0,16,3.6818181818181817,0,3.2,1,17.380000000000003,63.10843373493976,1
22,79,2,1,1,1,0,22,3,11,0,67,99,1,2,0,0,68.4,27.5,32,4.5,1,3.1,2,17.380000000000003,67.98795180722892,1
22,79,2,1,1,1,0,21,2,5,1,73,47,1,1,3,0,80.80000000000001,24.5,-26,2.1363636363636362,2,2.5,2,17.380000000000003,38.12851405622491,1
22,79,2,1,1,1,0,29,2,2,1,86,47,1,2,3,0,86.0,23.0,-39,2.1363636363636362,1,2.2,2,17.380000000000003,40.58232931726908,1
22,79,2,1,1,1,0,25,1,5,0,94,78,0,2,1,0,79.2,24.5,-16,3.5454545454545454,1,1.5,2,17.380000000000003,62.02409638554218,1
22,79,2,1,1,1,0,27,1,19,1,62,73,1,1,1,0,76.4,31.5,11,3.3181818181818183,2,3.9000000000000004,2,17.380000000000003,55.99598393574298,1
22,79,2,1,1,1,0,29,1,16,0,99,72,1,2,1,0,81.2,30.0,-27,3.272727272727273,1,3.6,2,17.380000000000003,58.6987951807229,1
22,79,2,1,1,1,0,21,3,5,1,52,80,1,0,1,0,72.4,24.5,28,3.6363636363636362,3,2.5,2,17.380000000000003,58.152610441767074,1
22,79,2,1,1,1,0,26,1,12,1,88,94,0,0,0,0,86.80000000000001,28.0,6,4.2727272727272725,3,2.2,2,17.380000000000003,81.91967871485946,1
22,79,2,1,1,1,0,22,2,12,1,65,81,1,2,1,0,77.6,28.0,16,3.6818181818181817,1,3.2,2,17.380000000000003,63.10843373493976,1
27,75,1,1,2,1,1,25,3,16,0,88,84,1,2,1,0,75.2,35.0,-4,3.111111111111111,1,3.6,2,20.25,63.42168674698796,1
27,75,0,1,1,1,1,25,3,16,0,88,84,1,2,1,0,75.2,35.0,-4,3.111111111111111,-1,3.6,0,20.25,63.42168674698796,1
30,91,1,1,2,1,1,28,2,6,1,83,43,1,2,3,0,89.6,33.0,-40,1.4333333333333333,1,2.6,2,27.3,38.68273092369478,1
20,68,1,0,2,1,0,18,1,13,1,61,42,1,2,3,0,61.60000000000001,26.5,-19,2.1,1,3.3,2,13.600000000000001,25.975903614457838,1
20,68,1,0,2,1,0,23,2,4,1,88,79,1,1,1,0,72.4,22.0,-9,3.95,2,2.4,2,13.600000000000001,57.42570281124498,1
20,68,1,0,2,1,0,25,2,16,0,93,44,1,2,3,0,64.4,28.0,-49,2.2,1,3.6,2,13.600000000000001,28.44979919678715,1
20,68,1,1,0,1,0,18,1,13,1,61,42,1,2,3,0,71.60000000000001,26.5,-19,2.1,-1,3.3,0,13.600000000000001,30.192771084337355,1
20,68,1,1,0,1,0,23,2,4,1,88,79,1,1,1,0,82.4,22.0,-9,3.95,0,2.4,0,13.600000000000001,65.35742971887551,1
20,68,1,1,0,1,0,25,2,16,0,93,44,1,2,3,0,74.4,28.0,-49,2.2,-1,3.6,0,13.600000000000001,32.867469879518076,1
20,68,0,1,2,1,0,18,1,13,1,61,42,1,2,3,0,71.60000000000001,26.5,-19,2.1,0,3.3,0,13.600000000000001,30.192771084337355,1
20,68,0,1,2,1,0,23,2,4,1,88,79,1,1,1,0,82.4,22.0,-9,3.95,1,2.4,0,13.600000000000001,65.35742971887551,1
20,68,0,1,2,1,0,25,2,16,0,93,44,1,2,3,0,74.4,28.0,-49,2.2,0,3.6,0,13.600000000000001,32.867469879518076,1
20,68,1,1,2,1,0,18,1,13,1,61,42,1,2,3,0,71.60000000000001,26.5,-19,2.1,1,3.3,2,13.600000000000001,30.192771084337355,1
20,68,1,1,2,1,0,23,2,4,1,88,79,1,1,1,0,82.4,22.0,-9,3.95,2,2.4,2,13.600000000000001,65.35742971887551,1
20,68,1,1,2,1,0,25,2,16,0,93,44,1,2,3,0,74.4,28.0,-49,2.2,1,3.6,2,13.600000000000001,32.867469879518076,1
20,68,1,1,1,1,0,18,1,13,1,61,42,1,2,3,0,71.60000000000001,26.5,-19,2.1,0,3.3,1,13.600000000000001,30.192771084337355,1
20,68,1,1,1,1,0,23,2,4,1,88,79,1,1,1,0,82.4,22.0,-9,3.95,1,2.4,1,13.600000000000001,65.35742971887551,1
20,68,1,1,1,1,0,25,2,16,0,93,44,1,2,3,0,74.4,28.0,-49,2.2,0,3.6,1,13.600000000000001,32.867469879518076,1
20,68,2,1,1,1,0,18,1,13,1,61,42,1,2,3,0,71.60000000000001,26.5,-19,2.1,1,3.3,2,13.600000000000001,30.192771084337355,1
20,68,2,1,1,1,0,23,2,4,1,88,79,1,1,1,0,82.4,22.0,-9,3.95,2,2.4,2,13.600000000000001,65.35742971887551,1
20,68,2,1,1,1,0,25,2,16,0,93,44,1,2,3,0,74.4,28.0,-49,2.2,1,3.6,2,13.600000000000001,32.867469879518076,1
20,68,2,0,0,1,0,18,1,13,1,61,42,1,2,3,0,61.60000000000001,26.5,-19,2.1,0,3.3,0,13.600000000000001,25.975903614457838,1
20,68,2,0,0,1,0,23,2,4,1,88,79,1,1,1,0,72.4,22.0,-9,3.95,1,2.4,0,13.600000000000001,57.42570281124498,1
20,68,2,0,0,1,0,25,2,16,0,93,44,1,2,3,0,64.4,28.0,-49,2.2,0,3.6,0,13.600000000000001,28.44979919678715,1
21,81,1,1,1,1,0,23,2,6,1,68,70,1,2,1,0,79.6,24.0,2,3.3333333333333335,0,2.6,1,17.01,55.9437751004016,1
21,81,1,1,2,1,0,23,2,6,1,68,70,1,2,1,0,79.6,24.0,2,3.3333333333333335,1,2.6,2,17.01,55.9437751004016,1
16,86,1,1,1,1,0,23,1,2,0,89,41,0,2,3,0,80.0,17.0,-48,2.5625,0,1.2,1,13.76,32.93172690763052,1
16,86,1,1,0,1,0,23,1,2,0,89,41,0,2,3,0,80.0,17.0,-48,2.5625,-1,1.2,0,13.76,32.93172690763052,1
16,86,0,1,0,1,0,23,1,2,0,89,41,0,2,3,0,80.0,17.0,-48,2.5625,-2,1.2,0,13.76,32.93172690763052,1
16,86,2,1,0,1,0,23,1,2,0,89,41,0,2,3,0,80.0,17.0,-48,2.5625,0,1.2,0,13.76,32.93172690763052,1
24,70,2,0,1,1,0,25,3,2,0,73,79,0,0,1,0,57.2,25.0,6,3.2916666666666665,3,1.2,2,16.799999999999997,45.36947791164659,1
24,70,0,1,2,1,0,25,3,2,0,73,79,0,0,1,0,67.2,25.0,6,3.2916666666666665,2,1.2,0,16.799999999999997,53.30120481927711,1
24,70,2,0,0,1,0,25,3,2,0,73,79,0,0,1,0,57.2,25.0,6,3.2916666666666665,2,1.2,0,16.799999999999997,45.36947791164659,1
18,62,1,1,1,1,1,29,0,16,0,88,50,1,1,3,0,70.0,26.0,-38,2.7777777777777777,1,3.6,1,11.16,35.14056224899599,1
18,62,2,0,0,1,1,29,0,16,0,88,50,1,1,3,0,60.0,26.0,-38,2.7777777777777777,1,3.6,0,11.16,30.120481927710845,1
27,72,0,1,1,1,0,24,3,16,0,71,89,1,2,0,0,67.2,35.0,18,3.2962962962962963,-1,3.6,0,19.439999999999998,60.048192771084345,1
27,72,0,1,1,1,0,18,3,18,1,78,54,1,2,3,0,80.0,36.0,-24,2.0,-1,3.8,0,19.439999999999998,43.373493975903614,1
27,72,2,1,1,1,0,24,3,16,0,71,89,1,2,0,0,67.2,35.0,18,3.2962962962962963,1,3.6,2,19.439999999999998,60.048192771084345,1
27,72,2,1,1,1,0,18,3,18,1,78,54,1,2,3,0,80.0,36.0,-24,2.0,1,3.8,2,19.439999999999998,43.373493975903614,1
27,72,1,0,1,1,0,24,3,16,0,71,89,1,2,0,0,57.2,35.0,18,3.2962962962962963,0,3.6,1,19.439999999999998,51.11244979919679,1
27,72,1,0,1,1,0,18,3,18,1,78,54,1,2,3,0,70.0,36.0,-24,2.0,0,3.8,1,19.439999999999998,37.95180722891567,1
34,62,0,0,0,1,0,22,2,12,1,81,88,0,2,0,0,67.2,40.0,7,2.588235294117647,-2,2.2,0,21.08,59.37349397590362,1
22,69,2,1,1,1,0,24,0,5,0,76,85,1,1,0,0,68.0,24.5,9,3.8636363636363638,2,2.5,2,15.18,58.03212851405623,1
22,69,2,1,1,1,0,25,1,17,1,93,98,1,2,0,0,84.80000000000001,30.5,5,4.454545454545454,1,3.7,2,15.18,83.43775100401608,1
22,69,2,1,1,1,0,23,2,0,1,65,56,0,2,2,0,73.6,22.0,-9,2.5454545454545454,1,1.0,2,15.18,41.38152610441767,1
22,69,2,0,0,1,0,24,0,5,0,76,85,1,1,0,0,58.0,24.5,9,3.8636363636363638,1,2.5,0,15.18,49.497991967871485,1
22,69,2,0,0,1,0,25,1,17,1,93,98,1,2,0,0,74.80000000000001,30.5,5,4.454545454545454,0,3.7,0,15.18,73.5983935742972,1
22,69,2,0,0,1,0,23,2,0,1,65,56,0,2,2,0,63.6,22.0,-9,2.5454545454545454,0,1.0,0,15.18,35.75903614457832,1
22,69,1,0,0,1,0,24,0,5,0,76,85,1,1,0,0,58.0,24.5,9,3.8636363636363638,0,2.5,0,15.18,49.497991967871485,1
22,69,1,0,0,1,0,25,1,17,1,93,98,1,2,0,0,74.80000000000001,30.5,5,4.454545454545454,-1,3.7,0,15.18,73.5983935742972,1
22,69,1,0,0,1,0,23,2,0,1,65,56,0,2,2,0,63.6,22.0,-9,2.5454545454545454,-1,1.0,0,15.18,35.75903614457832,1
22,69,1,0,2,1,0,24,0,5,0,76,85,1,1,0,0,58.0,24.5,9,3.8636363636363638,2,2.5,2,15.18,49.497991967871485,1
22,69,1,0,2,1,0,25,1,17,1,93,98,1,2,0,0,74.80000000000001,30.5,5,4.454545454545454,1,3.7,2,15.18,73.5983935742972,1
22,69,1,0,2,1,0,23,2,0,1,65,56,0,2,2,0,63.6,22.0,-9,2.5454545454545454,1,1.0,2,15.18,35.75903614457832,1
26,66,1,1,1,1,1,29,1,16,1,90,63,1,1,2,0,82.4,34.0,-27,2.423076923076923,1,3.6,1,17.16,52.12048192771085,1
26,66,1,1,1,1,1,22,3,1,0,97,84,1,1,1,0,75.2,26.5,-13,3.230769230769231,1,2.1,1,17.16,63.42168674698796,1
35,61,2,1,0,1,1,25,1,15,1,80,47,0,1,3,0,76.4,42.5,-33,1.3428571428571427,1,2.5,0,21.349999999999998,36.05220883534137,1
35,61,2,1,0,1,1,19,1,18,0,61,56,0,2,2,0,58.800000000000004,44.0,-5,1.6,0,2.8,0,21.349999999999998,33.06024096385543,1
25,93,2,0,0,1,1,28,2,17,1,50,82,1,1,1,0,67.2,33.5,32,3.28,1,3.7,0,23.25,55.32530120481928,1
25,93,2,0,0,1,1,22,0,15,0,72,71,0,1,1,0,66.0,32.5,-1,2.84,1,2.5,0,23.25,47.04819277108434,1
25,93,2,0,2,1,1,28,2,17,1,50,82,1,1,1,0,67.2,33.5,32,3.28,3,3.7,4,23.25,55.32530120481928,1
25,93,2,0,2,1,1,22,0,15,0,72,71,0,1,1,0,66.0,32.5,-1,2.84,3,2.5,4,23.25,47.04819277108434,1
25,93,1,1,0,1,1,28,2,17,1,50,82,1,1,1,0,77.2,33.5,32,3.28,0,3.7,0,23.25,63.55823293172691,1
25,93,1,1,0,1,1,22,0,15,0,72,71,0,1,1,0,76.0,32.5,-1,2.84,0,2.5,0,23.25,54.17670682730924,1
25,93,1,0,1,1,1,28,2,17,1,50,82,1,1,1,0,67.2,33.5,32,3.28,1,3.7,1,23.25,55.32530120481928,1
25,93,1,0,1,1,1,22,0,15,0,72,71,0,1,1,0,66.0,32.5,-1,2.84,1,2.5,1,23.25,47.04819277108434,1
26,71,0,0,1,1,0,23,3,3,1,62,64,1,1,2,0,63.2,27.5,2,2.4615384615384617,0,2.3,0,18.46,40.61044176706828,1
26,71,0,0,1,1,0,27,0,3,0,55,71,0,0,1,0,50.400000000000006,27.5,16,2.730769230769231,1,1.3,0,18.46,35.9277108433735,1
26,71,0,0,1,1,0,19,3,17,1,61,89,1,2,0,0,62.800000000000004,34.5,28,3.423076923076923,-1,3.7,0,18.46,56.11646586345382,1
26,71,0,0,1,1,0,18,1,13,1,50,72,1,1,1,0,58.400000000000006,32.5,22,2.769230769230769,0,3.3,0,18.46,42.216867469879524,1
26,71,0,0,1,1,0,28,3,13,0,97,47,1,0,3,0,67.2,32.5,-50,1.8076923076923077,1,3.3,0,18.46,31.71084337349398,1
26,71,0,0,1,1,0,18,1,12,1,60,90,1,2,0,0,62.400000000000006,32.0,30,3.4615384615384617,-1,3.2,0,18.46,56.38554216867471,1
26,71,0,0,1,1,0,25,3,12,0,57,100,1,2,0,0,51.2,32.0,43,3.8461538461538463,-1,3.2,0,18.46,51.405622489959846,1
26,71,2,0,0,1,0,23,3,3,1,62,64,1,1,2,0,63.2,27.5,2,2.4615384615384617,1,2.3,0,18.46,40.61044176706828,1
26,71,2,0,0,1,0,27,0,3,0,55,71,0,0,1,0,50.400000000000006,27.5,16,2.730769230769231,2,1.3,0,18.46,35.9277108433735,1
26,71,2,0,0,1,0,19,3,17,1,61,89,1,2,0,0,62.800000000000004,34.5,28,3.423076923076923,0,3.7,0,18.46,56.11646586345382,1
26,71,2,0,0,1,0,18,1,13,1,50,72,1,1,1,0,58.400000000000006,32.5,22,2.769230769230769,1,3.3,0,18.46,42.216867469879524,1
26,71,2,0,0,1,0,28,3,13,0,97,47,1,0,3,0,67.2,32.5,-50,1.8076923076923077,2,3.3,0,18.46,31.71084337349398,1
26,71,2,0,0,1,0,18,1,12,1,60,90,1,2,0,0,62.400000000000006,32.0,30,3.4615384615384617,0,3.2,0,18.46,56.38554216867471,1
26,71,2,0,0,1,0,25,3,12,0,57,100,1,2,0,0,51.2,32.0,43,3.8461538461538463,0,3.2,0,18.46,51.405622489959846,1
22,93,1,0,0,1,1,28,0,7,1,92,43,0,2,3,0,84.0,25.5,-49,1.9545454545454546,-1,1.7000000000000002,0,20.46,36.265060240963855,1
22,93,2,1,2,1,1,28,0,7,1,92,43,0,2,3,0,94.0,25.5,-49,1.9545454545454546,2,1.7000000000000002,4,20.46,40.58232931726908,1
22,93,0,1,1,1,1,28,0,7,1,92,43,0,2,3,0,94.0,25.5,-49,1.9545454545454546,-1,1.7000000000000002,0,20.46,40.58232931726908,1
22,93,1,1,2,1,1,28,0,7,1,92,43,0,2,3,0,94.0,25.5,-49,1.9545454545454546,1,1.7000000000000002,2,20.46,40.58232931726908,1
15,82,2,1,1,1,1,25,2,6,1,81,49,0,1,3,0,85.2,18.0,-32,3.2666666666666666,2,1.6,2,12.299999999999999,41.915662650602414,1
23,92,0,1,2,1,1,24,2,0,1,80,55,1,2,2,0,88.80000000000001,23.0,-25,2.391304347826087,0,2.0,0,21.16,49.03614457831326,1
23,92,1,1,0,1,1,24,2,0,1,80,55,1,2,2,0,88.80000000000001,23.0,-25,2.391304347826087,-1,2.0,0,21.16,49.03614457831326,1
23,92,1,1,1,1,1,24,2,0,1,80,55,1,2,2,0,88.80000000000001,23.0,-25,2.391304347826087,0,2.0,1,21.16,49.03614457831326,1
23,92,2,0,1,1,1,24,2,0,1,80,55,1,2,2,0,78.80000000000001,23.0,-25,2.391304347826087,1,2.0,2,21.16,43.514056224899605,1
23,92,2,1,2,1,1,24,2,0,1,80,55,1,2,2,0,88.80000000000001,23.0,-25,2.391304347826087,2,2.0,4,21.16,49.03614457831326,1
20,91,1,1,1,1,1,25,3,20,1,59,84,1,0,1,0,80.0,30.0,25,4.2,2,4.0,1,18.2,67.46987951807229,1
20,91,2,1,0,1,1,25,3,20,1,59,84,1,0,1,0,80.0,30.0,25,4.2,2,4.0,0,18.2,67.46987951807229,1
20,91,0,1,1,1,1,25,3,20,1,59,84,1,0,1,0,80.0,30.0,25,4.2,1,4.0,0,18.2,67.46987951807229,1
20,91,1,0,1,1,1,25,3,20,1,59,84,1,0,1,0,70.0,30.0,25,4.2,2,4.0,1,18.2,59.03614457831326,1
20,91,1,1,2,1,1,25,3,20,1,59,84,1,0,1,0,80.0,30.0,25,4.2,3,4.0,2,18.2,67.46987951807229,1
19,82,2,1,1,1,1,23,0,12,1,64,59,0,1,2,0,78.4,25.0,-5,3.1052631578947367,2,2.2,2,15.579999999999998,46.4417670682731,1
19,82,2,1,1,1,1,29,1,13,0,99,62,1,2,2,0,82.4,25.5,-37,3.263157894736842,1,3.3,2,15.579999999999998,51.29317269076306,1
19,82,0,0,1,1,1,23,0,12,1,64,59,0,1,2,0,68.4,25.0,-5,3.1052631578947367,0,2.2,0,15.579999999999998,40.518072289156635,1
19,82,0,0,1,1,1,29,1,18,1,86,76,0,2,1,0,77.2,28.0,-10,4.0,-1,2.8,0,15.579999999999998,58.90763052208836,1
19,82,0,0,1,1,1,29,1,13,0,99,62,1,2,2,0,72.4,25.5,-37,3.263157894736842,-1,3.3,0,15.579999999999998,45.06827309236948,1
19,82,1,0,0,1,1,23,0,12,1,64,59,0,1,2,0,68.4,25.0,-5,3.1052631578947367,0,2.2,0,15.579999999999998,40.518072289156635,1
19,82,1,0,0,1,1,29,1,18,1,86,76,0,2,1,0,77.2,28.0,-10,4.0,-1,2.8,0,15.579999999999998,58.90763052208836,1
19,82,1,0,0,1,1,29,1,13,0,99,62,1,2,2,0,72.4,25.5,-37,3.263157894736842,-1,3.3,0,15.579999999999998,45.06827309236948,1
19,82,1,0,1,1,1,23,0,12,1,64,59,0,1,2,0,68.4,25.0,-5,3.1052631578947367,1,2.2,1,15.579999999999998,40.518072289156635,1
19,82,1,0,1,1,1,29,1,18,1,86,76,0,2,1,0,77.2,28.0,-10,4.0,0,2.8,1,15.579999999999998,58.90763052208836,1
19,82,1,0,1,1,1,29,1,13,0,99,62,1,2,2,0,72.4,25.5,-37,3.263157894736842,0,3.3,1,15.579999999999998,45.06827309236948,1
23,69,1,1,2,1,0,25,1,2,0,67,53,0,2,3,0,64.4,24.0,-14,2.3043478260869565,1,1.2,2,15.87,34.269076305220885,1
23,69,1,1,2,1,0,22,3,3,0,86,40,1,0,3,0,72.0,24.5,-46,1.7391304347826086,3,2.3,2,15.87,28.91566265060241,1
19,71,2,0,2,1,0,28,0,17,0,67,66,1,2,2,0,55.2,27.5,-1,3.473684210526316,2,3.7,4,13.489999999999998,36.57831325301205,1
19,71,2,0,2,1,0,22,0,2,1,68,57,1,2,2,0,65.60000000000001,20.0,-11,3.0,2,2.2,4,13.489999999999998,37.5421686746988,1
19,71,1,1,1,1,0,28,0,17,0,67,66,1,2,2,0,65.2,27.5,-1,3.473684210526316,0,3.7,1,13.489999999999998,43.204819277108435,1
19,71,1,1,1,1,0,22,0,2,1,68,57,1,2,2,0,75.60000000000001,20.0,-11,3.0,0,2.2,1,13.489999999999998,43.26506024096386,1
19,71,1,1,0,1,0,28,0,17,0,67,66,1,2,2,0,65.2,27.5,-1,3.473684210526316,-1,3.7,0,13.489999999999998,43.204819277108435,1
19,71,1,1,0,1,0,22,0,2,1,68,57,1,2,2,0,75.60000000000001,20.0,-11,3.0,-1,2.2,0,13.489999999999998,43.26506024096386,1
19,71,2,1,0,1,0,28,0,17,0,67,66,1,2,2,0,65.2,27.5,-1,3.473684210526316,0,3.7,0,13.489999999999998,43.204819277108435,1
19,71,2,1,0,1,0,22,0,2,1,68,57,1,2,2,0,75.60000000000001,20.0,-11,3.0,0,2.2,0,13.489999999999998,43.26506024096386,1
16,93,1,1,1,1,0,27,1,6,1,84,46,1,1,3,0,90.80000000000001,19.0,-38,2.875,1,2.6,1,14.88,41.93574297188756,1
16,93,2,1,0,1,0,27,1,6,1,84,46,1,1,3,0,90.80000000000001,19.0,-38,2.875,1,2.6,0,14.88,41.93574297188756,1
21,66,1,0,1,1,1,21,2,16,0,68,72,0,2,1,0,53.60000000000001,29.0,4,3.4285714285714284,0,2.6,1,13.860000000000001,38.74698795180724,1
21,66,1,1,1,1,1,21,2,16,0,68,72,0,2,1,0,63.60000000000001,29.0,4,3.4285714285714284,0,2.6,1,13.860000000000001,45.97590361445784,1
26,90,2,0,0,1,0,21,0,3,1,62,81,0,2,1,0,70.8,27.5,19,3.1153846153846154,0,1.3,0,23.400000000000002,57.57831325301204,1
26,90,2,0,0,1,0,29,0,7,0,63,97,1,2,0,0,61.2,29.5,34,3.730769230769231,0,2.7,0,23.400000000000002,59.60240963855423,1
26,90,2,0,0,1,0,28,0,11,0,67,55,1,1,2,0,62.8,31.5,-12,2.1153846153846154,1,3.1,0,23.400000000000002,34.67871485943775,1
26,90,2,0,0,1,0,21,3,8,1,88,94,1,2,0,0,81.2,30.0,6,3.6153846153846154,0,2.8,0,23.400000000000002,76.63453815261045,1
26,90,2,0,0,1,0,21,2,1,1,80,62,1,2,2,0,78.0,26.5,-18,2.3846153846153846,0,2.1,0,23.400000000000002,48.55421686746988,1
26,90,1,1,1,1,0,21,0,3,1,62,81,0,2,1,0,80.8,27.5,19,3.1153846153846154,0,1.3,1,23.400000000000002,65.71084337349397,1
26,90,1,1,1,1,0,29,0,7,0,63,97,1,2,0,0,71.2,29.5,34,3.730769230769231,0,2.7,1,23.400000000000002,69.3413654618474,1
26,90,1,1,1,1,0,28,0,11,0,67,55,1,1,2,0,72.8,31.5,-12,2.1153846153846154,1,3.1,1,23.400000000000002,40.200803212851405,1
26,90,1,1,1,1,0,21,3,8,1,88,94,1,2,0,0,91.2,30.0,6,3.6153846153846154,0,2.8,1,23.400000000000002,86.07228915662651,1
26,90,1,1,1,1,0,21,2,1,1,80,62,1,2,2,0,88.0,26.5,-18,2.3846153846153846,0,2.1,1,23.400000000000002,54.77911646586345,1
26,90,1,0,2,1,0,21,0,3,1,62,81,0,2,1,0,70.8,27.5,19,3.1153846153846154,1,1.3,2,23.400000000000002,57.57831325301204,1
26,90,1,0,2,1,0,29,0,7,0,63,97,1,2,0,0,61.2,29.5,34,3.730769230769231,1,2.7,2,23.400000000000002,59.60240963855423,1
26,90,1,0,2,1,0,28,0,11,0,67,55,1,1,2,0,62.8,31.5,-12,2.1153846153846154,2,3.1,2,23.400000000000002,34.67871485943775,1
26,90,1,0,2,1,0,21,3,8,1,88,94,1,2,0,0,81.2,30.0,6,3.6153846153846154,1,2.8,2,23.400000000000002,76.63453815261045,1
26,90,1,0,2,1,0,21,2,1,1,80,62,1,2,2,0,78.0,26.5,-18,2.3846153846153846,1,2.1,2,23.400000000000002,48.55421686746988,1
19,86,0,0,0,1,1,20,0,20,1,56,70,1,2,1,0,66.8,29.0,14,3.6842105263157894,-2,4.0,0,16.34,46.94779116465863,1
19,86,2,1,2,1,1,20,0,20,1,56,70,1,2,1,0,76.8,29.0,14,3.6842105263157894,2,4.0,4,16.34,53.975903614457835,1
19,86,1,0,1,1,1,20,0,20,1,56,70,1,2,1,0,66.8,29.0,14,3.6842105263157894,0,4.0,1,16.34,46.94779116465863,1
19,86,1,1,0,1,1,20,0,20,1,56,70,1,2,1,0,76.8,29.0,14,3.6842105263157894,-1,4.0,0,16.34,53.975903614457835,1
17,71,2,1,0,1,0,19,2,2,0,55,46,1,0,3,0,60.400000000000006,18.0,-9,2.7058823529411766,2,2.2,0,12.07,27.895582329317275,1
17,71,2,1,0,1,0,29,0,14,0,72,44,1,1,3,0,67.2,24.0,-28,2.588235294117647,1,3.4000000000000004,0,12.07,29.68674698795181,1
17,71,0,0,1,1,0,19,2,2,0,55,46,1,0,3,0,50.400000000000006,18.0,-9,2.7058823529411766,1,2.2,0,12.07,23.277108433734945,1
17,71,0,0,1,1,0,29,0,14,0,72,44,1,1,3,0,57.2,24.0,-28,2.588235294117647,0,3.4000000000000004,0,12.07,25.269076305220885,1
17,71,1,0,0,1,0,19,2,2,0,55,46,1,0,3,0,50.400000000000006,18.0,-9,2.7058823529411766,1,2.2,0,12.07,23.277108433734945,1
17,71,1,0,0,1,0,29,0,14,0,72,44,1,1,3,0,57.2,24.0,-28,2.588235294117647,0,3.4000000000000004,0,12.07,25.269076305220885,1
20,74,2,0,0,1,1,21,2,19,1,59,53,1,2,3,0,63.2,29.5,-6,2.65,0,3.9000000000000004,0,14.8,33.63052208835342,1
20,74,1,1,2,1,1,21,2,19,1,59,53,1,2,3,0,73.2,29.5,-6,2.65,1,3.9000000000000004,2,14.8,38.95180722891566,1
20,74,1,0,2,1,1,21,2,19,1,59,53,1,2,3,0,63.2,29.5,-6,2.65,1,3.9000000000000004,2,14.8,33.63052208835342,1
20,74,1,1,1,1,1,21,2,19,1,59,53,1,2,3,0,73.2,29.5,-6,2.65,0,3.9000000000000004,1,14.8,38.95180722891566,1
20,74,1,0,1,1,1,21,2,19,1,59,53,1,2,3,0,63.2,29.5,-6,2.65,0,3.9000000000000004,1,14.8,33.63052208835342,1
23,64,1,0,1,1,1,29,2,3,0,86,95,1,1,0,0,60.0,24.5,9,4.130434782608695,1,2.3,1,14.72,57.22891566265061,1
23,64,1,0,1,1,1,25,1,9,0,64,75,0,2,1,0,51.2,27.5,11,3.260869565217391,0,1.9,1,14.72,38.55421686746988,1
23,64,1,1,2,1,1,29,2,3,0,86,95,1,1,0,0,70.0,24.5,9,4.130434782608695,2,2.3,2,14.72,66.76706827309238,1
23,64,1,1,2,1,1,25,1,9,0,64,75,0,2,1,0,61.2,27.5,11,3.260869565217391,1,1.9,2,14.72,46.0843373493976,1
23,64,2,1,1,1,1,29,2,3,0,86,95,1,1,0,0,70.0,24.5,9,4.130434782608695,2,2.3,2,14.72,66.76706827309238,1
23,64,2,1,1,1,1,25,1,9,0,64,75,0,2,1,0,61.2,27.5,11,3.260869565217391,1,1.9,2,14.72,46.0843373493976,1
23,64,0,1,1,1,1,29,2,3,0,86,95,1,1,0,0,70.0,24.5,9,4.130434782608695,0,2.3,0,14.72,66.76706827309238,1
23,64,0,1,1,1,1,25,1,9,0,64,75,0,2,1,0,61.2,27.5,11,3.260869565217391,-1,1.9,0,14.72,46.0843373493976,1
23,64,2,0,0,1,1,29,2,3,0,86,95,1,1,0,0,60.0,24.5,9,4.130434782608695,1,2.3,0,14.72,57.22891566265061,1
23,64,2,0,0,1,1,25,1,9,0,64,75,0,2,1,0,51.2,27.5,11,3.260869565217391,0,1.9,0,14.72,38.55421686746988,1
23,64,1,1,1,1,1,29,2,3,0,86,95,1,1,0,0,70.0,24.5,9,4.130434782608695,1,2.3,1,14.72,66.76706827309238,1
23,64,1,1,1,1,1,25,1,9,0,64,75,0,2,1,0,61.2,27.5,11,3.260869565217391,0,1.9,1,14.72,46.0843373493976,1
21,80,2,0,1,1,0,25,2,0,1,50,75,1,2,1,0,62.0,21.0,25,3.5714285714285716,1,2.0,2,16.8,46.686746987951814,1
21,80,2,0,1,1,0,25,0,15,1,96,87,0,1,0,0,80.4,28.5,-9,4.142857142857143,2,2.5,2,16.8,70.22891566265062,1
21,80,2,0,1,1,0,22,0,16,1,64,88,1,0,0,0,67.6,29.0,24,4.190476190476191,3,3.6,2,16.8,59.72690763052209,1
21,80,2,1,1,1,0,25,2,0,1,50,75,1,2,1,0,72.0,21.0,25,3.5714285714285716,1,2.0,2,16.8,54.21686746987952,1
21,80,2,1,1,1,0,25,0,15,1,96,87,0,1,0,0,90.4,28.5,-9,4.142857142857143,2,2.5,2,16.8,78.96385542168676,1
21,80,2,1,1,1,0,22,0,16,1,64,88,1,0,0,0,77.6,29.0,24,4.190476190476191,3,3.6,2,16.8,68.56224899598394,1
21,80,2,1,0,1,0,25,2,0,1,50,75,1,2,1,0,72.0,21.0,25,3.5714285714285716,0,2.0,0,16.8,54.21686746987952,1
21,80,2,1,0,1,0,25,0,15,1,96,87,0,1,0,0,90.4,28.5,-9,4.142857142857143,1,2.5,0,16.8,78.96385542168676,1
21,80,2,1,0,1,0,22,0,16,1,64,88,1,0,0,0,77.6,29.0,24,4.190476190476191,2,3.6,0,16.8,68.56224899598394,1
21,80,0,1,1,1,0,25,2,0,1,50,75,1,2,1,0,72.0,21.0,25,3.5714285714285716,-1,2.0,0,16.8,54.21686746987952,1
21,80,0,1,1,1,0,25,0,15,1,96,87,0,1,0,0,90.4,28.5,-9,4.142857142857143,0,2.5,0,16.8,78.96385542168676,1
21,80,0,1,1,1,0,22,0,16,1,64,88,1,0,0,0,77.6,29.0,24,4.190476190476191,1,3.6,0,16.8,68.56224899598394,1
21,80,1,1,0,1,0,25,2,0,1,50,75,1,2,1,0,72.0,21.0,25,3.5714285714285716,-1,2.0,0,16.8,54.21686746987952,1
21,80,1,1,0,1,0,25,0,15,1,96,87,0,1,0,0,90.4,28.5,-9,4.142857142857143,0,2.5,0,16.8,78.96385542168676,1
21,80,1,1,0,1,0,22,0,16,1,64,88,1,0,0,0,77.6,29.0,24,4.190476190476191,1,3.6,0,16.8,68.56224899598394,1
21,80,0,0,1,1,0,25,2,0,1,50,75,1,2,1,0,62.0,21.0,25,3.5714285714285716,-1,2.0,0,16.8,46.686746987951814,1
21,80,0,0,1,1,0,25,0,15,1,96,87,0,1,0,0,80.4,28.5,-9,4.142857142857143,0,2.5,0,16.8,70.22891566265062,1
21,80,0,0,1,1,0,22,0,16,1,64,88,1,0,0,0,67.6,29.0,24,4.190476190476191,1,3.6,0,16.8,59.72690763052209,1
27,69,1,0,1,1,1,23,2,16,0,77,87,0,0,0,0,58.400000000000006,35.0,10,3.2222222222222223,2,2.6,1,18.63,51.01204819277109,1
27,69,2,1,0,1,1,23,2,16,0,77,87,0,0,0,0,68.4,35.0,10,3.2222222222222223,2,2.6,0,18.63,59.746987951807235,1
27,69,0,1,1,1,1,23,2,16,0,77,87,0,0,0,0,68.4,35.0,10,3.2222222222222223,1,2.6,0,18.63,59.746987951807235,1
30,66,2,0,0,1,1,23,2,0,1,55,63,1,2,2,0,58.400000000000006,30.0,8,2.1,0,2.0,0,19.8,36.939759036144586,1
26,90,0,1,0,1,1,19,0,18,1,73,47,0,1,3,0,85.2,35.0,-26,1.8076923076923077,-1,2.8,0,23.400000000000002,40.204819277108435,1
26,90,2,1,1,1,1,19,0,18,1,73,47,0,1,3,0,85.2,35.0,-26,1.8076923076923077,2,2.8,2,23.400000000000002,40.204819277108435,1
16,77,2,0,0,1,1,26,2,2,1,95,51,0,1,3,0,78.8,17.0,-44,3.1875,1,1.2,0,12.32,40.34939759036145,1
16,77,1,1,1,1,1,26,2,2,1,95,51,0,1,3,0,88.8,17.0,-44,3.1875,1,1.2,1,12.32,45.46987951807229,1
24,92,1,1,2,1,0,29,3,2,1,82,87,0,0,0,0,89.60000000000001,25.0,5,3.625,3,1.2,2,22.080000000000002,78.26506024096386,1
24,92,1,1,2,1,0,18,0,16,0,70,96,1,2,0,0,74.80000000000001,32.0,26,4.0,1,3.6,2,22.080000000000002,72.09638554216869,1
24,92,2,0,2,1,0,29,3,2,1,82,87,0,0,0,0,79.60000000000001,25.0,5,3.625,4,1.2,4,22.080000000000002,69.53012048192772,1
24,92,2,0,2,1,0,18,0,16,0,70,96,1,2,0,0,64.80000000000001,32.0,26,4.0,2,3.6,4,22.080000000000002,62.457831325301214,1
24,92,2,0,1,1,0,29,3,2,1,82,87,0,0,0,0,79.60000000000001,25.0,5,3.625,3,1.2,2,22.080000000000002,69.53012048192772,1
24,92,2,0,1,1,0,18,0,16,0,70,96,1,2,0,0,64.80000000000001,32.0,26,4.0,1,3.6,2,22.080000000000002,62.457831325301214,1
24,92,0,0,1,1,0,29,3,2,1,82,87,0,0,0,0,79.60000000000001,25.0,5,3.625,1,1.2,0,22.080000000000002,69.53012048192772,1
24,92,0,0,1,1,0,18,0,16,0,70,96,1,2,0,0,64.80000000000001,32.0,26,4.0,-1,3.6,0,22.080000000000002,62.457831325301214,1
24,92,1,0,1,1,0,29,3,2,1,82,87,0,0,0,0,79.60000000000001,25.0,5,3.625,2,1.2,1,22.080000000000002,69.53012048192772,1
24,92,1,0,1,1,0,18,0,16,0,70,96,1,2,0,0,64.80000000000001,32.0,26,4.0,0,3.6,1,22.080000000000002,62.457831325301214,1
24,92,1,1,0,1,0,29,3,2,1,82,87,0,0,0,0,89.60000000000001,25.0,5,3.625,1,1.2,0,22.080000000000002,78.26506024096386,1
24,92,1,1,0,1,0,18,0,16,0,70,96,1,2,0,0,74.80000000000001,32.0,26,4.0,-1,3.6,0,22.080000000000002,72.09638554216869,1
28,82,1,1,1,1,1,25,2,7,1,80,67,1,1,2,0,84.80000000000001,31.5,-13,2.392857142857143,1,2.7,1,22.959999999999997,57.04417670682732,1
28,82,1,1,1,1,1,27,0,14,1,93,82,1,1,1,0,90.0,35.0,-11,2.9285714285714284,1,3.4000000000000004,1,22.959999999999997,74.09638554216868,1
28,82,1,1,1,1,1,20,2,0,1,51,99,1,2,0,0,73.2,28.0,48,3.5357142857142856,0,2.0,1,22.959999999999997,72.75903614457832,1
28,82,2,0,0,1,1,25,2,7,1,80,67,1,1,2,0,74.80000000000001,31.5,-13,2.392857142857143,1,2.7,0,22.959999999999997,50.31726907630523,1
28,82,2,0,0,1,1,27,0,14,1,93,82,1,1,1,0,80.0,35.0,-11,2.9285714285714284,1,3.4000000000000004,0,22.959999999999997,65.86345381526104,1
28,82,2,0,0,1,1,20,2,0,1,51,99,1,2,0,0,63.2,28.0,48,3.5357142857142856,0,2.0,0,22.959999999999997,62.819277108433745,1
28,82,2,1,0,1,1,25,2,7,1,80,67,1,1,2,0,84.80000000000001,31.5,-13,2.392857142857143,1,2.7,0,22.959999999999997,57.04417670682732,1
28,82,2,1,0,1,1,27,0,14,1,93,82,1,1,1,0,90.0,35.0,-11,2.9285714285714284,1,3.4000000000000004,0,22.959999999999997,74.09638554216868,1
28,82,2,1,0,1,1,20,2,0,1,51,99,1,2,0,0,73.2,28.0,48,3.5357142857142856,0,2.0,0,22.959999999999997,72.75903614457832,1
29,100,2,1,1,1,0,24,3,20,0,87,56,1,2,2,0,84.80000000000001,39.0,-31,1.9310344827586208,1,4.0,2,29.0,47.67871485943776,1
29,100,2,1,1,1,0,21,1,20,1,90,69,0,2,2,0,96.0,39.0,-21,2.3793103448275863,1,3.0,2,29.0,66.50602409638554,1
15,85,1,0,2,1,1,25,2,5,1,60,46,1,2,3,0,68.0,17.5,-14,3.066666666666667,1,2.5,2,12.75,31.405622489959843,1
15,85,2,1,1,1,1,25,2,5,1,60,46,1,2,3,0,78.0,17.5,-14,3.066666666666667,1,2.5,2,12.75,36.02409638554217,1
15,85,1,0,1,1,1,25,2,5,1,60,46,1,2,3,0,68.0,17.5,-14,3.066666666666667,0,2.5,1,12.75,31.405622489959843,1
15,85,1,1,1,1,1,25,2,5,1,60,46,1,2,3,0,78.0,17.5,-14,3.066666666666667,0,2.5,1,12.75,36.02409638554217,1
32,88,1,0,0,1,1,22,1,11,1,70,63,1,2,2,0,73.2,37.5,-7,1.96875,-1,3.1,0,28.16,46.30120481927711,1
32,88,1,0,0,1,1,20,1,11,1,88,45,1,2,3,0,80.4,37.5,-43,1.40625,-1,3.1,0,28.16,36.32530120481928,1
32,88,0,1,0,1,1,22,1,11,1,70,63,1,2,2,0,83.2,37.5,-7,1.96875,-2,3.1,0,28.16,52.626506024096386,1
32,88,0,1,0,1,1,20,1,11,1,88,45,1,2,3,0,90.4,37.5,-43,1.40625,-2,3.1,0,28.16,40.8433734939759,1
27,80,2,0,2,1,1,29,3,11,0,84,52,1,2,3,0,65.6,32.5,-32,1.9259259259259258,2,3.1,4,21.6,34.24899598393574,1
27,80,0,1,1,1,1,29,3,11,0,84,52,1,2,3,0,75.6,32.5,-32,1.9259259259259258,-1,3.1,0,21.6,39.46987951807229,1
27,80,0,1,2,1,1,29,3,11,0,84,52,1,2,3,0,75.6,32.5,-32,1.9259259259259258,0,3.1,0,21.6,39.46987951807229,1
27,80,0,0,0,1,1,29,3,11,0,84,52,1,2,3,0,65.6,32.5,-32,1.9259259259259258,-2,3.1,0,21.6,34.24899598393574,1
27,80,0,1,0,1,1,29,3,11,0,84,52,1,2,3,0,75.6,32.5,-32,1.9259259259259258,-2,3.1,0,21.6,39.46987951807229,1
27,61,2,1,1,1,0,25,0,4,1,100,86,1,2,0,1,84.4,29.0,-14,3.185185185185185,1,2.4,2,16.47,72.87550200803214,1
26,81,1,0,0,1,0,20,2,1,0,56,58,1,2,2,0,54.8,26.5,2,2.230769230769231,-1,2.1,0,21.060000000000002,31.91164658634538,1
26,81,1,0,0,1,0,24,3,5,1,77,50,1,2,3,0,73.2,28.5,-27,1.9230769230769231,-1,2.5,0,21.060000000000002,36.74698795180723,1
26,81,1,0,0,1,0,26,2,1,0,50,86,0,0,0,0,52.4,26.5,36,3.3076923076923075,1,1.1,0,21.060000000000002,45.24497991967871,1
26,81,1,0,0,1,0,25,1,9,1,100,72,0,2,1,0,82.4,30.5,-28,2.769230769230769,-1,1.9,0,21.060000000000002,59.566265060240966,1
26,81,1,1,1,1,0,20,2,1,0,56,58,1,2,2,0,64.8,26.5,2,2.230769230769231,0,2.1,1,21.060000000000002,37.734939759036145,1
26,81,1,1,1,1,0,24,3,5,1,77,50,1,2,3,0,83.2,28.5,-27,1.9230769230769231,0,2.5,1,21.060000000000002,41.76706827309237,1
26,81,1,1,1,1,0,26,2,1,0,50,86,0,0,0,0,62.4,26.5,36,3.3076923076923075,2,1.1,1,21.060000000000002,53.87951807228916,1
26,81,1,1,1,1,0,25,1,9,1,100,72,0,2,1,0,92.4,30.5,-28,2.769230769230769,0,1.9,1,21.060000000000002,66.79518072289157,1
26,81,0,0,2,1,0,20,2,1,0,56,58,1,2,2,0,54.8,26.5,2,2.230769230769231,0,2.1,0,21.060000000000002,31.91164658634538,1
26,81,0,0,2,1,0,24,3,5,1,77,50,1,2,3,0,73.2,28.5,-27,1.9230769230769231,0,2.5,0,21.060000000000002,36.74698795180723,1
26,81,0,0,2,1,0,26,2,1,0,50,86,0,0,0,0,52.4,26.5,36,3.3076923076923075,2,1.1,0,21.060000000000002,45.24497991967871,1
26,81,0,0,2,1,0,25,1,9,1,100,72,0,2,1,0,82.4,30.5,-28,2.769230769230769,0,1.9,0,21.060000000000002,59.566265060240966,1
26,81,1,1,0,1,0,20,2,1,0,56,58,1,2,2,0,64.8,26.5,2,2.230769230769231,-1,2.1,0,21.060000000000002,37.734939759036145,1
26,81,1,1,0,1,0,24,3,5,1,77,50,1,2,3,0,83.2,28.5,-27,1.9230769230769231,-1,2.5,0,21.060000000000002,41.76706827309237,1
26,81,1,1,0,1,0,26,2,1,0,50,86,0,0,0,0,62.4,26.5,36,3.3076923076923075,1,1.1,0,21.060000000000002,53.87951807228916,1
26,81,1,1,0,1,0,25,1,9,1,100,72,0,2,1,0,92.4,30.5,-28,2.769230769230769,-1,1.9,0,21.060000000000002,66.79518072289157,1
18,77,2,1,1,1,0,18,2,19,0,80,56,1,1,2,0,72.8,27.5,-24,3.111111111111111,2,3.9000000000000004,2,13.86,40.93172690763052,1
18,77,2,1,1,1,0,20,1,6,0,73,41,0,2,3,0,70.0,21.0,-32,2.2777777777777777,1,1.6,2,13.86,28.81526104417671,1
18,77,1,1,2,1,0,18,2,19,0,80,56,1,1,2,0,72.8,27.5,-24,3.111111111111111,2,3.9000000000000004,2,13.86,40.93172690763052,1
18,77,1,1,2,1,0,20,1,6,0,73,41,0,2,3,0,70.0,21.0,-32,2.2777777777777777,1,1.6,2,13.86,28.81526104417671,1
18,77,1,0,0,1,0,18,2,19,0,80,56,1,1,2,0,62.8,27.5,-24,3.111111111111111,0,3.9000000000000004,0,13.86,35.30923694779116,1
18,77,1,0,0,1,0,20,1,6,0,73,41,0,2,3,0,60.0,21.0,-32,2.2777777777777777,-1,1.6,0,13.86,24.698795180722893,1
28,91,1,0,0,1,1,23,2,1,0,61,71,1,1,1,0,60.8,28.5,10,2.5357142857142856,0,2.1,0,25.48,43.341365461847396,1
28,91,1,0,0,1,1,19,3,5,1,86,55,1,1,2,0,80.8,30.5,-31,1.9642857142857142,0,2.5,0,25.48,44.618473895582326,1
28,91,2,1,2,1,1,23,2,1,0,61,71,1,1,1,0,70.8,28.5,10,2.5357142857142856,3,2.1,4,25.48,50.46987951807229,1
28,91,2,1,2,1,1,19,3,5,1,86,55,1,1,2,0,90.8,30.5,-31,1.9642857142857142,3,2.5,4,25.48,50.140562248995984,1
28,91,1,1,0,1,1,23,2,1,0,61,71,1,1,1,0,70.8,28.5,10,2.5357142857142856,0,2.1,0,25.48,50.46987951807229,1
28,91,1,1,0,1,1,19,3,5,1,86,55,1,1,2,0,90.8,30.5,-31,1.9642857142857142,0,2.5,0,25.48,50.140562248995984,1
28,91,1,0,1,1,1,23,2,1,0,61,71,1,1,1,0,60.8,28.5,10,2.5357142857142856,1,2.1,1,25.48,43.341365461847396,1
28,91,1,0,1,1,1,19,3,5,1,86,55,1,1,2,0,80.8,30.5,-31,1.9642857142857142,1,2.5,1,25.48,44.618473895582326,1
23,65,2,1,0,1,0,26,3,10,0,94,42,1,2,3,0,73.6,28.0,-52,1.826086956521739,0,3.0,0,14.950000000000001,31.03614457831325,1
23,65,2,1,0,1,0,19,1,12,1,90,82,1,0,1,0,82.0,29.0,-8,3.5652173913043477,2,3.2,0,14.950000000000001,67.51004016064257,1
23,65,1,0,1,1,0,26,3,10,0,94,42,1,2,3,0,63.6,28.0,-52,1.826086956521739,0,3.0,1,14.950000000000001,26.819277108433738,1
23,65,1,0,1,1,0,19,1,12,1,90,82,1,0,1,0,72.0,29.0,-8,3.5652173913043477,2,3.2,1,14.950000000000001,59.27710843373494,1
23,65,1,1,0,1,0,26,3,10,0,94,42,1,2,3,0,73.6,28.0,-52,1.826086956521739,-1,3.0,0,14.950000000000001,31.03614457831325,1
23,65,1,1,0,1,0,19,1,12,1,90,82,1,0,1,0,82.0,29.0,-8,3.5652173913043477,1,3.2,0,14.950000000000001,67.51004016064257,1
33,87,2,0,0,1,1,21,1,19,1,81,64,0,0,2,0,77.2,42.5,-17,1.9393939393939394,2,2.9000000000000004,0,28.71,49.60642570281125,1
33,87,2,0,0,1,1,18,2,9,1,52,76,1,2,1,0,65.60000000000001,37.5,24,2.303030303030303,0,2.9,0,28.71,50.0562248995984,1
33,87,2,0,0,1,1,24,2,19,0,74,82,0,2,1,0,64.4,42.5,8,2.484848484848485,0,2.9000000000000004,0,28.71,53.02008032128514,1
33,87,2,0,0,1,1,21,1,19,0,82,100,1,2,0,0,67.60000000000001,42.5,18,3.0303030303030303,0,3.9000000000000004,0,28.71,67.87148594377511,1
26,92,0,1,1,1,0,18,1,6,0,56,62,1,2,2,0,69.2,29.0,6,2.3846153846153846,-1,2.6,0,23.92,43.07630522088354,1
26,92,0,1,1,1,0,22,2,6,0,60,90,1,1,0,0,70.80000000000001,29.0,30,3.4615384615384617,0,2.6,0,23.92,63.97590361445785,1
26,92,0,1,1,1,0,19,0,18,0,58,76,0,0,1,0,70.0,35.0,18,2.923076923076923,1,2.8,0,23.92,53.4136546184739,1
26,92,0,1,1,1,0,25,3,20,0,76,41,1,1,3,0,77.2,36.0,-35,1.5769230769230769,0,4.0,0,23.92,31.779116465863456,1
29,99,1,1,0,1,1,22,2,12,0,90,78,1,1,1,0,85.6,35.0,-12,2.689655172413793,0,3.2,0,28.71,67.03614457831326,1
29,99,1,1,0,1,1,22,2,17,1,96,85,0,1,0,0,98.0,37.5,-11,2.9310344827586206,0,2.7,0,28.71,83.63453815261045,1
26,93,1,0,0,1,0,26,1,1,1,76,90,0,0,0,0,77.60000000000001,26.5,14,3.4615384615384617,1,1.1,0,24.18,70.12048192771086,1
26,93,1,0,0,1,0,24,1,8,1,97,89,1,0,0,0,86.0,30.0,-8,3.423076923076923,1,2.8,0,24.18,76.84738955823293,1
26,93,1,0,0,1,0,23,1,7,0,78,78,1,0,1,0,68.4,29.5,0,3.0,1,2.7,0,24.18,53.56626506024097,1
26,93,0,0,1,1,0,26,1,1,1,76,90,0,0,0,0,77.60000000000001,26.5,14,3.4615384615384617,1,1.1,0,24.18,70.12048192771086,1
26,93,0,0,1,1,0,24,1,8,1,97,89,1,0,0,0,86.0,30.0,-8,3.423076923076923,1,2.8,0,24.18,76.84738955823293,1
26,93,0,0,1,1,0,23,1,7,0,78,78,1,0,1,0,68.4,29.5,0,3.0,1,2.7,0,24.18,53.56626506024097,1
26,93,2,0,1,1,0,26,1,1,1,76,90,0,0,0,0,77.60000000000001,26.5,14,3.4615384615384617,3,1.1,2,24.18,70.12048192771086,1
26,93,2,0,1,1,0,24,1,8,1,97,89,1,0,0,0,86.0,30.0,-8,3.423076923076923,3,2.8,2,24.18,76.84738955823293,1
26,93,2,0,1,1,0,23,1,7,0,78,78,1,0,1,0,68.4,29.5,0,3.0,3,2.7,2,24.18,53.56626506024097,1
26,93,1,1,1,1,0,26,1,1,1,76,90,0,0,0,0,87.60000000000001,26.5,14,3.4615384615384617,2,1.1,1,24.18,79.15662650602411,1
26,93,1,1,1,1,0,24,1,8,1,97,89,1,0,0,0,96.0,30.0,-8,3.423076923076923,2,2.8,1,24.18,85.7831325301205,1
26,93,1,1,1,1,0,23,1,7,0,78,78,1,0,1,0,78.4,29.5,0,3.0,2,2.7,1,24.18,61.39759036144579,1
26,93,2,1,0,1,0,26,1,1,1,76,90,0,0,0,0,87.60000000000001,26.5,14,3.4615384615384617,2,1.1,0,24.18,79.15662650602411,1
26,93,2,1,0,1,0,24,1,8,1,97,89,1,0,0,0,96.0,30.0,-8,3.423076923076923,2,2.8,0,24.18,85.7831325301205,1
26,93,2,1,0,1,0,23,1,7,0,78,78,1,0,1,0,78.4,29.5,0,3.0,2,2.7,0,24.18,61.39759036144579,1
18,70,1,1,1,1,1,23,1,3,1,96,40,1,0,3,0,86.4,19.5,-56,2.2222222222222223,2,2.3,1,12.6,34.6987951807229,1
18,70,1,1,1,1,1,29,1,12,0,63,50,1,1,3,0,63.2,24.0,-13,2.7777777777777777,1,3.2,1,12.6,31.726907630522096,1
18,70,0,1,1,1,1,23,1,3,1,96,40,1,0,3,0,86.4,19.5,-56,2.2222222222222223,1,2.3,0,12.6,34.6987951807229,1
18,70,0,1,1,1,1,29,1,12,0,63,50,1,1,3,0,63.2,24.0,-13,2.7777777777777777,0,3.2,0,12.6,31.726907630522096,1
18,70,2,0,1,1,1,23,1,3,1,96,40,1,0,3,0,76.4,19.5,-56,2.2222222222222223,3,2.3,2,12.6,30.682730923694784,1
18,70,2,0,1,1,1,29,1,12,0,63,50,1,1,3,0,53.2,24.0,-13,2.7777777777777777,2,3.2,2,12.6,26.706827309236953,1
32,84,1,1,1,1,0,21,2,16,0,88,59,1,2,2,0,78.80000000000001,40.0,-29,1.84375,0,3.6,1,26.88,46.67871485943776,1
19,75,1,0,0,1,0,25,2,13,0,54,60,1,2,2,0,51.6,25.5,6,3.1578947368421053,-1,3.3,0,14.25,31.08433734939759,1
19,75,1,0,0,1,0,29,1,15,0,87,51,0,1,3,0,64.80000000000001,26.5,-36,2.6842105263157894,0,2.5,0,14.25,33.18072289156627,1
19,75,0,0,2,1,0,25,2,13,0,54,60,1,2,2,0,51.6,25.5,6,3.1578947368421053,0,3.3,0,14.25,31.08433734939759,1
19,75,0,0,2,1,0,29,1,15,0,87,51,0,1,3,0,64.80000000000001,26.5,-36,2.6842105263157894,1,2.5,0,14.25,33.18072289156627,1
19,75,2,0,1,1,0,25,2,13,0,54,60,1,2,2,0,51.6,25.5,6,3.1578947368421053,1,3.3,2,14.25,31.08433734939759,1
19,75,2,0,1,1,0,29,1,15,0,87,51,0,1,3,0,64.80000000000001,26.5,-36,2.6842105263157894,2,2.5,2,14.25,33.18072289156627,1
19,75,2,0,0,1,0,25,2,13,0,54,60,1,2,2,0,51.6,25.5,6,3.1578947368421053,0,3.3,0,14.25,31.08433734939759,1
19,75,2,0,0,1,0,29,1,15,0,87,51,0,1,3,0,64.80000000000001,26.5,-36,2.6842105263157894,1,2.5,0,14.25,33.18072289156627,1
19,75,2,1,1,1,0,25,2,13,0,54,60,1,2,2,0,61.6,25.5,6,3.1578947368421053,1,3.3,2,14.25,37.10843373493976,1
19,75,2,1,1,1,0,29,1,15,0,87,51,0,1,3,0,74.80000000000001,26.5,-36,2.6842105263157894,2,2.5,2,14.25,38.30120481927712,1
19,75,2,1,2,1,0,25,2,13,0,54,60,1,2,2,0,61.6,25.5,6,3.1578947368421053,2,3.3,4,14.25,37.10843373493976,1
19,75,2,1,2,1,0,29,1,15,0,87,51,0,1,3,0,74.80000000000001,26.5,-36,2.6842105263157894,3,2.5,4,14.25,38.30120481927712,1
19,75,1,1,2,1,0,25,2,13,0,54,60,1,2,2,0,61.6,25.5,6,3.1578947368421053,1,3.3,2,14.25,37.10843373493976,1
19,75,1,1,2,1,0,29,1,15,0,87,51,0,1,3,0,74.80000000000001,26.5,-36,2.6842105263157894,2,2.5,2,14.25,38.30120481927712,1
22,85,1,0,2,1,0,29,3,14,1,63,86,0,2,0,0,69.2,29.0,23,3.909090909090909,1,2.4000000000000004,2,18.7,59.751004016064265,1
22,85,1,0,2,1,0,21,3,6,0,52,69,1,0,2,0,54.8,25.0,17,3.1363636363636362,3,2.6,2,18.7,37.963855421686745,1
22,85,1,1,0,1,0,29,3,14,1,63,86,0,2,0,0,79.2,29.0,23,3.909090909090909,-1,2.4000000000000004,0,18.7,68.3855421686747,1
22,85,1,1,0,1,0,21,3,6,0,52,69,1,0,2,0,64.8,25.0,17,3.1363636363636362,1,2.6,0,18.7,44.89156626506024,1
22,85,1,1,1,1,0,29,3,14,1,63,86,0,2,0,0,79.2,29.0,23,3.909090909090909,0,2.4000000000000004,1,18.7,68.3855421686747,1
22,85,1,1,1,1,0,21,3,6,0,52,69,1,0,2,0,64.8,25.0,17,3.1363636363636362,2,2.6,1,18.7,44.89156626506024,1
25,87,1,1,1,1,0,27,2,0,1,97,94,1,2,0,0,93.60000000000001,25.0,-3,3.76,0,2.0,1,21.75,88.33734939759037,1
25,87,1,1,1,1,0,23,3,16,1,51,74,0,1,1,0,75.2,33.0,23,2.96,1,2.6,1,21.75,55.871485943775106,1
25,87,2,1,1,1,0,27,2,0,1,97,94,1,2,0,0,93.60000000000001,25.0,-3,3.76,1,2.0,2,21.75,88.33734939759037,1
25,87,2,1,1,1,0,23,3,16,1,51,74,0,1,1,0,75.2,33.0,23,2.96,2,2.6,2,21.75,55.871485943775106,1
22,92,2,1,0,1,0,26,3,18,0,91,71,1,0,1,0,83.2,31.0,-20,3.227272727272727,2,3.8,0,20.240000000000002,59.30923694779117,1
22,92,2,0,0,1,0,26,3,18,0,91,71,1,0,1,0,73.2,31.0,-20,3.227272727272727,2,3.8,0,20.240000000000002,52.18072289156627,1
27,96,2,0,0,1,0,24,0,16,1,56,55,1,2,2,0,70.80000000000001,35.0,-1,2.037037037037037,0,3.6,0,25.919999999999998,39.09638554216868,1
27,96,2,0,0,1,0,25,3,10,1,53,88,1,1,0,0,69.60000000000001,32.0,35,3.259259259259259,1,3.0,0,25.919999999999998,61.49397590361447,1
27,96,2,0,0,1,0,19,3,20,1,84,86,1,2,0,0,82.0,37.0,2,3.185185185185185,0,4.0,0,25.919999999999998,70.80321285140562,1
27,96,1,1,1,1,0,24,0,16,1,56,55,1,2,2,0,80.80000000000001,35.0,-1,2.037037037037037,0,3.6,1,25.919999999999998,44.61847389558234,1
27,96,1,1,1,1,0,25,3,10,1,53,88,1,1,0,0,79.60000000000001,32.0,35,3.259259259259259,1,3.0,1,25.919999999999998,70.32931726907631,1
27,96,1,1,1,1,0,19,3,20,1,84,86,1,2,0,0,92.0,37.0,2,3.185185185185185,0,4.0,1,25.919999999999998,79.43775100401606,1
21,67,1,1,2,1,1,18,1,13,0,100,47,0,2,3,0,76.8,27.5,-53,2.238095238095238,1,2.3,2,14.07,36.24096385542169,1
21,67,1,1,2,1,1,22,2,6,0,67,50,0,2,3,0,63.6,24.0,-17,2.380952380952381,1,1.6,2,14.07,31.927710843373497,1
21,67,1,1,1,1,1,18,1,13,0,100,47,0,2,3,0,76.8,27.5,-53,2.238095238095238,0,2.3,1,14.07,36.24096385542169,1
21,67,1,1,1,1,1,22,2,6,0,67,50,0,2,3,0,63.6,24.0,-17,2.380952380952381,0,1.6,1,14.07,31.927710843373497,1
30,100,1,1,0,1,0,23,0,3,1,99,82,1,1,1,0,99.6,31.5,-17,2.7333333333333334,0,2.3,0,30.0,82.0,1
30,100,1,1,0,1,0,18,3,5,1,72,61,1,2,2,0,88.8,32.5,-11,2.033333333333333,-1,2.5,0,30.0,54.3855421686747,1
30,100,1,1,0,1,0,20,0,20,1,91,68,1,1,2,0,96.4,40.0,-23,2.2666666666666666,0,4.0,0,30.0,65.81526104417672,1
30,100,2,0,1,1,0,23,0,3,1,99,82,1,1,1,0,89.6,31.5,-17,2.7333333333333334,2,2.3,2,30.0,73.76706827309236,1
30,100,2,0,1,1,0,18,3,5,1,72,61,1,2,2,0,78.8,32.5,-11,2.033333333333333,1,2.5,2,30.0,48.26104417670683,1
30,100,2,0,1,1,0,20,0,20,1,91,68,1,1,2,0,86.4,40.0,-23,2.2666666666666666,2,4.0,2,30.0,58.987951807228924,1
36,88,2,0,2,1,0,19,2,5,0,85,83,0,1,1,0,69.2,38.5,-2,2.3055555555555554,3,1.5,4,31.68,57.66666666666667,1
36,88,2,0,2,1,0,21,1,11,0,73,88,1,0,0,0,64.4,41.5,15,2.4444444444444446,4,3.1,4,31.68,56.8995983935743,1
36,88,2,0,2,1,0,25,3,3,0,72,45,0,2,3,0,64.0,37.5,-27,1.25,2,1.3,4,31.68,28.91566265060241,1
36,88,2,0,2,1,0,28,1,11,0,77,57,1,1,2,0,66.0,41.5,-20,1.5833333333333333,3,3.1,4,31.68,37.7710843373494,1
36,88,2,0,2,1,0,21,3,19,0,71,69,1,2,2,0,63.60000000000001,45.5,-2,1.9166666666666667,2,3.9000000000000004,4,31.68,44.060240963855435,1
23,65,1,1,1,1,1,20,0,12,1,75,96,1,1,0,0,76.0,29.0,21,4.173913043478261,1,3.2,1,14.950000000000001,73.25301204819277,1
23,65,1,1,1,1,1,24,3,17,1,95,73,1,0,1,1,84.0,31.5,-22,3.1739130434782608,2,3.7,1,14.950000000000001,61.566265060240966,1
23,65,1,1,1,1,1,29,3,14,1,77,42,0,1,3,0,76.8,30.0,-35,1.826086956521739,1,2.4000000000000004,1,14.950000000000001,32.385542168674704,1
25,94,2,0,0,1,0,19,0,4,0,51,50,1,2,3,0,58.0,27.0,-1,2.0,0,2.4,0,23.5,29.116465863453815,1
25,94,0,1,0,1,0,19,0,4,0,51,50,1,2,3,0,68.0,27.0,-1,2.0,-2,2.4,0,23.5,34.13654618473896,1
25,94,2,0,2,1,0,19,0,4,0,51,50,1,2,3,0,58.0,27.0,-1,2.0,2,2.4,4,23.5,29.116465863453815,1
25,94,0,1,1,1,0,19,0,4,0,51,50,1,2,3,0,68.0,27.0,-1,2.0,-1,2.4,0,23.5,34.13654618473896,1
28,84,1,1,1,1,0,23,2,17,1,90,62,1,2,2,0,89.6,36.5,-28,2.2142857142857144,0,3.7,1,23.52,55.77510040160642,1
19,86,1,0,1,1,0,22,2,19,1,96,58,1,2,2,0,82.80000000000001,28.5,-38,3.0526315789473686,0,3.9000000000000004,1,16.34,48.216867469879524,1
19,86,1,0,1,1,0,21,2,12,1,51,76,1,1,1,0,64.8,25.0,25,4.0,1,3.2,1,16.34,49.44578313253012,1
19,86,1,0,1,1,0,21,1,10,1,76,61,1,1,2,0,74.8,24.0,-15,3.210526315789474,1,3.0,1,16.34,45.81124497991968,1
19,62,1,1,0,1,0,29,3,12,0,89,63,0,1,2,0,70.4,25.0,-26,3.3157894736842106,0,2.2,0,11.78,44.53012048192772,1
19,62,1,1,1,1,0,29,3,12,0,89,63,0,1,2,0,70.4,25.0,-26,3.3157894736842106,1,2.2,1,11.78,44.53012048192772,1
19,62,0,1,1,1,0,29,3,12,0,89,63,0,1,2,0,70.4,25.0,-26,3.3157894736842106,0,2.2,0,11.78,44.53012048192772,1
24,79,0,1,2,1,1,28,3,4,1,85,85,1,2,0,0,85.6,26.0,0,3.5416666666666665,0,2.4,0,18.96,73.05220883534136,1
24,79,1,0,2,1,1,28,3,4,1,85,85,1,2,0,0,75.6,26.0,0,3.5416666666666665,1,2.4,2,18.96,64.51807228915662,1
30,63,1,0,1,1,0,29,0,2,0,67,47,1,2,3,0,52.0,31.0,-20,1.5666666666666667,0,2.2,1,18.9,24.53815261044177,1
30,63,1,0,1,1,0,20,3,6,1,66,99,1,2,0,0,61.60000000000001,33.0,33,3.3,0,2.6,1,18.9,61.228915662650614,1
30,63,2,1,1,1,0,29,0,2,0,67,47,1,2,3,0,62.0,31.0,-20,1.5666666666666667,1,2.2,2,18.9,29.257028112449802,1
30,63,2,1,1,1,0,20,3,6,1,66,99,1,2,0,0,71.60000000000001,33.0,33,3.3,1,2.6,2,18.9,71.1686746987952,1
30,63,2,0,1,1,0,29,0,2,0,67,47,1,2,3,0,52.0,31.0,-20,1.5666666666666667,1,2.2,2,18.9,24.53815261044177,1
30,63,2,0,1,1,0,20,3,6,1,66,99,1,2,0,0,61.60000000000001,33.0,33,3.3,1,2.6,2,18.9,61.228915662650614,1
30,63,0,0,2,1,0,29,0,2,0,67,47,1,2,3,0,52.0,31.0,-20,1.5666666666666667,0,2.2,0,18.9,24.53815261044177,1
30,63,0,0,2,1,0,20,3,6,1,66,99,1,2,0,0,61.60000000000001,33.0,33,3.3,0,2.6,0,18.9,61.228915662650614,1
23,66,0,0,0,1,1,29,2,10,1,92,41,1,0,3,0,73.2,28.0,-51,1.7826086956521738,0,3.0,0,15.180000000000001,30.132530120481928,1
23,66,2,0,1,1,1,29,2,10,1,92,41,1,0,3,0,73.2,28.0,-51,1.7826086956521738,3,3.0,2,15.180000000000001,30.132530120481928,1
23,66,2,1,2,1,1,29,2,10,1,92,41,1,0,3,0,83.2,28.0,-51,1.7826086956521738,4,3.0,4,15.180000000000001,34.24899598393574,1
23,66,1,0,0,1,1,29,2,10,1,92,41,1,0,3,0,73.2,28.0,-51,1.7826086956521738,1,3.0,0,15.180000000000001,30.132530120481928,1
27,94,1,1,1,1,1,24,2,3,1,84,77,1,2,1,0,91.2,28.5,-7,2.8518518518518516,0,2.3,1,25.38,70.50602409638554,1
18,81,0,1,0,1,1,28,0,17,1,87,69,1,2,2,0,87.2,26.5,-18,3.8333333333333335,-2,3.7,0,14.580000000000002,60.409638554216876,1
18,81,0,1,2,1,1,28,0,17,1,87,69,1,2,2,0,87.2,26.5,-18,3.8333333333333335,0,3.7,0,14.580000000000002,60.409638554216876,1
28,82,1,1,1,1,0,24,0,1,0,67,90,1,2,0,0,69.60000000000001,28.5,23,3.2142857142857144,0,2.1,1,22.959999999999997,62.891566265060256,1
28,82,1,1,1,1,0,23,0,9,1,56,93,1,2,0,0,75.2,32.5,37,3.3214285714285716,0,2.9,1,22.959999999999997,70.21686746987952,1
29,62,1,1,1,1,1,26,3,15,1,79,68,1,0,2,0,76.4,36.5,-11,2.3448275862068964,2,3.5,1,17.98,52.160642570281134,1
32,87,2,1,1,1,1,25,1,17,1,86,47,1,0,3,0,89.2,40.5,-39,1.46875,3,3.7,2,27.84,42.092369477911646,1
32,96,0,1,0,1,1,19,0,0,0,62,59,1,2,2,0,73.2,32.0,-3,1.84375,-2,2.0,0,30.72,43.36144578313253,1
27,92,1,0,2,1,1,26,0,13,1,100,61,1,0,2,0,86.80000000000001,33.5,-39,2.259259259259259,3,3.3,2,24.84,53.160642570281134,1
27,92,1,0,2,1,1,27,3,14,1,75,85,1,2,0,0,76.80000000000001,34.0,10,3.1481481481481484,1,3.4000000000000004,2,24.84,65.54216867469881,1
27,92,1,0,2,1,1,20,2,17,1,97,89,1,2,0,0,85.60000000000001,35.5,-8,3.2962962962962963,1,3.7,2,24.84,76.48995983935744,1
27,92,1,1,2,1,1,26,0,13,1,100,61,1,0,2,0,96.80000000000001,33.5,-39,2.259259259259259,3,3.3,2,24.84,59.28514056224901,1
27,92,1,1,2,1,1,27,3,14,1,75,85,1,2,0,0,86.80000000000001,34.0,10,3.1481481481481484,1,3.4000000000000004,2,24.84,74.07630522088355,1
27,92,1,1,2,1,1,20,2,17,1,97,89,1,2,0,0,95.60000000000001,35.5,-8,3.2962962962962963,1,3.7,2,24.84,85.42570281124499,1
27,92,1,1,0,1,1,26,0,13,1,100,61,1,0,2,0,96.80000000000001,33.5,-39,2.259259259259259,1,3.3,0,24.84,59.28514056224901,1
27,92,1,1,0,1,1,27,3,14,1,75,85,1,2,0,0,86.80000000000001,34.0,10,3.1481481481481484,-1,3.4000000000000004,0,24.84,74.07630522088355,1
27,92,1,1,0,1,1,20,2,17,1,97,89,1,2,0,0,95.60000000000001,35.5,-8,3.2962962962962963,-1,3.7,0,24.84,85.42570281124499,1
27,92,1,1,1,1,1,26,0,13,1,100,61,1,0,2,0,96.80000000000001,33.5,-39,2.259259259259259,2,3.3,1,24.84,59.28514056224901,1
27,92,1,1,1,1,1,27,3,14,1,75,85,1,2,0,0,86.80000000000001,34.0,10,3.1481481481481484,0,3.4000000000000004,1,24.84,74.07630522088355,1
27,92,1,1,1,1,1,20,2,17,1,97,89,1,2,0,0,95.60000000000001,35.5,-8,3.2962962962962963,0,3.7,1,24.84,85.42570281124499,1
27,92,1,0,1,1,1,26,0,13,1,100,61,1,0,2,0,86.80000000000001,33.5,-39,2.259259259259259,2,3.3,1,24.84,53.160642570281134,1
27,92,1,0,1,1,1,27,3,14,1,75,85,1,2,0,0,76.80000000000001,34.0,10,3.1481481481481484,0,3.4000000000000004,1,24.84,65.54216867469881,1
27,92,1,0,1,1,1,20,2,17,1,97,89,1,2,0,0,85.60000000000001,35.5,-8,3.2962962962962963,0,3.7,1,24.84,76.48995983935744,1
27,92,2,1,1,1,1,26,0,13,1,100,61,1,0,2,0,96.80000000000001,33.5,-39,2.259259259259259,3,3.3,2,24.84,59.28514056224901,1
27,92,2,1,1,1,1,27,3,14,1,75,85,1,2,0,0,86.80000000000001,34.0,10,3.1481481481481484,1,3.4000000000000004,2,24.84,74.07630522088355,1
27,92,2,1,1,1,1,20,2,17,1,97,89,1,2,0,0,95.60000000000001,35.5,-8,3.2962962962962963,1,3.7,2,24.84,85.42570281124499,1
26,67,1,1,2,1,1,27,2,9,0,51,65,0,2,2,0,57.2,30.5,14,2.5,1,1.9,2,17.42,37.329317269076306,1
26,67,1,1,2,1,1,27,1,0,1,75,52,1,1,3,0,76.8,26.0,-23,2.0,2,2.0,2,17.42,40.096385542168676,1
26,67,1,1,2,1,1,19,3,14,0,94,99,1,1,0,0,74.4,33.0,5,3.8076923076923075,2,3.4000000000000004,2,17.42,73.95180722891567,1
26,67,1,1,2,1,1,28,2,7,1,66,56,1,2,2,0,73.2,29.5,-10,2.1538461538461537,1,2.7,2,17.42,41.1566265060241,1
26,67,2,1,1,1,1,27,2,9,0,51,65,0,2,2,0,57.2,30.5,14,2.5,1,1.9,2,17.42,37.329317269076306,1
26,67,2,1,1,1,1,27,1,0,1,75,52,1,1,3,0,76.8,26.0,-23,2.0,2,2.0,2,17.42,40.096385542168676,1
26,67,2,1,1,1,1,19,3,14,0,94,99,1,1,0,0,74.4,33.0,5,3.8076923076923075,2,3.4000000000000004,2,17.42,73.95180722891567,1
26,67,2,1,1,1,1,28,2,7,1,66,56,1,2,2,0,73.2,29.5,-10,2.1538461538461537,1,2.7,2,17.42,41.1566265060241,1
26,67,0,1,2,1,1,27,2,9,0,51,65,0,2,2,0,57.2,30.5,14,2.5,0,1.9,0,17.42,37.329317269076306,1
26,67,0,1,2,1,1,27,1,0,1,75,52,1,1,3,0,76.8,26.0,-23,2.0,1,2.0,0,17.42,40.096385542168676,1
26,67,0,1,2,1,1,19,3,14,0,94,99,1,1,0,0,74.4,33.0,5,3.8076923076923075,1,3.4000000000000004,0,17.42,73.95180722891567,1
26,67,0,1,2,1,1,28,2,7,1,66,56,1,2,2,0,73.2,29.5,-10,2.1538461538461537,0,2.7,0,17.42,41.1566265060241,1
26,67,1,1,1,1,1,27,2,9,0,51,65,0,2,2,0,57.2,30.5,14,2.5,0,1.9,1,17.42,37.329317269076306,1
26,67,1,1,1,1,1,27,1,0,1,75,52,1,1,3,0,76.8,26.0,-23,2.0,1,2.0,1,17.42,40.096385542168676,1
26,67,1,1,1,1,1,19,3,14,0,94,99,1,1,0,0,74.4,33.0,5,3.8076923076923075,1,3.4000000000000004,1,17.42,73.95180722891567,1
26,67,1,1,1,1,1,28,2,7,1,66,56,1,2,2,0,73.2,29.5,-10,2.1538461538461537,0,2.7,1,17.42,41.1566265060241,1
26,67,1,1,0,1,1,27,2,9,0,51,65,0,2,2,0,57.2,30.5,14,2.5,-1,1.9,0,17.42,37.329317269076306,1
26,67,1,1,0,1,1,27,1,0,1,75,52,1,1,3,0,76.8,26.0,-23,2.0,0,2.0,0,17.42,40.096385542168676,1
26,67,1,1,0,1,1,19,3,14,0,94,99,1,1,0,0,74.4,33.0,5,3.8076923076923075,0,3.4000000000000004,0,17.42,73.95180722891567,1
26,67,1,1,0,1,1,28,2,7,1,66,56,1,2,2,0,73.2,29.5,-10,2.1538461538461537,-1,2.7,0,17.42,41.1566265060241,1
26,67,1,0,1,1,1,27,2,9,0,51,65,0,2,2,0,47.2,30.5,14,2.5,0,1.9,1,17.42,30.803212851405625,1
26,67,1,0,1,1,1,27,1,0,1,75,52,1,1,3,0,66.8,26.0,-23,2.0,1,2.0,1,17.42,34.87550200803213,1
26,67,1,0,1,1,1,19,3,14,0,94,99,1,1,0,0,64.4,33.0,5,3.8076923076923075,1,3.4000000000000004,1,17.42,64.01204819277109,1
26,67,1,0,1,1,1,28,2,7,1,66,56,1,2,2,0,63.2,29.5,-10,2.1538461538461537,0,2.7,1,17.42,35.53413654618475,1
26,67,2,1,2,1,1,27,2,9,0,51,65,0,2,2,0,57.2,30.5,14,2.5,2,1.9,4,17.42,37.329317269076306,1
26,67,2,1,2,1,1,27,1,0,1,75,52,1,1,3,0,76.8,26.0,-23,2.0,3,2.0,4,17.42,40.096385542168676,1
26,67,2,1,2,1,1,19,3,14,0,94,99,1,1,0,0,74.4,33.0,5,3.8076923076923075,3,3.4000000000000004,4,17.42,73.95180722891567,1
26,67,2,1,2,1,1,28,2,7,1,66,56,1,2,2,0,73.2,29.5,-10,2.1538461538461537,2,2.7,4,17.42,41.1566265060241,1
17,63,1,0,2,1,1,25,0,14,0,81,50,0,1,3,0,57.6,24.0,-31,2.9411764705882355,2,2.4000000000000004,2,10.71,28.915662650602414,1
17,63,1,0,0,1,1,25,0,14,0,81,50,0,1,3,0,57.6,24.0,-31,2.9411764705882355,0,2.4000000000000004,0,10.71,28.915662650602414,1
26,87,1,1,2,1,1,23,2,17,1,81,99,1,2,0,0,87.2,34.5,18,3.8076923076923075,1,3.7,2,22.62,86.67469879518073,1
26,87,1,1,2,1,1,20,0,4,1,56,78,1,2,1,0,77.2,28.0,22,3.0,1,2.4,2,22.62,60.457831325301214,1
26,87,1,1,2,1,1,27,3,11,0,98,68,1,2,2,0,84.0,31.5,-30,2.6153846153846154,1,3.1,2,22.62,57.34939759036145,1
26,87,1,1,2,1,1,20,1,0,1,50,42,0,2,3,0,74.80000000000001,26.0,-8,1.6153846153846154,1,1.0,2,22.62,31.5421686746988,1
26,87,1,1,2,1,1,18,0,5,1,55,46,0,2,3,0,76.80000000000001,28.5,-9,1.7692307692307692,1,1.5,2,22.62,35.4698795180723,1
26,87,2,0,0,1,1,23,2,17,1,81,99,1,2,0,0,77.2,34.5,18,3.8076923076923075,0,3.7,0,22.62,76.73493975903615,1
26,87,2,0,0,1,1,20,0,4,1,56,78,1,2,1,0,67.2,28.0,22,3.0,0,2.4,0,22.62,52.62650602409639,1
26,87,2,0,0,1,1,27,3,11,0,98,68,1,2,2,0,74.0,31.5,-30,2.6153846153846154,0,3.1,0,22.62,50.52208835341366,1
26,87,2,0,0,1,1,20,1,0,1,50,42,0,2,3,0,64.80000000000001,26.0,-8,1.6153846153846154,0,1.0,0,22.62,27.325301204819283,1
26,87,2,0,0,1,1,18,0,5,1,55,46,0,2,3,0,66.80000000000001,28.5,-9,1.7692307692307692,0,1.5,0,22.62,30.851405622489967,1
26,87,1,0,2,1,1,23,2,17,1,81,99,1,2,0,0,77.2,34.5,18,3.8076923076923075,1,3.7,2,22.62,76.73493975903615,1
26,87,1,0,2,1,1,20,0,4,1,56,78,1,2,1,0,67.2,28.0,22,3.0,1,2.4,2,22.62,52.62650602409639,1
26,87,1,0,2,1,1,27,3,11,0,98,68,1,2,2,0,74.0,31.5,-30,2.6153846153846154,1,3.1,2,22.62,50.52208835341366,1
26,87,1,0,2,1,1,20,1,0,1,50,42,0,2,3,0,64.80000000000001,26.0,-8,1.6153846153846154,1,1.0,2,22.62,27.325301204819283,1
26,87,1,0,2,1,1,18,0,5,1,55,46,0,2,3,0,66.80000000000001,28.5,-9,1.7692307692307692,1,1.5,2,22.62,30.851405622489967,1
26,87,1,1,1,1,1,23,2,17,1,81,99,1,2,0,0,87.2,34.5,18,3.8076923076923075,0,3.7,1,22.62,86.67469879518073,1
26,87,1,1,1,1,1,20,0,4,1,56,78,1,2,1,0,77.2,28.0,22,3.0,0,2.4,1,22.62,60.457831325301214,1
26,87,1,1,1,1,1,27,3,11,0,98,68,1,2,2,0,84.0,31.5,-30,2.6153846153846154,0,3.1,1,22.62,57.34939759036145,1
26,87,1,1,1,1,1,20,1,0,1,50,42,0,2,3,0,74.80000000000001,26.0,-8,1.6153846153846154,0,1.0,1,22.62,31.5421686746988,1
26,87,1,1,1,1,1,18,0,5,1,55,46,0,2,3,0,76.80000000000001,28.5,-9,1.7692307692307692,0,1.5,1,22.62,35.4698795180723,1
29,62,2,1,2,1,0,25,1,0,1,91,45,1,0,3,0,81.2,29.0,-46,1.5517241379310345,4,2.0,4,17.98,36.68674698795181,1
29,62,2,1,2,1,0,21,0,5,1,54,90,1,2,0,0,66.4,31.5,36,3.103448275862069,2,2.5,4,17.98,60.00000000000001,1
29,62,2,1,2,1,0,22,3,12,1,58,58,1,2,2,0,68.0,35.0,0,2.0,2,3.2,4,17.98,39.59839357429719,1
29,62,2,1,2,1,0,25,1,5,1,64,100,0,2,0,0,70.4,31.5,36,3.4482758620689653,2,1.5,4,17.98,70.68273092369479,1
29,62,2,1,2,1,0,24,0,19,1,78,46,0,2,3,0,76.0,38.5,-32,1.5862068965517242,2,2.9000000000000004,4,17.98,35.100401606425706,1
29,62,2,1,2,1,0,25,1,19,1,90,80,0,1,1,0,80.8,38.5,-10,2.7586206896551726,3,2.9000000000000004,4,17.98,64.8995983935743,1
29,62,2,1,2,1,0,24,2,16,1,80,82,0,0,1,0,76.8,37.0,2,2.8275862068965516,4,2.6,4,17.98,63.22891566265061,1
29,94,2,1,1,1,1,23,0,12,0,50,57,1,2,2,0,67.6,35.0,7,1.9655172413793103,1,3.2,2,27.259999999999998,38.68674698795181,1
29,94,2,1,1,1,1,24,0,4,1,97,44,1,1,3,0,96.4,31.0,-53,1.5172413793103448,2,2.4,2,27.259999999999998,42.58634538152611,1
29,94,2,1,1,1,1,23,2,20,1,98,65,1,2,2,0,96.80000000000001,39.0,-33,2.2413793103448274,1,4.0,2,27.259999999999998,63.17269076305222,1
31,61,1,0,1,1,1,22,0,13,0,96,96,1,2,0,1,62.80000000000001,37.5,0,3.096774193548387,0,3.3,1,18.91,60.530120481927725,1
31,61,1,0,1,1,1,26,3,20,1,64,46,1,1,3,0,60.0,41.0,-18,1.4838709677419355,1,4.0,1,18.91,27.71084337349398,1
27,73,1,0,0,1,0,23,3,12,0,60,62,1,0,2,0,53.2,33.0,2,2.2962962962962963,1,3.2,0,19.71,33.11646586345382,1
27,73,1,0,0,1,0,29,2,18,0,50,65,1,0,2,0,49.2,36.0,15,2.4074074074074074,1,3.8,0,19.71,32.10843373493976,1
27,73,1,0,0,1,0,29,0,8,0,58,91,1,0,0,0,52.400000000000006,31.0,33,3.3703703703703702,1,2.8,0,19.71,47.875502008032136,1
27,73,1,0,1,1,0,23,3,12,0,60,62,1,0,2,0,53.2,33.0,2,2.2962962962962963,2,3.2,1,19.71,33.11646586345382,1
27,73,1,0,1,1,0,29,2,18,0,50,65,1,0,2,0,49.2,36.0,15,2.4074074074074074,2,3.8,1,19.71,32.10843373493976,1
27,73,1,0,1,1,0,29,0,8,0,58,91,1,0,0,0,52.400000000000006,31.0,33,3.3703703703703702,2,2.8,1,19.71,47.875502008032136,1
27,73,2,1,2,1,0,23,3,12,0,60,62,1,0,2,0,63.2,33.0,2,2.2962962962962963,4,3.2,4,19.71,39.341365461847396,1
27,73,2,1,2,1,0,29,2,18,0,50,65,1,0,2,0,59.2,36.0,15,2.4074074074074074,4,3.8,4,19.71,38.634538152610446,1
27,73,2,1,2,1,0,29,0,8,0,58,91,1,0,0,0,62.400000000000006,31.0,33,3.3703703703703702,4,2.8,4,19.71,57.0120481927711,1
27,73,0,0,1,1,0,23,3,12,0,60,62,1,0,2,0,53.2,33.0,2,2.2962962962962963,1,3.2,0,19.71,33.11646586345382,1
27,73,0,0,1,1,0,29,2,18,0,50,65,1,0,2,0,49.2,36.0,15,2.4074074074074074,1,3.8,0,19.71,32.10843373493976,1
27,73,0,0,1,1,0,29,0,8,0,58,91,1,0,0,0,52.400000000000006,31.0,33,3.3703703703703702,1,2.8,0,19.71,47.875502008032136,1
23,96,1,1,2,1,0,28,3,16,0,78,42,0,2,3,0,79.60000000000001,31.0,-36,1.826086956521739,1,2.6,2,22.08,33.56626506024097,1
23,96,1,1,2,1,0,29,0,10,1,66,68,0,2,2,0,84.80000000000001,28.0,2,2.9565217391304346,1,2.0,2,22.08,57.89558232931728,1
23,96,0,0,1,1,0,28,3,16,0,78,42,0,2,3,0,69.60000000000001,31.0,-36,1.826086956521739,-1,2.6,0,22.08,29.349397590361452,1
23,96,0,0,1,1,0,29,0,10,1,66,68,0,2,2,0,74.80000000000001,28.0,2,2.9565217391304346,-1,2.0,0,22.08,51.06827309236949,1
23,96,1,1,1,1,0,28,3,16,0,78,42,0,2,3,0,79.60000000000001,31.0,-36,1.826086956521739,0,2.6,1,22.08,33.56626506024097,1
23,96,1,1,1,1,0,29,0,10,1,66,68,0,2,2,0,84.80000000000001,28.0,2,2.9565217391304346,0,2.0,1,22.08,57.89558232931728,1
23,96,2,1,0,1,0,28,3,16,0,78,42,0,2,3,0,79.60000000000001,31.0,-36,1.826086956521739,0,2.6,0,22.08,33.56626506024097,1
23,96,2,1,0,1,0,29,0,10,1,66,68,0,2,2,0,84.80000000000001,28.0,2,2.9565217391304346,0,2.0,0,22.08,57.89558232931728,1
31,65,0,1,1,1,1,19,2,3,0,87,43,1,2,3,0,70.80000000000001,32.5,-44,1.3870967741935485,-1,2.3,0,20.150000000000002,30.566265060240973,1
31,64,0,1,0,1,0,26,3,20,1,89,45,1,0,3,0,81.2,41.0,-44,1.4516129032258065,0,4.0,0,19.84,36.68674698795181,1
31,64,0,1,0,1,0,28,2,3,1,86,56,1,2,2,0,80.0,32.5,-30,1.8064516129032258,-2,2.3,0,19.84,44.97991967871486,1
31,64,0,1,0,1,0,27,2,9,1,98,59,0,1,2,1,84.80000000000001,35.5,-39,1.903225806451613,-1,1.9,0,19.84,50.23293172690764,1
31,64,0,1,0,1,0,26,1,8,0,77,60,1,2,2,0,66.4,35.0,-17,1.935483870967742,-2,2.8,0,19.84,40.00000000000001,1
31,64,0,1,0,1,0,24,2,2,1,77,64,1,1,2,0,76.4,32.0,-13,2.064516129032258,-1,2.2,0,19.84,49.09236947791165,1
31,64,1,0,0,1,0,26,3,20,1,89,45,1,0,3,0,71.2,41.0,-44,1.4516129032258065,1,4.0,0,19.84,32.168674698795186,1
31,64,1,0,0,1,0,28,2,3,1,86,56,1,2,2,0,70.0,32.5,-30,1.8064516129032258,-1,2.3,0,19.84,39.35742971887551,1
31,64,1,0,0,1,0,27,2,9,1,98,59,0,1,2,1,74.80000000000001,35.5,-39,1.903225806451613,0,1.9,0,19.84,44.30923694779117,1
31,64,1,0,0,1,0,26,1,8,0,77,60,1,2,2,0,56.400000000000006,35.0,-17,1.935483870967742,-1,2.8,0,19.84,33.975903614457835,1
31,64,1,0,0,1,0,24,2,2,1,77,64,1,1,2,0,66.4,32.0,-13,2.064516129032258,0,2.2,0,19.84,42.66666666666667,1
31,64,1,1,1,1,0,26,3,20,1,89,45,1,0,3,0,81.2,41.0,-44,1.4516129032258065,2,4.0,1,19.84,36.68674698795181,1
31,64,1,1,1,1,0,28,2,3,1,86,56,1,2,2,0,80.0,32.5,-30,1.8064516129032258,0,2.3,1,19.84,44.97991967871486,1
31,64,1,1,1,1,0,27,2,9,1,98,59,0,1,2,1,84.80000000000001,35.5,-39,1.903225806451613,1,1.9,1,19.84,50.23293172690764,1
31,64,1,1,1,1,0,26,1,8,0,77,60,1,2,2,0,66.4,35.0,-17,1.935483870967742,0,2.8,1,19.84,40.00000000000001,1
31,64,1,1,1,1,0,24,2,2,1,77,64,1,1,2,0,76.4,32.0,-13,2.064516129032258,1,2.2,1,19.84,49.09236947791165,1
31,64,2,0,1,1,0,26,3,20,1,89,45,1,0,3,0,71.2,41.0,-44,1.4516129032258065,3,4.0,2,19.84,32.168674698795186,1
31,64,2,0,1,1,0,28,2,3,1,86,56,1,2,2,0,70.0,32.5,-30,1.8064516129032258,1,2.3,2,19.84,39.35742971887551,1
31,64,2,0,1,1,0,27,2,9,1,98,59,0,1,2,1,74.80000000000001,35.5,-39,1.903225806451613,2,1.9,2,19.84,44.30923694779117,1
31,64,2,0,1,1,0,26,1,8,0,77,60,1,2,2,0,56.400000000000006,35.0,-17,1.935483870967742,1,2.8,2,19.84,33.975903614457835,1
31,64,2,0,1,1,0,24,2,2,1,77,64,1,1,2,0,66.4,32.0,-13,2.064516129032258,2,2.2,2,19.84,42.66666666666667,1
30,69,1,1,1,1,0,23,3,11,0,91,64,1,2,2,0,74.0,35.5,-27,2.1333333333333333,0,3.1,1,20.7,47.55020080321285,1
30,69,1,1,1,1,0,25,3,0,1,76,88,1,1,0,0,78.0,30.0,12,2.933333333333333,1,2.0,1,20.7,68.91566265060241,1
30,69,1,1,1,1,0,25,1,1,0,70,72,0,1,1,0,65.6,30.5,2,2.4,1,1.1,1,20.7,47.42168674698795,1
30,69,1,0,1,1,0,23,3,11,0,91,64,1,2,2,0,64.0,35.5,-27,2.1333333333333333,0,3.1,1,20.7,41.12449799196787,1
30,69,1,0,1,1,0,25,3,0,1,76,88,1,1,0,0,68.0,30.0,12,2.933333333333333,1,2.0,1,20.7,60.08032128514057,1
30,69,1,0,1,1,0,25,1,1,0,70,72,0,1,1,0,55.6,30.5,2,2.4,1,1.1,1,20.7,40.19277108433735,1
25,95,1,0,1,1,1,25,2,10,1,92,43,1,1,3,0,84.80000000000001,30.0,-49,1.72,1,3.0,1,23.75,36.61044176706828,1
25,95,1,0,1,1,1,28,2,0,1,65,43,1,1,3,0,74.0,25.0,-22,1.72,1,2.0,1,23.75,31.947791164658636,1
25,95,1,0,1,1,1,20,0,19,0,98,95,1,2,0,0,77.2,34.5,-3,3.8,0,3.9000000000000004,1,23.75,73.63453815261045,1
25,95,0,1,1,1,1,25,2,10,1,92,43,1,1,3,0,94.80000000000001,30.0,-49,1.72,0,3.0,0,23.75,40.927710843373504,1
25,95,0,1,1,1,1,28,2,0,1,65,43,1,1,3,0,84.0,25.0,-22,1.72,0,2.0,0,23.75,36.265060240963855,1
25,95,0,1,1,1,1,20,0,19,0,98,95,1,2,0,0,87.2,34.5,-3,3.8,-1,3.9000000000000004,0,23.75,83.17269076305222,1
25,95,2,0,1,1,1,25,2,10,1,92,43,1,1,3,0,84.80000000000001,30.0,-49,1.72,2,3.0,2,23.75,36.61044176706828,1
25,95,2,0,1,1,1,28,2,0,1,65,43,1,1,3,0,74.0,25.0,-22,1.72,2,2.0,2,23.75,31.947791164658636,1
25,95,2,0,1,1,1,20,0,19,0,98,95,1,2,0,0,77.2,34.5,-3,3.8,1,3.9000000000000004,2,23.75,73.63453815261045,1
25,95,2,1,1,1,1,25,2,10,1,92,43,1,1,3,0,94.80000000000001,30.0,-49,1.72,2,3.0,2,23.75,40.927710843373504,1
25,95,2,1,1,1,1,28,2,0,1,65,43,1,1,3,0,84.0,25.0,-22,1.72,2,2.0,2,23.75,36.265060240963855,1
25,95,2,1,1,1,1,20,0,19,0,98,95,1,2,0,0,87.2,34.5,-3,3.8,1,3.9000000000000004,2,23.75,83.17269076305222,1
25,95,1,1,0,1,1,25,2,10,1,92,43,1,1,3,0,94.80000000000001,30.0,-49,1.72,0,3.0,0,23.75,40.927710843373504,1
25,95,1,1,0,1,1,28,2,0,1,65,43,1,1,3,0,84.0,25.0,-22,1.72,0,2.0,0,23.75,36.265060240963855,1
25,95,1,1,0,1,1,20,0,19,0,98,95,1,2,0,0,87.2,34.5,-3,3.8,-1,3.9000000000000004,0,23.75,83.17269076305222,1
27,90,1,1,1,1,0,27,1,16,1,74,85,0,0,0,0,85.6,35.0,11,3.1481481481481484,2,2.6,1,24.3,73.05220883534136,1
27,90,2,0,1,1,0,27,1,16,1,74,85,0,0,0,0,75.6,35.0,11,3.1481481481481484,3,2.6,2,24.3,64.51807228915662,1
27,90,1,0,1,1,0,27,1,16,1,74,85,0,0,0,0,75.6,35.0,11,3.1481481481481484,2,2.6,1,24.3,64.51807228915662,1
19,72,2,0,1,1,1,29,0,1,1,50,53,1,1,3,0,58.8,19.5,3,2.789473684210526,2,2.1,2,13.68,31.289156626506024,1
19,72,2,0,1,1,1,25,3,3,1,90,47,1,1,3,0,74.8,20.5,-43,2.473684210526316,2,2.3,2,13.68,35.29718875502008,1
19,72,1,1,0,1,1,29,0,1,1,50,53,1,1,3,0,68.8,19.5,3,2.789473684210526,0,2.1,0,13.68,36.610441767068274,1
19,72,1,1,0,1,1,25,3,3,1,90,47,1,1,3,0,84.8,20.5,-43,2.473684210526316,0,2.3,0,13.68,40.01606425702811,1
19,72,0,0,1,1,1,29,0,1,1,50,53,1,1,3,0,58.8,19.5,3,2.789473684210526,0,2.1,0,13.68,31.289156626506024,1
19,72,0,0,1,1,1,25,3,3,1,90,47,1,1,3,0,74.8,20.5,-43,2.473684210526316,0,2.3,0,13.68,35.29718875502008,1
19,72,1,1,2,1,1,29,0,1,1,50,53,1,1,3,0,68.8,19.5,3,2.789473684210526,2,2.1,2,13.68,36.610441767068274,1
19,72,1,1,2,1,1,25,3,3,1,90,47,1,1,3,0,84.8,20.5,-43,2.473684210526316,2,2.3,2,13.68,40.01606425702811,1
25,70,1,1,2,1,1,18,1,7,0,81,61,1,2,2,0,70.4,28.5,-20,2.44,1,2.7,2,17.5,43.116465863453826,1
25,70,1,0,1,1,1,18,1,7,0,81,61,1,2,2,0,60.4,28.5,-20,2.44,0,2.7,1,17.5,36.99196787148594,1
25,70,2,1,1,1,1,18,1,7,0,81,61,1,2,2,0,70.4,28.5,-20,2.44,1,2.7,2,17.5,43.116465863453826,1
25,70,1,1,1,1,1,18,1,7,0,81,61,1,2,2,0,70.4,28.5,-20,2.44,0,2.7,1,17.5,43.116465863453826,1
25,70,2,0,2,1,1,18,1,7,0,81,61,1,2,2,0,60.4,28.5,-20,2.44,2,2.7,4,17.5,36.99196787148594,1
25,70,1,1,0,1,1,18,1,7,0,81,61,1,2,2,0,70.4,28.5,-20,2.44,-1,2.7,0,17.5,43.116465863453826,1
24,67,2,1,0,1,0,18,1,11,1,82,97,0,1,0,0,79.60000000000001,29.5,15,4.041666666666667,1,2.1,0,16.080000000000002,77.52208835341366,1
24,67,1,1,0,1,0,18,1,11,1,82,97,0,1,0,0,79.60000000000001,29.5,15,4.041666666666667,0,2.1,0,16.080000000000002,77.52208835341366,1
24,67,1,0,1,1,0,18,1,11,1,82,97,0,1,0,0,69.60000000000001,29.5,15,4.041666666666667,1,2.1,1,16.080000000000002,67.7831325301205,1
24,67,2,1,1,1,0,18,1,11,1,82,97,0,1,0,0,79.60000000000001,29.5,15,4.041666666666667,2,2.1,2,16.080000000000002,77.52208835341366,1
24,67,2,0,2,1,0,18,1,11,1,82,97,0,1,0,0,69.60000000000001,29.5,15,4.041666666666667,3,2.1,4,16.080000000000002,67.7831325301205,1
24,67,1,0,0,1,0,18,1,11,1,82,97,0,1,0,0,69.60000000000001,29.5,15,4.041666666666667,0,2.1,0,16.080000000000002,67.7831325301205,1
24,67,1,1,1,1,0,18,1,11,1,82,97,0,1,0,0,79.60000000000001,29.5,15,4.041666666666667,1,2.1,1,16.080000000000002,77.52208835341366,1
24,67,0,0,1,1,0,18,1,11,1,82,97,0,1,0,0,69.60000000000001,29.5,15,4.041666666666667,0,2.1,0,16.080000000000002,67.7831325301205,1
25,84,1,1,0,1,0,24,3,17,0,88,51,1,1,3,0,78.80000000000001,33.5,-37,2.04,0,3.7,0,21.0,40.349397590361455,1
25,84,1,1,1,1,0,24,3,17,0,88,51,1,1,3,0,78.80000000000001,33.5,-37,2.04,1,3.7,1,21.0,40.349397590361455,1
21,63,1,0,0,1,0,29,1,20,0,97,87,1,2,0,1,64.0,31.0,-10,4.142857142857143,-1,4.0,0,13.23,55.903614457831324,1
21,63,1,0,0,1,0,25,3,3,0,81,51,1,2,3,0,57.6,22.5,-30,2.4285714285714284,-1,2.3,0,13.23,29.493975903614462,1
21,63,1,0,0,1,0,26,3,1,0,91,63,1,2,2,0,61.6,21.5,-28,3.0,-1,2.1,0,13.23,38.96385542168675,1
21,63,1,0,0,1,0,25,2,9,1,54,83,1,2,1,0,56.800000000000004,25.5,29,3.9523809523809526,-1,2.9,0,13.23,47.33333333333334,1
21,63,0,0,1,1,0,29,1,20,0,97,87,1,2,0,1,64.0,31.0,-10,4.142857142857143,-1,4.0,0,13.23,55.903614457831324,1
21,63,0,0,1,1,0,25,3,3,0,81,51,1,2,3,0,57.6,22.5,-30,2.4285714285714284,-1,2.3,0,13.23,29.493975903614462,1
21,63,0,0,1,1,0,26,3,1,0,91,63,1,2,2,0,61.6,21.5,-28,3.0,-1,2.1,0,13.23,38.96385542168675,1
21,63,0,0,1,1,0,25,2,9,1,54,83,1,2,1,0,56.800000000000004,25.5,29,3.9523809523809526,-1,2.9,0,13.23,47.33333333333334,1
21,63,0,1,0,1,0,29,1,20,0,97,87,1,2,0,1,74.0,31.0,-10,4.142857142857143,-2,4.0,0,13.23,64.63855421686748,1
21,63,0,1,0,1,0,25,3,3,0,81,51,1,2,3,0,67.6,22.5,-30,2.4285714285714284,-2,2.3,0,13.23,34.6144578313253,1
21,63,0,1,0,1,0,26,3,1,0,91,63,1,2,2,0,71.6,21.5,-28,3.0,-2,2.1,0,13.23,45.28915662650602,1
21,63,0,1,0,1,0,25,2,9,1,54,83,1,2,1,0,66.80000000000001,25.5,29,3.9523809523809526,-2,2.9,0,13.23,55.66666666666668,1
21,63,1,1,1,1,0,29,1,20,0,97,87,1,2,0,1,74.0,31.0,-10,4.142857142857143,0,4.0,1,13.23,64.63855421686748,1
21,63,1,1,1,1,0,25,3,3,0,81,51,1,2,3,0,67.6,22.5,-30,2.4285714285714284,0,2.3,1,13.23,34.6144578313253,1
21,63,1,1,1,1,0,26,3,1,0,91,63,1,2,2,0,71.6,21.5,-28,3.0,0,2.1,1,13.23,45.28915662650602,1
21,63,1,1,1,1,0,25,2,9,1,54,83,1,2,1,0,66.80000000000001,25.5,29,3.9523809523809526,0,2.9,1,13.23,55.66666666666668,1
21,63,1,0,1,1,0,29,1,20,0,97,87,1,2,0,1,64.0,31.0,-10,4.142857142857143,0,4.0,1,13.23,55.903614457831324,1
21,63,1,0,1,1,0,25,3,3,0,81,51,1,2,3,0,57.6,22.5,-30,2.4285714285714284,0,2.3,1,13.23,29.493975903614462,1
21,63,1,0,1,1,0,26,3,1,0,91,63,1,2,2,0,61.6,21.5,-28,3.0,0,2.1,1,13.23,38.96385542168675,1
21,63,1,0,1,1,0,25,2,9,1,54,83,1,2,1,0,56.800000000000004,25.5,29,3.9523809523809526,0,2.9,1,13.23,47.33333333333334,1
27,99,1,1,1,1,1,29,1,17,0,59,85,1,2,0,0,73.2,35.5,26,3.1481481481481484,0,3.7,1,26.73,62.46987951807229,1
27,99,1,0,0,1,1,29,1,17,0,59,85,1,2,0,0,63.2,35.5,26,3.1481481481481484,-1,3.7,0,26.73,53.935742971887564,1
27,99,1,0,2,1,1,29,1,17,0,59,85,1,2,0,0,63.2,35.5,26,3.1481481481481484,1,3.7,2,26.73,53.935742971887564,1
27,99,0,1,0,1,1,29,1,17,0,59,85,1,2,0,0,73.2,35.5,26,3.1481481481481484,-2,3.7,0,26.73,62.46987951807229,1
21,79,0,1,2,1,0,21,1,4,0,73,81,1,2,1,0,70.80000000000001,23.0,8,3.857142857142857,0,2.4,0,16.59,57.57831325301206,1
21,79,0,1,2,1,0,25,3,17,1,51,62,0,2,2,0,72.0,29.5,11,2.9523809523809526,0,2.7,0,16.59,44.81927710843374,1
21,79,0,1,2,1,0,26,1,5,1,62,54,1,1,3,0,76.4,23.5,-8,2.5714285714285716,1,2.5,0,16.59,41.42168674698796,1
21,79,2,1,1,1,0,21,1,4,0,73,81,1,2,1,0,70.80000000000001,23.0,8,3.857142857142857,1,2.4,2,16.59,57.57831325301206,1
21,79,2,1,1,1,0,25,3,17,1,51,62,0,2,2,0,72.0,29.5,11,2.9523809523809526,1,2.7,2,16.59,44.81927710843374,1
21,79,2,1,1,1,0,26,1,5,1,62,54,1,1,3,0,76.4,23.5,-8,2.5714285714285716,2,2.5,2,16.59,41.42168674698796,1
21,79,0,0,0,1,0,21,1,4,0,73,81,1,2,1,0,60.800000000000004,23.0,8,3.857142857142857,-2,2.4,0,16.59,49.445783132530124,1
21,79,0,0,0,1,0,25,3,17,1,51,62,0,2,2,0,62.0,29.5,11,2.9523809523809526,-2,2.7,0,16.59,38.59437751004017,1
21,79,0,0,0,1,0,26,1,5,1,62,54,1,1,3,0,66.4,23.5,-8,2.5714285714285716,-1,2.5,0,16.59,36.00000000000001,1
21,79,0,1,0,1,0,21,1,4,0,73,81,1,2,1,0,70.80000000000001,23.0,8,3.857142857142857,-2,2.4,0,16.59,57.57831325301206,1
21,79,0,1,0,1,0,25,3,17,1,51,62,0,2,2,0,72.0,29.5,11,2.9523809523809526,-2,2.7,0,16.59,44.81927710843374,1
21,79,0,1,0,1,0,26,1,5,1,62,54,1,1,3,0,76.4,23.5,-8,2.5714285714285716,-1,2.5,0,16.59,41.42168674698796,1
21,79,0,0,1,1,0,21,1,4,0,73,81,1,2,1,0,60.800000000000004,23.0,8,3.857142857142857,-1,2.4,0,16.59,49.445783132530124,1
21,79,0,0,1,1,0,25,3,17,1,51,62,0,2,2,0,62.0,29.5,11,2.9523809523809526,-1,2.7,0,16.59,38.59437751004017,1
21,79,0,0,1,1,0,26,1,5,1,62,54,1,1,3,0,66.4,23.5,-8,2.5714285714285716,0,2.5,0,16.59,36.00000000000001,1
21,79,2,0,0,1,0,21,1,4,0,73,81,1,2,1,0,60.800000000000004,23.0,8,3.857142857142857,0,2.4,0,16.59,49.445783132530124,1
21,79,2,0,0,1,0,25,3,17,1,51,62,0,2,2,0,62.0,29.5,11,2.9523809523809526,0,2.7,0,16.59,38.59437751004017,1
21,79,2,0,0,1,0,26,1,5,1,62,54,1,1,3,0,66.4,23.5,-8,2.5714285714285716,1,2.5,0,16.59,36.00000000000001,1
21,79,1,1,2,1,0,21,1,4,0,73,81,1,2,1,0,70.80000000000001,23.0,8,3.857142857142857,1,2.4,2,16.59,57.57831325301206,1
21,79,1,1,2,1,0,25,3,17,1,51,62,0,2,2,0,72.0,29.5,11,2.9523809523809526,1,2.7,2,16.59,44.81927710843374,1
21,79,1,1,2,1,0,26,1,5,1,62,54,1,1,3,0,76.4,23.5,-8,2.5714285714285716,2,2.5,2,16.59,41.42168674698796,1
18,93,0,1,1,1,1,27,3,12,0,96,70,1,2,1,0,85.60000000000001,24.0,-26,3.888888888888889,-1,3.2,0,16.740000000000002,60.160642570281134,1
21,85,1,0,2,1,1,23,1,11,0,98,81,1,2,1,0,73.2,26.5,-17,3.857142857142857,1,3.1,2,17.849999999999998,59.53012048192771,1
21,85,1,0,2,1,1,22,2,14,0,81,62,1,2,2,0,66.4,28.0,-19,2.9523809523809526,1,3.4000000000000004,2,17.849999999999998,41.333333333333336,1
21,85,1,1,1,1,1,23,1,11,0,98,81,1,2,1,0,83.2,26.5,-17,3.857142857142857,0,3.1,1,17.849999999999998,67.66265060240964,1
21,85,1,1,1,1,1,22,2,14,0,81,62,1,2,2,0,76.4,28.0,-19,2.9523809523809526,0,3.4000000000000004,1,17.849999999999998,47.55823293172691,1
21,85,2,1,1,1,1,23,1,11,0,98,81,1,2,1,0,83.2,26.5,-17,3.857142857142857,1,3.1,2,17.849999999999998,67.66265060240964,1
21,85,2,1,1,1,1,22,2,14,0,81,62,1,2,2,0,76.4,28.0,-19,2.9523809523809526,1,3.4000000000000004,2,17.849999999999998,47.55823293172691,1
21,85,1,0,0,1,1,23,1,11,0,98,81,1,2,1,0,73.2,26.5,-17,3.857142857142857,-1,3.1,0,17.849999999999998,59.53012048192771,1
21,85,1,0,0,1,1,22,2,14,0,81,62,1,2,2,0,66.4,28.0,-19,2.9523809523809526,-1,3.4000000000000004,0,17.849999999999998,41.333333333333336,1
21,85,0,0,1,1,1,23,1,11,0,98,81,1,2,1,0,73.2,26.5,-17,3.857142857142857,-1,3.1,0,17.849999999999998,59.53012048192771,1
21,85,0,0,1,1,1,22,2,14,0,81,62,1,2,2,0,66.4,28.0,-19,2.9523809523809526,-1,3.4000000000000004,0,17.849999999999998,41.333333333333336,1
21,85,0,1,1,1,1,23,1,11,0,98,81,1,2,1,0,83.2,26.5,-17,3.857142857142857,-1,3.1,0,17.849999999999998,67.66265060240964,1
21,85,0,1,1,1,1,22,2,14,0,81,62,1,2,2,0,76.4,28.0,-19,2.9523809523809526,-1,3.4000000000000004,0,17.849999999999998,47.55823293172691,1
23,72,1,1,0,1,1,25,2,17,0,89,61,0,2,2,0,74.4,31.5,-28,2.652173913043478,-1,2.7,0,16.56,45.566265060240966,1
23,72,1,1,0,1,1,19,2,20,1,50,94,1,2,0,0,68.8,33.0,44,4.086956521739131,-1,4.0,0,16.56,64.93172690763052,1
23,72,1,1,0,1,1,21,0,7,1,66,46,1,0,3,0,75.2,26.5,-20,2.0,1,2.7,0,16.56,34.73092369477912,1
23,72,1,1,0,1,1,25,0,17,0,53,46,0,1,3,0,60.0,31.5,-7,2.0,0,2.7,0,16.56,27.71084337349398,1
23,72,2,1,1,1,1,25,2,17,0,89,61,0,2,2,0,74.4,31.5,-28,2.652173913043478,1,2.7,2,16.56,45.566265060240966,1
23,72,2,1,1,1,1,19,2,20,1,50,94,1,2,0,0,68.8,33.0,44,4.086956521739131,1,4.0,2,16.56,64.93172690763052,1
23,72,2,1,1,1,1,21,0,7,1,66,46,1,0,3,0,75.2,26.5,-20,2.0,3,2.7,2,16.56,34.73092369477912,1
23,72,2,1,1,1,1,25,0,17,0,53,46,0,1,3,0,60.0,31.5,-7,2.0,2,2.7,2,16.56,27.71084337349398,1
23,72,2,0,0,1,1,25,2,17,0,89,61,0,2,2,0,64.4,31.5,-28,2.652173913043478,0,2.7,0,16.56,39.441767068273094,1
23,72,2,0,0,1,1,19,2,20,1,50,94,1,2,0,0,58.8,33.0,44,4.086956521739131,0,4.0,0,16.56,55.49397590361446,1
23,72,2,0,0,1,1,21,0,7,1,66,46,1,0,3,0,65.2,26.5,-20,2.0,2,2.7,0,16.56,30.11244979919679,1
23,72,2,0,0,1,1,25,0,17,0,53,46,0,1,3,0,50.0,31.5,-7,2.0,1,2.7,0,16.56,23.092369477911646,1
23,72,1,1,1,1,1,25,2,17,0,89,61,0,2,2,0,74.4,31.5,-28,2.652173913043478,0,2.7,1,16.56,45.566265060240966,1
23,72,1,1,1,1,1,19,2,20,1,50,94,1,2,0,0,68.8,33.0,44,4.086956521739131,0,4.0,1,16.56,64.93172690763052,1
23,72,1,1,1,1,1,21,0,7,1,66,46,1,0,3,0,75.2,26.5,-20,2.0,2,2.7,1,16.56,34.73092369477912,1
23,72,1,1,1,1,1,25,0,17,0,53,46,0,1,3,0,60.0,31.5,-7,2.0,1,2.7,1,16.56,27.71084337349398,1
23,72,1,1,2,1,1,25,2,17,0,89,61,0,2,2,0,74.4,31.5,-28,2.652173913043478,1,2.7,2,16.56,45.566265060240966,1
23,72,1,1,2,1,1,19,2,20,1,50,94,1,2,0,0,68.8,33.0,44,4.086956521739131,1,4.0,2,16.56,64.93172690763052,1
23,72,1,1,2,1,1,21,0,7,1,66,46,1,0,3,0,75.2,26.5,-20,2.0,3,2.7,2,16.56,34.73092369477912,1
23,72,1,1,2,1,1,25,0,17,0,53,46,0,1,3,0,60.0,31.5,-7,2.0,2,2.7,2,16.56,27.71084337349398,1
23,72,0,1,0,1,1,25,2,17,0,89,61,0,2,2,0,74.4,31.5,-28,2.652173913043478,-2,2.7,0,16.56,45.566265060240966,1
23,72,0,1,0,1,1,19,2,20,1,50,94,1,2,0,0,68.8,33.0,44,4.086956521739131,-2,4.0,0,16.56,64.93172690763052,1
23,72,0,1,0,1,1,21,0,7,1,66,46,1,0,3,0,75.2,26.5,-20,2.0,0,2.7,0,16.56,34.73092369477912,1
23,72,0,1,0,1,1,25,0,17,0,53,46,0,1,3,0,60.0,31.5,-7,2.0,-1,2.7,0,16.56,27.71084337349398,1
23,72,1,0,2,1,1,25,2,17,0,89,61,0,2,2,0,64.4,31.5,-28,2.652173913043478,1,2.7,2,16.56,39.441767068273094,1
23,72,1,0,2,1,1,19,2,20,1,50,94,1,2,0,0,58.8,33.0,44,4.086956521739131,1,4.0,2,16.56,55.49397590361446,1
23,72,1,0,2,1,1,21,0,7,1,66,46,1,0,3,0,65.2,26.5,-20,2.0,3,2.7,2,16.56,30.11244979919679,1
23,72,1,0,2,1,1,25,0,17,0,53,46,0,1,3,0,50.0,31.5,-7,2.0,2,2.7,2,16.56,23.092369477911646,1
25,96,0,1,2,1,1,25,3,13,1,72,51,0,2,3,0,87.2,31.5,-21,2.04,0,2.3,0,24.0,44.65060240963856,1
25,96,0,1,2,1,1,21,1,3,0,51,89,1,1,0,0,68.80000000000001,26.5,38,3.56,1,2.3,0,24.0,61.47791164658636,1
25,96,0,1,2,1,1,23,1,19,1,85,85,1,2,0,0,92.4,34.5,0,3.4,0,3.9000000000000004,0,24.0,78.855421686747,1
25,96,2,1,0,1,1,25,3,13,1,72,51,0,2,3,0,87.2,31.5,-21,2.04,0,2.3,0,24.0,44.65060240963856,1
25,96,2,1,0,1,1,21,1,3,0,51,89,1,1,0,0,68.80000000000001,26.5,38,3.56,1,2.3,0,24.0,61.47791164658636,1
25,96,2,1,0,1,1,23,1,19,1,85,85,1,2,0,0,92.4,34.5,0,3.4,0,3.9000000000000004,0,24.0,78.855421686747,1
25,96,1,0,0,1,1,25,3,13,1,72,51,0,2,3,0,77.2,31.5,-21,2.04,-1,2.3,0,24.0,39.53012048192772,1
25,96,1,0,0,1,1,21,1,3,0,51,89,1,1,0,0,58.80000000000001,26.5,38,3.56,0,2.3,0,24.0,52.54216867469881,1
25,96,1,0,0,1,1,23,1,19,1,85,85,1,2,0,0,82.4,34.5,0,3.4,-1,3.9000000000000004,0,24.0,70.32128514056225,1
25,96,0,0,1,1,1,25,3,13,1,72,51,0,2,3,0,77.2,31.5,-21,2.04,-1,2.3,0,24.0,39.53012048192772,1
25,96,0,0,1,1,1,21,1,3,0,51,89,1,1,0,0,58.80000000000001,26.5,38,3.56,0,2.3,0,24.0,52.54216867469881,1
25,96,0,0,1,1,1,23,1,19,1,85,85,1,2,0,0,82.4,34.5,0,3.4,-1,3.9000000000000004,0,24.0,70.32128514056225,1
25,96,2,0,1,1,1,25,3,13,1,72,51,0,2,3,0,77.2,31.5,-21,2.04,1,2.3,2,24.0,39.53012048192772,1
25,96,2,0,1,1,1,21,1,3,0,51,89,1,1,0,0,58.80000000000001,26.5,38,3.56,2,2.3,2,24.0,52.54216867469881,1
25,96,2,0,1,1,1,23,1,19,1,85,85,1,2,0,0,82.4,34.5,0,3.4,1,3.9000000000000004,2,24.0,70.32128514056225,1
32,72,1,1,0,1,0,28,1,6,1,92,72,1,0,1,0,85.60000000000001,35.0,-20,2.25,1,2.6,0,23.04,61.879518072289166,1
32,72,1,1,0,1,0,19,3,13,1,58,81,1,2,1,0,72.0,38.5,23,2.53125,-1,3.3,0,23.04,58.554216867469876,1
28,73,1,1,1,1,0,26,1,6,1,88,72,1,2,1,0,84.4,31.0,-16,2.5714285714285716,0,2.6,1,20.439999999999998,61.01204819277109,1
28,73,0,0,1,1,0,26,1,6,1,88,72,1,2,1,0,74.4,31.0,-16,2.5714285714285716,-1,2.6,0,20.439999999999998,53.78313253012049,1
28,73,2,1,1,1,0,26,1,6,1,88,72,1,2,1,0,84.4,31.0,-16,2.5714285714285716,1,2.6,2,20.439999999999998,61.01204819277109,1
25,67,1,1,1,1,1,27,2,12,0,84,92,1,0,0,0,70.4,31.0,8,3.68,2,3.2,1,16.75,65.02811244979921,1
25,67,1,1,1,1,1,20,3,0,0,57,70,1,2,1,0,59.6,25.0,13,2.8,0,2.0,1,16.75,41.88755020080321,1
25,67,1,1,1,1,1,21,3,12,1,92,91,0,1,0,0,83.60000000000001,31.0,-1,3.64,1,2.2,1,16.75,76.38152610441769,1
25,67,1,1,1,1,1,24,3,13,0,88,98,1,2,0,0,72.0,31.5,10,3.92,0,3.3,1,16.75,70.8433734939759,1
25,67,1,1,2,1,1,27,2,12,0,84,92,1,0,0,0,70.4,31.0,8,3.68,3,3.2,2,16.75,65.02811244979921,1
25,67,1,1,2,1,1,20,3,0,0,57,70,1,2,1,0,59.6,25.0,13,2.8,1,2.0,2,16.75,41.88755020080321,1
25,67,1,1,2,1,1,21,3,12,1,92,91,0,1,0,0,83.60000000000001,31.0,-1,3.64,2,2.2,2,16.75,76.38152610441769,1
25,67,1,1,2,1,1,24,3,13,0,88,98,1,2,0,0,72.0,31.5,10,3.92,1,3.3,2,16.75,70.8433734939759,1
39,95,2,1,2,1,1,27,2,1,1,88,72,1,2,1,0,93.2,39.5,-16,1.8461538461538463,2,2.1,4,37.05,67.37349397590361,1
39,95,2,1,2,1,1,29,2,6,0,92,79,1,2,1,0,84.80000000000001,42.0,-13,2.0256410256410255,2,2.6,4,37.05,67.26104417670683,1
27,90,0,0,1,1,1,22,2,18,1,91,82,1,1,1,0,82.4,36.0,-9,3.037037037037037,0,3.8,0,24.3,67.83935742971889,1
27,90,0,0,1,1,1,22,3,8,1,91,77,1,2,1,0,82.4,31.0,-14,2.8518518518518516,-1,2.8,0,24.3,63.70281124497993,1
27,90,0,0,1,1,1,21,3,1,0,75,79,0,2,1,0,66.0,27.5,4,2.925925925925926,-1,1.1,0,24.3,52.34939759036145,1
27,90,1,0,2,1,1,22,2,18,1,91,82,1,1,1,0,82.4,36.0,-9,3.037037037037037,2,3.8,2,24.3,67.83935742971889,1
27,90,1,0,2,1,1,22,3,8,1,91,77,1,2,1,0,82.4,31.0,-14,2.8518518518518516,1,2.8,2,24.3,63.70281124497993,1
27,90,1,0,2,1,1,21,3,1,0,75,79,0,2,1,0,66.0,27.5,4,2.925925925925926,1,1.1,2,24.3,52.34939759036145,1
27,90,2,0,2,1,1,22,2,18,1,91,82,1,1,1,0,82.4,36.0,-9,3.037037037037037,3,3.8,4,24.3,67.83935742971889,1
27,90,2,0,2,1,1,22,3,8,1,91,77,1,2,1,0,82.4,31.0,-14,2.8518518518518516,2,2.8,4,24.3,63.70281124497993,1
27,90,2,0,2,1,1,21,3,1,0,75,79,0,2,1,0,66.0,27.5,4,2.925925925925926,2,1.1,4,24.3,52.34939759036145,1
26,97,0,0,2,1,0,20,1,19,1,90,66,0,0,2,0,84.80000000000001,35.5,-24,2.5384615384615383,2,2.9000000000000004,0,25.22,56.19277108433736,1
26,97,0,0,2,1,0,24,2,13,1,75,74,1,0,1,0,78.80000000000001,32.5,-1,2.8461538461538463,2,3.3,0,25.22,58.54618473895584,1
26,97,0,0,2,1,0,26,2,16,0,96,77,1,1,1,0,77.20000000000002,34.0,-19,2.9615384615384617,1,3.6,0,25.22,59.68273092369479,1
26,97,0,1,1,1,0,20,1,19,1,90,66,0,0,2,0,94.80000000000001,35.5,-24,2.5384615384615383,1,2.9000000000000004,0,25.22,62.819277108433745,1
26,97,0,1,1,1,0,24,2,13,1,75,74,1,0,1,0,88.80000000000001,32.5,-1,2.8461538461538463,1,3.3,0,25.22,65.97590361445785,1
26,97,0,1,1,1,0,26,2,16,0,96,77,1,1,1,0,87.20000000000002,34.0,-19,2.9615384615384617,0,3.6,0,25.22,67.41365461847391,1
28,70,2,1,1,1,1,28,2,11,1,56,92,0,1,0,0,70.4,33.5,36,3.2857142857142856,2,2.1,2,19.599999999999998,65.02811244979921,1
28,70,2,1,1,1,1,20,3,5,1,80,40,1,2,3,0,80.0,30.5,-40,1.4285714285714286,1,2.5,2,19.599999999999998,32.1285140562249,1
28,70,0,1,2,1,1,28,2,11,1,56,92,0,1,0,0,70.4,33.5,36,3.2857142857142856,1,2.1,0,19.599999999999998,65.02811244979921,1
28,70,0,1,2,1,1,20,3,5,1,80,40,1,2,3,0,80.0,30.5,-40,1.4285714285714286,0,2.5,0,19.599999999999998,32.1285140562249,1
28,70,1,1,0,1,1,28,2,11,1,56,92,0,1,0,0,70.4,33.5,36,3.2857142857142856,0,2.1,0,19.599999999999998,65.02811244979921,1
28,70,1,1,0,1,1,20,3,5,1,80,40,1,2,3,0,80.0,30.5,-40,1.4285714285714286,-1,2.5,0,19.599999999999998,32.1285140562249,1
28,70,1,1,1,1,1,28,2,11,1,56,92,0,1,0,0,70.4,33.5,36,3.2857142857142856,1,2.1,1,19.599999999999998,65.02811244979921,1
28,70,1,1,1,1,1,20,3,5,1,80,40,1,2,3,0,80.0,30.5,-40,1.4285714285714286,0,2.5,1,19.599999999999998,32.1285140562249,1
20,64,1,1,1,1,1,24,3,20,1,87,55,1,0,2,0,80.4,30.0,-32,2.75,2,4.0,1,12.8,44.39759036144579,1
20,64,0,1,0,1,1,24,3,20,1,87,55,1,0,2,0,80.4,30.0,-32,2.75,0,4.0,0,12.8,44.39759036144579,1
20,64,1,1,2,1,1,24,3,20,1,87,55,1,0,2,0,80.4,30.0,-32,2.75,3,4.0,2,12.8,44.39759036144579,1
20,64,0,1,2,1,1,24,3,20,1,87,55,1,0,2,0,80.4,30.0,-32,2.75,2,4.0,0,12.8,44.39759036144579,1
20,64,0,0,1,1,1,24,3,20,1,87,55,1,0,2,0,70.4,30.0,-32,2.75,1,4.0,0,12.8,38.875502008032136,1
26,60,2,1,0,1,1,28,3,19,1,69,84,1,2,1,0,71.6,35.5,15,3.230769230769231,0,3.9000000000000004,0,15.6,60.3855421686747,1
23,96,1,1,0,1,1,21,3,14,1,89,70,1,0,1,0,94.0,30.0,-19,3.0434782608695654,1,3.4000000000000004,0,22.08,66.06425702811245,1
23,96,1,0,1,1,1,21,3,14,1,89,70,1,0,1,0,84.0,30.0,-19,3.0434782608695654,2,3.4000000000000004,1,22.08,59.036144578313255,1
23,96,2,1,1,1,1,21,3,14,1,89,70,1,0,1,0,94.0,30.0,-19,3.0434782608695654,3,3.4000000000000004,2,22.08,66.06425702811245,1
23,96,2,0,1,1,1,21,3,14,1,89,70,1,0,1,0,84.0,30.0,-19,3.0434782608695654,3,3.4000000000000004,2,22.08,59.036144578313255,1
32,86,1,1,0,1,1,22,3,11,1,60,69,1,1,2,0,78.4,37.5,9,2.15625,0,3.1,0,27.52,54.3132530120482,1
32,86,1,1,0,1,1,23,1,9,0,70,75,1,2,1,0,72.4,36.5,5,2.34375,-1,2.9,0,27.52,54.51807228915663,1
23,74,0,1,0,1,0,18,0,3,0,56,69,1,2,2,0,62.0,24.5,13,3.0,-2,2.3,0,17.02,42.95180722891567,1
23,74,0,1,0,1,0,27,3,17,0,66,90,0,2,0,0,66.0,31.5,24,3.9130434782608696,-2,2.7,0,17.02,59.63855421686747,1
23,74,0,1,0,1,0,24,3,13,1,53,55,0,2,2,0,70.80000000000001,29.5,2,2.391304347826087,-2,2.3,0,17.02,39.09638554216868,1
23,74,1,0,1,1,0,18,0,3,0,56,69,1,2,2,0,52.0,24.5,13,3.0,0,2.3,1,17.02,36.02409638554217,1
23,74,1,0,1,1,0,27,3,17,0,66,90,0,2,0,0,56.0,31.5,24,3.9130434782608696,0,2.7,1,17.02,50.602409638554214,1
23,74,1,0,1,1,0,24,3,13,1,53,55,0,2,2,0,60.800000000000004,29.5,2,2.391304347826087,0,2.3,1,17.02,33.574297188755025,1
23,74,2,0,1,1,0,18,0,3,0,56,69,1,2,2,0,52.0,24.5,13,3.0,1,2.3,2,17.02,36.02409638554217,1
23,74,2,0,1,1,0,27,3,17,0,66,90,0,2,0,0,56.0,31.5,24,3.9130434782608696,1,2.7,2,17.02,50.602409638554214,1
23,74,2,0,1,1,0,24,3,13,1,53,55,0,2,2,0,60.800000000000004,29.5,2,2.391304347826087,1,2.3,2,17.02,33.574297188755025,1
23,74,2,1,1,1,0,18,0,3,0,56,69,1,2,2,0,62.0,24.5,13,3.0,1,2.3,2,17.02,42.95180722891567,1
23,74,2,1,1,1,0,27,3,17,0,66,90,0,2,0,0,66.0,31.5,24,3.9130434782608696,1,2.7,2,17.02,59.63855421686747,1
23,74,2,1,1,1,0,24,3,13,1,53,55,0,2,2,0,70.80000000000001,29.5,2,2.391304347826087,1,2.3,2,17.02,39.09638554216868,1
26,72,1,0,2,1,1,29,1,11,1,75,97,1,2,0,0,68.8,31.5,22,3.730769230769231,1,3.1,2,18.72,67.00401606425703,1
26,72,1,0,2,1,1,28,1,18,1,77,65,0,1,2,0,69.6,35.0,-12,2.5,2,2.8,2,18.72,45.42168674698795,1
26,72,1,1,1,1,1,29,1,11,1,75,97,1,2,0,0,78.8,31.5,22,3.730769230769231,0,3.1,1,18.72,76.74297188755021,1
26,72,1,1,1,1,1,28,1,18,1,77,65,0,1,2,0,79.6,35.0,-12,2.5,1,2.8,1,18.72,51.94779116465863,1
26,72,2,0,1,1,1,29,1,11,1,75,97,1,2,0,0,68.8,31.5,22,3.730769230769231,1,3.1,2,18.72,67.00401606425703,1
26,72,2,0,1,1,1,28,1,18,1,77,65,0,1,2,0,69.6,35.0,-12,2.5,2,2.8,2,18.72,45.42168674698795,1
36,64,1,1,1,1,0,24,0,11,1,87,99,1,1,0,0,80.4,41.5,12,2.75,1,3.1,1,23.04,79.91566265060243,1
36,64,1,1,1,1,0,26,3,9,1,56,61,1,2,2,0,68.0,40.5,5,1.6944444444444444,0,2.9,1,23.04,41.64658634538153,1
36,64,1,1,1,1,0,26,3,18,1,63,95,0,0,0,0,70.80000000000001,45.0,32,2.638888888888889,2,2.8,1,23.04,67.53012048192772,1
36,64,1,1,1,1,0,23,2,3,1,70,92,0,2,0,0,73.6,37.5,22,2.5555555555555554,0,1.3,1,23.04,67.98393574297188,1
22,66,2,0,1,1,1,21,1,13,1,86,40,1,0,3,0,70.8,28.5,-46,1.8181818181818181,3,3.3,2,14.520000000000001,28.433734939759034,1
22,66,2,0,1,1,1,20,1,1,1,84,59,1,2,2,0,70.0,22.5,-25,2.6818181818181817,1,2.1,2,14.520000000000001,41.46586345381527,1
22,66,1,0,2,1,1,21,1,13,1,86,40,1,0,3,0,70.8,28.5,-46,1.8181818181818181,3,3.3,2,14.520000000000001,28.433734939759034,1
22,66,1,0,2,1,1,20,1,1,1,84,59,1,2,2,0,70.0,22.5,-25,2.6818181818181817,1,2.1,2,14.520000000000001,41.46586345381527,1
22,66,0,1,1,1,1,21,1,13,1,86,40,1,0,3,0,80.8,28.5,-46,1.8181818181818181,1,3.3,0,14.520000000000001,32.44979919678715,1
22,66,0,1,1,1,1,20,1,1,1,84,59,1,2,2,0,80.0,22.5,-25,2.6818181818181817,-1,2.1,0,14.520000000000001,47.389558232931726,1
22,91,2,1,0,1,1,19,1,0,1,60,94,1,1,0,0,80.4,22.0,34,4.2727272727272725,1,2.0,0,20.02,75.87951807228917,1
22,91,1,1,1,1,1,19,1,0,1,60,94,1,1,0,0,80.4,22.0,34,4.2727272727272725,1,2.0,1,20.02,75.87951807228917,1
22,91,2,0,1,1,1,19,1,0,1,60,94,1,1,0,0,70.4,22.0,34,4.2727272727272725,2,2.0,2,20.02,66.44176706827311,1
22,91,2,1,1,1,1,19,1,0,1,60,94,1,1,0,0,80.4,22.0,34,4.2727272727272725,2,2.0,2,20.02,75.87951807228917,1
22,91,0,0,1,1,1,19,1,0,1,60,94,1,1,0,0,70.4,22.0,34,4.2727272727272725,0,2.0,0,20.02,66.44176706827311,1
21,69,1,0,2,1,0,18,2,17,1,81,72,1,1,1,0,70.0,29.5,-9,3.4285714285714284,2,3.7,2,14.489999999999998,50.60240963855422,1
21,69,1,1,1,1,0,18,2,17,1,81,72,1,1,1,0,80.0,29.5,-9,3.4285714285714284,1,3.7,1,14.489999999999998,57.83132530120482,1
28,92,2,0,2,1,1,28,2,17,1,55,56,0,0,2,0,68.80000000000001,36.5,1,2.0,4,2.7,4,25.76,38.68273092369479,1
28,92,2,0,2,1,1,19,2,9,1,76,56,1,2,2,0,77.2,32.5,-20,2.0,2,2.9,4,25.76,43.405622489959846,1
28,92,2,0,2,1,1,27,1,8,1,70,57,1,1,2,0,74.80000000000001,32.0,-13,2.0357142857142856,3,2.8,4,25.76,42.807228915662655,1
28,92,2,0,2,1,1,29,3,16,1,56,46,1,2,3,0,69.2,36.0,-10,1.6428571428571428,2,3.6,4,25.76,31.959839357429722,1
16,76,1,1,0,1,0,20,2,19,0,52,43,0,1,3,0,61.2,25.5,-9,2.6875,0,2.9000000000000004,0,12.16,26.421686746987955,1
16,76,1,0,0,1,0,20,2,19,0,52,43,0,1,3,0,51.2,25.5,-9,2.6875,0,2.9000000000000004,0,12.16,22.104417670682732,1
16,76,2,1,2,1,0,20,2,19,0,52,43,0,1,3,0,61.2,25.5,-9,2.6875,3,2.9000000000000004,4,12.16,26.421686746987955,1
16,76,1,1,1,1,0,20,2,19,0,52,43,0,1,3,0,61.2,25.5,-9,2.6875,1,2.9000000000000004,1,12.16,26.421686746987955,1
16,76,1,0,1,1,0,20,2,19,0,52,43,0,1,3,0,51.2,25.5,-9,2.6875,1,2.9000000000000004,1,12.16,22.104417670682732,1
28,81,1,1,0,1,1,24,3,16,1,94,78,0,0,1,0,90.0,36.0,-16,2.7857142857142856,1,2.6,0,22.68,70.48192771084338,1
28,81,1,1,0,1,1,20,1,11,1,93,45,1,1,3,0,89.6,33.5,-48,1.6071428571428572,0,3.1,0,22.68,40.48192771084337,1
28,81,1,1,2,1,1,24,3,16,1,94,78,0,0,1,0,90.0,36.0,-16,2.7857142857142856,3,2.6,2,22.68,70.48192771084338,1
28,81,1,1,2,1,1,20,1,11,1,93,45,1,1,3,0,89.6,33.5,-48,1.6071428571428572,2,3.1,2,22.68,40.48192771084337,1
28,81,1,1,1,1,1,24,3,16,1,94,78,0,0,1,0,90.0,36.0,-16,2.7857142857142856,2,2.6,1,22.68,70.48192771084338,1
28,81,1,1,1,1,1,20,1,11,1,93,45,1,1,3,0,89.6,33.5,-48,1.6071428571428572,1,3.1,1,22.68,40.48192771084337,1
28,81,0,1,1,1,1,24,3,16,1,94,78,0,0,1,0,90.0,36.0,-16,2.7857142857142856,1,2.6,0,22.68,70.48192771084338,1
28,81,0,1,1,1,1,20,1,11,1,93,45,1,1,3,0,89.6,33.5,-48,1.6071428571428572,0,3.1,0,22.68,40.48192771084337,1
28,81,2,1,2,1,1,24,3,16,1,94,78,0,0,1,0,90.0,36.0,-16,2.7857142857142856,4,2.6,4,22.68,70.48192771084338,1
28,81,2,1,2,1,1,20,1,11,1,93,45,1,1,3,0,89.6,33.5,-48,1.6071428571428572,3,3.1,4,22.68,40.48192771084337,1
28,81,2,0,1,1,1,24,3,16,1,94,78,0,0,1,0,80.0,36.0,-16,2.7857142857142856,3,2.6,2,22.68,62.65060240963855,1
28,81,2,0,1,1,1,20,1,11,1,93,45,1,1,3,0,79.6,33.5,-48,1.6071428571428572,2,3.1,2,22.68,35.963855421686745,1
25,81,1,1,0,1,1,19,1,5,1,70,41,1,2,3,0,80.4,27.5,-29,1.64,-1,2.5,0,20.25,33.09638554216868,1
25,81,1,1,0,1,1,25,2,10,1,86,76,1,2,1,0,86.8,30.0,-10,3.04,-1,3.0,0,20.25,66.23293172690764,1
25,81,1,1,0,1,1,21,2,3,1,50,47,1,1,3,0,72.4,26.5,-3,1.88,0,2.3,0,20.25,34.164658634538156,1
25,81,1,1,0,1,1,25,3,1,1,76,96,0,1,0,0,82.8,25.5,20,3.84,0,1.1,0,20.25,79.80722891566265,1
25,81,1,1,0,1,1,23,0,14,1,77,88,1,2,0,0,83.2,32.0,11,3.52,-1,3.4000000000000004,0,20.25,73.51004016064257,1
25,81,0,1,0,1,1,19,1,5,1,70,41,1,2,3,0,80.4,27.5,-29,1.64,-2,2.5,0,20.25,33.09638554216868,1
25,81,0,1,0,1,1,25,2,10,1,86,76,1,2,1,0,86.8,30.0,-10,3.04,-2,3.0,0,20.25,66.23293172690764,1
25,81,0,1,0,1,1,21,2,3,1,50,47,1,1,3,0,72.4,26.5,-3,1.88,-1,2.3,0,20.25,34.164658634538156,1
25,81,0,1,0,1,1,25,3,1,1,76,96,0,1,0,0,82.8,25.5,20,3.84,-1,1.1,0,20.25,79.80722891566265,1
25,81,0,1,0,1,1,23,0,14,1,77,88,1,2,0,0,83.2,32.0,11,3.52,-2,3.4000000000000004,0,20.25,73.51004016064257,1
25,81,1,0,1,1,1,19,1,5,1,70,41,1,2,3,0,70.4,27.5,-29,1.64,0,2.5,1,20.25,28.979919678714865,1
25,81,1,0,1,1,1,25,2,10,1,86,76,1,2,1,0,76.8,30.0,-10,3.04,0,3.0,1,20.25,58.60240963855422,1
25,81,1,0,1,1,1,21,2,3,1,50,47,1,1,3,0,62.4,26.5,-3,1.88,1,2.3,1,20.25,29.44578313253012,1
25,81,1,0,1,1,1,25,3,1,1,76,96,0,1,0,0,72.8,25.5,20,3.84,1,1.1,1,20.25,70.16867469879517,1
25,81,1,0,1,1,1,23,0,14,1,77,88,1,2,0,0,73.2,32.0,11,3.52,0,3.4000000000000004,1,20.25,64.67469879518073,1
25,81,0,1,1,1,1,19,1,5,1,70,41,1,2,3,0,80.4,27.5,-29,1.64,-1,2.5,0,20.25,33.09638554216868,1
25,81,0,1,1,1,1,25,2,10,1,86,76,1,2,1,0,86.8,30.0,-10,3.04,-1,3.0,0,20.25,66.23293172690764,1
25,81,0,1,1,1,1,21,2,3,1,50,47,1,1,3,0,72.4,26.5,-3,1.88,0,2.3,0,20.25,34.164658634538156,1
25,81,0,1,1,1,1,25,3,1,1,76,96,0,1,0,0,82.8,25.5,20,3.84,0,1.1,0,20.25,79.80722891566265,1
25,81,0,1,1,1,1,23,0,14,1,77,88,1,2,0,0,83.2,32.0,11,3.52,-1,3.4000000000000004,0,20.25,73.51004016064257,1
19,70,1,1,1,1,0,20,1,9,1,90,47,1,0,3,0,84.0,23.5,-43,2.473684210526316,2,2.9,1,13.299999999999999,39.63855421686747,1
19,70,2,0,1,1,0,20,1,9,1,90,47,1,0,3,0,74.0,23.5,-43,2.473684210526316,3,2.9,2,13.299999999999999,34.91967871485944,1
18,62,0,1,1,1,0,26,0,16,1,70,55,1,1,2,0,72.8,26.0,-15,3.0555555555555554,0,3.6,0,11.16,40.200803212851405,1
18,62,0,1,1,1,0,28,1,12,0,86,65,1,2,2,0,69.2,24.0,-21,3.611111111111111,-1,3.2,0,11.16,45.160642570281134,1
18,62,1,1,1,1,0,26,0,16,1,70,55,1,1,2,0,72.8,26.0,-15,3.0555555555555554,1,3.6,1,11.16,40.200803212851405,1
18,62,1,1,1,1,0,28,1,12,0,86,65,1,2,2,0,69.2,24.0,-21,3.611111111111111,0,3.2,1,11.16,45.160642570281134,1
18,62,2,1,1,1,0,26,0,16,1,70,55,1,1,2,0,72.8,26.0,-15,3.0555555555555554,2,3.6,2,11.16,40.200803212851405,1
18,62,2,1,1,1,0,28,1,12,0,86,65,1,2,2,0,69.2,24.0,-21,3.611111111111111,1,3.2,2,11.16,45.160642570281134,1
18,86,1,1,1,1,0,27,2,0,0,65,65,0,0,2,0,70.4,18.0,0,3.611111111111111,2,1.0,1,15.48,45.943775100401616,1
18,86,0,1,0,1,0,27,2,0,0,65,65,0,0,2,0,70.4,18.0,0,3.611111111111111,0,1.0,0,15.48,45.943775100401616,1
27,87,1,1,0,1,0,29,3,8,0,100,90,0,2,0,0,84.80000000000001,31.0,-10,3.3333333333333335,-1,1.8,0,23.49,76.6265060240964,1
27,87,1,1,0,1,0,25,1,10,0,91,79,1,1,1,0,81.2,32.0,-12,2.925925925925926,0,3.0,0,23.49,64.40562248995984,1
27,87,1,1,0,1,0,24,0,8,1,87,42,1,0,3,0,89.60000000000001,31.0,-45,1.5555555555555556,1,2.8,0,23.49,37.78313253012048,1
27,87,1,0,1,1,0,29,3,8,0,100,90,0,2,0,0,74.80000000000001,31.0,-10,3.3333333333333335,0,1.8,1,23.49,67.59036144578315,1
27,87,1,0,1,1,0,25,1,10,0,91,79,1,1,1,0,71.2,32.0,-12,2.925925925925926,1,3.0,1,23.49,56.47389558232933,1
27,87,1,0,1,1,0,24,0,8,1,87,42,1,0,3,0,79.60000000000001,31.0,-45,1.5555555555555556,2,2.8,1,23.49,33.56626506024097,1
27,71,0,0,1,1,1,23,3,10,1,52,92,0,0,0,0,59.2,32.0,40,3.4074074074074074,1,2.0,0,19.169999999999998,54.682730923694784,1
27,71,1,1,1,1,1,23,3,10,1,52,92,0,0,0,0,69.2,32.0,40,3.4074074074074074,2,2.0,1,19.169999999999998,63.919678714859444,1
27,71,2,1,1,1,1,23,3,10,1,52,92,0,0,0,0,69.2,32.0,40,3.4074074074074074,3,2.0,2,19.169999999999998,63.919678714859444,1
24,84,1,1,1,1,1,29,2,15,0,70,76,1,2,1,0,71.6,31.5,6,3.1666666666666665,0,3.5,1,20.16,54.63453815261044,1
24,84,1,1,1,1,1,29,2,7,1,53,79,1,0,1,0,74.80000000000001,27.5,26,3.2916666666666665,2,2.7,1,20.16,59.32931726907631,1
24,84,2,0,1,1,1,29,2,15,0,70,76,1,2,1,0,61.6,31.5,6,3.1666666666666665,1,3.5,2,20.16,47.00401606425703,1
24,84,2,0,1,1,1,29,2,7,1,53,79,1,0,1,0,64.80000000000001,27.5,26,3.2916666666666665,3,2.7,2,20.16,51.39759036144579,1
24,84,1,0,1,1,1,29,2,15,0,70,76,1,2,1,0,61.6,31.5,6,3.1666666666666665,0,3.5,1,20.16,47.00401606425703,1
24,84,1,0,1,1,1,29,2,7,1,53,79,1,0,1,0,64.80000000000001,27.5,26,3.2916666666666665,2,2.7,1,20.16,51.39759036144579,1
22,69,1,0,0,1,1,26,2,4,1,61,77,0,0,1,0,62.0,24.0,16,3.5,1,1.4,0,15.18,47.93172690763053,1
22,69,1,0,0,1,1,28,2,6,0,80,41,0,2,3,0,59.6,25.0,-39,1.8636363636363635,-1,1.6,0,15.18,24.53413654618474,1
22,69,1,1,0,1,1,26,2,4,1,61,77,0,0,1,0,72.0,24.0,16,3.5,1,1.4,0,15.18,55.66265060240964,1
22,69,1,1,0,1,1,28,2,6,0,80,41,0,2,3,0,69.6,25.0,-39,1.8636363636363635,-1,1.6,0,15.18,28.650602409638555,1
22,69,1,0,1,1,1,26,2,4,1,61,77,0,0,1,0,62.0,24.0,16,3.5,2,1.4,1,15.18,47.93172690763053,1
22,69,1,0,1,1,1,28,2,6,0,80,41,0,2,3,0,59.6,25.0,-39,1.8636363636363635,0,1.6,1,15.18,24.53413654618474,1
22,69,1,1,1,1,1,26,2,4,1,61,77,0,0,1,0,72.0,24.0,16,3.5,2,1.4,1,15.18,55.66265060240964,1
22,69,1,1,1,1,1,28,2,6,0,80,41,0,2,3,0,69.6,25.0,-39,1.8636363636363635,0,1.6,1,15.18,28.650602409638555,1
27,94,0,0,1,1,0,23,3,0,0,99,41,1,1,3,0,77.2,27.0,-58,1.5185185185185186,0,2.0,0,25.38,31.779116465863456,1
27,94,0,0,1,1,0,27,2,4,0,84,73,1,2,1,0,71.2,29.0,-11,2.7037037037037037,-1,2.4,0,25.38,52.1847389558233,1
27,94,0,0,1,1,0,27,1,16,0,72,100,1,0,0,0,66.4,35.0,28,3.7037037037037037,1,3.6,0,25.38,66.66666666666667,1
27,94,0,0,1,1,0,29,0,19,1,100,70,0,2,1,0,87.6,36.5,-30,2.5925925925925926,-1,2.9000000000000004,0,25.38,61.56626506024096,1
27,94,0,0,1,1,0,24,2,17,1,56,79,1,0,1,0,70.0,35.5,23,2.925925925925926,1,3.7,0,25.38,55.52208835341366,1
27,94,0,0,1,1,0,18,0,1,0,81,76,0,2,1,0,70.0,27.5,-5,2.814814814814815,-1,1.1,0,25.38,53.4136546184739,1
27,94,1,1,1,1,0,23,3,0,0,99,41,1,1,3,0,87.2,27.0,-58,1.5185185185185186,1,2.0,1,25.38,35.89558232931727,1
27,94,1,1,1,1,0,27,2,4,0,84,73,1,2,1,0,81.2,29.0,-11,2.7037037037037037,0,2.4,1,25.38,59.5140562248996,1
27,94,1,1,1,1,0,27,1,16,0,72,100,1,0,0,0,76.4,35.0,28,3.7037037037037037,2,3.6,1,25.38,76.70682730923696,1
27,94,1,1,1,1,0,29,0,19,1,100,70,0,2,1,0,97.6,36.5,-30,2.5925925925925926,0,2.9000000000000004,1,25.38,68.59437751004016,1
27,94,1,1,1,1,0,24,2,17,1,56,79,1,0,1,0,80.0,35.5,23,2.925925925925926,2,3.7,1,25.38,63.45381526104418,1
27,94,1,1,1,1,0,18,0,1,0,81,76,0,2,1,0,80.0,27.5,-5,2.814814814814815,0,1.1,1,25.38,61.04417670682731,1
27,94,2,1,0,1,0,23,3,0,0,99,41,1,1,3,0,87.2,27.0,-58,1.5185185185185186,1,2.0,0,25.38,35.89558232931727,1
27,94,2,1,0,1,0,27,2,4,0,84,73,1,2,1,0,81.2,29.0,-11,2.7037037037037037,0,2.4,0,25.38,59.5140562248996,1
27,94,2,1,0,1,0,27,1,16,0,72,100,1,0,0,0,76.4,35.0,28,3.7037037037037037,2,3.6,0,25.38,76.70682730923696,1
27,94,2,1,0,1,0,29,0,19,1,100,70,0,2,1,0,97.6,36.5,-30,2.5925925925925926,0,2.9000000000000004,0,25.38,68.59437751004016,1
27,94,2,1,0,1,0,24,2,17,1,56,79,1,0,1,0,80.0,35.5,23,2.925925925925926,2,3.7,0,25.38,63.45381526104418,1
27,94,2,1,0,1,0,18,0,1,0,81,76,0,2,1,0,80.0,27.5,-5,2.814814814814815,0,1.1,0,25.38,61.04417670682731,1
27,94,2,0,2,1,0,23,3,0,0,99,41,1,1,3,0,77.2,27.0,-58,1.5185185185185186,3,2.0,4,25.38,31.779116465863456,1
27,94,2,0,2,1,0,27,2,4,0,84,73,1,2,1,0,71.2,29.0,-11,2.7037037037037037,2,2.4,4,25.38,52.1847389558233,1
27,94,2,0,2,1,0,27,1,16,0,72,100,1,0,0,0,66.4,35.0,28,3.7037037037037037,4,3.6,4,25.38,66.66666666666667,1
27,94,2,0,2,1,0,29,0,19,1,100,70,0,2,1,0,87.6,36.5,-30,2.5925925925925926,2,2.9000000000000004,4,25.38,61.56626506024096,1
27,94,2,0,2,1,0,24,2,17,1,56,79,1,0,1,0,70.0,35.5,23,2.925925925925926,4,3.7,4,25.38,55.52208835341366,1
27,94,2,0,2,1,0,18,0,1,0,81,76,0,2,1,0,70.0,27.5,-5,2.814814814814815,2,1.1,4,25.38,53.4136546184739,1
31,89,1,0,1,1,0,29,0,4,0,89,97,0,2,0,0,71.2,33.0,8,3.129032258064516,0,1.4,1,27.59,69.3413654618474,1
31,89,1,0,1,1,0,27,1,20,0,91,97,1,1,0,0,72.0,41.0,6,3.129032258064516,1,4.0,1,27.59,70.12048192771084,1
31,89,1,0,1,1,0,25,1,4,1,54,67,0,1,2,0,67.2,33.0,13,2.161290322580645,1,1.4,1,27.59,45.204819277108435,1
31,89,1,1,1,1,0,29,0,4,0,89,97,0,2,0,0,81.2,33.0,8,3.129032258064516,0,1.4,1,27.59,79.08032128514057,1
31,89,1,1,1,1,0,27,1,20,0,91,97,1,1,0,0,82.0,41.0,6,3.129032258064516,1,4.0,1,27.59,79.85943775100402,1
31,89,1,1,1,1,0,25,1,4,1,54,67,0,1,2,0,77.2,33.0,13,2.161290322580645,1,1.4,1,27.59,51.93172690763053,1
27,99,2,0,1,1,0,26,1,5,0,76,73,0,1,1,0,70.0,29.5,-3,2.7037037037037037,2,1.5,2,26.73,51.30522088353414,1
27,99,2,0,1,1,0,26,1,16,1,82,84,1,2,1,0,82.4,35.0,2,3.111111111111111,1,3.6,2,26.73,69.49397590361447,1
25,74,0,1,0,1,0,29,3,13,0,83,77,0,0,1,0,72.80000000000001,31.5,-6,3.08,0,2.3,0,18.5,56.28112449799198,1
25,74,0,1,0,1,0,22,3,11,1,76,96,0,1,0,0,80.0,30.5,20,3.84,-1,2.1,0,18.5,77.10843373493975,1
25,74,0,1,0,1,0,23,3,1,0,94,74,1,0,1,0,77.2,25.5,-20,2.96,0,2.1,0,18.5,57.35742971887551,1
25,74,2,1,2,1,0,29,3,13,0,83,77,0,0,1,0,72.80000000000001,31.5,-6,3.08,4,2.3,4,18.5,56.28112449799198,1
25,74,2,1,2,1,0,22,3,11,1,76,96,0,1,0,0,80.0,30.5,20,3.84,3,2.1,4,18.5,77.10843373493975,1
25,74,2,1,2,1,0,23,3,1,0,94,74,1,0,1,0,77.2,25.5,-20,2.96,4,2.1,4,18.5,57.35742971887551,1
25,74,1,1,1,1,0,29,3,13,0,83,77,0,0,1,0,72.80000000000001,31.5,-6,3.08,2,2.3,1,18.5,56.28112449799198,1
25,74,1,1,1,1,0,22,3,11,1,76,96,0,1,0,0,80.0,30.5,20,3.84,1,2.1,1,18.5,77.10843373493975,1
25,74,1,1,1,1,0,23,3,1,0,94,74,1,0,1,0,77.2,25.5,-20,2.96,2,2.1,1,18.5,57.35742971887551,1
18,61,0,1,0,1,1,20,3,4,1,88,46,1,1,3,0,79.60000000000001,20.0,-42,2.5555555555555554,-1,2.4,0,10.98,36.76305220883535,1
18,61,0,0,0,1,1,20,3,4,1,88,46,1,1,3,0,69.60000000000001,20.0,-42,2.5555555555555554,-1,2.4,0,10.98,32.14457831325302,1
18,61,1,1,1,1,1,20,3,4,1,88,46,1,1,3,0,79.60000000000001,20.0,-42,2.5555555555555554,1,2.4,1,10.98,36.76305220883535,1
27,67,0,0,0,1,0,22,0,8,1,92,55,0,0,2,0,73.60000000000001,31.0,-37,2.037037037037037,0,1.8,0,18.09,40.642570281124506,1
27,67,0,0,0,1,0,29,2,10,0,80,40,1,0,3,0,58.8,32.0,-40,1.4814814814814814,0,3.0,0,18.09,23.614457831325304,1
27,67,0,0,0,1,0,22,0,11,1,92,69,1,0,2,0,73.60000000000001,32.5,-23,2.5555555555555554,0,3.1,0,18.09,50.987951807228924,1
27,67,2,1,2,1,0,22,0,8,1,92,55,0,0,2,0,83.60000000000001,31.0,-37,2.037037037037037,4,1.8,4,18.09,46.164658634538156,1
27,67,2,1,2,1,0,29,2,10,0,80,40,1,0,3,0,68.8,32.0,-40,1.4814814814814814,4,3.0,4,18.09,27.630522088353416,1
27,67,2,1,2,1,0,22,0,11,1,92,69,1,0,2,0,83.60000000000001,32.5,-23,2.5555555555555554,4,3.1,4,18.09,57.915662650602414,1
27,67,1,1,1,1,0,22,0,8,1,92,55,0,0,2,0,83.60000000000001,31.0,-37,2.037037037037037,2,1.8,1,18.09,46.164658634538156,1
27,67,1,1,1,1,0,29,2,10,0,80,40,1,0,3,0,68.8,32.0,-40,1.4814814814814814,2,3.0,1,18.09,27.630522088353416,1
27,67,1,1,1,1,0,22,0,11,1,92,69,1,0,2,0,83.60000000000001,32.5,-23,2.5555555555555554,2,3.1,1,18.09,57.915662650602414,1
31,90,2,0,0,1,1,27,3,8,1,92,66,1,2,2,0,82.80000000000001,35.0,-26,2.129032258064516,0,2.8,0,27.900000000000002,54.86746987951808,1
18,70,1,1,0,1,0,29,3,8,1,53,55,1,2,2,0,69.2,22.0,2,3.0555555555555554,-1,2.8,0,12.6,38.212851405622494,1
18,70,0,0,1,1,0,29,3,8,1,53,55,1,2,2,0,59.2,22.0,2,3.0555555555555554,-1,2.8,0,12.6,32.69076305220884,1
18,70,1,0,1,1,0,29,3,8,1,53,55,1,2,2,0,59.2,22.0,2,3.0555555555555554,0,2.8,1,12.6,32.69076305220884,1
18,89,1,0,0,1,1,19,0,16,0,54,54,0,1,3,0,57.2,26.0,0,3.0,0,2.6,0,16.02,31.012048192771086,1
18,89,0,0,2,1,1,19,0,16,0,54,54,0,1,3,0,57.2,26.0,0,3.0,1,2.6,0,16.02,31.012048192771086,1
18,89,2,1,0,1,1,19,0,16,0,54,54,0,1,3,0,67.2,26.0,0,3.0,1,2.6,0,16.02,36.43373493975904,1
18,89,1,0,1,1,1,19,0,16,0,54,54,0,1,3,0,57.2,26.0,0,3.0,1,2.6,1,16.02,31.012048192771086,1
26,84,2,1,1,1,0,20,0,12,0,79,75,1,0,1,0,75.2,32.0,-4,2.8846153846153846,3,3.2,2,21.84,56.62650602409639,1
26,84,2,1,1,1,0,22,3,17,1,63,49,1,2,3,0,78.80000000000001,34.5,-14,1.8846153846153846,1,3.7,2,21.84,38.76706827309238,1
26,84,2,1,1,1,0,26,2,1,0,75,94,1,2,0,0,73.6,26.5,19,3.6153846153846154,1,2.1,2,21.84,69.46184738955823,1
30,87,1,0,1,1,1,18,0,11,1,66,56,1,2,2,0,71.2,35.5,-10,1.8666666666666667,0,3.1,1,26.1,40.03212851405623,1
30,87,2,1,0,1,1,18,0,11,1,66,56,1,2,2,0,81.2,35.5,-10,1.8666666666666667,0,3.1,0,26.1,45.65461847389558,1
30,87,1,1,2,1,1,18,0,11,1,66,56,1,2,2,0,81.2,35.5,-10,1.8666666666666667,1,3.1,2,26.1,45.65461847389558,1
30,87,1,0,0,1,1,18,0,11,1,66,56,1,2,2,0,71.2,35.5,-10,1.8666666666666667,-1,3.1,0,26.1,40.03212851405623,1
30,87,1,1,0,1,1,18,0,11,1,66,56,1,2,2,0,81.2,35.5,-10,1.8666666666666667,-1,3.1,0,26.1,45.65461847389558,1
19,100,0,0,2,1,1,19,3,8,0,84,44,0,2,3,0,73.6,23.0,-40,2.3157894736842106,0,1.8,0,19.0,32.5140562248996,1
19,100,0,1,2,1,1,19,3,8,0,84,44,0,2,3,0,83.6,23.0,-40,2.3157894736842106,0,1.8,0,19.0,36.93172690763052,1
19,100,2,1,1,1,1,19,3,8,0,84,44,0,2,3,0,83.6,23.0,-40,2.3157894736842106,1,1.8,2,19.0,36.93172690763052,1
19,100,2,1,2,1,1,19,3,8,0,84,44,0,2,3,0,83.6,23.0,-40,2.3157894736842106,2,1.8,4,19.0,36.93172690763052,1
19,100,0,1,0,1,1,19,3,8,0,84,44,0,2,3,0,83.6,23.0,-40,2.3157894736842106,-2,1.8,0,19.0,36.93172690763052,1
19,69,0,0,1,1,0,24,2,3,1,78,63,1,2,2,0,68.80000000000001,20.5,-15,3.3157894736842106,-1,2.3,0,13.11,43.518072289156635,1
19,69,0,1,1,1,0,24,2,3,1,78,63,1,2,2,0,78.80000000000001,20.5,-15,3.3157894736842106,-1,2.3,0,13.11,49.84337349397592,1
19,69,1,1,0,1,0,24,2,3,1,78,63,1,2,2,0,78.80000000000001,20.5,-15,3.3157894736842106,-1,2.3,0,13.11,49.84337349397592,1
19,69,1,1,1,1,0,24,2,3,1,78,63,1,2,2,0,78.80000000000001,20.5,-15,3.3157894736842106,0,2.3,1,13.11,49.84337349397592,1
19,69,2,1,0,1,0,24,2,3,1,78,63,1,2,2,0,78.80000000000001,20.5,-15,3.3157894736842106,0,2.3,0,13.11,49.84337349397592,1
27,78,0,1,1,1,1,25,0,17,0,82,84,0,1,1,0,74.0,35.5,2,3.111111111111111,0,2.7,0,21.060000000000002,62.40963855421687,1
27,78,0,1,1,1,1,29,0,19,1,88,43,1,2,3,0,86.4,36.5,-45,1.5925925925925926,-1,3.9000000000000004,0,21.060000000000002,37.30120481927712,1
27,78,0,1,1,1,1,23,3,5,1,65,55,1,1,2,0,77.2,29.5,-10,2.037037037037037,0,2.5,0,21.060000000000002,42.630522088353416,1
27,78,1,0,1,1,1,25,0,17,0,82,84,0,1,1,0,64.0,35.5,2,3.111111111111111,1,2.7,1,21.060000000000002,53.975903614457835,1
27,78,1,0,1,1,1,29,0,19,1,88,43,1,2,3,0,76.4,36.5,-45,1.5925925925925926,0,3.9000000000000004,1,21.060000000000002,32.983935742971894,1
27,78,1,0,1,1,1,23,3,5,1,65,55,1,1,2,0,67.2,29.5,-10,2.037037037037037,1,2.5,1,21.060000000000002,37.108433734939766,1
27,78,1,1,2,1,1,25,0,17,0,82,84,0,1,1,0,74.0,35.5,2,3.111111111111111,2,2.7,2,21.060000000000002,62.40963855421687,1
27,78,1,1,2,1,1,29,0,19,1,88,43,1,2,3,0,86.4,36.5,-45,1.5925925925925926,1,3.9000000000000004,2,21.060000000000002,37.30120481927712,1
27,78,1,1,2,1,1,23,3,5,1,65,55,1,1,2,0,77.2,29.5,-10,2.037037037037037,2,2.5,2,21.060000000000002,42.630522088353416,1
27,78,1,0,0,1,1,25,0,17,0,82,84,0,1,1,0,64.0,35.5,2,3.111111111111111,0,2.7,0,21.060000000000002,53.975903614457835,1
27,78,1,0,0,1,1,29,0,19,1,88,43,1,2,3,0,76.4,36.5,-45,1.5925925925925926,-1,3.9000000000000004,0,21.060000000000002,32.983935742971894,1
27,78,1,0,0,1,1,23,3,5,1,65,55,1,1,2,0,67.2,29.5,-10,2.037037037037037,0,2.5,0,21.060000000000002,37.108433734939766,1
27,78,2,0,1,1,1,25,0,17,0,82,84,0,1,1,0,64.0,35.5,2,3.111111111111111,2,2.7,2,21.060000000000002,53.975903614457835,1
27,78,2,0,1,1,1,29,0,19,1,88,43,1,2,3,0,76.4,36.5,-45,1.5925925925925926,1,3.9000000000000004,2,21.060000000000002,32.983935742971894,1
27,78,2,0,1,1,1,23,3,5,1,65,55,1,1,2,0,67.2,29.5,-10,2.037037037037037,2,2.5,2,21.060000000000002,37.108433734939766,1
27,78,1,1,0,1,1,25,0,17,0,82,84,0,1,1,0,74.0,35.5,2,3.111111111111111,0,2.7,0,21.060000000000002,62.40963855421687,1
27,78,1,1,0,1,1,29,0,19,1,88,43,1,2,3,0,86.4,36.5,-45,1.5925925925925926,-1,3.9000000000000004,0,21.060000000000002,37.30120481927712,1
27,78,1,1,0,1,1,23,3,5,1,65,55,1,1,2,0,77.2,29.5,-10,2.037037037037037,0,2.5,0,21.060000000000002,42.630522088353416,1
21,61,1,0,1,1,0,28,0,13,1,52,70,0,1,1,0,55.2,27.5,18,3.3333333333333335,1,2.3,1,12.81,38.795180722891565,1
21,61,1,0,1,1,0,27,1,14,0,76,80,1,0,1,0,54.800000000000004,28.0,4,3.8095238095238093,2,3.4000000000000004,1,12.81,44.01606425702812,1
21,61,1,1,0,1,0,28,0,13,1,52,70,0,1,1,0,65.2,27.5,18,3.3333333333333335,0,2.3,0,12.81,45.82329317269077,1
21,61,1,1,0,1,0,27,1,14,0,76,80,1,0,1,0,64.80000000000001,28.0,4,3.8095238095238093,1,3.4000000000000004,0,12.81,52.048192771084345,1
23,86,1,0,1,1,1,19,2,10,1,64,79,1,1,1,0,70.0,28.0,15,3.4347826086956523,1,3.0,1,19.78,55.52208835341366,1
23,86,1,1,1,1,1,19,2,10,1,64,79,1,1,1,0,80.0,28.0,15,3.4347826086956523,1,3.0,1,19.78,63.45381526104418,1
26,82,0,1,2,1,0,29,2,4,0,67,78,0,1,1,0,69.60000000000001,28.0,11,3.0,1,1.4,0,21.32,54.50602409638555,1
26,82,0,1,2,1,0,18,1,0,0,50,46,1,0,3,0,62.800000000000004,26.0,-4,1.7692307692307692,2,2.0,0,21.32,29.00401606425703,1
26,82,0,0,1,1,0,29,2,4,0,67,78,0,1,1,0,59.60000000000001,28.0,11,3.0,0,1.4,0,21.32,46.67469879518073,1
26,82,0,0,1,1,0,18,1,0,0,50,46,1,0,3,0,52.800000000000004,26.0,-4,1.7692307692307692,1,2.0,0,21.32,24.3855421686747,1
24,79,2,1,1,1,0,27,0,12,1,71,74,1,2,1,0,80.0,30.0,3,3.0833333333333335,1,3.2,2,18.96,59.437751004016064,1
24,79,2,1,1,1,0,22,3,8,1,92,69,1,2,2,0,88.4,28.0,-23,2.875,1,2.8,2,18.96,61.2409638554217,1
24,79,2,1,1,1,0,21,2,12,1,71,74,1,1,1,0,80.0,30.0,3,3.0833333333333335,2,3.2,2,18.96,59.437751004016064,1
24,79,0,0,0,1,0,27,0,12,1,71,74,1,2,1,0,70.0,30.0,3,3.0833333333333335,-2,3.2,0,18.96,52.00803212851406,1
24,79,0,0,0,1,0,22,3,8,1,92,69,1,2,2,0,78.4,28.0,-23,2.875,-2,2.8,0,18.96,54.3132530120482,1
24,79,0,0,0,1,0,21,2,12,1,71,74,1,1,1,0,70.0,30.0,3,3.0833333333333335,-1,3.2,0,18.96,52.00803212851406,1
23,85,2,1,2,1,0,29,1,8,1,57,89,0,1,0,0,76.8,27.0,32,3.869565217391304,3,1.8,4,19.55,68.62650602409639,1
23,85,2,1,2,1,0,24,1,13,0,71,69,1,1,2,0,72.4,29.5,-2,3.0,3,3.3,4,19.55,50.1566265060241,1
23,85,1,1,0,1,0,29,1,8,1,57,89,0,1,0,0,76.8,27.0,32,3.869565217391304,0,1.8,0,19.55,68.62650602409639,1
23,85,1,1,0,1,0,24,1,13,0,71,69,1,1,2,0,72.4,29.5,-2,3.0,0,3.3,0,19.55,50.1566265060241,1
23,85,0,1,2,1,0,29,1,8,1,57,89,0,1,0,0,76.8,27.0,32,3.869565217391304,1,1.8,0,19.55,68.62650602409639,1
23,85,0,1,2,1,0,24,1,13,0,71,69,1,1,2,0,72.4,29.5,-2,3.0,1,3.3,0,19.55,50.1566265060241,1
23,85,1,1,2,1,0,29,1,8,1,57,89,0,1,0,0,76.8,27.0,32,3.869565217391304,2,1.8,2,19.55,68.62650602409639,1
23,85,1,1,2,1,0,24,1,13,0,71,69,1,1,2,0,72.4,29.5,-2,3.0,2,3.3,2,19.55,50.1566265060241,1
23,85,0,0,0,1,0,29,1,8,1,57,89,0,1,0,0,66.8,27.0,32,3.869565217391304,-1,1.8,0,19.55,59.69076305220884,1
23,85,0,0,0,1,0,24,1,13,0,71,69,1,1,2,0,62.400000000000006,29.5,-2,3.0,-1,3.3,0,19.55,43.228915662650614,1
30,94,1,0,1,1,0,18,0,9,0,87,80,1,2,1,0,72.4,34.5,-7,2.6666666666666665,0,2.9,1,28.2,58.152610441767074,1
30,94,1,0,1,1,0,29,1,20,1,93,61,0,1,2,0,84.80000000000001,40.0,-32,2.033333333333333,1,3.0,1,28.2,51.93574297188756,1
30,94,1,1,0,1,0,18,0,9,0,87,80,1,2,1,0,82.4,34.5,-7,2.6666666666666665,-1,2.9,0,28.2,66.18473895582329,1
30,94,1,1,0,1,0,29,1,20,1,93,61,0,1,2,0,94.80000000000001,40.0,-32,2.033333333333333,0,3.0,0,28.2,58.060240963855435,1
28,76,1,1,1,1,1,19,0,12,1,99,97,1,0,0,0,90.0,34.0,-2,3.4642857142857144,2,3.2,1,21.28,87.65060240963855,1
28,76,1,1,1,1,1,20,2,0,0,85,68,1,2,2,0,74.4,28.0,-17,2.4285714285714284,0,2.0,1,21.28,50.79518072289157,1
28,76,1,1,2,1,1,19,0,12,1,99,97,1,0,0,0,90.0,34.0,-2,3.4642857142857144,3,3.2,2,21.28,87.65060240963855,1
28,76,1,1,2,1,1,20,2,0,0,85,68,1,2,2,0,74.4,28.0,-17,2.4285714285714284,1,2.0,2,21.28,50.79518072289157,1
28,76,1,0,1,1,1,19,0,12,1,99,97,1,0,0,0,80.0,34.0,-2,3.4642857142857144,2,3.2,1,21.28,77.91164658634538,1
28,76,1,0,1,1,1,20,2,0,0,85,68,1,2,2,0,64.4,28.0,-17,2.4285714285714284,0,2.0,1,21.28,43.967871485943775,1
28,76,2,1,2,1,1,19,0,12,1,99,97,1,0,0,0,90.0,34.0,-2,3.4642857142857144,4,3.2,4,21.28,87.65060240963855,1
28,76,2,1,2,1,1,20,2,0,0,85,68,1,2,2,0,74.4,28.0,-17,2.4285714285714284,2,2.0,4,21.28,50.79518072289157,1
28,76,0,0,2,1,1,19,0,12,1,99,97,1,0,0,0,80.0,34.0,-2,3.4642857142857144,2,3.2,0,21.28,77.91164658634538,1
28,76,0,0,2,1,1,20,2,0,0,85,68,1,2,2,0,64.4,28.0,-17,2.4285714285714284,0,2.0,0,21.28,43.967871485943775,1
30,96,1,1,1,1,0,23,1,4,1,69,74,0,1,1,0,86.0,32.0,5,2.466666666666667,1,1.4,1,28.799999999999997,63.89558232931728,1
30,96,1,1,1,1,0,18,1,5,0,60,45,0,2,3,0,72.4,32.5,-15,1.5,0,1.5,1,28.799999999999997,32.71084337349398,1
30,96,1,1,1,1,0,27,2,7,1,61,88,1,2,0,0,82.80000000000001,33.5,27,2.933333333333333,0,2.7,1,28.799999999999997,73.15662650602411,1
33,69,2,1,1,1,1,24,0,18,1,59,62,0,1,2,0,71.2,42.0,3,1.878787878787879,2,2.8,2,22.77,44.32128514056225,1
33,69,2,1,1,1,1,27,3,10,0,85,45,0,2,3,0,71.6,38.0,-40,1.3636363636363635,1,2.0,2,22.77,32.34939759036144,1
16,78,0,1,2,1,0,20,3,5,1,56,50,1,2,3,0,73.60000000000001,18.5,-6,3.125,0,2.5,0,12.48,36.94779116465864,1
16,78,2,0,0,1,0,20,3,5,1,56,50,1,2,3,0,63.60000000000001,18.5,-6,3.125,0,2.5,0,12.48,31.927710843373504,1
16,78,2,0,1,1,0,20,3,5,1,56,50,1,2,3,0,63.60000000000001,18.5,-6,3.125,1,2.5,2,12.48,31.927710843373504,1
16,78,1,0,2,1,0,20,3,5,1,56,50,1,2,3,0,63.60000000000001,18.5,-6,3.125,1,2.5,2,12.48,31.927710843373504,1
16,78,1,1,1,1,0,20,3,5,1,56,50,1,2,3,0,73.60000000000001,18.5,-6,3.125,0,2.5,1,12.48,36.94779116465864,1
21,86,2,0,1,1,1,24,2,7,0,96,42,1,2,3,0,72.80000000000001,24.5,-54,2.0,1,2.7,2,18.06,30.6987951807229,1
21,86,2,0,1,1,1,24,1,19,1,93,62,1,1,2,0,81.6,30.5,-31,2.9523809523809526,2,3.9000000000000004,2,18.06,50.795180722891565,1
21,86,2,0,1,1,1,28,3,6,1,59,64,1,2,2,0,68.0,24.0,5,3.0476190476190474,1,2.6,2,18.06,43.69477911646587,1
21,86,2,0,1,1,1,27,2,18,0,97,78,1,0,1,0,73.2,30.0,-19,3.7142857142857144,3,3.8,2,18.06,57.32530120481928,1
21,86,1,1,2,1,1,24,2,7,0,96,42,1,2,3,0,82.80000000000001,24.5,-54,2.0,1,2.7,2,18.06,34.915662650602414,1
21,86,1,1,2,1,1,24,1,19,1,93,62,1,1,2,0,91.6,30.5,-31,2.9523809523809526,2,3.9000000000000004,2,18.06,57.02008032128514,1
21,86,1,1,2,1,1,28,3,6,1,59,64,1,2,2,0,78.0,24.0,5,3.0476190476190474,1,2.6,2,18.06,50.12048192771085,1
21,86,1,1,2,1,1,27,2,18,0,97,78,1,0,1,0,83.2,30.0,-19,3.7142857142857144,3,3.8,2,18.06,65.1566265060241,1
21,86,1,0,1,1,1,24,2,7,0,96,42,1,2,3,0,72.80000000000001,24.5,-54,2.0,0,2.7,1,18.06,30.6987951807229,1
21,86,1,0,1,1,1,24,1,19,1,93,62,1,1,2,0,81.6,30.5,-31,2.9523809523809526,1,3.9000000000000004,1,18.06,50.795180722891565,1
21,86,1,0,1,1,1,28,3,6,1,59,64,1,2,2,0,68.0,24.0,5,3.0476190476190474,0,2.6,1,18.06,43.69477911646587,1
21,86,1,0,1,1,1,27,2,18,0,97,78,1,0,1,0,73.2,30.0,-19,3.7142857142857144,2,3.8,1,18.06,57.32530120481928,1
21,86,0,1,2,1,1,24,2,7,0,96,42,1,2,3,0,82.80000000000001,24.5,-54,2.0,0,2.7,0,18.06,34.915662650602414,1
21,86,0,1,2,1,1,24,1,19,1,93,62,1,1,2,0,91.6,30.5,-31,2.9523809523809526,1,3.9000000000000004,0,18.06,57.02008032128514,1
21,86,0,1,2,1,1,28,3,6,1,59,64,1,2,2,0,78.0,24.0,5,3.0476190476190474,0,2.6,0,18.06,50.12048192771085,1
21,86,0,1,2,1,1,27,2,18,0,97,78,1,0,1,0,83.2,30.0,-19,3.7142857142857144,2,3.8,0,18.06,65.1566265060241,1
18,94,1,1,1,1,0,27,2,4,0,72,43,1,0,3,0,76.4,20.0,-29,2.388888888888889,2,2.4,1,16.919999999999998,32.983935742971894,1
18,94,1,1,1,1,0,20,2,8,1,87,58,1,2,2,0,92.4,22.0,-29,3.2222222222222223,0,2.8,1,16.919999999999998,53.807228915662655,1
18,94,0,1,1,1,0,27,2,4,0,72,43,1,0,3,0,76.4,20.0,-29,2.388888888888889,1,2.4,0,16.919999999999998,32.983935742971894,1
18,94,0,1,1,1,0,20,2,8,1,87,58,1,2,2,0,92.4,22.0,-29,3.2222222222222223,-1,2.8,0,16.919999999999998,53.807228915662655,1
18,94,2,1,1,1,0,27,2,4,0,72,43,1,0,3,0,76.4,20.0,-29,2.388888888888889,3,2.4,2,16.919999999999998,32.983935742971894,1
18,94,2,1,1,1,0,20,2,8,1,87,58,1,2,2,0,92.4,22.0,-29,3.2222222222222223,1,2.8,2,16.919999999999998,53.807228915662655,1
18,94,0,1,0,1,0,27,2,4,0,72,43,1,0,3,0,76.4,20.0,-29,2.388888888888889,0,2.4,0,16.919999999999998,32.983935742971894,1
18,94,0,1,0,1,0,20,2,8,1,87,58,1,2,2,0,92.4,22.0,-29,3.2222222222222223,-2,2.8,0,16.919999999999998,53.807228915662655,1
18,94,0,0,2,1,0,27,2,4,0,72,43,1,0,3,0,66.4,20.0,-29,2.388888888888889,2,2.4,0,16.919999999999998,28.66666666666667,1
18,94,0,0,2,1,0,20,2,8,1,87,58,1,2,2,0,82.4,22.0,-29,3.2222222222222223,0,2.8,0,16.919999999999998,47.983935742971894,1
31,85,1,0,1,1,1,18,0,18,1,59,79,1,2,1,0,67.6,40.0,20,2.5483870967741935,0,3.8,1,26.349999999999998,53.618473895582326,1
31,85,1,0,1,1,1,27,0,6,0,90,70,1,2,1,0,70.0,34.0,-20,2.2580645161290325,0,2.6,1,26.349999999999998,49.19678714859438,1
31,85,1,0,1,1,1,24,0,17,0,83,99,1,1,0,0,67.2,39.5,16,3.193548387096774,1,3.7,1,26.349999999999998,66.79518072289157,1
31,85,1,0,1,1,1,21,3,10,1,82,41,1,0,3,0,76.80000000000001,36.0,-41,1.3225806451612903,2,3.0,1,26.349999999999998,31.614457831325307,1
30,72,0,0,1,1,1,20,2,13,1,78,50,1,0,3,0,70.0,36.5,-28,1.6666666666666667,1,3.3,0,21.599999999999998,35.14056224899599,1
30,72,1,0,1,1,1,20,2,13,1,78,50,1,0,3,0,70.0,36.5,-28,1.6666666666666667,2,3.3,1,21.599999999999998,35.14056224899599,1
19,65,2,1,0,1,0,18,2,5,1,75,60,0,2,2,0,76.0,21.5,-15,3.1578947368421053,0,1.5,0,12.35,45.78313253012048,1
19,65,2,1,1,1,0,18,2,5,1,75,60,0,2,2,0,76.0,21.5,-15,3.1578947368421053,1,1.5,2,12.35,45.78313253012048,1
19,65,1,0,0,1,0,18,2,5,1,75,60,0,2,2,0,66.0,21.5,-15,3.1578947368421053,-1,1.5,0,12.35,39.75903614457832,1
19,65,0,1,2,1,0,18,2,5,1,75,60,0,2,2,0,76.0,21.5,-15,3.1578947368421053,0,1.5,0,12.35,45.78313253012048,1
19,65,2,0,0,1,0,18,2,5,1,75,60,0,2,2,0,66.0,21.5,-15,3.1578947368421053,0,1.5,0,12.35,39.75903614457832,1
19,65,2,0,1,1,0,18,2,5,1,75,60,0,2,2,0,66.0,21.5,-15,3.1578947368421053,1,1.5,2,12.35,39.75903614457832,1
24,87,1,0,2,1,1,24,2,9,1,77,87,1,0,0,0,75.60000000000001,28.5,10,3.625,3,2.9,2,20.88,66.03614457831327,1
24,87,1,0,2,1,1,27,1,10,0,98,47,0,2,3,0,74.0,29.0,-51,1.9583333333333333,1,2.0,2,20.88,34.91967871485944,1
24,87,1,0,2,1,1,25,1,16,1,74,40,1,2,3,0,74.4,32.0,-34,1.6666666666666667,1,3.6,2,20.88,29.87951807228916,1
26,99,1,0,2,1,1,20,1,3,1,73,40,1,2,3,0,78.80000000000001,27.5,-33,1.5384615384615385,1,2.3,2,25.74,31.646586345381532,1
26,99,1,0,2,1,1,25,0,15,1,50,95,1,2,0,0,69.6,33.5,45,3.6538461538461537,1,3.5,2,25.74,66.3855421686747,1
26,99,1,1,1,1,1,20,1,3,1,73,40,1,2,3,0,88.80000000000001,27.5,-33,1.5384615384615385,0,2.3,1,25.74,35.66265060240965,1
26,99,1,1,1,1,1,25,0,15,1,50,95,1,2,0,0,79.6,33.5,45,3.6538461538461537,0,3.5,1,25.74,75.92369477911646,1
26,99,2,1,1,1,1,20,1,3,1,73,40,1,2,3,0,88.80000000000001,27.5,-33,1.5384615384615385,1,2.3,2,25.74,35.66265060240965,1
26,99,2,1,1,1,1,25,0,15,1,50,95,1,2,0,0,79.6,33.5,45,3.6538461538461537,1,3.5,2,25.74,75.92369477911646,1
21,92,1,0,1,1,0,28,3,2,0,72,61,1,1,2,0,65.60000000000001,22.0,-11,2.9047619047619047,1,2.2,1,19.32,40.17670682730924,1
21,92,1,0,1,1,0,25,1,12,1,73,72,1,1,1,0,76.0,27.0,-1,3.4285714285714284,1,3.2,1,19.32,54.93975903614458,1
21,92,1,0,1,1,0,28,2,11,0,89,68,1,2,2,0,72.4,26.5,-21,3.238095238095238,0,3.1,1,19.32,49.42971887550201,1
21,92,1,0,1,1,0,20,3,12,0,79,48,1,1,3,0,68.4,27.0,-31,2.2857142857142856,1,3.2,1,19.32,32.96385542168675,1
21,92,2,1,1,1,0,28,3,2,0,72,61,1,1,2,0,75.60000000000001,22.0,-11,2.9047619047619047,2,2.2,2,19.32,46.30120481927712,1
21,92,2,1,1,1,0,25,1,12,1,73,72,1,1,1,0,86.0,27.0,-1,3.4285714285714284,2,3.2,2,19.32,62.168674698795186,1
21,92,2,1,1,1,0,28,2,11,0,89,68,1,2,2,0,82.4,26.5,-21,3.238095238095238,1,3.1,2,19.32,56.2570281124498,1
21,92,2,1,1,1,0,20,3,12,0,79,48,1,1,3,0,78.4,27.0,-31,2.2857142857142856,2,3.2,2,19.32,37.78313253012049,1
21,92,0,0,1,1,0,28,3,2,0,72,61,1,1,2,0,65.60000000000001,22.0,-11,2.9047619047619047,0,2.2,0,19.32,40.17670682730924,1
21,92,0,0,1,1,0,25,1,12,1,73,72,1,1,1,0,76.0,27.0,-1,3.4285714285714284,0,3.2,0,19.32,54.93975903614458,1
21,92,0,0,1,1,0,28,2,11,0,89,68,1,2,2,0,72.4,26.5,-21,3.238095238095238,-1,3.1,0,19.32,49.42971887550201,1
21,92,0,0,1,1,0,20,3,12,0,79,48,1,1,3,0,68.4,27.0,-31,2.2857142857142856,0,3.2,0,19.32,32.96385542168675,1
20,68,1,1,1,1,1,29,1,0,1,75,54,1,2,3,0,77.2,20.0,-21,2.7,0,2.0,1,13.600000000000001,41.85542168674699,1
20,68,2,1,2,1,1,29,1,0,1,75,54,1,2,3,0,77.2,20.0,-21,2.7,2,2.0,4,13.600000000000001,41.85542168674699,1
20,68,0,0,0,1,1,29,1,0,1,75,54,1,2,3,0,67.2,20.0,-21,2.7,-2,2.0,0,13.600000000000001,36.43373493975904,1
20,68,0,0,1,1,1,29,1,0,1,75,54,1,2,3,0,67.2,20.0,-21,2.7,-1,2.0,0,13.600000000000001,36.43373493975904,1
26,73,1,1,0,1,0,28,1,19,1,80,77,1,2,1,0,81.2,35.5,-3,2.9615384615384617,-1,3.9000000000000004,0,18.98,62.77510040160643,1
26,73,1,1,0,1,0,24,0,15,1,99,50,0,1,3,0,88.80000000000001,33.5,-49,1.9230769230769231,0,2.5,0,18.98,44.578313253012055,1
26,73,1,0,2,1,0,28,1,19,1,80,77,1,2,1,0,71.2,35.5,-3,2.9615384615384617,1,3.9000000000000004,2,18.98,55.044176706827315,1
26,73,1,0,2,1,0,24,0,15,1,99,50,0,1,3,0,78.80000000000001,33.5,-49,1.9230769230769231,2,2.5,2,18.98,39.55823293172692,1
28,66,2,0,1,1,0,21,2,7,0,83,81,1,0,1,0,59.60000000000001,31.5,-2,2.892857142857143,3,2.7,2,18.48,48.4698795180723,1
28,66,2,0,1,1,0,21,3,7,0,100,68,1,0,2,0,66.4,31.5,-32,2.4285714285714284,3,2.7,2,18.48,45.333333333333336,1
28,66,0,1,1,1,0,21,2,7,0,83,81,1,0,1,0,69.60000000000001,31.5,-2,2.892857142857143,1,2.7,0,18.48,56.60240963855423,1
28,66,0,1,1,1,0,21,3,7,0,100,68,1,0,2,0,76.4,31.5,-32,2.4285714285714284,1,2.7,0,18.48,52.160642570281134,1
25,62,1,0,1,1,1,22,2,5,0,75,56,1,0,2,0,54.8,27.5,-19,2.24,2,2.5,1,15.5,30.811244979919678,1
25,62,1,0,1,1,1,24,0,5,1,51,77,1,2,1,0,55.2,27.5,26,3.08,0,2.5,1,15.5,42.674698795180724,1
25,62,1,0,1,1,1,18,3,11,1,89,63,1,0,2,0,70.4,30.5,-26,2.52,2,3.1,1,15.5,44.53012048192772,1
25,62,1,1,0,1,1,22,2,5,0,75,56,1,0,2,0,64.8,27.5,-19,2.24,1,2.5,0,15.5,36.433734939759034,1
25,62,1,1,0,1,1,24,0,5,1,51,77,1,2,1,0,65.2,27.5,26,3.08,-1,2.5,0,15.5,50.40562248995984,1
25,62,1,1,0,1,1,18,3,11,1,89,63,1,0,2,0,80.4,30.5,-26,2.52,1,3.1,0,15.5,50.855421686747,1
18,87,0,1,2,1,0,19,3,8,1,91,69,0,1,2,0,91.2,22.0,-22,3.8333333333333335,1,1.8,0,15.66,63.18072289156627,1
18,87,1,1,0,1,0,19,3,8,1,91,69,0,1,2,0,91.2,22.0,-22,3.8333333333333335,0,1.8,0,15.66,63.18072289156627,1
25,98,1,1,1,1,0,18,3,12,0,89,98,0,0,0,0,84.80000000000001,31.0,9,3.92,2,2.2,1,24.5,83.43775100401608,1
25,98,2,1,1,1,0,18,3,12,0,89,98,0,0,0,0,84.80000000000001,31.0,9,3.92,3,2.2,2,24.5,83.43775100401608,1
25,98,0,1,1,1,0,18,3,12,0,89,98,0,0,0,0,84.80000000000001,31.0,9,3.92,1,2.2,0,24.5,83.43775100401608,1
28,93,2,1,1,1,0,24,0,0,1,60,50,1,2,3,0,81.2,28.0,-10,1.7857142857142858,1,2.0,2,26.040000000000003,40.76305220883534,1
28,93,2,1,1,1,0,26,1,0,0,58,62,1,1,2,0,70.4,28.0,4,2.2142857142857144,2,2.0,2,26.040000000000003,43.82329317269077,1
17,79,1,1,0,1,0,26,1,3,1,74,45,1,2,3,0,81.2,18.5,-29,2.6470588235294117,-1,2.3,0,13.43,36.68674698795181,1
17,79,1,1,0,1,0,29,3,17,0,71,43,1,2,3,0,70.0,25.5,-28,2.5294117647058822,-1,3.7,0,13.43,30.22088353413655,1
17,79,1,1,0,1,0,25,0,0,1,83,41,0,1,3,0,84.80000000000001,17.0,-42,2.411764705882353,0,1.0,0,13.43,34.90763052208836,1
17,79,1,0,0,1,0,26,1,3,1,74,45,1,2,3,0,71.2,18.5,-29,2.6470588235294117,-1,2.3,0,13.43,32.168674698795186,1
17,79,1,0,0,1,0,29,3,17,0,71,43,1,2,3,0,60.0,25.5,-28,2.5294117647058822,-1,3.7,0,13.43,25.903614457831328,1
17,79,1,0,0,1,0,25,0,0,1,83,41,0,1,3,0,74.80000000000001,17.0,-42,2.411764705882353,0,1.0,0,13.43,30.791164658634543,1
17,79,2,0,1,1,0,26,1,3,1,74,45,1,2,3,0,71.2,18.5,-29,2.6470588235294117,1,2.3,2,13.43,32.168674698795186,1
17,79,2,0,1,1,0,29,3,17,0,71,43,1,2,3,0,60.0,25.5,-28,2.5294117647058822,1,3.7,2,13.43,25.903614457831328,1
17,79,2,0,1,1,0,25,0,0,1,83,41,0,1,3,0,74.80000000000001,17.0,-42,2.411764705882353,2,1.0,2,13.43,30.791164658634543,1
17,79,2,0,0,1,0,26,1,3,1,74,45,1,2,3,0,71.2,18.5,-29,2.6470588235294117,0,2.3,0,13.43,32.168674698795186,1
17,79,2,0,0,1,0,29,3,17,0,71,43,1,2,3,0,60.0,25.5,-28,2.5294117647058822,0,3.7,0,13.43,25.903614457831328,1
17,79,2,0,0,1,0,25,0,0,1,83,41,0,1,3,0,74.80000000000001,17.0,-42,2.411764705882353,1,1.0,0,13.43,30.791164658634543,1
17,79,0,1,0,1,0,26,1,3,1,74,45,1,2,3,0,81.2,18.5,-29,2.6470588235294117,-2,2.3,0,13.43,36.68674698795181,1
17,79,0,1,0,1,0,29,3,17,0,71,43,1,2,3,0,70.0,25.5,-28,2.5294117647058822,-2,3.7,0,13.43,30.22088353413655,1
17,79,0,1,0,1,0,25,0,0,1,83,41,0,1,3,0,84.80000000000001,17.0,-42,2.411764705882353,-1,1.0,0,13.43,34.90763052208836,1
17,79,2,1,1,1,0,26,1,3,1,74,45,1,2,3,0,81.2,18.5,-29,2.6470588235294117,1,2.3,2,13.43,36.68674698795181,1
17,79,2,1,1,1,0,29,3,17,0,71,43,1,2,3,0,70.0,25.5,-28,2.5294117647058822,1,3.7,2,13.43,30.22088353413655,1
17,79,2,1,1,1,0,25,0,0,1,83,41,0,1,3,0,84.80000000000001,17.0,-42,2.411764705882353,2,1.0,2,13.43,34.90763052208836,1
30,77,0,1,1,1,1,23,1,18,0,68,80,1,2,1,0,68.0,39.0,12,2.6666666666666665,-1,3.8,0,23.1,54.61847389558233,1
30,77,0,1,1,1,1,21,3,9,1,90,68,1,0,2,0,86.8,34.5,-22,2.2666666666666666,1,2.9,0,23.1,59.26104417670683,1
30,77,0,1,1,1,1,23,3,8,0,79,89,1,2,0,0,72.4,34.0,10,2.966666666666667,-1,2.8,0,23.1,64.69477911646587,1
20,97,2,1,0,1,0,28,1,3,1,67,44,1,2,3,0,85.60000000000001,21.5,-23,2.2,0,2.3,0,19.4,37.815261044176715,1
20,97,2,1,0,1,0,19,0,9,0,54,73,1,1,1,0,70.4,24.5,19,3.65,1,2.9,0,19.4,51.5983935742972,1
20,97,2,1,1,1,0,28,1,3,1,67,44,1,2,3,0,85.60000000000001,21.5,-23,2.2,1,2.3,2,19.4,37.815261044176715,1
20,97,2,1,1,1,0,19,0,9,0,54,73,1,1,1,0,70.4,24.5,19,3.65,2,2.9,2,19.4,51.5983935742972,1
20,97,0,1,0,1,0,28,1,3,1,67,44,1,2,3,0,85.60000000000001,21.5,-23,2.2,-2,2.3,0,19.4,37.815261044176715,1
20,97,0,1,0,1,0,19,0,9,0,54,73,1,1,1,0,70.4,24.5,19,3.65,-1,2.9,0,19.4,51.5983935742972,1
20,97,2,0,0,1,0,28,1,3,1,67,44,1,2,3,0,75.60000000000001,21.5,-23,2.2,0,2.3,0,19.4,33.397590361445786,1
20,97,2,0,0,1,0,19,0,9,0,54,73,1,1,1,0,60.400000000000006,24.5,19,3.65,1,2.9,0,19.4,44.26907630522089,1
20,97,1,1,0,1,0,28,1,3,1,67,44,1,2,3,0,85.60000000000001,21.5,-23,2.2,-1,2.3,0,19.4,37.815261044176715,1
20,97,1,1,0,1,0,19,0,9,0,54,73,1,1,1,0,70.4,24.5,19,3.65,0,2.9,0,19.4,51.5983935742972,1
20,97,1,1,2,1,0,28,1,3,1,67,44,1,2,3,0,85.60000000000001,21.5,-23,2.2,1,2.3,2,19.4,37.815261044176715,1
20,97,1,1,2,1,0,19,0,9,0,54,73,1,1,1,0,70.4,24.5,19,3.65,2,2.9,2,19.4,51.5983935742972,1
15,85,1,1,2,1,0,22,0,13,1,50,44,1,2,3,0,74.0,21.5,-6,2.933333333333333,1,3.3,2,12.75,32.69076305220884,1
15,85,1,1,2,1,0,21,0,7,1,91,50,1,2,3,0,90.4,18.5,-41,3.3333333333333335,1,2.7,2,12.75,45.381526104417674,1
23,76,1,1,1,1,1,22,2,14,0,91,90,0,1,0,0,76.8,30.0,-1,3.9130434782608696,1,2.4000000000000004,1,17.48,69.3975903614458,1
23,76,2,1,0,1,1,22,2,14,0,91,90,0,1,0,0,76.8,30.0,-1,3.9130434782608696,1,2.4000000000000004,0,17.48,69.3975903614458,1
23,76,2,1,1,1,1,22,2,14,0,91,90,0,1,0,0,76.8,30.0,-1,3.9130434782608696,2,2.4000000000000004,2,17.48,69.3975903614458,1
23,76,2,0,1,1,1,22,2,14,0,91,90,0,1,0,0,66.8,30.0,-1,3.9130434782608696,2,2.4000000000000004,2,17.48,60.36144578313253,1
23,76,1,0,2,1,1,22,2,14,0,91,90,0,1,0,0,66.8,30.0,-1,3.9130434782608696,2,2.4000000000000004,2,17.48,60.36144578313253,1
23,76,1,0,1,1,1,22,2,14,0,91,90,0,1,0,0,66.8,30.0,-1,3.9130434782608696,1,2.4000000000000004,1,17.48,60.36144578313253,1
19,93,2,0,1,1,0,19,1,7,1,67,46,1,2,3,0,74.0,22.5,-21,2.4210526315789473,1,2.7,2,17.67,34.17670682730924,1
19,93,1,1,1,1,0,19,1,7,1,67,46,1,2,3,0,84.0,22.5,-21,2.4210526315789473,0,2.7,1,17.67,38.795180722891565,1
19,93,2,1,0,1,0,19,1,7,1,67,46,1,2,3,0,84.0,22.5,-21,2.4210526315789473,0,2.7,0,17.67,38.795180722891565,1
19,93,0,1,1,1,0,19,1,7,1,67,46,1,2,3,0,84.0,22.5,-21,2.4210526315789473,-1,2.7,0,17.67,38.795180722891565,1
19,93,2,0,0,1,0,19,1,7,1,67,46,1,2,3,0,74.0,22.5,-21,2.4210526315789473,0,2.7,0,17.67,34.17670682730924,1
30,64,1,0,0,1,0,21,3,18,1,73,81,1,1,1,0,64.80000000000001,39.0,8,2.7,0,3.8,0,19.2,52.6987951807229,1
30,64,1,0,1,1,0,21,3,18,1,73,81,1,1,1,0,64.80000000000001,39.0,8,2.7,1,3.8,1,19.2,52.6987951807229,1
18,60,1,1,1,1,0,28,2,8,1,56,54,0,0,3,0,66.4,22.0,-2,3.0,2,1.8,1,10.799999999999999,36.00000000000001,1
18,60,1,1,1,1,0,18,0,5,0,58,46,1,0,3,0,57.2,20.5,-12,2.5555555555555554,2,2.5,1,10.799999999999999,26.417670682730925,1
23,99,1,0,1,1,1,23,0,17,1,63,74,0,2,1,0,74.80000000000001,31.5,11,3.217391304347826,0,2.7,1,22.77,55.57429718875503,1
23,99,1,0,1,1,1,18,3,10,1,55,93,1,0,0,0,71.6,28.0,38,4.043478260869565,2,3.0,1,22.77,66.85542168674698,1
23,99,1,1,0,1,1,23,0,17,1,63,74,0,2,1,0,84.80000000000001,31.5,11,3.217391304347826,-1,2.7,0,22.77,63.00401606425704,1
23,99,1,1,0,1,1,18,3,10,1,55,93,1,0,0,0,81.6,28.0,38,4.043478260869565,1,3.0,0,22.77,76.19277108433735,1
23,99,0,1,2,1,1,23,0,17,1,63,74,0,2,1,0,84.80000000000001,31.5,11,3.217391304347826,0,2.7,0,22.77,63.00401606425704,1
23,99,0,1,2,1,1,18,3,10,1,55,93,1,0,0,0,81.6,28.0,38,4.043478260869565,2,3.0,0,22.77,76.19277108433735,1
23,99,1,1,1,1,1,23,0,17,1,63,74,0,2,1,0,84.80000000000001,31.5,11,3.217391304347826,0,2.7,1,22.77,63.00401606425704,1
23,99,1,1,1,1,1,18,3,10,1,55,93,1,0,0,0,81.6,28.0,38,4.043478260869565,2,3.0,1,22.77,76.19277108433735,1
23,99,0,0,1,1,1,23,0,17,1,63,74,0,2,1,0,74.80000000000001,31.5,11,3.217391304347826,-1,2.7,0,22.77,55.57429718875503,1
23,99,0,0,1,1,1,18,3,10,1,55,93,1,0,0,0,71.6,28.0,38,4.043478260869565,1,3.0,0,22.77,66.85542168674698,1
33,93,2,1,0,1,0,23,2,4,1,54,63,1,2,2,0,78.80000000000001,35.0,9,1.9090909090909092,0,2.4,0,30.69,49.84337349397592,1
33,93,2,1,0,1,0,29,0,16,0,90,99,1,2,0,0,83.2,41.0,9,3.0,0,3.6,0,30.69,82.6987951807229,1
33,93,2,1,0,1,0,27,3,5,1,70,44,1,1,3,0,85.2,35.5,-26,1.3333333333333333,1,2.5,0,30.69,37.638554216867476,1
33,93,2,1,0,1,0,20,2,1,0,52,67,1,2,2,0,68.0,33.5,15,2.0303030303030303,0,2.1,0,30.69,45.742971887550205,1
33,93,1,1,2,1,0,23,2,4,1,54,63,1,2,2,0,78.80000000000001,35.0,9,1.9090909090909092,1,2.4,2,30.69,49.84337349397592,1
33,93,1,1,2,1,0,29,0,16,0,90,99,1,2,0,0,83.2,41.0,9,3.0,1,3.6,2,30.69,82.6987951807229,1
33,93,1,1,2,1,0,27,3,5,1,70,44,1,1,3,0,85.2,35.5,-26,1.3333333333333333,2,2.5,2,30.69,37.638554216867476,1
33,93,1,1,2,1,0,20,2,1,0,52,67,1,2,2,0,68.0,33.5,15,2.0303030303030303,1,2.1,2,30.69,45.742971887550205,1
33,93,1,0,1,1,0,23,2,4,1,54,63,1,2,2,0,68.80000000000001,35.0,9,1.9090909090909092,0,2.4,1,30.69,43.518072289156635,1
33,93,1,0,1,1,0,29,0,16,0,90,99,1,2,0,0,73.2,41.0,9,3.0,0,3.6,1,30.69,72.75903614457832,1
33,93,1,0,1,1,0,27,3,5,1,70,44,1,1,3,0,75.2,35.5,-26,1.3333333333333333,1,2.5,1,30.69,33.22088353413655,1
33,93,1,0,1,1,0,20,2,1,0,52,67,1,2,2,0,58.0,33.5,15,2.0303030303030303,0,2.1,1,30.69,39.01606425702811,1
21,62,2,0,1,1,0,28,2,13,0,97,94,1,1,0,1,63.60000000000001,27.5,-3,4.476190476190476,2,3.3,2,13.02,60.02409638554219,1
21,62,1,0,0,1,0,28,2,13,0,97,94,1,1,0,1,63.60000000000001,27.5,-3,4.476190476190476,0,3.3,0,13.02,60.02409638554219,1
21,62,0,1,1,1,0,28,2,13,0,97,94,1,1,0,1,73.60000000000001,27.5,-3,4.476190476190476,0,3.3,0,13.02,69.46184738955824,1
21,62,0,1,0,1,0,28,2,13,0,97,94,1,1,0,1,73.60000000000001,27.5,-3,4.476190476190476,-1,3.3,0,13.02,69.46184738955824,1
21,62,0,0,1,1,0,28,2,13,0,97,94,1,1,0,1,63.60000000000001,27.5,-3,4.476190476190476,0,3.3,0,13.02,60.02409638554219,1
21,62,1,1,1,1,0,28,2,13,0,97,94,1,1,0,1,73.60000000000001,27.5,-3,4.476190476190476,1,3.3,1,13.02,69.46184738955824,1
21,62,1,0,1,1,0,28,2,13,0,97,94,1,1,0,1,63.60000000000001,27.5,-3,4.476190476190476,1,3.3,1,13.02,60.02409638554219,1
27,88,0,0,2,1,0,29,3,18,1,90,46,1,2,3,0,81.2,36.0,-44,1.7037037037037037,0,3.8,0,23.76,37.502008032128515,1
27,88,0,0,2,1,0,21,0,20,1,86,88,1,2,0,0,79.6,37.0,2,3.259259259259259,0,4.0,0,23.76,70.3293172690763,1
27,88,1,1,1,1,0,29,3,18,1,90,46,1,2,3,0,91.2,36.0,-44,1.7037037037037037,0,3.8,1,23.76,42.12048192771085,1
27,88,1,1,1,1,0,21,0,20,1,86,88,1,2,0,0,89.6,37.0,2,3.259259259259259,0,4.0,1,23.76,79.16465863453816,1
27,88,2,1,1,1,0,29,3,18,1,90,46,1,2,3,0,91.2,36.0,-44,1.7037037037037037,1,3.8,2,23.76,42.12048192771085,1
27,88,2,1,1,1,0,21,0,20,1,86,88,1,2,0,0,89.6,37.0,2,3.259259259259259,1,4.0,2,23.76,79.16465863453816,1
27,88,2,0,1,1,0,29,3,18,1,90,46,1,2,3,0,81.2,36.0,-44,1.7037037037037037,1,3.8,2,23.76,37.502008032128515,1
27,88,2,0,1,1,0,21,0,20,1,86,88,1,2,0,0,79.6,37.0,2,3.259259259259259,1,4.0,2,23.76,70.3293172690763,1
23,70,2,1,2,1,1,18,2,0,0,89,81,1,2,1,0,73.6,23.0,-8,3.5217391304347827,2,2.0,4,16.099999999999998,59.855421686746986,1
23,70,2,1,2,1,1,22,3,6,1,55,52,1,0,3,0,70.0,26.0,-3,2.260869565217391,4,2.6,4,16.099999999999998,36.54618473895583,1
23,70,2,1,2,1,1,26,3,3,1,54,40,0,2,3,0,69.6,24.5,-14,1.7391304347826086,2,1.3,4,16.099999999999998,27.951807228915662,1
23,70,1,1,1,1,1,18,2,0,0,89,81,1,2,1,0,73.6,23.0,-8,3.5217391304347827,0,2.0,1,16.099999999999998,59.855421686746986,1
23,70,1,1,1,1,1,22,3,6,1,55,52,1,0,3,0,70.0,26.0,-3,2.260869565217391,2,2.6,1,16.099999999999998,36.54618473895583,1
23,70,1,1,1,1,1,26,3,3,1,54,40,0,2,3,0,69.6,24.5,-14,1.7391304347826086,0,1.3,1,16.099999999999998,27.951807228915662,1
19,61,1,0,1,1,0,28,1,10,0,74,43,1,2,3,0,54.0,24.0,-31,2.263157894736842,0,3.0,1,11.59,23.313253012048197,1
19,61,1,0,1,1,0,21,2,17,1,71,42,1,1,3,0,62.800000000000004,27.5,-29,2.210526315789474,1,3.7,1,11.59,26.481927710843376,1
19,61,0,0,1,1,0,28,1,10,0,74,43,1,2,3,0,54.0,24.0,-31,2.263157894736842,-1,3.0,0,11.59,23.313253012048197,1
19,61,0,0,1,1,0,21,2,17,1,71,42,1,1,3,0,62.800000000000004,27.5,-29,2.210526315789474,0,3.7,0,11.59,26.481927710843376,1
19,61,2,1,2,1,0,28,1,10,0,74,43,1,2,3,0,64.0,24.0,-31,2.263157894736842,2,3.0,4,11.59,27.630522088353413,1
19,61,2,1,2,1,0,21,2,17,1,71,42,1,1,3,0,72.80000000000001,27.5,-29,2.210526315789474,3,3.7,4,11.59,30.6987951807229,1
19,61,1,0,0,1,0,28,1,10,0,74,43,1,2,3,0,54.0,24.0,-31,2.263157894736842,-1,3.0,0,11.59,23.313253012048197,1
19,61,1,0,0,1,0,21,2,17,1,71,42,1,1,3,0,62.800000000000004,27.5,-29,2.210526315789474,0,3.7,0,11.59,26.481927710843376,1
36,68,1,1,2,1,1,26,1,6,1,67,88,1,0,0,0,74.0,39.0,21,2.4444444444444446,3,2.6,2,24.48,65.38152610441767,1
36,68,1,1,2,1,1,21,1,0,0,77,61,0,0,2,0,68.0,36.0,-16,1.6944444444444444,3,1.0,2,24.48,41.64658634538153,1
36,68,1,1,2,1,1,21,2,6,1,67,61,1,2,2,0,74.0,39.0,-6,1.6944444444444444,1,2.6,2,24.48,45.32128514056225,1
36,68,1,1,2,1,1,21,1,5,1,100,63,1,1,2,0,87.2,38.5,-37,1.75,2,2.5,2,24.48,55.156626506024104,1
22,88,1,1,0,1,1,20,3,17,1,50,45,1,2,3,0,75.2,30.5,-5,2.0454545454545454,-1,3.7,0,19.36,33.975903614457835,1
22,88,1,1,0,1,1,18,3,5,0,100,92,1,2,0,0,85.2,24.5,-8,4.181818181818182,-1,2.5,0,19.36,78.6987951807229,1
22,88,1,1,0,1,1,27,0,8,1,75,46,0,0,3,0,85.2,26.0,-29,2.090909090909091,1,1.8,0,19.36,39.34939759036145,1
22,88,1,1,0,1,1,21,2,1,0,70,50,1,1,3,0,73.2,22.5,-20,2.272727272727273,0,2.1,0,19.36,36.74698795180723,1
22,88,1,1,1,1,1,20,3,17,1,50,45,1,2,3,0,75.2,30.5,-5,2.0454545454545454,0,3.7,1,19.36,33.975903614457835,1
22,88,1,1,1,1,1,18,3,5,0,100,92,1,2,0,0,85.2,24.5,-8,4.181818181818182,0,2.5,1,19.36,78.6987951807229,1
22,88,1,1,1,1,1,27,0,8,1,75,46,0,0,3,0,85.2,26.0,-29,2.090909090909091,2,1.8,1,19.36,39.34939759036145,1
22,88,1,1,1,1,1,21,2,1,0,70,50,1,1,3,0,73.2,22.5,-20,2.272727272727273,1,2.1,1,19.36,36.74698795180723,1
22,88,2,1,1,1,1,20,3,17,1,50,45,1,2,3,0,75.2,30.5,-5,2.0454545454545454,1,3.7,2,19.36,33.975903614457835,1
22,88,2,1,1,1,1,18,3,5,0,100,92,1,2,0,0,85.2,24.5,-8,4.181818181818182,1,2.5,2,19.36,78.6987951807229,1
22,88,2,1,1,1,1,27,0,8,1,75,46,0,0,3,0,85.2,26.0,-29,2.090909090909091,3,1.8,2,19.36,39.34939759036145,1
22,88,2,1,1,1,1,21,2,1,0,70,50,1,1,3,0,73.2,22.5,-20,2.272727272727273,2,2.1,2,19.36,36.74698795180723,1
22,88,1,0,0,1,1,20,3,17,1,50,45,1,2,3,0,65.2,30.5,-5,2.0454545454545454,-1,3.7,0,19.36,29.457831325301207,1
22,88,1,0,0,1,1,18,3,5,0,100,92,1,2,0,0,75.2,24.5,-8,4.181818181818182,-1,2.5,0,19.36,69.46184738955824,1
22,88,1,0,0,1,1,27,0,8,1,75,46,0,0,3,0,75.2,26.0,-29,2.090909090909091,1,1.8,0,19.36,34.73092369477912,1
22,88,1,0,0,1,1,21,2,1,0,70,50,1,1,3,0,63.2,22.5,-20,2.272727272727273,0,2.1,0,19.36,31.726907630522096,1
22,88,0,1,0,1,1,20,3,17,1,50,45,1,2,3,0,75.2,30.5,-5,2.0454545454545454,-2,3.7,0,19.36,33.975903614457835,1
22,88,0,1,0,1,1,18,3,5,0,100,92,1,2,0,0,85.2,24.5,-8,4.181818181818182,-2,2.5,0,19.36,78.6987951807229,1
22,88,0,1,0,1,1,27,0,8,1,75,46,0,0,3,0,85.2,26.0,-29,2.090909090909091,0,1.8,0,19.36,39.34939759036145,1
22,88,0,1,0,1,1,21,2,1,0,70,50,1,1,3,0,73.2,22.5,-20,2.272727272727273,-1,2.1,0,19.36,36.74698795180723,1
18,83,0,0,1,1,0,28,1,14,1,55,43,1,2,3,0,65.2,25.0,-12,2.388888888888889,-1,3.4000000000000004,0,14.94,28.14859437751004,1
18,83,0,0,1,1,0,19,3,4,1,73,48,0,2,3,0,72.4,20.0,-25,2.6666666666666665,-1,1.4,0,14.94,34.89156626506024,1
18,83,1,0,1,1,0,28,1,14,1,55,43,1,2,3,0,65.2,25.0,-12,2.388888888888889,0,3.4000000000000004,1,14.94,28.14859437751004,1
18,83,1,0,1,1,0,19,3,4,1,73,48,0,2,3,0,72.4,20.0,-25,2.6666666666666665,0,1.4,1,14.94,34.89156626506024,1
18,83,2,0,0,1,0,28,1,14,1,55,43,1,2,3,0,65.2,25.0,-12,2.388888888888889,0,3.4000000000000004,0,14.94,28.14859437751004,1
18,83,2,0,0,1,0,19,3,4,1,73,48,0,2,3,0,72.4,20.0,-25,2.6666666666666665,0,1.4,0,14.94,34.89156626506024,1
20,77,0,0,1,1,1,27,0,10,0,91,59,1,2,2,0,67.2,25.0,-32,2.95,-1,3.0,0,15.4,39.807228915662655,1
20,77,0,0,1,1,1,24,2,4,0,75,55,1,1,2,0,60.8,22.0,-20,2.75,0,2.4,0,15.4,33.574297188755025,1
20,77,1,0,1,1,1,27,0,10,0,91,59,1,2,2,0,67.2,25.0,-32,2.95,0,3.0,1,15.4,39.807228915662655,1
20,77,1,0,1,1,1,24,2,4,0,75,55,1,1,2,0,60.8,22.0,-20,2.75,1,2.4,1,15.4,33.574297188755025,1
20,77,2,1,2,1,1,27,0,10,0,91,59,1,2,2,0,77.2,25.0,-32,2.95,2,3.0,4,15.4,45.73092369477912,1
20,77,2,1,2,1,1,24,2,4,0,75,55,1,1,2,0,70.8,22.0,-20,2.75,3,2.4,4,15.4,39.096385542168676,1
20,77,0,1,2,1,1,27,0,10,0,91,59,1,2,2,0,77.2,25.0,-32,2.95,0,3.0,0,15.4,45.73092369477912,1
20,77,0,1,2,1,1,24,2,4,0,75,55,1,1,2,0,70.8,22.0,-20,2.75,1,2.4,0,15.4,39.096385542168676,1
20,77,2,0,1,1,1,27,0,10,0,91,59,1,2,2,0,67.2,25.0,-32,2.95,1,3.0,2,15.4,39.807228915662655,1
20,77,2,0,1,1,1,24,2,4,0,75,55,1,1,2,0,60.8,22.0,-20,2.75,2,2.4,2,15.4,33.574297188755025,1
20,94,1,1,1,1,0,20,2,8,0,54,44,1,0,3,0,69.2,24.0,-10,2.2,2,2.8,1,18.799999999999997,30.570281124497996,1
20,94,1,1,0,1,0,20,2,8,0,54,44,1,0,3,0,69.2,24.0,-10,2.2,1,2.8,0,18.799999999999997,30.570281124497996,1
20,94,2,1,0,1,0,20,2,8,0,54,44,1,0,3,0,69.2,24.0,-10,2.2,2,2.8,0,18.799999999999997,30.570281124497996,1
20,94,1,1,2,1,0,20,2,8,0,54,44,1,0,3,0,69.2,24.0,-10,2.2,3,2.8,2,18.799999999999997,30.570281124497996,1
20,94,1,0,1,1,0,20,2,8,0,54,44,1,0,3,0,59.2,24.0,-10,2.2,2,2.8,1,18.799999999999997,26.15261044176707,1
20,94,1,0,0,1,0,20,2,8,0,54,44,1,0,3,0,59.2,24.0,-10,2.2,1,2.8,0,18.799999999999997,26.15261044176707,1
20,94,1,0,2,1,0,20,2,8,0,54,44,1,0,3,0,59.2,24.0,-10,2.2,3,2.8,2,18.799999999999997,26.15261044176707,1
20,94,2,1,2,1,0,20,2,8,0,54,44,1,0,3,0,69.2,24.0,-10,2.2,4,2.8,4,18.799999999999997,30.570281124497996,1
28,77,1,1,0,1,0,29,2,0,1,97,49,0,1,3,0,89.60000000000001,28.0,-48,1.75,0,1.0,0,21.560000000000002,44.08032128514056,1
28,77,2,1,0,1,0,29,2,0,1,97,49,0,1,3,0,89.60000000000001,28.0,-48,1.75,1,1.0,0,21.560000000000002,44.08032128514056,1
28,77,1,0,2,1,0,29,2,0,1,97,49,0,1,3,0,79.60000000000001,28.0,-48,1.75,2,1.0,2,21.560000000000002,39.160642570281134,1
39,97,2,1,1,1,0,26,3,15,0,56,65,1,2,2,0,71.2,46.5,9,1.6666666666666667,1,3.5,2,37.83,46.46586345381527,1
39,97,2,1,1,1,0,28,3,2,1,93,42,1,2,3,0,96.0,40.0,-51,1.0769230769230769,1,2.2,2,37.83,40.48192771084338,1
39,97,2,1,1,1,0,27,3,1,1,50,42,1,0,3,0,78.80000000000001,39.5,-8,1.0769230769230769,3,2.1,2,37.83,33.22891566265061,1
39,97,2,1,1,1,0,29,0,7,1,78,79,1,2,1,0,90.0,42.5,1,2.0256410256410255,1,2.7,2,37.83,71.3855421686747,1
39,97,2,1,1,1,0,22,2,15,1,55,65,1,2,2,0,80.80000000000001,46.5,10,1.6666666666666667,1,3.5,2,37.83,52.73092369477913,1
26,81,2,1,1,1,1,29,3,4,0,58,41,1,2,3,0,65.6,28.0,-17,1.5769230769230769,1,2.4,2,21.060000000000002,27.004016064257026,1
26,81,2,1,1,1,1,21,0,7,0,68,50,1,2,3,0,69.6,29.5,-18,1.9230769230769231,1,2.7,2,21.060000000000002,34.93975903614458,1
26,81,2,1,1,1,1,29,3,13,1,82,56,1,1,2,0,85.2,32.5,-26,2.1538461538461537,2,3.3,2,21.060000000000002,47.90361445783133,1
26,81,1,0,0,1,1,29,3,4,0,58,41,1,2,3,0,55.6,28.0,-17,1.5769230769230769,-1,2.4,0,21.060000000000002,22.887550200803215,1
26,81,1,0,0,1,1,21,0,7,0,68,50,1,2,3,0,59.6,29.5,-18,1.9230769230769231,-1,2.7,0,21.060000000000002,29.919678714859437,1
26,81,1,0,0,1,1,29,3,13,1,82,56,1,1,2,0,75.2,32.5,-26,2.1538461538461537,0,3.3,0,21.060000000000002,42.28112449799197,1
22,88,1,1,1,1,0,19,2,6,0,81,43,1,2,3,0,77.6,25.0,-38,1.9545454545454546,0,2.6,1,19.36,33.502008032128515,1
22,88,1,1,1,1,0,25,2,8,0,64,45,1,0,3,0,70.80000000000001,26.0,-19,2.0454545454545454,2,2.8,1,19.36,31.987951807228924,1
22,88,1,1,1,1,0,24,1,17,1,84,93,0,2,0,0,88.80000000000001,30.5,9,4.2272727272727275,0,2.7,1,19.36,82.91566265060243,1
22,88,0,1,1,1,0,19,2,6,0,81,43,1,2,3,0,77.6,25.0,-38,1.9545454545454546,-1,2.6,0,19.36,33.502008032128515,1
22,88,0,1,1,1,0,25,2,8,0,64,45,1,0,3,0,70.80000000000001,26.0,-19,2.0454545454545454,1,2.8,0,19.36,31.987951807228924,1
22,88,0,1,1,1,0,24,1,17,1,84,93,0,2,0,0,88.80000000000001,30.5,9,4.2272727272727275,-1,2.7,0,19.36,82.91566265060243,1
24,93,2,0,1,1,0,19,0,19,1,59,63,1,2,2,0,70.80000000000001,33.5,4,2.625,1,3.9000000000000004,2,22.32,44.78313253012049,1
24,93,2,0,1,1,0,23,3,4,0,67,73,1,2,1,0,64.0,26.0,6,3.0416666666666665,1,2.4,2,22.32,46.907630522088354,1
24,93,1,1,2,1,0,19,0,19,1,59,63,1,2,2,0,80.80000000000001,33.5,4,2.625,1,3.9000000000000004,2,22.32,51.10843373493977,1
24,93,1,1,2,1,0,23,3,4,0,67,73,1,2,1,0,74.0,26.0,6,3.0416666666666665,1,2.4,2,22.32,54.23694779116466,1
24,93,1,1,0,1,0,19,0,19,1,59,63,1,2,2,0,80.80000000000001,33.5,4,2.625,-1,3.9000000000000004,0,22.32,51.10843373493977,1
24,93,1,1,0,1,0,23,3,4,0,67,73,1,2,1,0,74.0,26.0,6,3.0416666666666665,-1,2.4,0,22.32,54.23694779116466,1
24,93,0,1,1,1,0,19,0,19,1,59,63,1,2,2,0,80.80000000000001,33.5,4,2.625,-1,3.9000000000000004,0,22.32,51.10843373493977,1
24,93,0,1,1,1,0,23,3,4,0,67,73,1,2,1,0,74.0,26.0,6,3.0416666666666665,-1,2.4,0,22.32,54.23694779116466,1
24,93,2,0,0,1,0,19,0,19,1,59,63,1,2,2,0,70.80000000000001,33.5,4,2.625,0,3.9000000000000004,0,22.32,44.78313253012049,1
24,93,2,0,0,1,0,23,3,4,0,67,73,1,2,1,0,64.0,26.0,6,3.0416666666666665,0,2.4,0,22.32,46.907630522088354,1
24,93,2,1,1,1,0,19,0,19,1,59,63,1,2,2,0,80.80000000000001,33.5,4,2.625,1,3.9000000000000004,2,22.32,51.10843373493977,1
24,93,2,1,1,1,0,23,3,4,0,67,73,1,2,1,0,74.0,26.0,6,3.0416666666666665,1,2.4,2,22.32,54.23694779116466,1
24,93,2,1,0,1,0,19,0,19,1,59,63,1,2,2,0,80.80000000000001,33.5,4,2.625,0,3.9000000000000004,0,22.32,51.10843373493977,1
24,93,2,1,0,1,0,23,3,4,0,67,73,1,2,1,0,74.0,26.0,6,3.0416666666666665,0,2.4,0,22.32,54.23694779116466,1
27,85,2,0,0,1,1,20,2,9,1,93,45,1,0,3,0,81.2,31.5,-48,1.6666666666666667,2,2.9,0,22.95,36.68674698795181,1
27,85,2,0,0,1,1,21,1,10,1,99,44,1,2,3,0,83.6,32.0,-55,1.6296296296296295,0,3.0,0,22.95,36.93172690763052,1
27,85,1,1,1,1,1,20,2,9,1,93,45,1,0,3,0,91.2,31.5,-48,1.6666666666666667,2,2.9,1,22.95,41.204819277108435,1
27,85,1,1,1,1,1,21,1,10,1,99,44,1,2,3,0,93.6,32.0,-55,1.6296296296296295,0,3.0,1,22.95,41.34939759036145,1
20,60,1,1,0,1,0,28,2,2,1,97,55,1,2,2,1,82.80000000000001,21.0,-42,2.75,-1,2.2,0,12.0,45.72289156626507,1
20,60,1,1,0,1,0,24,0,17,1,81,57,0,2,2,0,76.4,28.5,-24,2.85,-1,2.7,0,12.0,43.72289156626507,1
20,60,1,1,0,1,0,29,3,0,0,78,47,1,2,3,0,65.2,20.0,-31,2.35,-1,2.0,0,12.0,30.76706827309237,1
20,60,1,1,0,1,0,28,1,15,1,82,62,1,2,2,0,76.80000000000001,27.5,-20,3.1,-1,3.5,0,12.0,47.80722891566266,1
20,60,1,1,0,1,0,21,3,0,1,85,53,1,1,3,0,78.0,20.0,-32,2.65,0,2.0,0,12.0,41.506024096385545,1
20,60,1,1,0,1,0,19,0,15,1,76,89,1,1,0,0,74.4,27.5,13,4.45,0,3.5,0,12.0,66.48192771084338,1
20,60,1,1,1,1,0,28,2,2,1,97,55,1,2,2,1,82.80000000000001,21.0,-42,2.75,0,2.2,1,12.0,45.72289156626507,1
20,60,1,1,1,1,0,24,0,17,1,81,57,0,2,2,0,76.4,28.5,-24,2.85,0,2.7,1,12.0,43.72289156626507,1
20,60,1,1,1,1,0,29,3,0,0,78,47,1,2,3,0,65.2,20.0,-31,2.35,0,2.0,1,12.0,30.76706827309237,1
20,60,1,1,1,1,0,28,1,15,1,82,62,1,2,2,0,76.80000000000001,27.5,-20,3.1,0,3.5,1,12.0,47.80722891566266,1
20,60,1,1,1,1,0,21,3,0,1,85,53,1,1,3,0,78.0,20.0,-32,2.65,1,2.0,1,12.0,41.506024096385545,1
20,60,1,1,1,1,0,19,0,15,1,76,89,1,1,0,0,74.4,27.5,13,4.45,1,3.5,1,12.0,66.48192771084338,1
20,60,0,1,1,1,0,28,2,2,1,97,55,1,2,2,1,82.80000000000001,21.0,-42,2.75,-1,2.2,0,12.0,45.72289156626507,1
20,60,0,1,1,1,0,24,0,17,1,81,57,0,2,2,0,76.4,28.5,-24,2.85,-1,2.7,0,12.0,43.72289156626507,1
20,60,0,1,1,1,0,29,3,0,0,78,47,1,2,3,0,65.2,20.0,-31,2.35,-1,2.0,0,12.0,30.76706827309237,1
20,60,0,1,1,1,0,28,1,15,1,82,62,1,2,2,0,76.80000000000001,27.5,-20,3.1,-1,3.5,0,12.0,47.80722891566266,1
20,60,0,1,1,1,0,21,3,0,1,85,53,1,1,3,0,78.0,20.0,-32,2.65,0,2.0,0,12.0,41.506024096385545,1
20,60,0,1,1,1,0,19,0,15,1,76,89,1,1,0,0,74.4,27.5,13,4.45,0,3.5,0,12.0,66.48192771084338,1
25,79,1,1,1,1,0,19,0,1,1,87,43,1,2,3,0,86.4,25.5,-44,1.72,0,2.1,1,19.75,37.30120481927712,1
25,79,1,1,1,1,0,18,2,15,1,50,59,0,1,2,0,71.6,32.5,9,2.36,1,2.5,1,19.75,42.41365461847389,1
25,79,1,1,1,1,0,27,2,8,1,74,99,0,2,0,0,81.2,29.0,25,3.96,0,1.8,1,19.75,80.71084337349397,1
25,79,1,1,1,1,0,29,3,15,1,100,91,0,1,0,0,91.6,32.5,-9,3.64,1,2.5,1,19.75,83.69076305220884,1
25,79,1,1,1,1,0,19,3,2,1,57,73,0,1,1,0,74.4,26.0,16,2.92,1,1.2,1,19.75,54.53012048192772,1
25,88,1,1,1,1,0,19,1,5,1,95,73,1,2,1,0,93.2,27.5,-22,2.92,0,2.5,1,22.0,68.30923694779118,1
25,88,1,1,1,1,0,29,2,2,1,100,85,1,2,0,0,95.2,26.0,-15,3.4,0,2.2,1,22.0,81.24497991967873,1
25,88,0,1,0,1,0,19,1,5,1,95,73,1,2,1,0,93.2,27.5,-22,2.92,-2,2.5,0,22.0,68.30923694779118,1
25,88,0,1,0,1,0,29,2,2,1,100,85,1,2,0,0,95.2,26.0,-15,3.4,-2,2.2,0,22.0,81.24497991967873,1
25,88,2,0,1,1,0,19,1,5,1,95,73,1,2,1,0,83.2,27.5,-22,2.92,1,2.5,2,22.0,60.979919678714865,1
25,88,2,0,1,1,0,29,2,2,1,100,85,1,2,0,0,85.2,26.0,-15,3.4,1,2.2,2,22.0,72.71084337349399,1
25,88,2,1,1,1,0,19,1,5,1,95,73,1,2,1,0,93.2,27.5,-22,2.92,1,2.5,2,22.0,68.30923694779118,1
25,88,2,1,1,1,0,29,2,2,1,100,85,1,2,0,0,95.2,26.0,-15,3.4,1,2.2,2,22.0,81.24497991967873,1
25,88,1,1,0,1,0,19,1,5,1,95,73,1,2,1,0,93.2,27.5,-22,2.92,-1,2.5,0,22.0,68.30923694779118,1
25,88,1,1,0,1,0,29,2,2,1,100,85,1,2,0,0,95.2,26.0,-15,3.4,-1,2.2,0,22.0,81.24497991967873,1
27,70,1,0,2,1,0,22,2,9,1,69,62,0,1,2,0,65.6,31.5,-7,2.2962962962962963,2,1.9,2,18.9,40.835341365461844,1
27,70,1,0,2,1,0,23,0,6,1,62,66,0,0,2,0,62.8,30.0,4,2.4444444444444446,3,1.6,2,18.9,41.614457831325296,1
27,70,1,0,0,1,0,22,2,9,1,69,62,0,1,2,0,65.6,31.5,-7,2.2962962962962963,0,1.9,0,18.9,40.835341365461844,1
27,70,1,0,0,1,0,23,0,6,1,62,66,0,0,2,0,62.8,30.0,4,2.4444444444444446,1,1.6,0,18.9,41.614457831325296,1
24,94,0,0,1,1,1,26,3,6,0,87,81,1,1,1,0,72.4,27.0,-6,3.375,0,2.6,0,22.56,58.87951807228916,1
24,94,0,0,1,1,1,25,2,8,1,90,40,1,1,3,0,83.6,28.0,-50,1.6666666666666667,0,2.8,0,22.56,33.57429718875502,1
24,94,1,0,1,1,1,26,3,6,0,87,81,1,1,1,0,72.4,27.0,-6,3.375,1,2.6,1,22.56,58.87951807228916,1
24,94,1,0,1,1,1,25,2,8,1,90,40,1,1,3,0,83.6,28.0,-50,1.6666666666666667,1,2.8,1,22.56,33.57429718875502,1
24,94,1,0,0,1,1,26,3,6,0,87,81,1,1,1,0,72.4,27.0,-6,3.375,0,2.6,0,22.56,58.87951807228916,1
24,94,1,0,0,1,1,25,2,8,1,90,40,1,1,3,0,83.6,28.0,-50,1.6666666666666667,0,2.8,0,22.56,33.57429718875502,1
22,96,2,1,0,1,1,19,0,20,1,68,72,1,1,1,0,85.60000000000001,32.0,4,3.272727272727273,1,4.0,0,21.119999999999997,61.879518072289166,1
22,96,2,1,0,1,1,20,0,2,0,67,41,1,2,3,0,75.2,23.0,-26,1.8636363636363635,0,2.2,0,21.119999999999997,30.955823293172692,1
22,96,0,0,2,1,1,19,0,20,1,68,72,1,1,1,0,75.60000000000001,32.0,4,3.272727272727273,1,4.0,0,21.119999999999997,54.650602409638566,1
22,96,0,0,2,1,1,20,0,2,0,67,41,1,2,3,0,65.2,23.0,-26,1.8636363636363635,0,2.2,0,21.119999999999997,26.839357429718877,1
22,96,2,1,2,1,1,19,0,20,1,68,72,1,1,1,0,85.60000000000001,32.0,4,3.272727272727273,3,4.0,4,21.119999999999997,61.879518072289166,1
22,96,2,1,2,1,1,20,0,2,0,67,41,1,2,3,0,75.2,23.0,-26,1.8636363636363635,2,2.2,4,21.119999999999997,30.955823293172692,1
19,82,1,0,1,1,0,19,0,1,1,78,69,1,1,2,0,74.0,19.5,-9,3.6315789473684212,1,2.1,1,15.579999999999998,51.265060240963855,1
19,82,1,0,1,1,0,18,2,3,0,78,76,1,1,1,0,64.0,20.5,-2,4.0,1,2.3,1,15.579999999999998,48.835341365461844,1
19,82,1,1,2,1,0,19,0,1,1,78,69,1,1,2,0,84.0,19.5,-9,3.6315789473684212,2,2.1,2,15.579999999999998,58.19277108433735,1
19,82,1,1,2,1,0,18,2,3,0,78,76,1,1,1,0,74.0,20.5,-2,4.0,2,2.3,2,15.579999999999998,56.46586345381526,1
19,82,1,0,0,1,0,19,0,1,1,78,69,1,1,2,0,74.0,19.5,-9,3.6315789473684212,0,2.1,0,15.579999999999998,51.265060240963855,1
19,82,1,0,0,1,0,18,2,3,0,78,76,1,1,1,0,64.0,20.5,-2,4.0,0,2.3,0,15.579999999999998,48.835341365461844,1
19,82,0,0,1,1,0,19,0,1,1,78,69,1,1,2,0,74.0,19.5,-9,3.6315789473684212,0,2.1,0,15.579999999999998,51.265060240963855,1
19,82,0,0,1,1,0,18,2,3,0,78,76,1,1,1,0,64.0,20.5,-2,4.0,0,2.3,0,15.579999999999998,48.835341365461844,1
19,82,1,1,0,1,0,19,0,1,1,78,69,1,1,2,0,84.0,19.5,-9,3.6315789473684212,0,2.1,0,15.579999999999998,58.19277108433735,1
19,82,1,1,0,1,0,18,2,3,0,78,76,1,1,1,0,74.0,20.5,-2,4.0,0,2.3,0,15.579999999999998,56.46586345381526,1
19,82,2,0,1,1,0,19,0,1,1,78,69,1,1,2,0,74.0,19.5,-9,3.6315789473684212,2,2.1,2,15.579999999999998,51.265060240963855,1
19,82,2,0,1,1,0,18,2,3,0,78,76,1,1,1,0,64.0,20.5,-2,4.0,2,2.3,2,15.579999999999998,48.835341365461844,1
25,99,0,0,0,1,0,27,1,18,1,54,76,0,1,1,0,71.2,34.0,22,3.04,-1,2.8,0,24.75,54.32931726907631,1
25,99,0,0,0,1,0,19,2,0,1,61,74,1,1,1,0,74.0,25.0,13,2.96,-1,2.0,0,24.75,54.979919678714865,1
25,99,0,0,0,1,0,25,2,9,0,55,93,1,0,0,0,61.6,29.5,38,3.72,0,2.9,0,24.75,57.51807228915663,1
25,99,0,0,0,1,0,27,2,7,0,87,90,1,2,0,0,74.4,28.5,3,3.6,-2,2.7,0,24.75,67.2289156626506,1
25,99,1,1,1,1,0,27,1,18,1,54,76,0,1,1,0,81.2,34.0,22,3.04,1,2.8,1,24.75,61.95983935742972,1
25,99,1,1,1,1,0,19,2,0,1,61,74,1,1,1,0,84.0,25.0,13,2.96,1,2.0,1,24.75,62.40963855421687,1
25,99,1,1,1,1,0,25,2,9,0,55,93,1,0,0,0,71.6,29.5,38,3.72,2,2.9,1,24.75,66.85542168674698,1
25,99,1,1,1,1,0,27,2,7,0,87,90,1,2,0,0,84.4,28.5,3,3.6,0,2.7,1,24.75,76.26506024096386,1
25,99,1,0,1,1,0,27,1,18,1,54,76,0,1,1,0,71.2,34.0,22,3.04,1,2.8,1,24.75,54.32931726907631,1
25,99,1,0,1,1,0,19,2,0,1,61,74,1,1,1,0,74.0,25.0,13,2.96,1,2.0,1,24.75,54.979919678714865,1
25,99,1,0,1,1,0,25,2,9,0,55,93,1,0,0,0,61.6,29.5,38,3.72,2,2.9,1,24.75,57.51807228915663,1
25,99,1,0,1,1,0,27,2,7,0,87,90,1,2,0,0,74.4,28.5,3,3.6,0,2.7,1,24.75,67.2289156626506,1
22,91,1,1,0,1,0,23,1,17,1,68,52,0,1,3,0,83.6,30.5,-16,2.3636363636363638,0,2.7,0,20.02,43.64658634538153,1
22,91,1,1,0,1,0,20,0,11,0,64,98,1,1,0,0,72.0,27.5,34,4.454545454545454,0,3.1,0,20.02,70.8433734939759,1
22,91,0,1,1,1,0,23,1,17,1,68,52,0,1,3,0,83.6,30.5,-16,2.3636363636363638,0,2.7,0,20.02,43.64658634538153,1
22,91,0,1,1,1,0,20,0,11,0,64,98,1,1,0,0,72.0,27.5,34,4.454545454545454,0,3.1,0,20.02,70.8433734939759,1
22,91,1,0,0,1,0,23,1,17,1,68,52,0,1,3,0,73.6,30.5,-16,2.3636363636363638,0,2.7,0,20.02,38.42570281124498,1
22,91,1,0,0,1,0,20,0,11,0,64,98,1,1,0,0,62.0,27.5,34,4.454545454545454,0,3.1,0,20.02,61.00401606425704,1
22,91,1,1,2,1,0,23,1,17,1,68,52,0,1,3,0,83.6,30.5,-16,2.3636363636363638,2,2.7,2,20.02,43.64658634538153,1
22,91,1,1,2,1,0,20,0,11,0,64,98,1,1,0,0,72.0,27.5,34,4.454545454545454,2,3.1,2,20.02,70.8433734939759,1
22,91,1,0,1,1,0,23,1,17,1,68,52,0,1,3,0,73.6,30.5,-16,2.3636363636363638,1,2.7,1,20.02,38.42570281124498,1
22,91,1,0,1,1,0,20,0,11,0,64,98,1,1,0,0,62.0,27.5,34,4.454545454545454,1,3.1,1,20.02,61.00401606425704,1
28,69,2,0,0,1,0,25,2,18,0,77,62,1,1,2,0,58.400000000000006,37.0,-15,2.2142857142857144,1,3.8,0,19.32,36.35341365461848,1
28,69,1,0,1,1,0,25,2,18,0,77,62,1,1,2,0,58.400000000000006,37.0,-15,2.2142857142857144,1,3.8,1,19.32,36.35341365461848,1
28,69,1,0,2,1,0,25,2,18,0,77,62,1,1,2,0,58.400000000000006,37.0,-15,2.2142857142857144,2,3.8,2,19.32,36.35341365461848,1
31,88,0,0,1,1,1,21,3,15,0,74,67,1,2,2,0,64.80000000000001,38.5,-7,2.161290322580645,-1,3.5,0,27.28,43.59036144578314,1
31,88,0,0,1,1,1,26,1,4,0,100,53,1,0,3,0,75.2,33.0,-47,1.7096774193548387,1,2.4,0,27.28,40.01606425702811,1
31,88,0,0,1,1,1,25,2,6,1,88,98,1,1,0,0,80.4,34.0,10,3.161290322580645,0,2.6,0,27.28,79.10843373493978,1
31,88,1,1,0,1,1,21,3,15,0,74,67,1,2,2,0,74.80000000000001,38.5,-7,2.161290322580645,-1,3.5,0,27.28,50.31726907630523,1
31,88,1,1,0,1,1,26,1,4,0,100,53,1,0,3,0,85.2,33.0,-47,1.7096774193548387,1,2.4,0,27.28,45.337349397590366,1
31,88,1,1,0,1,1,25,2,6,1,88,98,1,1,0,0,90.4,34.0,10,3.161290322580645,0,2.6,0,27.28,88.94779116465864,1
31,88,2,0,1,1,1,21,3,15,0,74,67,1,2,2,0,64.80000000000001,38.5,-7,2.161290322580645,1,3.5,2,27.28,43.59036144578314,1
31,88,2,0,1,1,1,26,1,4,0,100,53,1,0,3,0,75.2,33.0,-47,1.7096774193548387,3,2.4,2,27.28,40.01606425702811,1
31,88,2,0,1,1,1,25,2,6,1,88,98,1,1,0,0,80.4,34.0,10,3.161290322580645,2,2.6,2,27.28,79.10843373493978,1
23,73,2,0,1,1,1,19,0,17,0,86,44,0,1,3,0,63.6,31.5,-42,1.9130434782608696,2,2.7,2,16.79,28.096385542168676,1
23,73,2,0,1,1,1,24,2,15,0,57,75,1,2,1,0,52.0,30.5,18,3.260869565217391,1,3.5,2,16.79,39.156626506024104,1
23,73,2,0,1,1,1,28,1,14,1,94,98,1,1,0,0,76.80000000000001,30.0,4,4.260869565217392,2,3.4000000000000004,2,16.79,75.56626506024098,1
23,73,2,0,1,1,1,19,1,12,0,79,51,1,1,3,0,60.800000000000004,29.0,-28,2.217391304347826,2,3.2,2,16.79,31.13253012048193,1
23,73,1,0,1,1,1,19,0,17,0,86,44,0,1,3,0,63.6,31.5,-42,1.9130434782608696,1,2.7,1,16.79,28.096385542168676,1
23,73,1,0,1,1,1,24,2,15,0,57,75,1,2,1,0,52.0,30.5,18,3.260869565217391,0,3.5,1,16.79,39.156626506024104,1
23,73,1,0,1,1,1,28,1,14,1,94,98,1,1,0,0,76.80000000000001,30.0,4,4.260869565217392,1,3.4000000000000004,1,16.79,75.56626506024098,1
23,73,1,0,1,1,1,19,1,12,0,79,51,1,1,3,0,60.800000000000004,29.0,-28,2.217391304347826,1,3.2,1,16.79,31.13253012048193,1
37,94,1,1,2,1,1,20,1,6,0,61,91,1,2,0,0,72.0,40.0,30,2.4594594594594597,1,2.6,2,34.78,65.78313253012048,1
17,76,0,0,0,1,1,24,3,5,1,53,47,0,0,3,0,61.60000000000001,19.5,-6,2.764705882352941,0,1.5,0,12.92,29.068273092369484,1
17,76,2,1,0,1,1,24,3,5,1,53,47,0,0,3,0,71.60000000000001,19.5,-6,2.764705882352941,2,1.5,0,12.92,33.78714859437752,1
17,76,2,0,1,1,1,24,3,5,1,53,47,0,0,3,0,61.60000000000001,19.5,-6,2.764705882352941,3,1.5,2,12.92,29.068273092369484,1
17,76,1,0,1,1,1,24,3,5,1,53,47,0,0,3,0,61.60000000000001,19.5,-6,2.764705882352941,2,1.5,1,12.92,29.068273092369484,1
21,100,1,0,1,1,1,19,1,1,0,83,87,1,1,0,0,73.2,21.5,4,4.142857142857143,1,2.1,1,21.0,63.93975903614458,1
21,100,1,0,1,1,1,23,0,1,1,97,89,0,2,0,0,88.80000000000001,21.5,-8,4.238095238095238,0,1.1,1,21.0,79.34939759036146,1
21,100,1,0,0,1,1,19,1,1,0,83,87,1,1,0,0,73.2,21.5,4,4.142857142857143,0,2.1,0,21.0,63.93975903614458,1
21,100,1,0,0,1,1,23,0,1,1,97,89,0,2,0,0,88.80000000000001,21.5,-8,4.238095238095238,-1,1.1,0,21.0,79.34939759036146,1
25,89,2,0,0,1,0,23,3,18,1,77,78,1,2,1,0,76.4,34.0,1,3.12,0,3.8,0,22.25,59.83132530120483,1
25,89,2,0,0,1,0,27,1,9,0,61,92,0,1,0,0,60.0,29.5,31,3.68,1,1.9,0,22.25,55.42168674698796,1
25,89,2,0,0,1,0,25,1,14,1,63,59,1,1,2,0,70.80000000000001,32.0,-4,2.36,1,3.4000000000000004,0,22.25,41.939759036144586,1
25,89,0,1,1,1,0,23,3,18,1,77,78,1,2,1,0,86.4,34.0,1,3.12,-1,3.8,0,22.25,67.66265060240966,1
25,89,0,1,1,1,0,27,1,9,0,61,92,0,1,0,0,70.0,29.5,31,3.68,0,1.9,0,22.25,64.65863453815261,1
25,89,0,1,1,1,0,25,1,14,1,63,59,1,1,2,0,80.80000000000001,32.0,-4,2.36,0,3.4000000000000004,0,22.25,47.86345381526105,1
22,93,1,0,1,1,0,23,3,7,1,51,51,1,0,3,0,67.60000000000001,25.5,0,2.3181818181818183,2,2.7,1,20.46,34.6144578313253,1
22,93,1,0,1,1,0,20,1,12,1,73,77,1,2,1,0,76.4,28.0,4,3.5,0,3.2,1,20.46,59.06425702811246,1
22,93,1,0,1,1,0,19,2,4,1,93,51,1,1,3,0,84.4,24.0,-42,2.3181818181818183,1,2.4,1,20.46,43.216867469879524,1
22,93,1,0,1,1,0,24,3,17,1,60,50,1,1,3,0,71.2,30.5,-10,2.272727272727273,1,3.7,1,20.46,35.742971887550205,1
22,93,1,0,1,1,0,18,2,13,1,89,89,0,2,0,0,82.80000000000001,28.5,0,4.045454545454546,0,2.3,1,20.46,73.98795180722892,1
22,93,1,1,1,1,0,23,3,7,1,51,51,1,0,3,0,77.60000000000001,25.5,0,2.3181818181818183,2,2.7,1,20.46,39.73493975903615,1
22,93,1,1,1,1,0,20,1,12,1,73,77,1,2,1,0,86.4,28.0,4,3.5,0,3.2,1,20.46,66.79518072289157,1
22,93,1,1,1,1,0,19,2,4,1,93,51,1,1,3,0,94.4,24.0,-42,2.3181818181818183,1,2.4,1,20.46,48.337349397590366,1
22,93,1,1,1,1,0,24,3,17,1,60,50,1,1,3,0,81.2,30.5,-10,2.272727272727273,1,3.7,1,20.46,40.76305220883534,1
22,93,1,1,1,1,0,18,2,13,1,89,89,0,2,0,0,92.80000000000001,28.5,0,4.045454545454546,0,2.3,1,20.46,82.92369477911647,1
22,93,2,0,0,1,0,23,3,7,1,51,51,1,0,3,0,67.60000000000001,25.5,0,2.3181818181818183,2,2.7,0,20.46,34.6144578313253,1
22,93,2,0,0,1,0,20,1,12,1,73,77,1,2,1,0,76.4,28.0,4,3.5,0,3.2,0,20.46,59.06425702811246,1
22,93,2,0,0,1,0,19,2,4,1,93,51,1,1,3,0,84.4,24.0,-42,2.3181818181818183,1,2.4,0,20.46,43.216867469879524,1
22,93,2,0,0,1,0,24,3,17,1,60,50,1,1,3,0,71.2,30.5,-10,2.272727272727273,1,3.7,0,20.46,35.742971887550205,1
22,93,2,0,0,1,0,18,2,13,1,89,89,0,2,0,0,82.80000000000001,28.5,0,4.045454545454546,0,2.3,0,20.46,73.98795180722892,1
29,61,1,1,2,1,1,24,1,6,1,66,76,0,2,1,0,70.80000000000001,32.0,10,2.6206896551724137,1,1.6,2,17.69,54.02409638554218,1
29,61,1,1,2,1,1,19,2,6,1,97,78,1,2,1,1,83.2,32.0,-19,2.689655172413793,1,2.6,2,17.69,65.1566265060241,1
29,61,2,0,1,1,1,24,1,6,1,66,76,0,2,1,0,60.800000000000004,32.0,10,2.6206896551724137,1,1.6,2,17.69,46.393574297188756,1
29,61,2,0,1,1,1,19,2,6,1,97,78,1,2,1,1,73.2,32.0,-19,2.689655172413793,1,2.6,2,17.69,57.32530120481928,1
26,80,2,1,1,1,0,28,1,5,1,63,54,0,0,3,0,77.2,28.5,-9,2.076923076923077,3,1.5,2,20.8,41.85542168674699,1
21,99,2,1,1,1,0,26,2,18,1,99,52,1,1,3,0,99.2,30.0,-47,2.4761904761904763,2,3.8,2,20.79,51.79116465863454,1
21,99,2,1,1,1,0,18,3,18,1,50,45,1,2,3,0,79.6,30.0,-5,2.142857142857143,1,3.8,2,20.79,35.963855421686745,1
21,99,0,1,0,1,0,26,2,18,1,99,52,1,1,3,0,99.2,30.0,-47,2.4761904761904763,-1,3.8,0,20.79,51.79116465863454,1
21,99,0,1,0,1,0,18,3,18,1,50,45,1,2,3,0,79.6,30.0,-5,2.142857142857143,-2,3.8,0,20.79,35.963855421686745,1
21,99,0,1,1,1,0,26,2,18,1,99,52,1,1,3,0,99.2,30.0,-47,2.4761904761904763,0,3.8,0,20.79,51.79116465863454,1
21,99,0,1,1,1,0,18,3,18,1,50,45,1,2,3,0,79.6,30.0,-5,2.142857142857143,-1,3.8,0,20.79,35.963855421686745,1
21,99,2,0,2,1,0,26,2,18,1,99,52,1,1,3,0,89.2,30.0,-47,2.4761904761904763,3,3.8,4,20.79,46.570281124497996,1
21,99,2,0,2,1,0,18,3,18,1,50,45,1,2,3,0,69.6,30.0,-5,2.142857142857143,2,3.8,4,20.79,31.44578313253012,1
21,99,0,0,0,1,0,26,2,18,1,99,52,1,1,3,0,89.2,30.0,-47,2.4761904761904763,-1,3.8,0,20.79,46.570281124497996,1
21,99,0,0,0,1,0,18,3,18,1,50,45,1,2,3,0,69.6,30.0,-5,2.142857142857143,-2,3.8,0,20.79,31.44578313253012,1
21,99,1,1,0,1,0,26,2,18,1,99,52,1,1,3,0,99.2,30.0,-47,2.4761904761904763,0,3.8,0,20.79,51.79116465863454,1
21,99,1,1,0,1,0,18,3,18,1,50,45,1,2,3,0,79.6,30.0,-5,2.142857142857143,-1,3.8,0,20.79,35.963855421686745,1
24,77,1,1,1,1,1,19,2,5,1,96,74,1,1,1,0,89.2,26.5,-22,3.0833333333333335,1,2.5,1,18.48,66.27309236947791,1
24,77,1,1,1,1,1,21,2,8,1,56,76,0,2,1,0,73.2,28.0,20,3.1666666666666665,0,1.8,1,18.48,55.85542168674699,1
24,77,1,1,0,1,1,19,2,5,1,96,74,1,1,1,0,89.2,26.5,-22,3.0833333333333335,0,2.5,0,18.48,66.27309236947791,1
24,77,1,1,0,1,1,21,2,8,1,56,76,0,2,1,0,73.2,28.0,20,3.1666666666666665,-1,1.8,0,18.48,55.85542168674699,1
24,77,1,0,2,1,1,19,2,5,1,96,74,1,1,1,0,79.2,26.5,-22,3.0833333333333335,2,2.5,2,18.48,58.84337349397591,1
24,77,1,0,2,1,1,21,2,8,1,56,76,0,2,1,0,63.2,28.0,20,3.1666666666666665,1,1.8,2,18.48,48.224899598393584,1
24,77,2,1,0,1,1,19,2,5,1,96,74,1,1,1,0,89.2,26.5,-22,3.0833333333333335,1,2.5,0,18.48,66.27309236947791,1
24,77,2,1,0,1,1,21,2,8,1,56,76,0,2,1,0,73.2,28.0,20,3.1666666666666665,0,1.8,0,18.48,55.85542168674699,1
24,77,2,1,2,1,1,19,2,5,1,96,74,1,1,1,0,89.2,26.5,-22,3.0833333333333335,3,2.5,4,18.48,66.27309236947791,1
24,77,2,1,2,1,1,21,2,8,1,56,76,0,2,1,0,73.2,28.0,20,3.1666666666666665,2,1.8,4,18.48,55.85542168674699,1
24,77,1,1,2,1,1,19,2,5,1,96,74,1,1,1,0,89.2,26.5,-22,3.0833333333333335,2,2.5,2,18.48,66.27309236947791,1
24,77,1,1,2,1,1,21,2,8,1,56,76,0,2,1,0,73.2,28.0,20,3.1666666666666665,1,1.8,2,18.48,55.85542168674699,1
24,77,0,1,0,1,1,19,2,5,1,96,74,1,1,1,0,89.2,26.5,-22,3.0833333333333335,-1,2.5,0,18.48,66.27309236947791,1
24,77,0,1,0,1,1,21,2,8,1,56,76,0,2,1,0,73.2,28.0,20,3.1666666666666665,-2,1.8,0,18.48,55.85542168674699,1
24,77,2,1,1,1,1,19,2,5,1,96,74,1,1,1,0,89.2,26.5,-22,3.0833333333333335,2,2.5,2,18.48,66.27309236947791,1
24,77,2,1,1,1,1,21,2,8,1,56,76,0,2,1,0,73.2,28.0,20,3.1666666666666665,1,1.8,2,18.48,55.85542168674699,1
24,77,0,1,2,1,1,19,2,5,1,96,74,1,1,1,0,89.2,26.5,-22,3.0833333333333335,1,2.5,0,18.48,66.27309236947791,1
24,77,0,1,2,1,1,21,2,8,1,56,76,0,2,1,0,73.2,28.0,20,3.1666666666666665,0,1.8,0,18.48,55.85542168674699,1
24,94,1,1,0,1,0,19,2,0,1,67,46,0,1,3,0,84.4,24.0,-21,1.9166666666666667,0,1.0,0,22.56,38.979919678714865,1
24,94,1,1,0,1,0,25,0,8,0,76,66,1,1,2,0,78.0,28.0,-10,2.75,0,2.8,0,22.56,51.686746987951814,1
24,94,1,1,0,1,0,27,1,1,0,81,40,0,1,3,0,80.0,24.5,-41,1.6666666666666667,0,1.1,0,22.56,32.1285140562249,1
24,94,1,0,2,1,0,19,2,0,1,67,46,0,1,3,0,74.4,24.0,-21,1.9166666666666667,2,1.0,2,22.56,34.36144578313253,1
24,94,1,0,2,1,0,25,0,8,0,76,66,1,1,2,0,68.0,28.0,-10,2.75,2,2.8,2,22.56,45.06024096385543,1
24,94,1,0,2,1,0,27,1,1,0,81,40,0,1,3,0,70.0,24.5,-41,1.6666666666666667,2,1.1,2,22.56,28.11244979919679,1
29,74,1,1,2,1,0,27,1,10,1,85,42,1,1,3,0,83.6,34.0,-43,1.4482758620689655,2,3.0,2,21.46,35.25301204819277,1
29,74,1,1,2,1,0,29,2,12,1,53,47,0,2,3,0,70.80000000000001,35.0,-6,1.6206896551724137,1,2.2,2,21.46,33.409638554216876,1
29,74,1,1,2,1,0,26,3,2,1,92,98,1,1,0,0,86.4,30.0,6,3.3793103448275863,2,2.2,2,21.46,85.01204819277109,1
29,74,1,0,0,1,0,27,1,10,1,85,42,1,1,3,0,73.6,34.0,-43,1.4482758620689655,0,3.0,0,21.46,31.03614457831325,1
29,74,1,0,0,1,0,29,2,12,1,53,47,0,2,3,0,60.800000000000004,35.0,-6,1.6206896551724137,-1,2.2,0,21.46,28.690763052208837,1
29,74,1,0,0,1,0,26,3,2,1,92,98,1,1,0,0,76.4,30.0,6,3.3793103448275863,0,2.2,0,21.46,75.17269076305222,1
29,74,1,0,1,1,0,27,1,10,1,85,42,1,1,3,0,73.6,34.0,-43,1.4482758620689655,1,3.0,1,21.46,31.03614457831325,1
29,74,1,0,1,1,0,29,2,12,1,53,47,0,2,3,0,60.800000000000004,35.0,-6,1.6206896551724137,0,2.2,1,21.46,28.690763052208837,1
29,74,1,0,1,1,0,26,3,2,1,92,98,1,1,0,0,76.4,30.0,6,3.3793103448275863,1,2.2,1,21.46,75.17269076305222,1
29,74,2,1,1,1,0,27,1,10,1,85,42,1,1,3,0,83.6,34.0,-43,1.4482758620689655,2,3.0,2,21.46,35.25301204819277,1
29,74,2,1,1,1,0,29,2,12,1,53,47,0,2,3,0,70.80000000000001,35.0,-6,1.6206896551724137,1,2.2,2,21.46,33.409638554216876,1
29,74,2,1,1,1,0,26,3,2,1,92,98,1,1,0,0,86.4,30.0,6,3.3793103448275863,2,2.2,2,21.46,85.01204819277109,1
24,91,1,1,0,1,0,23,0,16,0,53,83,1,0,1,0,67.6,32.0,30,3.4583333333333335,1,3.6,0,21.84,56.333333333333336,1
24,91,1,1,0,1,0,29,1,13,0,99,40,1,1,3,0,86.0,30.5,-59,1.6666666666666667,0,3.3,0,21.84,34.53815261044177,1
24,91,1,1,0,1,0,21,0,3,1,63,58,1,2,2,0,81.6,25.5,-5,2.4166666666666665,-1,2.3,0,21.84,47.51807228915663,1
24,91,0,1,2,1,0,23,0,16,0,53,83,1,0,1,0,67.6,32.0,30,3.4583333333333335,2,3.6,0,21.84,56.333333333333336,1
24,91,0,1,2,1,0,29,1,13,0,99,40,1,1,3,0,86.0,30.5,-59,1.6666666666666667,1,3.3,0,21.84,34.53815261044177,1
24,91,0,1,2,1,0,21,0,3,1,63,58,1,2,2,0,81.6,25.5,-5,2.4166666666666665,0,2.3,0,21.84,47.51807228915663,1
24,91,2,1,1,1,0,23,0,16,0,53,83,1,0,1,0,67.6,32.0,30,3.4583333333333335,3,3.6,2,21.84,56.333333333333336,1
24,91,2,1,1,1,0,29,1,13,0,99,40,1,1,3,0,86.0,30.5,-59,1.6666666666666667,2,3.3,2,21.84,34.53815261044177,1
24,91,2,1,1,1,0,21,0,3,1,63,58,1,2,2,0,81.6,25.5,-5,2.4166666666666665,1,2.3,2,21.84,47.51807228915663,1
26,62,1,1,1,1,0,20,2,19,1,82,97,1,1,0,0,77.60000000000001,35.5,15,3.730769230769231,1,3.9000000000000004,1,16.12,75.57429718875504,1
26,62,0,1,0,1,0,20,2,19,1,82,97,1,1,0,0,77.60000000000001,35.5,15,3.730769230769231,-1,3.9000000000000004,0,16.12,75.57429718875504,1
26,62,1,0,1,1,0,20,2,19,1,82,97,1,1,0,0,67.60000000000001,35.5,15,3.730769230769231,1,3.9000000000000004,1,16.12,65.83534136546186,1
27,66,2,0,0,1,0,22,3,14,0,89,68,1,2,2,0,62.0,34.0,-21,2.5185185185185186,0,3.4000000000000004,0,17.82,42.32931726907631,1
27,66,2,0,0,1,0,26,0,8,1,54,66,1,0,2,0,58.0,31.0,12,2.4444444444444446,2,2.8,0,17.82,38.433734939759034,1
27,66,2,0,0,1,0,23,3,9,0,85,54,1,1,3,0,60.400000000000006,31.5,-31,2.0,1,2.9,0,17.82,32.746987951807235,1
27,66,2,0,0,1,0,24,2,11,1,93,40,1,2,3,0,73.60000000000001,32.5,-53,1.4814814814814814,0,3.1,0,17.82,29.558232931726913,1
15,81,1,1,1,1,1,26,2,10,1,77,49,0,1,3,0,83.2,20.0,-28,3.2666666666666666,1,2.0,1,12.15,40.93172690763053,1
15,81,0,1,0,1,1,26,2,10,1,77,49,0,1,3,0,83.2,20.0,-28,3.2666666666666666,-1,2.0,0,12.15,40.93172690763053,1
18,72,2,1,1,1,0,26,0,5,0,63,47,1,0,3,0,64.0,20.5,-16,2.611111111111111,3,2.5,2,12.959999999999999,30.200803212851405,1
18,72,2,1,1,1,0,22,0,11,1,79,63,0,2,2,0,80.4,23.5,-16,3.5,1,2.1,2,12.959999999999999,50.855421686747,1
18,72,1,1,1,1,0,26,0,5,0,63,47,1,0,3,0,64.0,20.5,-16,2.611111111111111,2,2.5,1,12.959999999999999,30.200803212851405,1
18,72,1,1,1,1,0,22,0,11,1,79,63,0,2,2,0,80.4,23.5,-16,3.5,0,2.1,1,12.959999999999999,50.855421686747,1
18,72,2,1,2,1,0,26,0,5,0,63,47,1,0,3,0,64.0,20.5,-16,2.611111111111111,4,2.5,4,12.959999999999999,30.200803212851405,1
18,72,2,1,2,1,0,22,0,11,1,79,63,0,2,2,0,80.4,23.5,-16,3.5,2,2.1,4,12.959999999999999,50.855421686747,1
24,61,1,1,1,1,0,21,3,7,1,57,56,0,1,2,0,67.2,27.5,-1,2.3333333333333335,1,1.7000000000000002,1,14.64,37.78313253012048,1
24,61,1,1,1,1,0,29,0,16,1,66,58,1,0,2,0,70.80000000000001,32.0,-8,2.4166666666666665,2,3.6,1,14.64,41.228915662650614,1
24,61,1,1,0,1,0,21,3,7,1,57,56,0,1,2,0,67.2,27.5,-1,2.3333333333333335,0,1.7000000000000002,0,14.64,37.78313253012048,1
24,61,1,1,0,1,0,29,0,16,1,66,58,1,0,2,0,70.80000000000001,32.0,-8,2.4166666666666665,1,3.6,0,14.64,41.228915662650614,1
24,61,1,0,1,1,0,21,3,7,1,57,56,0,1,2,0,57.2,27.5,-1,2.3333333333333335,1,1.7000000000000002,1,14.64,32.16064257028113,1
24,61,1,0,1,1,0,29,0,16,1,66,58,1,0,2,0,60.800000000000004,32.0,-8,2.4166666666666665,2,3.6,1,14.64,35.40562248995984,1
24,61,1,0,0,1,0,21,3,7,1,57,56,0,1,2,0,57.2,27.5,-1,2.3333333333333335,0,1.7000000000000002,0,14.64,32.16064257028113,1
24,61,1,0,0,1,0,29,0,16,1,66,58,1,0,2,0,60.800000000000004,32.0,-8,2.4166666666666665,1,3.6,0,14.64,35.40562248995984,1
19,71,1,0,1,1,1,19,1,8,1,84,66,0,1,2,0,72.0,23.0,-18,3.473684210526316,1,1.8,1,13.489999999999998,47.71084337349397,1
19,71,2,1,2,1,1,19,1,8,1,84,66,0,1,2,0,82.0,23.0,-18,3.473684210526316,3,1.8,4,13.489999999999998,54.337349397590366,1
34,65,1,1,2,1,1,19,0,13,1,76,94,1,0,0,0,76.4,40.5,18,2.764705882352941,3,3.3,2,22.1,72.10441767068274,1
34,65,1,1,2,1,1,27,0,10,0,58,56,1,0,2,0,59.2,39.0,-2,1.6470588235294117,3,3.0,2,22.1,33.285140562249,1
34,65,1,1,2,1,1,22,3,2,1,54,70,0,2,1,0,67.6,35.0,16,2.0588235294117645,1,1.2,2,22.1,47.51004016064257,1
24,95,2,1,1,1,0,24,3,9,1,55,51,1,2,3,0,80.0,28.5,-4,2.125,1,2.9,2,22.799999999999997,40.963855421686745,1
24,95,2,1,1,1,0,20,0,0,1,62,73,1,2,1,0,82.8,24.0,11,3.0416666666666665,1,2.0,2,22.799999999999997,60.68674698795181,1
24,95,2,1,1,1,0,29,1,3,0,62,72,0,0,1,0,72.8,25.5,10,3.0,3,1.3,2,22.799999999999997,52.626506024096386,1
24,95,0,0,0,1,0,24,3,9,1,55,51,1,2,3,0,70.0,28.5,-4,2.125,-2,2.9,0,22.799999999999997,35.84337349397591,1
24,95,0,0,0,1,0,20,0,0,1,62,73,1,2,1,0,72.8,24.0,11,3.0416666666666665,-2,2.0,0,22.799999999999997,53.3574297188755,1
24,95,0,0,0,1,0,29,1,3,0,62,72,0,0,1,0,62.8,25.5,10,3.0,0,1.3,0,22.799999999999997,45.39759036144578,1
24,95,0,1,2,1,0,24,3,9,1,55,51,1,2,3,0,80.0,28.5,-4,2.125,0,2.9,0,22.799999999999997,40.963855421686745,1
24,95,0,1,2,1,0,20,0,0,1,62,73,1,2,1,0,82.8,24.0,11,3.0416666666666665,0,2.0,0,22.799999999999997,60.68674698795181,1
24,95,0,1,2,1,0,29,1,3,0,62,72,0,0,1,0,72.8,25.5,10,3.0,2,1.3,0,22.799999999999997,52.626506024096386,1
18,77,1,1,0,1,1,24,0,15,0,97,66,1,1,2,0,79.60000000000001,25.5,-31,3.6666666666666665,0,3.5,0,13.86,52.74698795180724,1
18,77,1,0,1,1,1,24,0,15,0,97,66,1,1,2,0,69.60000000000001,25.5,-31,3.6666666666666665,1,3.5,1,13.86,46.120481927710856,1
18,77,0,0,2,1,1,24,0,15,0,97,66,1,1,2,0,69.60000000000001,25.5,-31,3.6666666666666665,1,3.5,0,13.86,46.120481927710856,1
18,77,1,1,1,1,1,24,0,15,0,97,66,1,1,2,0,79.60000000000001,25.5,-31,3.6666666666666665,1,3.5,1,13.86,52.74698795180724,1
17,91,0,1,0,1,0,18,0,10,1,61,41,0,1,3,0,80.8,22.0,-20,2.411764705882353,-1,2.0,0,15.47,33.261044176706825,1
17,91,1,1,2,1,0,18,0,10,1,61,41,0,1,3,0,80.8,22.0,-20,2.411764705882353,2,2.0,2,15.47,33.261044176706825,1
17,91,2,0,2,1,0,18,0,10,1,61,41,0,1,3,0,70.8,22.0,-20,2.411764705882353,3,2.0,4,15.47,29.14457831325301,1
29,63,2,1,1,1,0,19,1,13,1,64,88,1,1,0,0,70.80000000000001,35.5,24,3.0344827586206895,2,3.3,2,18.27,62.5542168674699,1
18,98,2,1,0,1,0,23,1,14,0,84,66,0,0,2,0,82.80000000000001,25.0,-18,3.6666666666666665,2,2.4000000000000004,0,17.64,54.86746987951808,1
18,98,1,1,1,1,0,23,1,14,0,84,66,0,0,2,0,82.80000000000001,25.0,-18,3.6666666666666665,2,2.4000000000000004,1,17.64,54.86746987951808,1
18,98,1,1,0,1,0,23,1,14,0,84,66,0,0,2,0,82.80000000000001,25.0,-18,3.6666666666666665,1,2.4000000000000004,0,17.64,54.86746987951808,1
28,72,2,0,0,1,1,18,2,20,0,55,68,0,1,2,0,50.8,38.0,13,2.4285714285714284,1,3.0,0,20.16,34.68273092369478,1
28,72,2,0,0,1,1,20,0,17,0,81,76,0,2,1,0,61.2,36.5,-5,2.7142857142857144,0,2.7,0,20.16,46.6987951807229,1
28,72,2,0,0,1,1,19,3,9,1,93,97,0,2,0,0,76.0,32.5,4,3.4642857142857144,0,1.9,0,20.16,74.01606425702812,1
28,72,2,0,0,1,1,21,3,17,1,91,59,1,0,2,0,75.2,36.5,-32,2.107142857142857,2,3.7,0,20.16,44.54618473895583,1
28,72,1,1,1,1,1,18,2,20,0,55,68,0,1,2,0,60.8,38.0,13,2.4285714285714284,1,3.0,1,20.16,41.510040160642575,1
28,72,1,1,1,1,1,20,0,17,0,81,76,0,2,1,0,71.2,36.5,-5,2.7142857142857144,0,2.7,1,20.16,54.32931726907631,1
28,72,1,1,1,1,1,19,3,9,1,93,97,0,2,0,0,86.0,32.5,4,3.4642857142857144,0,1.9,1,20.16,83.75502008032129,1
28,72,1,1,1,1,1,21,3,17,1,91,59,1,0,2,0,85.2,36.5,-32,2.107142857142857,2,3.7,1,20.16,50.4698795180723,1
23,83,1,1,0,1,1,21,1,4,1,91,84,1,2,1,0,89.6,25.0,-7,3.652173913043478,-1,2.4,0,19.09,75.56626506024097,1
23,83,1,1,0,1,1,19,1,13,0,84,74,1,2,1,0,76.80000000000001,29.5,-10,3.217391304347826,-1,3.3,0,19.09,57.060240963855435,1
23,83,1,1,0,1,1,18,0,9,1,76,67,1,0,2,0,83.60000000000001,27.5,-9,2.9130434782608696,1,2.9,0,19.09,56.23694779116467,1
23,83,2,1,0,1,1,21,1,4,1,91,84,1,2,1,0,89.6,25.0,-7,3.652173913043478,0,2.4,0,19.09,75.56626506024097,1
23,83,2,1,0,1,1,19,1,13,0,84,74,1,2,1,0,76.80000000000001,29.5,-10,3.217391304347826,0,3.3,0,19.09,57.060240963855435,1
23,83,2,1,0,1,1,18,0,9,1,76,67,1,0,2,0,83.60000000000001,27.5,-9,2.9130434782608696,2,2.9,0,19.09,56.23694779116467,1
23,83,0,0,1,1,1,21,1,4,1,91,84,1,2,1,0,79.6,25.0,-7,3.652173913043478,-1,2.4,0,19.09,67.13253012048192,1
23,83,0,0,1,1,1,19,1,13,0,84,74,1,2,1,0,66.80000000000001,29.5,-10,3.217391304347826,-1,3.3,0,19.09,49.63052208835342,1
23,83,0,0,1,1,1,18,0,9,1,76,67,1,0,2,0,73.60000000000001,27.5,-9,2.9130434782608696,1,2.9,0,19.09,49.510040160642575,1
23,83,1,0,1,1,1,21,1,4,1,91,84,1,2,1,0,79.6,25.0,-7,3.652173913043478,0,2.4,1,19.09,67.13253012048192,1
23,83,1,0,1,1,1,19,1,13,0,84,74,1,2,1,0,66.80000000000001,29.5,-10,3.217391304347826,0,3.3,1,19.09,49.63052208835342,1
23,83,1,0,1,1,1,18,0,9,1,76,67,1,0,2,0,73.60000000000001,27.5,-9,2.9130434782608696,2,2.9,1,19.09,49.510040160642575,1
27,83,2,1,1,1,1,29,0,2,1,65,41,0,2,3,0,79.2,28.0,-24,1.5185185185185186,1,1.2,2,22.41,32.60240963855422,1
27,83,1,1,1,1,1,29,0,2,1,65,41,0,2,3,0,79.2,28.0,-24,1.5185185185185186,0,1.2,1,22.41,32.60240963855422,1
27,83,0,0,1,1,1,29,0,2,1,65,41,0,2,3,0,69.2,28.0,-24,1.5185185185185186,-1,1.2,0,22.41,28.485943775100406,1
23,99,1,0,0,1,0,18,0,19,1,80,50,1,1,3,0,81.6,32.5,-30,2.1739130434782608,0,3.9000000000000004,0,22.77,40.963855421686745,1
23,99,2,0,2,1,0,18,0,19,1,80,50,1,1,3,0,81.6,32.5,-30,2.1739130434782608,3,3.9000000000000004,4,22.77,40.963855421686745,1
23,99,1,0,2,1,0,18,0,19,1,80,50,1,1,3,0,81.6,32.5,-30,2.1739130434782608,2,3.9000000000000004,2,22.77,40.963855421686745,1
33,88,0,0,1,1,1,19,0,9,0,58,57,1,2,2,0,58.400000000000006,37.5,-1,1.7272727272727273,-1,2.9,0,29.04,33.42168674698796,1
33,88,0,0,1,1,1,22,0,2,1,91,75,0,0,1,0,81.6,34.0,-16,2.272727272727273,1,1.2,0,29.04,61.44578313253012,1
33,88,0,0,1,1,1,21,0,13,0,78,98,1,1,0,0,66.4,39.5,20,2.9696969696969697,0,3.3,0,29.04,65.33333333333334,1
32,97,0,1,0,1,0,26,0,9,1,72,86,1,2,0,0,87.60000000000001,36.5,14,2.6875,-2,2.9,0,31.04,75.63855421686749,1
32,97,0,1,0,1,0,25,0,7,1,77,83,1,0,1,0,89.60000000000001,35.5,6,2.59375,0,2.7,0,31.04,74.66666666666667,1
32,97,0,1,0,1,0,21,0,12,0,94,85,1,0,0,0,86.4,38.0,-9,2.65625,0,3.2,0,31.04,73.73493975903615,1
32,97,0,1,0,1,0,28,0,7,1,50,79,1,2,1,0,78.80000000000001,35.5,29,2.46875,-2,2.7,0,31.04,62.50200803212853,1
32,97,1,1,1,1,0,26,0,9,1,72,86,1,2,0,0,87.60000000000001,36.5,14,2.6875,0,2.9,1,31.04,75.63855421686749,1
32,97,1,1,1,1,0,25,0,7,1,77,83,1,0,1,0,89.60000000000001,35.5,6,2.59375,2,2.7,1,31.04,74.66666666666667,1
32,97,1,1,1,1,0,21,0,12,0,94,85,1,0,0,0,86.4,38.0,-9,2.65625,2,3.2,1,31.04,73.73493975903615,1
32,97,1,1,1,1,0,28,0,7,1,50,79,1,2,1,0,78.80000000000001,35.5,29,2.46875,0,2.7,1,31.04,62.50200803212853,1
19,85,2,0,0,1,1,19,3,9,1,83,61,0,1,2,0,77.2,23.5,-22,3.210526315789474,1,1.9,0,16.15,47.281124497991975,1
19,85,1,0,0,1,1,19,3,9,1,83,61,0,1,2,0,77.2,23.5,-22,3.210526315789474,0,1.9,0,16.15,47.281124497991975,1
19,85,1,1,2,1,1,19,3,9,1,83,61,0,1,2,0,87.2,23.5,-22,3.210526315789474,2,1.9,2,16.15,53.405622489959846,1
28,74,1,1,0,1,0,28,1,11,1,57,68,1,1,2,0,72.4,33.5,11,2.4285714285714284,0,3.1,0,20.72,49.42971887550201,1
28,74,1,1,0,1,0,25,2,5,1,79,99,1,2,0,0,81.2,30.5,20,3.5357142857142856,-1,2.5,0,20.72,80.71084337349397,1
28,74,1,0,0,1,0,28,1,11,1,57,68,1,1,2,0,62.400000000000006,33.5,11,2.4285714285714284,0,3.1,0,20.72,42.60240963855423,1
28,74,1,0,0,1,0,25,2,5,1,79,99,1,2,0,0,71.2,30.5,20,3.5357142857142856,-1,2.5,0,20.72,70.77108433734941,1
18,96,0,0,1,1,1,28,2,8,0,94,55,0,2,2,0,76.0,22.0,-39,3.0555555555555554,-1,1.8,0,17.28,41.967871485943775,1
18,96,2,0,2,1,1,28,2,8,0,94,55,0,2,2,0,76.0,22.0,-39,3.0555555555555554,2,1.8,4,17.28,41.967871485943775,1
18,96,2,1,1,1,1,28,2,8,0,94,55,0,2,2,0,86.0,22.0,-39,3.0555555555555554,1,1.8,2,17.28,47.48995983935743,1
18,96,2,1,2,1,1,28,2,8,0,94,55,0,2,2,0,86.0,22.0,-39,3.0555555555555554,2,1.8,4,17.28,47.48995983935743,1
24,93,1,1,1,1,1,28,3,13,1,95,69,0,2,2,0,95.2,30.5,-26,2.875,0,2.3,1,22.32,65.95180722891567,1
24,93,1,1,1,1,1,19,2,4,0,50,97,1,2,0,0,67.2,26.0,47,4.041666666666667,0,2.4,1,22.32,65.44578313253012,1
24,93,1,1,1,1,1,18,0,8,1,77,90,1,0,0,0,88.0,28.0,13,3.75,2,2.8,1,22.32,79.51807228915662,1
24,93,1,1,2,1,1,28,3,13,1,95,69,0,2,2,0,95.2,30.5,-26,2.875,1,2.3,2,22.32,65.95180722891567,1
24,93,1,1,2,1,1,19,2,4,0,50,97,1,2,0,0,67.2,26.0,47,4.041666666666667,1,2.4,2,22.32,65.44578313253012,1
24,93,1,1,2,1,1,18,0,8,1,77,90,1,0,0,0,88.0,28.0,13,3.75,3,2.8,2,22.32,79.51807228915662,1
24,93,0,1,2,1,1,28,3,13,1,95,69,0,2,2,0,95.2,30.5,-26,2.875,0,2.3,0,22.32,65.95180722891567,1
24,93,0,1,2,1,1,19,2,4,0,50,97,1,2,0,0,67.2,26.0,47,4.041666666666667,0,2.4,0,22.32,65.44578313253012,1
24,93,0,1,2,1,1,18,0,8,1,77,90,1,0,0,0,88.0,28.0,13,3.75,2,2.8,0,22.32,79.51807228915662,1
24,93,2,1,1,1,1,28,3,13,1,95,69,0,2,2,0,95.2,30.5,-26,2.875,1,2.3,2,22.32,65.95180722891567,1
24,93,2,1,1,1,1,19,2,4,0,50,97,1,2,0,0,67.2,26.0,47,4.041666666666667,1,2.4,2,22.32,65.44578313253012,1
24,93,2,1,1,1,1,18,0,8,1,77,90,1,0,0,0,88.0,28.0,13,3.75,3,2.8,2,22.32,79.51807228915662,1
23,100,1,1,1,1,1,27,1,12,0,96,90,1,1,0,0,88.4,29.0,-6,3.9130434782608696,1,3.2,1,23.0,79.87951807228917,1
23,100,1,1,1,1,1,19,3,0,1,71,53,1,2,3,0,88.4,23.0,-18,2.3043478260869565,0,2.0,1,23.0,47.04016064257029,1
23,100,0,1,1,1,1,27,1,12,0,96,90,1,1,0,0,88.4,29.0,-6,3.9130434782608696,0,3.2,0,23.0,79.87951807228917,1
23,100,0,1,1,1,1,19,3,0,1,71,53,1,2,3,0,88.4,23.0,-18,2.3043478260869565,-1,2.0,0,23.0,47.04016064257029,1
32,79,2,1,1,1,1,25,2,8,1,50,98,1,1,0,0,71.6,36.0,48,3.0625,2,2.8,2,25.28,70.44979919678714,1
32,79,2,1,1,1,1,26,1,20,1,59,64,0,0,2,0,75.2,42.0,5,2.0,3,3.0,2,25.28,48.32128514056225,1
31,91,1,1,1,1,1,24,3,16,1,91,56,0,2,2,0,92.8,39.0,-35,1.8064516129032258,0,2.6,1,28.21,52.17670682730924,1
31,91,1,1,1,1,1,26,0,17,1,96,65,1,2,2,0,94.80000000000001,39.5,-31,2.096774193548387,0,3.7,1,28.21,61.86746987951808,1
31,91,1,1,1,1,1,23,1,11,1,57,60,1,0,2,0,79.2,36.5,3,1.935483870967742,2,3.1,1,28.21,47.71084337349399,1
31,91,1,1,1,1,1,28,2,2,0,63,94,1,1,0,0,71.6,32.0,31,3.032258064516129,1,2.2,1,28.21,67.57429718875501,1
31,91,1,1,1,1,1,21,3,0,1,91,61,0,2,2,0,92.8,31.0,-30,1.967741935483871,0,1.0,1,28.21,56.83534136546185,1
31,91,1,1,0,1,1,24,3,16,1,91,56,0,2,2,0,92.8,39.0,-35,1.8064516129032258,-1,2.6,0,28.21,52.17670682730924,1
31,91,1,1,0,1,1,26,0,17,1,96,65,1,2,2,0,94.80000000000001,39.5,-31,2.096774193548387,-1,3.7,0,28.21,61.86746987951808,1
31,91,1,1,0,1,1,23,1,11,1,57,60,1,0,2,0,79.2,36.5,3,1.935483870967742,1,3.1,0,28.21,47.71084337349399,1
31,91,1,1,0,1,1,28,2,2,0,63,94,1,1,0,0,71.6,32.0,31,3.032258064516129,0,2.2,0,28.21,67.57429718875501,1
31,91,1,1,0,1,1,21,3,0,1,91,61,0,2,2,0,92.8,31.0,-30,1.967741935483871,-1,1.0,0,28.21,56.83534136546185,1
31,91,2,1,2,1,1,24,3,16,1,91,56,0,2,2,0,92.8,39.0,-35,1.8064516129032258,2,2.6,4,28.21,52.17670682730924,1
31,91,2,1,2,1,1,26,0,17,1,96,65,1,2,2,0,94.80000000000001,39.5,-31,2.096774193548387,2,3.7,4,28.21,61.86746987951808,1
31,91,2,1,2,1,1,23,1,11,1,57,60,1,0,2,0,79.2,36.5,3,1.935483870967742,4,3.1,4,28.21,47.71084337349399,1
31,91,2,1,2,1,1,28,2,2,0,63,94,1,1,0,0,71.6,32.0,31,3.032258064516129,3,2.2,4,28.21,67.57429718875501,1
31,91,2,1,2,1,1,21,3,0,1,91,61,0,2,2,0,92.8,31.0,-30,1.967741935483871,2,1.0,4,28.21,56.83534136546185,1
29,82,2,0,1,1,1,27,1,14,1,62,92,1,1,0,0,67.60000000000001,36.0,30,3.1724137931034484,2,3.4000000000000004,2,23.779999999999998,62.4417670682731,1
29,82,2,0,0,1,1,27,1,14,1,62,92,1,1,0,0,67.60000000000001,36.0,30,3.1724137931034484,1,3.4000000000000004,0,23.779999999999998,62.4417670682731,1
25,86,0,1,1,1,0,22,0,12,0,64,42,1,2,3,0,70.0,31.0,-22,1.68,-1,3.2,0,21.5,29.51807228915663,1
22,68,1,1,2,1,0,23,0,14,0,78,47,1,2,3,0,68.4,29.0,-31,2.1363636363636362,1,3.4000000000000004,2,14.96,32.277108433734945,1
22,68,1,1,2,1,0,19,1,5,0,83,94,1,2,0,0,70.4,24.5,11,4.2727272727272725,1,2.5,2,14.96,66.44176706827311,1
22,68,1,1,2,1,0,28,1,14,0,62,58,0,1,2,0,62.0,29.0,-4,2.6363636363636362,2,2.4000000000000004,2,14.96,36.104417670682736,1
22,68,1,1,2,1,0,28,1,18,1,59,76,1,0,1,0,70.80000000000001,31.0,17,3.4545454545454546,3,3.8,2,14.96,54.02409638554218,1
22,68,1,0,2,1,0,23,0,14,0,78,47,1,2,3,0,58.400000000000006,29.0,-31,2.1363636363636362,1,3.4000000000000004,2,14.96,27.558232931726913,1
22,68,1,0,2,1,0,19,1,5,0,83,94,1,2,0,0,60.400000000000006,24.5,11,4.2727272727272725,1,2.5,2,14.96,57.00401606425704,1
22,68,1,0,2,1,0,28,1,14,0,62,58,0,1,2,0,52.0,29.0,-4,2.6363636363636362,2,2.4000000000000004,2,14.96,30.28112449799197,1
22,68,1,0,2,1,0,28,1,18,1,59,76,1,0,1,0,60.800000000000004,31.0,17,3.4545454545454546,3,3.8,2,14.96,46.393574297188756,1
22,68,1,0,1,1,0,23,0,14,0,78,47,1,2,3,0,58.400000000000006,29.0,-31,2.1363636363636362,0,3.4000000000000004,1,14.96,27.558232931726913,1
22,68,1,0,1,1,0,19,1,5,0,83,94,1,2,0,0,60.400000000000006,24.5,11,4.2727272727272725,0,2.5,1,14.96,57.00401606425704,1
22,68,1,0,1,1,0,28,1,14,0,62,58,0,1,2,0,52.0,29.0,-4,2.6363636363636362,1,2.4000000000000004,1,14.96,30.28112449799197,1
22,68,1,0,1,1,0,28,1,18,1,59,76,1,0,1,0,60.800000000000004,31.0,17,3.4545454545454546,2,3.8,1,14.96,46.393574297188756,1
33,90,1,1,1,1,1,24,3,14,0,72,91,0,0,0,0,74.8,40.0,19,2.757575757575758,2,2.4000000000000004,1,29.7,68.34136546184739,1
33,90,1,1,1,1,1,20,3,9,0,86,100,1,0,0,0,80.4,37.5,14,3.0303030303030303,2,2.9,1,29.7,80.72289156626508,1
33,90,1,1,1,1,1,19,0,1,1,79,53,1,2,3,0,87.6,33.5,-26,1.606060606060606,0,2.1,1,29.7,46.614457831325296,1
33,90,1,1,1,1,1,25,0,4,0,93,48,1,2,3,0,83.2,35.0,-45,1.4545454545454546,0,2.4,1,29.7,40.096385542168676,1
19,74,2,1,1,1,1,27,2,9,0,65,67,1,2,2,0,65.6,23.5,2,3.526315789473684,1,2.9,2,14.06,44.1285140562249,1
19,74,2,0,2,1,1,27,2,9,0,65,67,1,2,2,0,55.6,23.5,2,3.526315789473684,2,2.9,4,14.06,37.401606425702816,1
19,74,1,0,2,1,1,27,2,9,0,65,67,1,2,2,0,55.6,23.5,2,3.526315789473684,1,2.9,2,14.06,37.401606425702816,1
19,74,1,1,1,1,1,27,2,9,0,65,67,1,2,2,0,65.6,23.5,2,3.526315789473684,0,2.9,1,14.06,44.1285140562249,1
28,80,2,1,0,1,0,19,0,19,0,50,64,1,2,2,0,62.0,37.5,14,2.2857142857142856,0,3.9000000000000004,0,22.400000000000002,39.83935742971888,1
28,80,2,1,0,1,0,21,1,1,0,67,91,0,1,0,0,68.8,28.5,24,3.25,1,1.1,0,22.400000000000002,62.85943775100402,1
28,80,2,0,1,1,0,19,0,19,0,50,64,1,2,2,0,52.0,37.5,14,2.2857142857142856,1,3.9000000000000004,2,22.400000000000002,33.4136546184739,1
28,80,2,0,1,1,0,21,1,1,0,67,91,0,1,0,0,58.8,28.5,24,3.25,2,1.1,2,22.400000000000002,53.72289156626506,1
24,90,0,1,0,1,0,29,2,15,0,54,75,1,2,1,0,67.6,31.5,21,3.125,-2,3.5,0,21.6,50.903614457831324,1
24,90,2,0,2,1,0,29,2,15,0,54,75,1,2,1,0,57.6,31.5,21,3.125,2,3.5,4,21.6,43.37349397590362,1
23,97,2,0,1,1,0,27,1,17,1,94,50,0,2,3,0,86.4,31.5,-44,2.1739130434782608,1,2.7,2,22.31,43.37349397590362,1
23,97,2,0,1,1,0,27,2,20,1,73,61,0,0,2,0,78.0,33.0,-12,2.652173913043478,3,3.0,2,22.31,47.7710843373494,1
23,97,2,1,1,1,0,27,1,17,1,94,50,0,2,3,0,96.4,31.5,-44,2.1739130434782608,1,2.7,2,22.31,48.39357429718876,1
23,97,2,1,1,1,0,27,2,20,1,73,61,0,0,2,0,88.0,33.0,-12,2.652173913043478,3,3.0,2,22.31,53.89558232931727,1
23,97,2,0,0,1,0,27,1,17,1,94,50,0,2,3,0,86.4,31.5,-44,2.1739130434782608,0,2.7,0,22.31,43.37349397590362,1
23,97,2,0,0,1,0,27,2,20,1,73,61,0,0,2,0,78.0,33.0,-12,2.652173913043478,2,3.0,0,22.31,47.7710843373494,1
23,97,1,1,0,1,0,27,1,17,1,94,50,0,2,3,0,96.4,31.5,-44,2.1739130434782608,-1,2.7,0,22.31,48.39357429718876,1
23,97,1,1,0,1,0,27,2,20,1,73,61,0,0,2,0,88.0,33.0,-12,2.652173913043478,1,3.0,0,22.31,53.89558232931727,1
20,78,1,0,1,1,1,19,3,7,1,78,84,1,2,1,0,72.4,23.5,6,4.2,0,2.7,1,15.600000000000001,61.06024096385543,1
20,78,1,0,1,1,1,25,3,11,1,76,74,1,2,1,0,71.60000000000001,25.5,-2,3.7,0,3.1,1,15.600000000000001,53.19678714859439,1
20,78,1,0,1,1,1,26,1,16,1,51,40,1,2,3,0,61.60000000000001,28.0,-11,2.0,0,3.6,1,15.600000000000001,24.73895582329318,1
20,78,1,0,1,1,1,25,3,3,1,67,45,0,2,3,0,68.0,21.5,-22,2.25,0,1.3,1,15.600000000000001,30.722891566265062,1
20,78,1,1,0,1,1,19,3,7,1,78,84,1,2,1,0,82.4,23.5,6,4.2,-1,2.7,0,15.600000000000001,69.49397590361447,1
20,78,1,1,0,1,1,25,3,11,1,76,74,1,2,1,0,81.60000000000001,25.5,-2,3.7,-1,3.1,0,15.600000000000001,60.62650602409639,1
20,78,1,1,0,1,1,26,1,16,1,51,40,1,2,3,0,71.60000000000001,28.0,-11,2.0,-1,3.6,0,15.600000000000001,28.75502008032129,1
20,78,1,1,0,1,1,25,3,3,1,67,45,0,2,3,0,78.0,21.5,-22,2.25,-1,1.3,0,15.600000000000001,35.24096385542169,1
20,78,1,1,1,1,1,19,3,7,1,78,84,1,2,1,0,82.4,23.5,6,4.2,0,2.7,1,15.600000000000001,69.49397590361447,1
20,78,1,1,1,1,1,25,3,11,1,76,74,1,2,1,0,81.60000000000001,25.5,-2,3.7,0,3.1,1,15.600000000000001,60.62650602409639,1
20,78,1,1,1,1,1,26,1,16,1,51,40,1,2,3,0,71.60000000000001,28.0,-11,2.0,0,3.6,1,15.600000000000001,28.75502008032129,1
20,78,1,1,1,1,1,25,3,3,1,67,45,0,2,3,0,78.0,21.5,-22,2.25,0,1.3,1,15.600000000000001,35.24096385542169,1
20,78,1,0,2,1,1,19,3,7,1,78,84,1,2,1,0,72.4,23.5,6,4.2,1,2.7,2,15.600000000000001,61.06024096385543,1
20,78,1,0,2,1,1,25,3,11,1,76,74,1,2,1,0,71.60000000000001,25.5,-2,3.7,1,3.1,2,15.600000000000001,53.19678714859439,1
20,78,1,0,2,1,1,26,1,16,1,51,40,1,2,3,0,61.60000000000001,28.0,-11,2.0,1,3.6,2,15.600000000000001,24.73895582329318,1
20,78,1,0,2,1,1,25,3,3,1,67,45,0,2,3,0,68.0,21.5,-22,2.25,1,1.3,2,15.600000000000001,30.722891566265062,1
25,95,0,0,0,1,0,28,3,5,0,67,79,1,2,1,0,64.8,27.5,12,3.16,-2,2.5,0,23.75,51.39759036144578,1
25,95,2,1,1,1,0,28,3,5,0,67,79,1,2,1,0,74.8,27.5,12,3.16,1,2.5,2,23.75,59.329317269076306,1
16,68,1,0,1,1,1,18,0,17,1,68,46,1,1,3,0,64.4,24.5,-22,2.875,1,3.7,1,10.88,29.742971887550205,1
29,71,1,0,0,1,0,28,1,12,0,75,76,1,2,1,0,58.400000000000006,35.0,1,2.6206896551724137,-1,3.2,0,20.59,44.56224899598394,1
29,71,1,0,0,1,0,27,1,14,1,59,100,1,0,0,0,62.0,36.0,41,3.4482758620689653,1,3.4000000000000004,0,20.59,62.24899598393575,1
29,71,1,0,0,1,0,20,0,8,1,74,78,0,0,1,0,68.0,33.0,4,2.689655172413793,1,1.8,0,20.59,53.25301204819277,1
29,71,1,1,1,1,0,28,1,12,0,75,76,1,2,1,0,68.4,35.0,1,2.6206896551724137,0,3.2,1,20.59,52.19277108433736,1
29,71,1,1,1,1,0,27,1,14,1,59,100,1,0,0,0,72.0,36.0,41,3.4482758620689653,2,3.4000000000000004,1,20.59,72.28915662650603,1
29,71,1,1,1,1,0,20,0,8,1,74,78,0,0,1,0,78.0,33.0,4,2.689655172413793,2,1.8,1,20.59,61.08433734939759,1
30,79,2,1,1,1,1,18,0,12,0,66,49,1,2,3,0,68.0,36.0,-17,1.6333333333333333,1,3.2,2,23.700000000000003,33.45381526104418,1
26,98,1,1,1,1,0,20,1,4,0,88,65,1,2,2,0,84.4,28.0,-23,2.5,0,2.4,1,25.48,55.08032128514057,1
26,98,1,1,1,1,0,21,2,17,0,95,93,1,2,0,0,87.2,34.5,-2,3.576923076923077,0,3.7,1,25.48,81.42168674698796,1
26,98,0,0,0,1,0,20,1,4,0,88,65,1,2,2,0,74.4,28.0,-23,2.5,-2,2.4,0,25.48,48.55421686746988,1
26,98,0,0,0,1,0,21,2,17,0,95,93,1,2,0,0,77.2,34.5,-2,3.576923076923077,-2,3.7,0,25.48,72.0843373493976,1
23,78,1,1,1,1,0,27,2,16,0,89,43,1,2,3,0,76.80000000000001,31.0,-46,1.8695652173913044,0,3.6,1,17.94,33.156626506024104,1
23,78,1,1,1,1,0,18,0,18,0,81,100,1,2,0,0,73.6,32.0,19,4.3478260869565215,0,3.8,1,17.94,73.89558232931726,1
23,78,1,1,1,1,0,25,2,9,0,54,63,1,0,2,0,62.800000000000004,27.5,9,2.739130434782609,2,2.9,1,17.94,39.72289156626506,1
23,78,1,1,1,1,0,29,1,9,1,93,65,1,2,2,0,88.4,27.5,-28,2.8260869565217392,0,2.9,1,17.94,57.690763052208844,1
23,78,1,1,1,1,0,27,1,19,0,65,70,1,1,1,0,67.2,32.5,5,3.0434782608695654,1,3.9000000000000004,1,17.94,47.22891566265061,1
23,78,1,1,1,1,0,22,3,4,0,67,50,1,2,3,0,68.0,25.0,-17,2.1739130434782608,0,2.4,1,17.94,34.13654618473896,1
23,78,1,1,1,1,0,19,2,10,0,89,90,1,0,0,0,76.80000000000001,28.0,1,3.9130434782608696,2,3.0,1,17.94,69.3975903614458,1
23,78,1,1,1,1,0,21,3,11,1,95,51,1,2,3,0,89.2,28.5,-44,2.217391304347826,0,3.1,1,17.94,45.674698795180724,1
23,78,1,1,1,1,0,27,0,17,1,67,68,1,2,2,0,78.0,31.5,1,2.9565217391304346,0,3.7,1,17.94,53.25301204819278,1
23,78,1,1,2,1,0,27,2,16,0,89,43,1,2,3,0,76.80000000000001,31.0,-46,1.8695652173913044,1,3.6,2,17.94,33.156626506024104,1
23,78,1,1,2,1,0,18,0,18,0,81,100,1,2,0,0,73.6,32.0,19,4.3478260869565215,1,3.8,2,17.94,73.89558232931726,1
23,78,1,1,2,1,0,25,2,9,0,54,63,1,0,2,0,62.800000000000004,27.5,9,2.739130434782609,3,2.9,2,17.94,39.72289156626506,1
23,78,1,1,2,1,0,29,1,9,1,93,65,1,2,2,0,88.4,27.5,-28,2.8260869565217392,1,2.9,2,17.94,57.690763052208844,1
23,78,1,1,2,1,0,27,1,19,0,65,70,1,1,1,0,67.2,32.5,5,3.0434782608695654,2,3.9000000000000004,2,17.94,47.22891566265061,1
23,78,1,1,2,1,0,22,3,4,0,67,50,1,2,3,0,68.0,25.0,-17,2.1739130434782608,1,2.4,2,17.94,34.13654618473896,1
23,78,1,1,2,1,0,19,2,10,0,89,90,1,0,0,0,76.80000000000001,28.0,1,3.9130434782608696,3,3.0,2,17.94,69.3975903614458,1
23,78,1,1,2,1,0,21,3,11,1,95,51,1,2,3,0,89.2,28.5,-44,2.217391304347826,1,3.1,2,17.94,45.674698795180724,1
23,78,1,1,2,1,0,27,0,17,1,67,68,1,2,2,0,78.0,31.5,1,2.9565217391304346,1,3.7,2,17.94,53.25301204819278,1
23,78,2,0,1,1,0,27,2,16,0,89,43,1,2,3,0,66.80000000000001,31.0,-46,1.8695652173913044,1,3.6,2,17.94,28.83935742971888,1
23,78,2,0,1,1,0,18,0,18,0,81,100,1,2,0,0,63.6,32.0,19,4.3478260869565215,1,3.8,2,17.94,63.85542168674699,1
23,78,2,0,1,1,0,25,2,9,0,54,63,1,0,2,0,52.800000000000004,27.5,9,2.739130434782609,3,2.9,2,17.94,33.397590361445786,1
23,78,2,0,1,1,0,29,1,9,1,93,65,1,2,2,0,78.4,27.5,-28,2.8260869565217392,1,2.9,2,17.94,51.16465863453816,1
23,78,2,0,1,1,0,27,1,19,0,65,70,1,1,1,0,57.2,32.5,5,3.0434782608695654,2,3.9000000000000004,2,17.94,40.20080321285141,1
23,78,2,0,1,1,0,22,3,4,0,67,50,1,2,3,0,58.0,25.0,-17,2.1739130434782608,1,2.4,2,17.94,29.116465863453815,1
23,78,2,0,1,1,0,19,2,10,0,89,90,1,0,0,0,66.80000000000001,28.0,1,3.9130434782608696,3,3.0,2,17.94,60.36144578313254,1
23,78,2,0,1,1,0,21,3,11,1,95,51,1,2,3,0,79.2,28.5,-44,2.217391304347826,1,3.1,2,17.94,40.55421686746988,1
23,78,2,0,1,1,0,27,0,17,1,67,68,1,2,2,0,68.0,31.5,1,2.9565217391304346,1,3.7,2,17.94,46.42570281124498,1
23,78,0,0,2,1,0,27,2,16,0,89,43,1,2,3,0,66.80000000000001,31.0,-46,1.8695652173913044,0,3.6,0,17.94,28.83935742971888,1
23,78,0,0,2,1,0,18,0,18,0,81,100,1,2,0,0,63.6,32.0,19,4.3478260869565215,0,3.8,0,17.94,63.85542168674699,1
23,78,0,0,2,1,0,25,2,9,0,54,63,1,0,2,0,52.800000000000004,27.5,9,2.739130434782609,2,2.9,0,17.94,33.397590361445786,1
23,78,0,0,2,1,0,29,1,9,1,93,65,1,2,2,0,78.4,27.5,-28,2.8260869565217392,0,2.9,0,17.94,51.16465863453816,1
23,78,0,0,2,1,0,27,1,19,0,65,70,1,1,1,0,57.2,32.5,5,3.0434782608695654,1,3.9000000000000004,0,17.94,40.20080321285141,1
23,78,0,0,2,1,0,22,3,4,0,67,50,1,2,3,0,58.0,25.0,-17,2.1739130434782608,0,2.4,0,17.94,29.116465863453815,1
23,78,0,0,2,1,0,19,2,10,0,89,90,1,0,0,0,66.80000000000001,28.0,1,3.9130434782608696,2,3.0,0,17.94,60.36144578313254,1
23,78,0,0,2,1,0,21,3,11,1,95,51,1,2,3,0,79.2,28.5,-44,2.217391304347826,0,3.1,0,17.94,40.55421686746988,1
23,78,0,0,2,1,0,27,0,17,1,67,68,1,2,2,0,68.0,31.5,1,2.9565217391304346,0,3.7,0,17.94,46.42570281124498,1
22,68,2,0,2,1,1,25,3,6,0,75,88,0,2,0,0,57.2,25.0,13,4.0,2,1.6,4,14.96,50.53815261044177,1
22,68,0,1,1,1,1,25,3,6,0,75,88,0,2,0,0,67.2,25.0,13,4.0,-1,1.6,0,14.96,59.37349397590362,1
22,68,2,0,1,1,1,25,3,6,0,75,88,0,2,0,0,57.2,25.0,13,4.0,1,1.6,2,14.96,50.53815261044177,1
39,92,1,0,1,1,1,19,0,16,0,89,81,1,2,1,0,72.4,47.0,-8,2.076923076923077,0,3.6,1,35.88,58.87951807228916,1
39,92,1,0,1,1,1,22,2,20,0,91,70,1,1,1,0,73.2,49.0,-21,1.794871794871795,1,4.0,1,35.88,51.445783132530124,1
39,92,1,0,1,1,1,23,3,10,0,83,54,0,1,3,0,70.0,44.0,-29,1.3846153846153846,1,2.0,1,35.88,37.95180722891567,1
39,92,1,0,1,1,1,22,2,13,1,66,40,1,0,3,0,73.2,45.5,-26,1.0256410256410255,2,3.3,1,35.88,29.397590361445786,1
39,92,1,0,1,1,1,23,2,12,1,58,88,1,1,0,0,70.0,45.0,30,2.2564102564102564,1,3.2,1,35.88,61.84738955823294,1
39,92,1,0,1,1,1,24,1,1,1,62,85,1,2,0,0,71.60000000000001,39.5,23,2.1794871794871793,0,2.1,1,35.88,61.10441767068274,1
24,99,1,0,0,1,1,26,3,8,1,84,55,0,1,2,0,83.2,28.0,-29,2.2916666666666665,0,1.8,0,23.759999999999998,45.94377510040161,1
24,99,1,0,0,1,1,18,0,20,0,53,56,1,0,2,0,60.800000000000004,34.0,3,2.3333333333333335,1,4.0,0,23.759999999999998,34.18473895582329,1
24,99,1,1,1,1,1,26,3,8,1,84,55,0,1,2,0,93.2,28.0,-29,2.2916666666666665,1,1.8,1,23.759999999999998,51.46586345381527,1
24,99,1,1,1,1,1,18,0,20,0,53,56,1,0,2,0,70.80000000000001,34.0,3,2.3333333333333335,2,4.0,1,23.759999999999998,39.80722891566266,1
24,99,0,1,0,1,1,26,3,8,1,84,55,0,1,2,0,93.2,28.0,-29,2.2916666666666665,-1,1.8,0,23.759999999999998,51.46586345381527,1
24,99,0,1,0,1,1,18,0,20,0,53,56,1,0,2,0,70.80000000000001,34.0,3,2.3333333333333335,0,4.0,0,23.759999999999998,39.80722891566266,1
24,99,1,0,2,1,1,26,3,8,1,84,55,0,1,2,0,83.2,28.0,-29,2.2916666666666665,2,1.8,2,23.759999999999998,45.94377510040161,1
24,99,1,0,2,1,1,18,0,20,0,53,56,1,0,2,0,60.800000000000004,34.0,3,2.3333333333333335,3,4.0,2,23.759999999999998,34.18473895582329,1
23,89,2,0,0,1,1,18,3,8,0,56,61,1,0,2,0,58.0,27.0,5,2.652173913043478,2,2.8,0,20.47,35.52208835341366,1
23,89,2,0,0,1,1,24,0,20,0,89,100,1,1,0,0,71.2,33.0,11,4.3478260869565215,1,4.0,0,20.47,71.48594377510041,1
23,89,2,0,0,1,1,27,1,7,1,75,46,1,1,3,0,75.6,26.5,-29,2.0,1,2.7,0,20.47,34.91566265060241,1
23,89,2,0,0,1,1,25,0,2,1,76,54,0,0,3,0,76.0,24.0,-22,2.347826086956522,2,1.2,0,20.47,41.204819277108435,1
23,89,2,0,1,1,1,18,3,8,0,56,61,1,0,2,0,58.0,27.0,5,2.652173913043478,3,2.8,2,20.47,35.52208835341366,1
23,89,2,0,1,1,1,24,0,20,0,89,100,1,1,0,0,71.2,33.0,11,4.3478260869565215,2,4.0,2,20.47,71.48594377510041,1
23,89,2,0,1,1,1,27,1,7,1,75,46,1,1,3,0,75.6,26.5,-29,2.0,2,2.7,2,20.47,34.91566265060241,1
23,89,2,0,1,1,1,25,0,2,1,76,54,0,0,3,0,76.0,24.0,-22,2.347826086956522,3,1.2,2,20.47,41.204819277108435,1
23,89,1,0,0,1,1,18,3,8,0,56,61,1,0,2,0,58.0,27.0,5,2.652173913043478,1,2.8,0,20.47,35.52208835341366,1
23,89,1,0,0,1,1,24,0,20,0,89,100,1,1,0,0,71.2,33.0,11,4.3478260869565215,0,4.0,0,20.47,71.48594377510041,1
23,89,1,0,0,1,1,27,1,7,1,75,46,1,1,3,0,75.6,26.5,-29,2.0,0,2.7,0,20.47,34.91566265060241,1
23,89,1,0,0,1,1,25,0,2,1,76,54,0,0,3,0,76.0,24.0,-22,2.347826086956522,1,1.2,0,20.47,41.204819277108435,1
23,89,2,1,0,1,1,18,3,8,0,56,61,1,0,2,0,68.0,27.0,5,2.652173913043478,2,2.8,0,20.47,41.64658634538153,1
23,89,2,1,0,1,1,24,0,20,0,89,100,1,1,0,0,81.2,33.0,11,4.3478260869565215,1,4.0,0,20.47,81.52610441767068,1
23,89,2,1,0,1,1,27,1,7,1,75,46,1,1,3,0,85.6,26.5,-29,2.0,1,2.7,0,20.47,39.53413654618474,1
23,89,2,1,0,1,1,25,0,2,1,76,54,0,0,3,0,86.0,24.0,-22,2.347826086956522,2,1.2,0,20.47,46.626506024096386,1
23,89,2,1,1,1,1,18,3,8,0,56,61,1,0,2,0,68.0,27.0,5,2.652173913043478,3,2.8,2,20.47,41.64658634538153,1
23,89,2,1,1,1,1,24,0,20,0,89,100,1,1,0,0,81.2,33.0,11,4.3478260869565215,2,4.0,2,20.47,81.52610441767068,1
23,89,2,1,1,1,1,27,1,7,1,75,46,1,1,3,0,85.6,26.5,-29,2.0,2,2.7,2,20.47,39.53413654618474,1
23,89,2,1,1,1,1,25,0,2,1,76,54,0,0,3,0,86.0,24.0,-22,2.347826086956522,3,1.2,2,20.47,46.626506024096386,1
23,89,1,0,2,1,1,18,3,8,0,56,61,1,0,2,0,58.0,27.0,5,2.652173913043478,3,2.8,2,20.47,35.52208835341366,1
23,89,1,0,2,1,1,24,0,20,0,89,100,1,1,0,0,71.2,33.0,11,4.3478260869565215,2,4.0,2,20.47,71.48594377510041,1
23,89,1,0,2,1,1,27,1,7,1,75,46,1,1,3,0,75.6,26.5,-29,2.0,2,2.7,2,20.47,34.91566265060241,1
23,89,1,0,2,1,1,25,0,2,1,76,54,0,0,3,0,76.0,24.0,-22,2.347826086956522,3,1.2,2,20.47,41.204819277108435,1
23,89,0,0,1,1,1,18,3,8,0,56,61,1,0,2,0,58.0,27.0,5,2.652173913043478,1,2.8,0,20.47,35.52208835341366,1
23,89,0,0,1,1,1,24,0,20,0,89,100,1,1,0,0,71.2,33.0,11,4.3478260869565215,0,4.0,0,20.47,71.48594377510041,1
23,89,0,0,1,1,1,27,1,7,1,75,46,1,1,3,0,75.6,26.5,-29,2.0,0,2.7,0,20.47,34.91566265060241,1
23,89,0,0,1,1,1,25,0,2,1,76,54,0,0,3,0,76.0,24.0,-22,2.347826086956522,1,1.2,0,20.47,41.204819277108435,1
25,75,2,0,2,1,1,18,3,17,1,81,63,1,0,2,0,72.4,33.5,-18,2.52,4,3.7,4,18.75,45.79518072289157,1
25,75,2,0,2,1,1,19,3,11,0,68,90,1,1,0,0,57.2,30.5,22,3.6,3,3.1,4,18.75,51.68674698795181,1
25,75,2,0,2,1,1,21,3,7,1,67,76,1,2,1,0,66.8,28.5,9,3.04,2,2.7,4,18.75,50.971887550200805,1
25,75,2,0,2,1,1,21,1,13,0,85,79,1,2,1,0,64.0,31.5,-6,3.16,2,3.3,4,18.75,50.76305220883534,1
25,75,2,0,2,1,1,26,0,11,1,66,97,1,1,0,0,66.4,30.5,31,3.88,3,3.1,4,18.75,64.66666666666667,1
25,75,1,1,0,1,1,18,3,17,1,81,63,1,0,2,0,82.4,33.5,-18,2.52,1,3.7,0,18.75,52.12048192771085,1
25,75,1,1,0,1,1,19,3,11,0,68,90,1,1,0,0,67.2,30.5,22,3.6,0,3.1,0,18.75,60.72289156626507,1
25,75,1,1,0,1,1,21,3,7,1,67,76,1,2,1,0,76.8,28.5,9,3.04,-1,2.7,0,18.75,58.60240963855422,1
25,75,1,1,0,1,1,21,1,13,0,85,79,1,2,1,0,74.0,31.5,-6,3.16,-1,3.3,0,18.75,58.69477911646587,1
25,75,1,1,0,1,1,26,0,11,1,66,97,1,1,0,0,76.4,30.5,31,3.88,0,3.1,0,18.75,74.40562248995985,1
25,75,2,1,2,1,1,18,3,17,1,81,63,1,0,2,0,82.4,33.5,-18,2.52,4,3.7,4,18.75,52.12048192771085,1
25,75,2,1,2,1,1,19,3,11,0,68,90,1,1,0,0,67.2,30.5,22,3.6,3,3.1,4,18.75,60.72289156626507,1
25,75,2,1,2,1,1,21,3,7,1,67,76,1,2,1,0,76.8,28.5,9,3.04,2,2.7,4,18.75,58.60240963855422,1
25,75,2,1,2,1,1,21,1,13,0,85,79,1,2,1,0,74.0,31.5,-6,3.16,2,3.3,4,18.75,58.69477911646587,1
25,75,2,1,2,1,1,26,0,11,1,66,97,1,1,0,0,76.4,30.5,31,3.88,3,3.1,4,18.75,74.40562248995985,1
25,75,0,1,1,1,1,18,3,17,1,81,63,1,0,2,0,82.4,33.5,-18,2.52,1,3.7,0,18.75,52.12048192771085,1
25,75,0,1,1,1,1,19,3,11,0,68,90,1,1,0,0,67.2,30.5,22,3.6,0,3.1,0,18.75,60.72289156626507,1
25,75,0,1,1,1,1,21,3,7,1,67,76,1,2,1,0,76.8,28.5,9,3.04,-1,2.7,0,18.75,58.60240963855422,1
25,75,0,1,1,1,1,21,1,13,0,85,79,1,2,1,0,74.0,31.5,-6,3.16,-1,3.3,0,18.75,58.69477911646587,1
25,75,0,1,1,1,1,26,0,11,1,66,97,1,1,0,0,76.4,30.5,31,3.88,0,3.1,0,18.75,74.40562248995985,1
25,75,0,1,2,1,1,18,3,17,1,81,63,1,0,2,0,82.4,33.5,-18,2.52,2,3.7,0,18.75,52.12048192771085,1
25,75,0,1,2,1,1,19,3,11,0,68,90,1,1,0,0,67.2,30.5,22,3.6,1,3.1,0,18.75,60.72289156626507,1
25,75,0,1,2,1,1,21,3,7,1,67,76,1,2,1,0,76.8,28.5,9,3.04,0,2.7,0,18.75,58.60240963855422,1
25,75,0,1,2,1,1,21,1,13,0,85,79,1,2,1,0,74.0,31.5,-6,3.16,0,3.3,0,18.75,58.69477911646587,1
25,75,0,1,2,1,1,26,0,11,1,66,97,1,1,0,0,76.4,30.5,31,3.88,1,3.1,0,18.75,74.40562248995985,1
25,75,2,1,0,1,1,18,3,17,1,81,63,1,0,2,0,82.4,33.5,-18,2.52,2,3.7,0,18.75,52.12048192771085,1
25,75,2,1,0,1,1,19,3,11,0,68,90,1,1,0,0,67.2,30.5,22,3.6,1,3.1,0,18.75,60.72289156626507,1
25,75,2,1,0,1,1,21,3,7,1,67,76,1,2,1,0,76.8,28.5,9,3.04,0,2.7,0,18.75,58.60240963855422,1
25,75,2,1,0,1,1,21,1,13,0,85,79,1,2,1,0,74.0,31.5,-6,3.16,0,3.3,0,18.75,58.69477911646587,1
25,75,2,1,0,1,1,26,0,11,1,66,97,1,1,0,0,76.4,30.5,31,3.88,1,3.1,0,18.75,74.40562248995985,1
31,78,2,1,0,1,1,24,0,16,1,83,62,0,0,2,0,84.4,39.0,-21,2.0,2,2.6,0,24.18,52.53815261044177,1
31,78,2,1,0,1,1,21,0,15,1,50,92,0,2,0,0,71.2,38.5,42,2.967741935483871,0,2.5,0,24.18,65.76706827309238,1
31,78,2,1,0,1,1,21,0,4,1,100,85,1,0,0,0,91.2,33.0,-15,2.7419354838709675,2,2.4,0,24.18,77.83132530120483,1
31,78,2,1,0,1,1,19,3,17,1,97,84,1,2,1,0,90.0,39.5,-13,2.7096774193548385,0,3.7,0,24.18,75.90361445783132,1
31,78,2,1,0,1,1,20,3,6,1,74,90,1,1,0,0,80.80000000000001,34.0,16,2.903225806451613,1,2.6,0,24.18,73.0120481927711,1
31,78,2,1,0,1,1,18,2,6,0,92,57,0,0,2,0,78.0,34.0,-35,1.8387096774193548,2,1.6,0,24.18,44.638554216867476,1
24,64,1,1,1,1,0,29,3,6,1,60,92,0,1,0,0,69.6,27.0,32,3.8333333333333335,1,1.6,1,15.36,64.28915662650603,1
24,64,1,1,1,1,0,22,0,4,1,96,85,1,1,0,1,84.0,26.0,-11,3.5416666666666665,1,2.4,1,15.36,71.6867469879518,1
24,64,1,1,1,1,0,21,2,18,0,92,97,1,2,0,0,72.4,33.0,5,4.041666666666667,0,3.8,1,15.36,70.51004016064257,1
24,64,1,1,1,1,0,21,0,11,1,84,42,0,2,3,0,79.2,29.5,-42,1.75,0,2.1,1,15.36,33.397590361445786,1
25,85,0,1,1,1,1,23,0,12,1,55,63,1,0,2,0,76.0,31.0,8,2.52,1,3.2,0,21.25,48.07228915662651,1
25,85,0,1,1,1,1,28,0,4,1,71,97,0,1,0,0,82.4,27.0,26,3.88,0,1.4,0,21.25,80.24899598393576,1
25,85,1,0,1,1,1,23,0,12,1,55,63,1,0,2,0,66.0,31.0,8,2.52,2,3.2,1,21.25,41.74698795180723,1
25,85,1,0,1,1,1,28,0,4,1,71,97,0,1,0,0,72.4,27.0,26,3.88,1,1.4,1,21.25,70.51004016064257,1
25,85,1,1,1,1,1,23,0,12,1,55,63,1,0,2,0,76.0,31.0,8,2.52,2,3.2,1,21.25,48.07228915662651,1
25,85,1,1,1,1,1,28,0,4,1,71,97,0,1,0,0,82.4,27.0,26,3.88,1,1.4,1,21.25,80.24899598393576,1
23,82,1,0,1,1,0,28,1,8,1,69,54,1,1,3,0,70.4,27.0,-15,2.347826086956522,1,2.8,1,18.86,38.168674698795186,1
23,82,1,0,1,1,0,23,0,17,1,61,70,1,2,1,0,67.2,31.5,9,3.0434782608695654,0,3.7,1,18.86,47.22891566265061,1
23,82,0,0,2,1,0,28,1,8,1,69,54,1,1,3,0,70.4,27.0,-15,2.347826086956522,1,2.8,0,18.86,38.168674698795186,1
23,82,0,0,2,1,0,23,0,17,1,61,70,1,2,1,0,67.2,31.5,9,3.0434782608695654,0,3.7,0,18.86,47.22891566265061,1
23,82,1,1,1,1,0,28,1,8,1,69,54,1,1,3,0,80.4,27.0,-15,2.347826086956522,1,2.8,1,18.86,43.59036144578314,1
23,82,1,1,1,1,0,23,0,17,1,61,70,1,2,1,0,77.2,31.5,9,3.0434782608695654,0,3.7,1,18.86,54.2570281124498,1
25,71,2,1,1,1,0,29,2,12,1,74,59,1,0,2,0,78.0,31.0,-15,2.36,3,3.2,2,17.75,46.20481927710844,1
25,71,1,1,0,1,0,29,2,12,1,74,59,1,0,2,0,78.0,31.0,-15,2.36,1,3.2,0,17.75,46.20481927710844,1
30,90,1,0,2,1,1,19,2,0,1,89,97,1,1,0,0,81.6,30.0,8,3.2333333333333334,2,2.0,2,27.0,79.46987951807229,1
20,99,1,0,1,1,1,23,0,17,1,78,59,1,2,2,0,80.80000000000001,28.5,-19,2.95,0,3.7,1,19.8,47.86345381526105,1
20,99,1,0,1,1,1,25,3,2,0,78,71,0,0,1,0,70.80000000000001,21.0,-7,3.55,2,1.2,1,19.8,50.469879518072304,1
20,99,0,1,2,1,1,23,0,17,1,78,59,1,2,2,0,90.80000000000001,28.5,-19,2.95,0,3.7,0,19.8,53.78714859437752,1
20,99,0,1,2,1,1,25,3,2,0,78,71,0,0,1,0,80.80000000000001,21.0,-7,3.55,2,1.2,0,19.8,57.598393574297205,1
20,99,0,1,0,1,1,23,0,17,1,78,59,1,2,2,0,90.80000000000001,28.5,-19,2.95,-2,3.7,0,19.8,53.78714859437752,1
20,99,0,1,0,1,1,25,3,2,0,78,71,0,0,1,0,80.80000000000001,21.0,-7,3.55,0,1.2,0,19.8,57.598393574297205,1
20,99,0,0,0,1,1,23,0,17,1,78,59,1,2,2,0,80.80000000000001,28.5,-19,2.95,-2,3.7,0,19.8,47.86345381526105,1
20,99,0,0,0,1,1,25,3,2,0,78,71,0,0,1,0,70.80000000000001,21.0,-7,3.55,0,1.2,0,19.8,50.469879518072304,1
20,99,1,1,1,1,1,23,0,17,1,78,59,1,2,2,0,90.80000000000001,28.5,-19,2.95,0,3.7,1,19.8,53.78714859437752,1
20,99,1,1,1,1,1,25,3,2,0,78,71,0,0,1,0,80.80000000000001,21.0,-7,3.55,2,1.2,1,19.8,57.598393574297205,1
20,99,1,0,2,1,1,23,0,17,1,78,59,1,2,2,0,80.80000000000001,28.5,-19,2.95,1,3.7,2,19.8,47.86345381526105,1
20,99,1,0,2,1,1,25,3,2,0,78,71,0,0,1,0,70.80000000000001,21.0,-7,3.55,3,1.2,2,19.8,50.469879518072304,1
24,62,2,0,0,1,0,27,3,18,1,76,88,1,2,0,0,65.2,33.0,12,3.6666666666666665,0,3.8,0,14.879999999999999,57.60642570281125,1
24,62,2,0,0,1,0,29,1,11,0,50,100,1,2,0,0,44.8,29.5,50,4.166666666666667,0,3.1,0,14.879999999999999,44.97991967871486,1
24,62,2,0,0,1,0,26,3,16,1,100,78,1,1,1,1,74.8,32.0,-22,3.25,1,3.6,0,14.879999999999999,58.57831325301205,1
24,62,0,1,1,1,0,27,3,18,1,76,88,1,2,0,0,75.2,33.0,12,3.6666666666666665,-1,3.8,0,14.879999999999999,66.4417670682731,1
24,62,0,1,1,1,0,29,1,11,0,50,100,1,2,0,0,54.8,29.5,50,4.166666666666667,-1,3.1,0,14.879999999999999,55.020080321285135,1
24,62,0,1,1,1,0,26,3,16,1,100,78,1,1,1,1,84.8,32.0,-22,3.25,0,3.6,0,14.879999999999999,66.40963855421687,1
24,62,2,1,1,1,0,27,3,18,1,76,88,1,2,0,0,75.2,33.0,12,3.6666666666666665,1,3.8,2,14.879999999999999,66.4417670682731,1
24,62,2,1,1,1,0,29,1,11,0,50,100,1,2,0,0,54.8,29.5,50,4.166666666666667,1,3.1,2,14.879999999999999,55.020080321285135,1
24,62,2,1,1,1,0,26,3,16,1,100,78,1,1,1,1,84.8,32.0,-22,3.25,2,3.6,2,14.879999999999999,66.40963855421687,1
24,62,1,0,1,1,0,27,3,18,1,76,88,1,2,0,0,65.2,33.0,12,3.6666666666666665,0,3.8,1,14.879999999999999,57.60642570281125,1
24,62,1,0,1,1,0,29,1,11,0,50,100,1,2,0,0,44.8,29.5,50,4.166666666666667,0,3.1,1,14.879999999999999,44.97991967871486,1
24,62,1,0,1,1,0,26,3,16,1,100,78,1,1,1,1,74.8,32.0,-22,3.25,1,3.6,1,14.879999999999999,58.57831325301205,1
18,96,1,0,0,1,0,24,0,6,0,97,42,1,1,3,0,77.20000000000002,21.0,-55,2.3333333333333335,0,2.6,0,17.28,32.55421686746989,1
18,96,2,0,1,1,0,24,0,6,0,97,42,1,1,3,0,77.20000000000002,21.0,-55,2.3333333333333335,2,2.6,2,17.28,32.55421686746989,1
18,96,0,1,1,1,0,24,0,6,0,97,42,1,1,3,0,87.20000000000002,21.0,-55,2.3333333333333335,0,2.6,0,17.28,36.77108433734941,1
18,96,1,1,1,1,0,24,0,6,0,97,42,1,1,3,0,87.20000000000002,21.0,-55,2.3333333333333335,1,2.6,1,17.28,36.77108433734941,1
18,96,1,1,0,1,0,24,0,6,0,97,42,1,1,3,0,87.20000000000002,21.0,-55,2.3333333333333335,0,2.6,0,17.28,36.77108433734941,1
18,96,0,1,0,1,0,24,0,6,0,97,42,1,1,3,0,87.20000000000002,21.0,-55,2.3333333333333335,-1,2.6,0,17.28,36.77108433734941,1
18,96,0,0,0,1,0,24,0,6,0,97,42,1,1,3,0,77.20000000000002,21.0,-55,2.3333333333333335,-1,2.6,0,17.28,32.55421686746989,1
23,90,1,1,1,1,1,28,3,10,0,86,95,0,2,0,0,80.4,28.0,9,4.130434782608695,0,2.0,1,20.7,76.68674698795182,1
23,90,1,1,1,1,1,18,1,9,0,70,41,0,2,3,0,74.0,27.5,-29,1.7826086956521738,0,1.9,1,20.7,30.461847389558233,1
23,90,1,1,1,1,1,28,0,0,1,93,44,1,1,3,0,93.2,23.0,-49,1.9130434782608696,1,2.0,1,20.7,41.172690763052216,1
23,90,1,1,1,1,1,25,3,20,1,74,62,1,1,2,0,85.6,33.0,-12,2.6956521739130435,1,4.0,1,20.7,53.285140562249,1
23,90,0,0,0,1,1,28,3,10,0,86,95,0,2,0,0,70.4,28.0,9,4.130434782608695,-2,2.0,0,20.7,67.14859437751005,1
23,90,0,0,0,1,1,18,1,9,0,70,41,0,2,3,0,64.0,27.5,-29,1.7826086956521738,-2,1.9,0,20.7,26.34538152610442,1
23,90,0,0,0,1,1,28,0,0,1,93,44,1,1,3,0,83.2,23.0,-49,1.9130434782608696,-1,2.0,0,20.7,36.75502008032129,1
23,90,0,0,0,1,1,25,3,20,1,74,62,1,1,2,0,75.6,33.0,-12,2.6956521739130435,-1,4.0,0,20.7,47.06024096385542,1
23,90,1,1,0,1,1,28,3,10,0,86,95,0,2,0,0,80.4,28.0,9,4.130434782608695,-1,2.0,0,20.7,76.68674698795182,1
23,90,1,1,0,1,1,18,1,9,0,70,41,0,2,3,0,74.0,27.5,-29,1.7826086956521738,-1,1.9,0,20.7,30.461847389558233,1
23,90,1,1,0,1,1,28,0,0,1,93,44,1,1,3,0,93.2,23.0,-49,1.9130434782608696,0,2.0,0,20.7,41.172690763052216,1
23,90,1,1,0,1,1,25,3,20,1,74,62,1,1,2,0,85.6,33.0,-12,2.6956521739130435,0,4.0,0,20.7,53.285140562249,1
23,90,1,0,0,1,1,28,3,10,0,86,95,0,2,0,0,70.4,28.0,9,4.130434782608695,-1,2.0,0,20.7,67.14859437751005,1
23,90,1,0,0,1,1,18,1,9,0,70,41,0,2,3,0,64.0,27.5,-29,1.7826086956521738,-1,1.9,0,20.7,26.34538152610442,1
23,90,1,0,0,1,1,28,0,0,1,93,44,1,1,3,0,83.2,23.0,-49,1.9130434782608696,0,2.0,0,20.7,36.75502008032129,1
23,90,1,0,0,1,1,25,3,20,1,74,62,1,1,2,0,75.6,33.0,-12,2.6956521739130435,0,4.0,0,20.7,47.06024096385542,1
27,68,1,0,1,1,0,26,3,0,0,74,73,0,2,1,0,56.800000000000004,27.0,-1,2.7037037037037037,0,1.0,1,18.360000000000003,41.63052208835342,1
27,68,1,0,1,1,0,23,0,18,1,50,52,1,1,3,0,57.2,36.0,2,1.9259259259259258,1,3.8,1,18.360000000000003,29.863453815261046,1
27,68,2,0,1,1,0,26,3,0,0,74,73,0,2,1,0,56.800000000000004,27.0,-1,2.7037037037037037,1,1.0,2,18.360000000000003,41.63052208835342,1
27,68,2,0,1,1,0,23,0,18,1,50,52,1,1,3,0,57.2,36.0,2,1.9259259259259258,2,3.8,2,18.360000000000003,29.863453815261046,1
18,79,1,1,0,1,0,23,1,12,0,63,65,1,1,2,0,66.80000000000001,24.0,2,3.611111111111111,0,3.2,0,14.22,43.59437751004017,1
18,79,1,1,1,1,0,23,1,12,0,63,65,1,1,2,0,66.80000000000001,24.0,2,3.611111111111111,1,3.2,1,14.22,43.59437751004017,1
18,79,1,0,2,1,0,23,1,12,0,63,65,1,1,2,0,56.800000000000004,24.0,2,3.611111111111111,2,3.2,2,14.22,37.06827309236949,1
18,79,2,0,0,1,0,23,1,12,0,63,65,1,1,2,0,56.800000000000004,24.0,2,3.611111111111111,1,3.2,0,14.22,37.06827309236949,1
18,79,2,1,1,1,0,23,1,12,0,63,65,1,1,2,0,66.80000000000001,24.0,2,3.611111111111111,2,3.2,2,14.22,43.59437751004017,1
25,92,2,0,1,1,0,18,2,10,1,63,69,1,2,2,0,72.0,30.0,6,2.76,1,3.0,2,23.0,49.87951807228916,1
25,92,2,0,1,1,0,20,3,19,0,55,40,1,1,3,0,58.800000000000004,34.5,-15,1.6,2,3.9000000000000004,2,23.0,23.614457831325307,1
25,92,2,0,1,1,0,24,3,5,1,56,100,1,0,0,0,69.2,27.5,44,4.0,3,2.5,2,23.0,69.47791164658635,1
25,92,2,1,1,1,0,18,2,10,1,63,69,1,2,2,0,82.0,30.0,6,2.76,1,3.0,2,23.0,56.807228915662655,1
25,92,2,1,1,1,0,20,3,19,0,55,40,1,1,3,0,68.80000000000001,34.5,-15,1.6,2,3.9000000000000004,2,23.0,27.63052208835342,1
25,92,2,1,1,1,0,24,3,5,1,56,100,1,0,0,0,79.2,27.5,44,4.0,3,2.5,2,23.0,79.51807228915663,1
25,92,1,1,1,1,0,18,2,10,1,63,69,1,2,2,0,82.0,30.0,6,2.76,0,3.0,1,23.0,56.807228915662655,1
25,92,1,1,1,1,0,20,3,19,0,55,40,1,1,3,0,68.80000000000001,34.5,-15,1.6,1,3.9000000000000004,1,23.0,27.63052208835342,1
25,92,1,1,1,1,0,24,3,5,1,56,100,1,0,0,0,79.2,27.5,44,4.0,2,2.5,1,23.0,79.51807228915663,1
25,92,1,0,2,1,0,18,2,10,1,63,69,1,2,2,0,72.0,30.0,6,2.76,1,3.0,2,23.0,49.87951807228916,1
25,92,1,0,2,1,0,20,3,19,0,55,40,1,1,3,0,58.800000000000004,34.5,-15,1.6,2,3.9000000000000004,2,23.0,23.614457831325307,1
25,92,1,0,2,1,0,24,3,5,1,56,100,1,0,0,0,69.2,27.5,44,4.0,3,2.5,2,23.0,69.47791164658635,1
26,68,2,0,0,1,0,19,3,9,0,94,49,0,2,3,0,64.80000000000001,30.5,-45,1.8846153846153846,0,1.9,0,17.68,31.879518072289162,1
26,68,2,0,0,1,0,25,2,7,0,55,60,1,0,2,0,49.2,29.5,5,2.3076923076923075,2,2.7,0,17.68,29.638554216867472,1
26,68,1,1,2,1,0,19,3,9,0,94,49,0,2,3,0,74.80000000000001,30.5,-45,1.8846153846153846,1,1.9,2,17.68,36.7991967871486,1
26,68,1,1,2,1,0,25,2,7,0,55,60,1,0,2,0,59.2,29.5,5,2.3076923076923075,3,2.7,2,17.68,35.66265060240964,1
18,65,1,1,1,1,0,21,2,15,1,61,45,1,2,3,0,70.4,25.5,-16,2.5,0,3.5,1,11.700000000000001,31.807228915662655,1
18,65,2,1,0,1,0,21,2,15,1,61,45,1,2,3,0,70.4,25.5,-16,2.5,0,3.5,0,11.700000000000001,31.807228915662655,1
29,93,2,0,1,1,1,18,1,4,1,80,70,1,0,1,0,79.2,31.0,-10,2.413793103448276,3,2.4,2,26.970000000000002,55.66265060240965,1
29,93,2,0,1,1,1,19,2,4,1,74,75,1,1,1,0,76.80000000000001,31.0,1,2.586206896551724,2,2.4,2,26.970000000000002,57.83132530120483,1
29,93,1,1,1,1,1,18,1,4,1,80,70,1,0,1,0,89.2,31.0,-10,2.413793103448276,2,2.4,1,26.970000000000002,62.69076305220884,1
29,93,1,1,1,1,1,19,2,4,1,74,75,1,1,1,0,86.80000000000001,31.0,1,2.586206896551724,1,2.4,1,26.970000000000002,65.36144578313254,1
26,86,2,1,1,1,1,25,2,5,0,68,92,0,2,0,0,71.6,28.5,24,3.5384615384615383,1,1.5,2,22.36,66.13654618473895,1
26,86,0,0,1,1,1,25,2,5,0,68,92,0,2,0,0,61.6,28.5,24,3.5384615384615383,-1,1.5,0,22.36,56.8995983935743,1
26,86,0,1,1,1,1,25,2,5,0,68,92,0,2,0,0,71.6,28.5,24,3.5384615384615383,-1,1.5,0,22.36,66.13654618473895,1
20,93,0,0,1,1,0,23,2,18,0,78,64,1,1,2,0,68.4,29.0,-14,3.2,0,3.8,0,18.6,43.95180722891567,1
20,93,0,0,1,1,0,29,3,10,1,87,77,1,1,1,0,82.0,25.0,-10,3.85,0,3.0,0,18.6,63.393574297188756,1
20,93,0,0,1,1,0,23,1,2,0,77,48,1,2,3,0,68.0,21.0,-29,2.4,-1,2.2,0,18.6,32.7710843373494,1
20,93,0,0,1,1,0,29,2,19,1,75,46,0,2,3,0,77.2,29.5,-29,2.3,-1,2.9000000000000004,0,18.6,35.65461847389559,1
20,93,1,0,0,1,0,23,2,18,0,78,64,1,1,2,0,68.4,29.0,-14,3.2,0,3.8,0,18.6,43.95180722891567,1
20,93,1,0,0,1,0,29,3,10,1,87,77,1,1,1,0,82.0,25.0,-10,3.85,0,3.0,0,18.6,63.393574297188756,1
20,93,1,0,0,1,0,23,1,2,0,77,48,1,2,3,0,68.0,21.0,-29,2.4,-1,2.2,0,18.6,32.7710843373494,1
20,93,1,0,0,1,0,29,2,19,1,75,46,0,2,3,0,77.2,29.5,-29,2.3,-1,2.9000000000000004,0,18.6,35.65461847389559,1
25,97,2,1,2,1,1,21,1,6,0,80,49,1,2,3,0,80.80000000000001,28.0,-31,1.96,2,2.6,4,24.25,39.751004016064265,1
25,97,2,1,2,1,1,29,2,15,1,60,48,1,1,3,0,82.80000000000001,32.5,-12,1.92,3,3.5,4,24.25,39.90361445783133,1
25,97,1,1,1,1,1,21,1,6,0,80,49,1,2,3,0,80.80000000000001,28.0,-31,1.96,0,2.6,1,24.25,39.751004016064265,1
25,97,1,1,1,1,1,29,2,15,1,60,48,1,1,3,0,82.80000000000001,32.5,-12,1.92,1,3.5,1,24.25,39.90361445783133,1
25,97,2,1,1,1,1,21,1,6,0,80,49,1,2,3,0,80.80000000000001,28.0,-31,1.96,1,2.6,2,24.25,39.751004016064265,1
25,97,2,1,1,1,1,29,2,15,1,60,48,1,1,3,0,82.80000000000001,32.5,-12,1.92,2,3.5,2,24.25,39.90361445783133,1
25,97,1,1,0,1,1,21,1,6,0,80,49,1,2,3,0,80.80000000000001,28.0,-31,1.96,-1,2.6,0,24.25,39.751004016064265,1
25,97,1,1,0,1,1,29,2,15,1,60,48,1,1,3,0,82.80000000000001,32.5,-12,1.92,0,3.5,0,24.25,39.90361445783133,1
20,95,1,0,1,1,1,18,3,20,1,61,92,1,0,0,0,72.4,30.0,31,4.6,2,4.0,1,19.0,66.87550200803213,1
20,95,1,0,1,1,1,22,2,19,1,55,86,1,0,0,0,70.0,29.5,31,4.3,2,3.9000000000000004,1,19.0,60.4417670682731,1
20,95,0,1,1,1,1,18,3,20,1,61,92,1,0,0,0,82.4,30.0,31,4.6,1,4.0,0,19.0,76.1124497991968,1
20,95,0,1,1,1,1,22,2,19,1,55,86,1,0,0,0,80.0,29.5,31,4.3,1,3.9000000000000004,0,19.0,69.07630522088354,1
20,95,0,1,0,1,1,18,3,20,1,61,92,1,0,0,0,82.4,30.0,31,4.6,0,4.0,0,19.0,76.1124497991968,1
20,95,0,1,0,1,1,22,2,19,1,55,86,1,0,0,0,80.0,29.5,31,4.3,0,3.9000000000000004,0,19.0,69.07630522088354,1
20,95,1,0,0,1,1,18,3,20,1,61,92,1,0,0,0,72.4,30.0,31,4.6,1,4.0,0,19.0,66.87550200803213,1
20,95,1,0,0,1,1,22,2,19,1,55,86,1,0,0,0,70.0,29.5,31,4.3,1,3.9000000000000004,0,19.0,60.4417670682731,1
20,95,2,1,0,1,1,22,2,19,1,55,86,1,0,0,0,80.0,29.5,31,4.3,2,3.9000000000000004,0,19.0,69.07630522088354,1
34,74,0,1,1,1,0,23,0,12,1,54,98,0,1,0,0,71.2,40.0,44,2.8823529411764706,0,2.2,0,25.16,70.0562248995984,1
34,74,0,1,1,1,0,28,0,13,0,77,87,1,1,0,0,70.4,40.5,10,2.5588235294117645,0,3.3,0,25.16,61.49397590361447,1
29,90,1,1,1,1,1,22,2,19,0,79,93,1,1,0,0,77.6,38.5,14,3.206896551724138,1,3.9000000000000004,1,26.1,72.45783132530121,1
29,90,1,1,1,1,1,26,2,14,0,76,47,1,2,3,0,76.4,36.0,-29,1.6206896551724137,0,3.4000000000000004,1,26.1,36.05220883534137,1
29,90,1,1,1,1,1,26,2,11,1,76,97,1,2,0,0,86.4,34.5,21,3.3448275862068964,0,3.1,1,26.1,84.14457831325302,1
32,83,1,1,0,1,1,24,1,15,1,87,62,1,2,2,0,88.0,39.5,-25,1.9375,-1,3.5,0,26.56,54.77911646586345,1
32,83,1,1,0,1,1,26,2,7,1,83,69,0,2,2,0,86.4,35.5,-14,2.15625,-1,1.7000000000000002,0,26.56,59.85542168674699,1
32,83,1,1,0,1,1,19,3,11,0,58,52,0,2,3,0,66.4,37.5,-6,1.625,-1,2.1,0,26.56,34.66666666666667,1
32,83,1,1,1,1,1,24,1,15,1,87,62,1,2,2,0,88.0,39.5,-25,1.9375,0,3.5,1,26.56,54.77911646586345,1
32,83,1,1,1,1,1,26,2,7,1,83,69,0,2,2,0,86.4,35.5,-14,2.15625,0,1.7000000000000002,1,26.56,59.85542168674699,1
32,83,1,1,1,1,1,19,3,11,0,58,52,0,2,3,0,66.4,37.5,-6,1.625,0,2.1,1,26.56,34.66666666666667,1
20,82,0,1,0,1,0,29,1,4,1,95,68,0,1,2,0,90.80000000000001,22.0,-27,3.4,-1,1.4,0,16.4,61.991967871485954,1
20,82,0,1,0,1,0,27,2,0,1,77,57,1,2,2,0,83.60000000000001,20.0,-20,2.85,-2,2.0,0,16.4,47.84337349397591,1
20,82,0,1,0,1,0,19,0,12,1,93,48,0,2,3,0,90.0,26.0,-45,2.4,-2,2.2,0,16.4,43.373493975903614,1
20,82,0,1,0,1,0,27,1,7,1,54,51,0,2,3,0,74.4,23.5,-3,2.55,-2,1.7000000000000002,0,16.4,38.096385542168676,1
20,82,0,1,0,1,0,22,3,15,1,95,73,1,2,1,0,90.80000000000001,27.5,-22,3.65,-2,3.5,0,16.4,66.55020080321286,1
20,82,0,1,0,1,0,24,3,1,1,95,75,0,1,1,0,90.80000000000001,20.5,-20,3.75,-1,1.1,0,16.4,68.37349397590363,1
20,82,1,1,1,1,0,29,1,4,1,95,68,0,1,2,0,90.80000000000001,22.0,-27,3.4,1,1.4,1,16.4,61.991967871485954,1
20,82,1,1,1,1,0,27,2,0,1,77,57,1,2,2,0,83.60000000000001,20.0,-20,2.85,0,2.0,1,16.4,47.84337349397591,1
20,82,1,1,1,1,0,19,0,12,1,93,48,0,2,3,0,90.0,26.0,-45,2.4,0,2.2,1,16.4,43.373493975903614,1
20,82,1,1,1,1,0,27,1,7,1,54,51,0,2,3,0,74.4,23.5,-3,2.55,0,1.7000000000000002,1,16.4,38.096385542168676,1
20,82,1,1,1,1,0,22,3,15,1,95,73,1,2,1,0,90.80000000000001,27.5,-22,3.65,0,3.5,1,16.4,66.55020080321286,1
20,82,1,1,1,1,0,24,3,1,1,95,75,0,1,1,0,90.80000000000001,20.5,-20,3.75,1,1.1,1,16.4,68.37349397590363,1
20,82,1,0,0,1,0,29,1,4,1,95,68,0,1,2,0,80.80000000000001,22.0,-27,3.4,0,1.4,0,16.4,55.16465863453816,1
20,82,1,0,0,1,0,27,2,0,1,77,57,1,2,2,0,73.60000000000001,20.0,-20,2.85,-1,2.0,0,16.4,42.12048192771085,1
20,82,1,0,0,1,0,19,0,12,1,93,48,0,2,3,0,80.0,26.0,-45,2.4,-1,2.2,0,16.4,38.554216867469876,1
20,82,1,0,0,1,0,27,1,7,1,54,51,0,2,3,0,64.4,23.5,-3,2.55,-1,1.7000000000000002,0,16.4,32.975903614457835,1
20,82,1,0,0,1,0,22,3,15,1,95,73,1,2,1,0,80.80000000000001,27.5,-22,3.65,-1,3.5,0,16.4,59.22088353413656,1
20,82,1,0,0,1,0,24,3,1,1,95,75,0,1,1,0,80.80000000000001,20.5,-20,3.75,0,1.1,0,16.4,60.84337349397592,1
29,84,1,1,2,1,0,19,2,16,1,93,77,0,2,1,0,90.80000000000001,37.0,-16,2.6551724137931036,1,2.6,2,24.36,70.19678714859438,1
29,84,1,1,2,1,0,22,2,10,0,86,90,0,2,0,0,78.0,34.0,4,3.103448275862069,1,2.0,2,24.36,70.48192771084338,1
18,93,2,1,1,1,0,24,0,13,1,96,67,1,2,2,0,95.60000000000001,24.5,-29,3.7222222222222223,1,3.3,2,16.740000000000002,64.30923694779118,1
18,93,1,0,0,1,0,24,0,13,1,96,67,1,2,2,0,85.60000000000001,24.5,-29,3.7222222222222223,-1,3.3,0,16.740000000000002,57.582329317269085,1
18,93,2,0,2,1,0,24,0,13,1,96,67,1,2,2,0,85.60000000000001,24.5,-29,3.7222222222222223,2,3.3,4,16.740000000000002,57.582329317269085,1
38,63,2,0,2,1,1,26,0,19,0,64,52,1,1,3,0,50.800000000000004,47.5,-12,1.368421052631579,3,3.9000000000000004,4,23.94,26.52208835341366,1
38,63,2,0,2,1,1,20,1,17,1,90,81,0,0,1,0,71.2,46.5,-9,2.1315789473684212,4,2.7,4,23.94,57.90361445783134,1
38,63,2,0,2,1,1,20,2,4,1,80,89,1,2,0,0,67.2,40.0,9,2.3421052631578947,2,2.4,4,23.94,60.048192771084345,1
19,94,0,0,1,1,0,26,1,11,1,77,72,1,0,1,0,78.4,24.5,-5,3.789473684210526,1,3.1,0,17.86,56.67469879518073,1
19,94,2,0,1,1,0,26,1,11,1,77,72,1,0,1,0,78.4,24.5,-5,3.789473684210526,3,3.1,2,17.86,56.67469879518073,1
19,94,1,0,1,1,0,26,1,11,1,77,72,1,0,1,0,78.4,24.5,-5,3.789473684210526,2,3.1,1,17.86,56.67469879518073,1
19,94,1,1,1,1,0,26,1,11,1,77,72,1,0,1,0,88.4,24.5,-5,3.789473684210526,2,3.1,1,17.86,63.90361445783134,1
19,94,0,1,1,1,0,26,1,11,1,77,72,1,0,1,0,88.4,24.5,-5,3.789473684210526,1,3.1,0,17.86,63.90361445783134,1
38,86,1,0,2,1,0,24,0,8,1,83,84,0,1,1,0,77.6,42.0,1,2.210526315789474,2,1.8,2,32.68,65.44578313253012,1
38,86,1,0,2,1,0,27,1,4,1,75,54,1,1,3,0,74.4,40.0,-21,1.4210526315789473,2,2.4,2,32.68,40.337349397590366,1
38,86,1,0,2,1,0,18,0,13,1,93,90,0,0,0,0,81.6,44.5,-3,2.3684210526315788,3,2.3,2,32.68,73.73493975903614,1
26,94,1,0,1,1,0,28,3,1,1,84,81,1,2,1,0,81.2,26.5,-3,3.1153846153846154,0,2.1,1,24.439999999999998,66.03614457831326,1
26,94,1,0,0,1,0,28,3,1,1,84,81,1,2,1,0,81.2,26.5,-3,3.1153846153846154,-1,2.1,0,24.439999999999998,66.03614457831326,1
26,94,2,1,0,1,0,28,3,1,1,84,81,1,2,1,0,91.2,26.5,-3,3.1153846153846154,0,2.1,0,24.439999999999998,74.16867469879519,1
26,94,1,0,2,1,0,28,3,1,1,84,81,1,2,1,0,81.2,26.5,-3,3.1153846153846154,1,2.1,2,24.439999999999998,66.03614457831326,1
32,84,2,1,1,1,1,18,1,10,1,96,55,1,2,2,0,92.0,37.0,-41,1.71875,1,3.0,2,26.88,50.803212851405625,1
14,84,1,0,1,1,0,18,0,3,1,99,40,1,2,3,0,83.2,15.5,-59,2.857142857142857,0,2.3,1,11.76,33.4136546184739,1
14,84,2,1,2,1,0,18,0,3,1,99,40,1,2,3,0,93.2,15.5,-59,2.857142857142857,2,2.3,4,11.76,37.42971887550201,1
14,84,1,1,2,1,0,18,0,3,1,99,40,1,2,3,0,93.2,15.5,-59,2.857142857142857,1,2.3,2,11.76,37.42971887550201,1
17,90,2,0,1,1,1,28,1,7,1,91,52,1,2,3,0,82.4,20.5,-39,3.0588235294117645,1,2.7,2,15.3,43.02008032128514,1
17,90,1,0,0,1,1,28,1,7,1,91,52,1,2,3,0,82.4,20.5,-39,3.0588235294117645,-1,2.7,0,15.3,43.02008032128514,1
17,90,1,0,1,1,1,28,1,7,1,91,52,1,2,3,0,82.4,20.5,-39,3.0588235294117645,0,2.7,1,15.3,43.02008032128514,1
13,83,1,1,1,1,0,20,3,8,1,93,41,1,2,3,0,90.4,17.0,-52,3.1538461538461537,0,2.8,1,10.79,37.212851405622494,1
19,68,1,1,1,1,1,21,3,20,0,79,55,0,2,2,0,68.80000000000001,29.0,-24,2.8947368421052633,0,3.0,1,12.920000000000002,37.991967871485954,1
19,68,2,1,2,1,1,21,3,20,0,79,55,0,2,2,0,68.80000000000001,29.0,-24,2.8947368421052633,2,3.0,4,12.920000000000002,37.991967871485954,1
19,68,0,1,0,1,1,21,3,20,0,79,55,0,2,2,0,68.80000000000001,29.0,-24,2.8947368421052633,-2,3.0,0,12.920000000000002,37.991967871485954,1
35,77,2,1,1,1,0,18,2,8,1,56,87,0,1,0,0,73.2,39.0,31,2.4857142857142858,2,1.8,2,26.95,63.93975903614458,1
36,96,0,0,1,1,0,20,2,2,0,71,57,1,2,2,0,66.80000000000001,37.0,-14,1.5833333333333333,-1,2.2,0,34.56,38.22891566265061,1
36,96,0,0,1,1,0,20,3,13,0,62,88,1,0,0,0,63.2,42.5,26,2.4444444444444446,1,3.3,0,34.56,55.83935742971889,1
29,66,2,0,1,1,1,19,3,4,1,57,55,1,2,2,0,59.2,31.0,-2,1.896551724137931,1,2.4,2,19.14,32.69076305220884,1
29,66,2,0,1,1,1,29,1,10,1,89,61,1,2,2,0,72.0,34.0,-28,2.103448275862069,1,3.0,2,19.14,44.096385542168676,1
22,86,1,0,1,1,0,19,0,18,1,86,42,0,2,3,0,78.8,31.0,-44,1.9090909090909092,0,2.8,1,18.919999999999998,33.22891566265061,1
22,86,1,0,1,1,0,24,1,12,0,82,66,0,2,2,0,67.2,28.0,-16,3.0,0,2.2,1,18.919999999999998,44.53012048192772,1
22,86,0,0,1,1,0,19,0,18,1,86,42,0,2,3,0,78.8,31.0,-44,1.9090909090909092,-1,2.8,0,18.919999999999998,33.22891566265061,1
22,86,0,0,1,1,0,24,1,12,0,82,66,0,2,2,0,67.2,28.0,-16,3.0,-1,2.2,0,18.919999999999998,44.53012048192772,1
31,68,2,1,0,1,1,27,0,9,0,58,93,1,2,0,0,60.400000000000006,35.5,35,3.0,0,2.9,0,21.080000000000002,56.39759036144579,1
31,68,2,1,0,1,1,19,0,18,0,51,91,0,0,0,0,57.60000000000001,40.0,40,2.935483870967742,2,2.8,0,21.080000000000002,52.62650602409639,1
31,68,2,1,0,1,1,21,3,16,1,91,93,0,2,0,0,83.6,39.0,2,3.0,0,2.6,0,21.080000000000002,78.06024096385542,1
31,68,2,1,0,1,1,19,2,20,0,55,99,0,2,0,0,59.2,41.0,44,3.193548387096774,0,3.0,0,21.080000000000002,58.84337349397591,1
17,84,0,1,0,1,1,19,1,17,1,96,60,0,0,2,0,92.0,25.5,-36,3.5294117647058822,0,2.7,0,14.28,55.42168674698795,1
17,84,2,0,2,1,1,19,1,17,1,96,60,0,0,2,0,82.0,25.5,-36,3.5294117647058822,4,2.7,4,14.28,49.397590361445786,1
17,84,2,1,1,1,1,19,1,17,1,96,60,0,0,2,0,92.0,25.5,-36,3.5294117647058822,3,2.7,2,14.28,55.42168674698795,1
17,84,2,0,1,1,1,19,1,17,1,96,60,0,0,2,0,82.0,25.5,-36,3.5294117647058822,3,2.7,2,14.28,49.397590361445786,1
24,98,0,1,2,1,0,21,1,16,1,51,64,1,1,2,0,79.60000000000001,32.0,13,2.6666666666666665,1,3.6,0,23.52,51.14859437751005,1
24,98,0,1,2,1,0,26,0,18,1,50,94,0,2,0,0,79.2,33.0,44,3.9166666666666665,0,2.8,0,23.52,74.74698795180724,1
24,98,0,1,2,1,0,29,1,3,1,99,71,1,2,1,0,98.80000000000001,25.5,-28,2.9583333333333335,0,2.3,0,23.52,70.42971887550202,1
24,98,0,1,2,1,0,19,2,5,1,53,42,1,0,3,0,80.4,26.5,-11,1.75,2,2.5,0,23.52,33.90361445783133,1
24,98,0,1,2,1,0,19,1,2,1,72,66,0,2,2,0,88.0,25.0,-6,2.75,0,1.2,0,23.52,58.31325301204819,1
24,98,2,0,1,1,0,21,1,16,1,51,64,1,1,2,0,69.60000000000001,32.0,13,2.6666666666666665,2,3.6,2,23.52,44.72289156626507,1
24,98,2,0,1,1,0,26,0,18,1,50,94,0,2,0,0,69.2,33.0,44,3.9166666666666665,1,2.8,2,23.52,65.30923694779118,1
24,98,2,0,1,1,0,29,1,3,1,99,71,1,2,1,0,88.80000000000001,25.5,-28,2.9583333333333335,1,2.3,2,23.52,63.301204819277125,1
24,98,2,0,1,1,0,19,2,5,1,53,42,1,0,3,0,70.4,26.5,-11,1.75,3,2.5,2,23.52,29.686746987951814,1
24,98,2,0,1,1,0,19,1,2,1,72,66,0,2,2,0,78.0,25.0,-6,2.75,1,1.2,2,23.52,51.686746987951814,1
24,98,1,1,1,1,0,21,1,16,1,51,64,1,1,2,0,79.60000000000001,32.0,13,2.6666666666666665,1,3.6,1,23.52,51.14859437751005,1
24,98,1,1,1,1,0,26,0,18,1,50,94,0,2,0,0,79.2,33.0,44,3.9166666666666665,0,2.8,1,23.52,74.74698795180724,1
24,98,1,1,1,1,0,29,1,3,1,99,71,1,2,1,0,98.80000000000001,25.5,-28,2.9583333333333335,0,2.3,1,23.52,70.42971887550202,1
24,98,1,1,1,1,0,19,2,5,1,53,42,1,0,3,0,80.4,26.5,-11,1.75,2,2.5,1,23.52,33.90361445783133,1
24,98,1,1,1,1,0,19,1,2,1,72,66,0,2,2,0,88.0,25.0,-6,2.75,0,1.2,1,23.52,58.31325301204819,1
29,74,2,1,2,1,1,24,2,11,1,78,41,1,1,3,0,80.80000000000001,34.5,-37,1.4137931034482758,3,3.1,4,21.46,33.26104417670683,1
29,74,0,0,1,1,1,24,2,11,1,78,41,1,1,3,0,70.80000000000001,34.5,-37,1.4137931034482758,0,3.1,0,21.46,29.14457831325302,1
28,87,1,1,2,1,0,20,2,0,1,65,85,1,1,0,0,80.80000000000001,28.0,20,3.0357142857142856,2,2.0,2,24.36,68.95582329317271,1
28,87,1,0,1,1,0,20,2,0,1,65,85,1,1,0,0,70.80000000000001,28.0,20,3.0357142857142856,1,2.0,1,24.36,60.421686746987966,1
30,78,2,1,1,1,1,29,0,5,1,58,51,1,2,3,0,74.4,32.5,-7,1.7,1,2.5,2,23.400000000000002,38.096385542168676,1
31,71,2,1,1,1,1,22,0,12,0,97,79,0,1,1,0,77.2,37.0,-18,2.5483870967741935,2,2.2,2,22.009999999999998,61.23293172690764,1
31,71,2,1,1,1,1,26,3,18,0,79,97,1,0,0,0,70.0,40.0,18,3.129032258064516,3,3.8,2,22.009999999999998,68.17269076305222,1
18,84,0,1,1,1,1,29,3,16,0,68,66,1,1,2,0,70.80000000000001,26.0,-2,3.6666666666666665,0,3.6,0,15.12,46.91566265060242,1
18,84,0,0,1,1,1,29,3,16,0,68,66,1,1,2,0,60.800000000000004,26.0,-2,3.6666666666666665,0,3.6,0,15.12,40.28915662650603,1
18,84,2,0,1,1,1,29,3,16,0,68,66,1,1,2,0,60.800000000000004,26.0,-2,3.6666666666666665,2,3.6,2,15.12,40.28915662650603,1
18,84,2,1,0,1,1,29,3,16,0,68,66,1,1,2,0,70.80000000000001,26.0,-2,3.6666666666666665,1,3.6,0,15.12,46.91566265060242,1
29,88,1,1,1,1,1,21,1,7,1,90,49,1,2,3,0,91.2,32.5,-41,1.6896551724137931,0,2.7,1,25.52,44.867469879518076,1
16,90,0,0,1,1,1,22,2,2,1,57,52,1,2,3,0,68.8,17.0,-5,3.25,-1,2.2,0,14.4,35.91967871485944,1
16,90,1,0,1,1,1,22,2,2,1,57,52,1,2,3,0,68.8,17.0,-5,3.25,0,2.2,1,14.4,35.91967871485944,1
16,90,2,1,0,1,1,22,2,2,1,57,52,1,2,3,0,78.8,17.0,-5,3.25,0,2.2,0,14.4,41.14056224899599,1
22,94,2,0,0,1,1,25,0,9,0,61,51,1,2,3,0,62.0,26.5,-10,2.3181818181818183,0,2.9,0,20.68,31.746987951807235,1
22,94,2,0,0,1,1,20,2,16,1,87,94,0,1,0,0,82.4,30.0,7,4.2727272727272725,1,2.6,0,20.68,77.76706827309238,1
22,94,2,0,0,1,1,25,0,20,1,62,50,0,2,3,0,72.4,32.0,-12,2.272727272727273,0,3.0,0,20.68,36.34538152610442,1
22,94,1,1,0,1,1,25,0,9,0,61,51,1,2,3,0,72.0,26.5,-10,2.3181818181818183,-1,2.9,0,20.68,36.86746987951807,1
22,94,1,1,0,1,1,20,2,16,1,87,94,0,1,0,0,92.4,30.0,7,4.2727272727272725,0,2.6,0,20.68,87.20481927710844,1
22,94,1,1,0,1,1,25,0,20,1,62,50,0,2,3,0,82.4,32.0,-12,2.272727272727273,-1,3.0,0,20.68,41.36546184738956,1
22,94,2,1,1,1,1,25,0,9,0,61,51,1,2,3,0,72.0,26.5,-10,2.3181818181818183,1,2.9,2,20.68,36.86746987951807,1
22,94,2,1,1,1,1,20,2,16,1,87,94,0,1,0,0,92.4,30.0,7,4.2727272727272725,2,2.6,2,20.68,87.20481927710844,1
22,94,2,1,1,1,1,25,0,20,1,62,50,0,2,3,0,82.4,32.0,-12,2.272727272727273,1,3.0,2,20.68,41.36546184738956,1
20,75,1,1,0,1,0,29,2,8,0,94,66,1,1,2,0,77.6,24.0,-28,3.3,0,2.8,0,15.0,51.42168674698795,1
20,75,1,0,1,1,0,29,2,8,0,94,66,1,1,2,0,67.6,24.0,-28,3.3,1,2.8,1,15.0,44.795180722891565,1
20,75,1,1,2,1,0,29,2,8,0,94,66,1,1,2,0,77.6,24.0,-28,3.3,2,2.8,2,15.0,51.42168674698795,1
29,76,2,1,1,1,0,18,0,7,1,84,42,0,1,3,0,84.0,32.5,-42,1.4482758620689655,2,1.7000000000000002,2,22.04,35.42168674698795,1
29,76,2,1,1,1,0,18,2,2,1,65,91,0,2,0,0,76.4,30.0,26,3.1379310344827585,1,1.2,2,22.04,69.80321285140563,1
29,76,2,1,1,1,0,26,2,17,1,71,76,0,2,1,0,78.80000000000001,37.5,5,2.6206896551724137,1,2.7,2,22.04,60.128514056224915,1
29,76,2,1,1,1,0,22,1,1,1,75,97,0,2,0,0,80.4,29.5,22,3.3448275862068964,1,1.1,2,22.04,78.30120481927712,1
29,76,2,1,1,1,0,19,1,4,1,71,90,1,2,0,0,78.80000000000001,31.0,19,3.103448275862069,1,2.4,2,22.04,71.20481927710846,1
28,86,1,0,1,1,1,25,3,10,0,58,89,1,2,0,0,57.6,33.0,31,3.1785714285714284,0,3.0,1,24.08,51.4698795180723,1
28,86,1,1,1,1,1,25,3,10,0,58,89,1,2,0,0,67.6,33.0,31,3.1785714285714284,0,3.0,1,24.08,60.40562248995984,1
27,92,0,1,2,1,0,20,1,7,0,89,67,0,0,2,0,82.4,30.5,-22,2.4814814814814814,2,1.7000000000000002,0,24.84,55.42971887550201,1
27,92,1,1,0,1,0,20,1,7,0,89,67,0,0,2,0,82.4,30.5,-22,2.4814814814814814,1,1.7000000000000002,0,24.84,55.42971887550201,1
28,81,2,1,1,1,0,19,1,5,0,69,73,1,1,1,0,70.0,30.5,4,2.607142857142857,2,2.5,2,22.68,51.30522088353414,1
28,81,2,1,1,1,0,27,3,12,1,93,52,0,2,3,0,89.6,34.0,-41,1.8571428571428572,1,2.2,2,22.68,46.77911646586345,1
28,81,2,1,1,1,0,18,0,7,0,56,74,1,2,1,0,64.8,31.5,18,2.642857142857143,1,2.7,2,22.68,48.144578313253014,1
30,68,2,0,1,1,1,22,2,2,0,100,100,0,0,0,0,67.2,31.0,0,3.3333333333333335,3,1.2,2,20.400000000000002,67.46987951807229,1
30,68,2,0,1,1,1,26,0,6,1,52,41,1,0,3,0,58.0,33.0,-11,1.3666666666666667,3,2.6,2,20.400000000000002,23.87550200803213,1
19,99,1,1,2,1,0,24,2,0,0,71,80,0,1,1,0,78.0,19.0,9,4.2105263157894735,2,1.0,2,18.81,62.65060240963856,1
19,99,1,1,2,1,0,26,0,2,0,64,74,1,1,1,0,75.2,20.0,10,3.8947368421052633,2,2.2,2,18.81,55.871485943775106,1
19,99,1,1,2,1,0,28,3,9,1,66,52,1,2,3,0,86.0,23.5,-14,2.736842105263158,1,2.9,2,18.81,44.8995983935743,1
19,99,0,1,0,1,0,24,2,0,0,71,80,0,1,1,0,78.0,19.0,9,4.2105263157894735,-1,1.0,0,18.81,62.65060240963856,1
19,99,0,1,0,1,0,26,0,2,0,64,74,1,1,1,0,75.2,20.0,10,3.8947368421052633,-1,2.2,0,18.81,55.871485943775106,1
19,99,0,1,0,1,0,28,3,9,1,66,52,1,2,3,0,86.0,23.5,-14,2.736842105263158,-2,2.9,0,18.81,44.8995983935743,1
29,98,2,0,0,1,1,19,1,11,1,77,69,0,2,2,0,80.0,34.5,-8,2.3793103448275863,0,2.1,0,28.419999999999998,55.42168674698795,1
29,98,2,0,0,1,1,22,0,14,1,52,58,1,2,2,0,70.0,36.0,6,2.0,0,3.4000000000000004,0,28.419999999999998,40.76305220883535,1
29,98,2,1,0,1,1,19,1,11,1,77,69,0,2,2,0,90.0,34.5,-8,2.3793103448275863,0,2.1,0,28.419999999999998,62.34939759036145,1
29,98,2,1,0,1,1,22,0,14,1,52,58,1,2,2,0,80.0,36.0,6,2.0,0,3.4000000000000004,0,28.419999999999998,46.5863453815261,1
17,73,1,1,0,1,0,27,3,15,0,99,47,1,2,3,0,78.80000000000001,24.5,-52,2.764705882352941,-1,3.5,0,12.41,37.1847389558233,1
17,73,1,1,2,1,0,27,3,15,0,99,47,1,2,3,0,78.80000000000001,24.5,-52,2.764705882352941,1,3.5,2,12.41,37.1847389558233,1
17,73,2,0,1,1,0,27,3,15,0,99,47,1,2,3,0,68.80000000000001,24.5,-52,2.764705882352941,1,3.5,2,12.41,32.46586345381527,1
17,73,0,0,2,1,0,27,3,15,0,99,47,1,2,3,0,68.80000000000001,24.5,-52,2.764705882352941,0,3.5,0,12.41,32.46586345381527,1
23,63,1,1,2,1,0,18,3,16,1,86,63,1,2,2,0,79.6,31.0,-23,2.739130434782609,1,3.6,2,14.49,50.34939759036144,1
23,63,1,1,1,1,0,18,3,16,1,86,63,1,2,2,0,79.6,31.0,-23,2.739130434782609,0,3.6,1,14.49,50.34939759036144,1
23,63,2,0,0,1,0,18,3,16,1,86,63,1,2,2,0,69.6,31.0,-23,2.739130434782609,0,3.6,0,14.49,44.02409638554217,1
36,66,2,1,2,1,1,21,3,12,1,50,81,1,2,1,0,66.4,42.0,31,2.25,2,3.2,4,23.76,54.00000000000001,1
25,80,0,0,1,1,1,20,3,5,0,52,79,0,2,1,0,52.8,27.5,27,3.16,-1,1.5,0,20.0,41.87951807228916,1
25,80,0,0,1,1,1,23,2,1,0,75,79,1,2,1,0,62.0,25.5,4,3.16,-1,2.1,0,20.0,49.176706827309246,1
25,80,1,1,0,1,1,20,3,5,0,52,79,0,2,1,0,62.8,27.5,27,3.16,-1,1.5,0,20.0,49.81124497991968,1
25,80,1,1,0,1,1,23,2,1,0,75,79,1,2,1,0,72.0,25.5,4,3.16,-1,2.1,0,20.0,57.10843373493976,1
18,90,2,1,1,1,0,26,2,12,1,74,60,0,0,2,0,85.6,24.0,-14,3.3333333333333335,3,2.2,2,16.2,51.566265060240966,1
18,90,1,1,2,1,0,26,2,12,1,74,60,0,0,2,0,85.6,24.0,-14,3.3333333333333335,3,2.2,2,16.2,51.566265060240966,1
18,90,1,0,0,1,0,26,2,12,1,74,60,0,0,2,0,75.6,24.0,-14,3.3333333333333335,1,2.2,0,16.2,45.54216867469879,1
18,90,2,1,0,1,0,26,2,12,1,74,60,0,0,2,0,85.6,24.0,-14,3.3333333333333335,2,2.2,0,16.2,51.566265060240966,1
27,77,1,1,0,1,1,23,3,9,0,82,91,0,2,0,0,73.60000000000001,31.5,9,3.3703703703703702,-1,1.9,0,20.79,67.24497991967873,1
27,77,2,0,2,1,1,23,3,9,0,82,91,0,2,0,0,63.60000000000001,31.5,9,3.3703703703703702,2,1.9,4,20.79,58.10843373493977,1
27,77,2,1,0,1,1,23,3,9,0,82,91,0,2,0,0,73.60000000000001,31.5,9,3.3703703703703702,0,1.9,0,20.79,67.24497991967873,1
22,92,1,0,1,1,1,27,3,1,1,55,56,1,2,2,0,68.80000000000001,22.5,1,2.5454545454545454,0,2.1,1,20.240000000000002,38.68273092369479,1
22,92,1,0,1,1,1,29,0,3,0,51,42,1,0,3,0,57.2,23.5,-9,1.9090909090909092,2,2.3,1,20.240000000000002,24.120481927710845,1
22,92,1,0,1,1,1,22,1,8,1,65,63,1,2,2,0,72.80000000000001,26.0,-2,2.8636363636363638,0,2.8,1,20.240000000000002,46.04819277108435,1
22,92,0,0,1,1,1,27,3,1,1,55,56,1,2,2,0,68.80000000000001,22.5,1,2.5454545454545454,-1,2.1,0,20.240000000000002,38.68273092369479,1
22,92,0,0,1,1,1,29,0,3,0,51,42,1,0,3,0,57.2,23.5,-9,1.9090909090909092,1,2.3,0,20.240000000000002,24.120481927710845,1
22,92,0,0,1,1,1,22,1,8,1,65,63,1,2,2,0,72.80000000000001,26.0,-2,2.8636363636363638,-1,2.8,0,20.240000000000002,46.04819277108435,1
22,92,0,1,2,1,1,27,3,1,1,55,56,1,2,2,0,78.80000000000001,22.5,1,2.5454545454545454,0,2.1,0,20.240000000000002,44.30522088353415,1
22,92,0,1,2,1,1,29,0,3,0,51,42,1,0,3,0,67.2,23.5,-9,1.9090909090909092,2,2.3,0,20.240000000000002,28.337349397590366,1
22,92,0,1,2,1,1,22,1,8,1,65,63,1,2,2,0,82.80000000000001,26.0,-2,2.8636363636363638,0,2.8,0,20.240000000000002,52.37349397590362,1
22,92,0,1,0,1,1,27,3,1,1,55,56,1,2,2,0,78.80000000000001,22.5,1,2.5454545454545454,-2,2.1,0,20.240000000000002,44.30522088353415,1
22,92,0,1,0,1,1,29,0,3,0,51,42,1,0,3,0,67.2,23.5,-9,1.9090909090909092,0,2.3,0,20.240000000000002,28.337349397590366,1
22,92,0,1,0,1,1,22,1,8,1,65,63,1,2,2,0,82.80000000000001,26.0,-2,2.8636363636363638,-2,2.8,0,20.240000000000002,52.37349397590362,1
22,92,2,0,0,1,1,27,3,1,1,55,56,1,2,2,0,68.80000000000001,22.5,1,2.5454545454545454,0,2.1,0,20.240000000000002,38.68273092369479,1
22,92,2,0,0,1,1,29,0,3,0,51,42,1,0,3,0,57.2,23.5,-9,1.9090909090909092,2,2.3,0,20.240000000000002,24.120481927710845,1
22,92,2,0,0,1,1,22,1,8,1,65,63,1,2,2,0,72.80000000000001,26.0,-2,2.8636363636363638,0,2.8,0,20.240000000000002,46.04819277108435,1
22,92,0,0,0,1,1,27,3,1,1,55,56,1,2,2,0,68.80000000000001,22.5,1,2.5454545454545454,-2,2.1,0,20.240000000000002,38.68273092369479,1
22,92,0,0,0,1,1,29,0,3,0,51,42,1,0,3,0,57.2,23.5,-9,1.9090909090909092,0,2.3,0,20.240000000000002,24.120481927710845,1
22,92,0,0,0,1,1,22,1,8,1,65,63,1,2,2,0,72.80000000000001,26.0,-2,2.8636363636363638,-2,2.8,0,20.240000000000002,46.04819277108435,1
22,92,2,0,1,1,1,27,3,1,1,55,56,1,2,2,0,68.80000000000001,22.5,1,2.5454545454545454,1,2.1,2,20.240000000000002,38.68273092369479,1
22,92,2,0,1,1,1,29,0,3,0,51,42,1,0,3,0,57.2,23.5,-9,1.9090909090909092,3,2.3,2,20.240000000000002,24.120481927710845,1
22,92,2,0,1,1,1,22,1,8,1,65,63,1,2,2,0,72.80000000000001,26.0,-2,2.8636363636363638,1,2.8,2,20.240000000000002,46.04819277108435,1
22,92,1,1,1,1,1,27,3,1,1,55,56,1,2,2,0,78.80000000000001,22.5,1,2.5454545454545454,0,2.1,1,20.240000000000002,44.30522088353415,1
22,92,1,1,1,1,1,29,0,3,0,51,42,1,0,3,0,67.2,23.5,-9,1.9090909090909092,2,2.3,1,20.240000000000002,28.337349397590366,1
22,92,1,1,1,1,1,22,1,8,1,65,63,1,2,2,0,82.80000000000001,26.0,-2,2.8636363636363638,0,2.8,1,20.240000000000002,52.37349397590362,1
29,64,2,1,1,1,0,20,2,6,0,99,49,1,2,3,1,75.2,32.0,-50,1.6896551724137931,1,2.6,2,18.56,36.99598393574298,1
29,64,1,0,1,1,0,20,2,6,0,99,49,1,2,3,1,65.2,32.0,-50,1.6896551724137931,0,2.6,1,18.56,32.07630522088353,1
21,77,0,1,0,1,0,29,0,11,1,83,92,1,1,0,0,84.0,26.5,9,4.380952380952381,-1,3.1,0,16.17,77.59036144578313,1
21,77,0,1,2,1,0,29,0,11,1,83,92,1,1,0,0,84.0,26.5,9,4.380952380952381,1,3.1,0,16.17,77.59036144578313,1
21,77,1,1,1,1,0,29,0,11,1,83,92,1,1,0,0,84.0,26.5,9,4.380952380952381,1,3.1,1,16.17,77.59036144578313,1
21,77,1,1,0,1,0,29,0,11,1,83,92,1,1,0,0,84.0,26.5,9,4.380952380952381,0,3.1,0,16.17,77.59036144578313,1
28,84,1,1,1,1,1,21,3,3,1,78,65,1,1,2,0,84.80000000000001,29.5,-13,2.3214285714285716,1,2.3,1,23.52,55.3413654618474,1
28,84,1,1,1,1,1,24,2,7,1,100,44,1,2,3,0,93.6,31.5,-56,1.5714285714285714,0,2.7,1,23.52,41.34939759036145,1
28,84,2,1,2,1,1,21,3,3,1,78,65,1,1,2,0,84.80000000000001,29.5,-13,2.3214285714285716,3,2.3,4,23.52,55.3413654618474,1
28,84,2,1,2,1,1,24,2,7,1,100,44,1,2,3,0,93.6,31.5,-56,1.5714285714285714,2,2.7,4,23.52,41.34939759036145,1
23,95,1,0,0,1,0,21,2,2,1,54,98,0,2,0,0,69.6,24.0,44,4.260869565217392,-1,1.2,0,21.849999999999998,68.48192771084338,1
23,95,1,0,0,1,0,26,2,20,0,64,73,1,2,1,0,63.6,33.0,9,3.1739130434782608,-1,4.0,0,21.849999999999998,46.6144578313253,1
23,95,0,0,2,1,0,21,2,2,1,54,98,0,2,0,0,69.6,24.0,44,4.260869565217392,0,1.2,0,21.849999999999998,68.48192771084338,1
23,95,0,0,2,1,0,26,2,20,0,64,73,1,2,1,0,63.6,33.0,9,3.1739130434782608,0,4.0,0,21.849999999999998,46.6144578313253,1
23,95,1,1,2,1,0,21,2,2,1,54,98,0,2,0,0,79.6,24.0,44,4.260869565217392,1,1.2,2,21.849999999999998,78.32128514056224,1
23,95,1,1,2,1,0,26,2,20,0,64,73,1,2,1,0,73.6,33.0,9,3.1739130434782608,1,4.0,2,21.849999999999998,53.9437751004016,1
23,95,1,0,1,1,0,21,2,2,1,54,98,0,2,0,0,69.6,24.0,44,4.260869565217392,0,1.2,1,21.849999999999998,68.48192771084338,1
23,95,1,0,1,1,0,26,2,20,0,64,73,1,2,1,0,63.6,33.0,9,3.1739130434782608,0,4.0,1,21.849999999999998,46.6144578313253,1
44,68,0,0,0,1,0,21,3,7,0,99,85,0,2,0,0,66.80000000000001,47.5,-14,1.9318181818181819,-2,1.7000000000000002,0,29.92,57.00803212851407,1
28,69,0,0,0,1,1,26,0,1,1,54,42,0,1,3,0,59.2,28.5,-12,1.5,-1,1.1,0,19.32,24.96385542168675,1
28,69,2,0,0,1,1,26,0,1,1,54,42,0,1,3,0,59.2,28.5,-12,1.5,1,1.1,0,19.32,24.96385542168675,1
28,69,1,1,1,1,1,26,0,1,1,54,42,0,1,3,0,69.2,28.5,-12,1.5,1,1.1,1,19.32,29.18072289156627,1
28,69,2,1,0,1,1,26,0,1,1,54,42,0,1,3,0,69.2,28.5,-12,1.5,1,1.1,0,19.32,29.18072289156627,1
28,69,0,0,1,1,1,26,0,1,1,54,42,0,1,3,0,59.2,28.5,-12,1.5,0,1.1,0,19.32,24.96385542168675,1
29,73,1,0,0,1,1,22,3,5,1,76,90,1,2,0,0,69.60000000000001,31.5,14,3.103448275862069,-1,2.5,0,21.169999999999998,62.891566265060256,1
29,73,1,0,0,1,1,21,1,11,1,52,91,0,0,0,0,60.0,34.5,39,3.1379310344827585,1,2.1,0,21.169999999999998,54.81927710843374,1
17,66,1,0,1,1,0,28,2,5,0,77,49,1,2,3,0,57.2,19.5,-28,2.8823529411764706,0,2.5,1,11.22,28.140562248995984,1
32,75,1,1,2,1,1,27,0,2,1,98,99,1,2,0,0,89.2,33.0,1,3.09375,1,2.2,2,24.0,88.66265060240964,1
32,75,1,1,2,1,1,29,3,6,1,51,62,0,2,2,0,70.4,35.0,11,1.9375,1,1.6,2,24.0,43.82329317269077,1
32,75,0,0,1,1,1,27,0,2,1,98,99,1,2,0,0,79.2,33.0,1,3.09375,-1,2.2,0,24.0,78.72289156626508,1
32,75,0,0,1,1,1,29,3,6,1,51,62,0,2,2,0,60.400000000000006,35.0,11,1.9375,-1,1.6,0,24.0,37.5983935742972,1
34,68,1,0,2,1,1,18,3,3,1,70,87,1,2,0,0,65.2,35.5,17,2.5588235294117645,1,2.3,2,23.12,56.95180722891567,1
22,100,1,1,1,1,0,18,3,6,0,69,59,1,2,2,0,77.6,25.0,-10,2.6818181818181817,0,2.6,1,22.0,45.967871485943775,1
22,100,1,1,1,1,0,28,2,12,1,53,65,1,0,2,0,81.2,28.0,12,2.9545454545454546,2,3.2,1,22.0,52.99196787148595,1
31,84,1,1,0,1,0,26,1,12,1,94,99,1,2,0,0,91.2,37.0,5,3.193548387096774,-1,3.2,0,26.04,90.65060240963857,1
28,78,1,0,0,1,1,27,3,12,0,98,87,0,0,0,0,70.4,34.0,-11,3.107142857142857,1,2.2,0,21.84,61.49397590361447,1
28,78,1,1,0,1,1,27,3,12,0,98,87,0,0,0,0,80.4,34.0,-11,3.107142857142857,1,2.2,0,21.84,70.22891566265062,1
27,65,1,1,1,1,0,28,2,1,1,84,78,1,2,1,0,79.6,27.5,-6,2.888888888888889,0,2.1,1,17.55,62.33734939759036,1
18,63,0,0,1,1,1,25,1,4,0,75,61,1,0,2,0,55.2,20.0,-14,3.388888888888889,1,2.4,0,11.34,33.80722891566265,1
18,63,2,0,1,1,1,25,1,4,0,75,61,1,0,2,0,55.2,20.0,-14,3.388888888888889,3,2.4,2,11.34,33.80722891566265,1
21,97,0,0,1,1,0,23,3,2,0,61,87,1,2,0,0,63.2,22.0,26,4.142857142857143,-1,2.2,0,20.37,55.20481927710844,1
21,97,0,0,1,1,0,22,3,13,0,91,57,1,2,2,0,75.2,27.5,-34,2.7142857142857144,-1,3.3,0,20.37,43.036144578313255,1
21,97,2,0,0,1,0,23,3,2,0,61,87,1,2,0,0,63.2,22.0,26,4.142857142857143,0,2.2,0,20.37,55.20481927710844,1
21,97,2,0,0,1,0,22,3,13,0,91,57,1,2,2,0,75.2,27.5,-34,2.7142857142857144,0,3.3,0,20.37,43.036144578313255,1
21,97,1,1,2,1,0,23,3,2,0,61,87,1,2,0,0,73.2,22.0,26,4.142857142857143,1,2.2,2,20.37,63.93975903614458,1
21,97,1,1,2,1,0,22,3,13,0,91,57,1,2,2,0,85.2,27.5,-34,2.7142857142857144,1,3.3,2,20.37,48.75903614457832,1
17,90,1,1,0,1,0,27,3,19,1,82,53,1,2,3,0,88.80000000000001,26.5,-29,3.1176470588235294,-1,3.9000000000000004,0,15.3,47.25301204819278,1
17,90,1,1,0,1,0,28,2,18,0,71,56,0,2,2,0,74.4,26.0,-15,3.2941176470588234,-1,2.8,0,15.3,41.83132530120482,1
17,90,1,1,0,1,0,26,0,7,1,76,42,1,2,3,0,86.4,20.5,-34,2.4705882352941178,-1,2.7,0,15.3,36.43373493975904,1
17,90,2,0,1,1,0,27,3,19,1,82,53,1,2,3,0,78.80000000000001,26.5,-29,3.1176470588235294,1,3.9000000000000004,2,15.3,41.931726907630534,1
17,90,2,0,1,1,0,28,2,18,0,71,56,0,2,2,0,64.4,26.0,-15,3.2941176470588234,1,2.8,2,15.3,36.208835341365464,1
17,90,2,0,1,1,0,26,0,7,1,76,42,1,2,3,0,76.4,20.5,-34,2.4705882352941178,1,2.7,2,15.3,32.216867469879524,1
17,90,2,1,0,1,0,27,3,19,1,82,53,1,2,3,0,88.80000000000001,26.5,-29,3.1176470588235294,0,3.9000000000000004,0,15.3,47.25301204819278,1
17,90,2,1,0,1,0,28,2,18,0,71,56,0,2,2,0,74.4,26.0,-15,3.2941176470588234,0,2.8,0,15.3,41.83132530120482,1
17,90,2,1,0,1,0,26,0,7,1,76,42,1,2,3,0,86.4,20.5,-34,2.4705882352941178,0,2.7,0,15.3,36.43373493975904,1
21,87,2,1,2,1,0,26,0,14,0,63,55,1,0,2,0,70.0,28.0,-8,2.619047619047619,4,3.4000000000000004,4,18.27,38.65461847389559,1
21,87,2,1,2,1,0,19,3,0,0,56,43,0,2,3,0,67.2,21.0,-13,2.0476190476190474,2,1.0,4,18.27,29.012048192771086,1
21,87,1,1,1,1,0,26,0,14,0,63,55,1,0,2,0,70.0,28.0,-8,2.619047619047619,2,3.4000000000000004,1,18.27,38.65461847389559,1
21,87,1,1,1,1,0,19,3,0,0,56,43,0,2,3,0,67.2,21.0,-13,2.0476190476190474,0,1.0,1,18.27,29.012048192771086,1
21,87,0,1,1,1,0,26,0,14,0,63,55,1,0,2,0,70.0,28.0,-8,2.619047619047619,1,3.4000000000000004,0,18.27,38.65461847389559,1
21,87,0,1,1,1,0,19,3,0,0,56,43,0,2,3,0,67.2,21.0,-13,2.0476190476190474,-1,1.0,0,18.27,29.012048192771086,1
21,85,1,0,1,1,0,18,3,8,1,72,45,0,2,3,0,72.8,25.0,-27,2.142857142857143,0,1.8,1,17.849999999999998,32.89156626506024,1
21,85,1,0,1,1,0,26,2,6,0,85,56,1,1,2,0,68.0,24.0,-29,2.6666666666666665,1,2.6,1,17.849999999999998,38.23293172690764,1
21,85,1,0,1,1,0,18,0,14,0,97,52,0,1,3,0,72.80000000000001,28.0,-45,2.4761904761904763,1,2.4000000000000004,1,17.849999999999998,38.00803212851407,1
21,85,1,0,0,1,0,18,3,8,1,72,45,0,2,3,0,72.8,25.0,-27,2.142857142857143,-1,1.8,0,17.849999999999998,32.89156626506024,1
21,85,1,0,0,1,0,26,2,6,0,85,56,1,1,2,0,68.0,24.0,-29,2.6666666666666665,0,2.6,0,17.849999999999998,38.23293172690764,1
21,85,1,0,0,1,0,18,0,14,0,97,52,0,1,3,0,72.80000000000001,28.0,-45,2.4761904761904763,0,2.4000000000000004,0,17.849999999999998,38.00803212851407,1
21,85,2,1,1,1,0,18,3,8,1,72,45,0,2,3,0,82.8,25.0,-27,2.142857142857143,1,1.8,2,17.849999999999998,37.40963855421687,1
21,85,2,1,1,1,0,26,2,6,0,85,56,1,1,2,0,78.0,24.0,-29,2.6666666666666665,2,2.6,2,17.849999999999998,43.85542168674699,1
21,85,2,1,1,1,0,18,0,14,0,97,52,0,1,3,0,82.80000000000001,28.0,-45,2.4761904761904763,2,2.4000000000000004,2,17.849999999999998,43.22891566265061,1
21,85,1,1,0,1,0,18,3,8,1,72,45,0,2,3,0,82.8,25.0,-27,2.142857142857143,-1,1.8,0,17.849999999999998,37.40963855421687,1
21,85,1,1,0,1,0,26,2,6,0,85,56,1,1,2,0,78.0,24.0,-29,2.6666666666666665,0,2.6,0,17.849999999999998,43.85542168674699,1
21,85,1,1,0,1,0,18,0,14,0,97,52,0,1,3,0,82.80000000000001,28.0,-45,2.4761904761904763,0,2.4000000000000004,0,17.849999999999998,43.22891566265061,1
27,91,2,0,1,1,0,24,0,9,1,98,58,1,1,2,0,85.6,31.5,-40,2.1481481481481484,2,2.9,2,24.57,49.84738955823293,1
27,91,2,0,1,1,0,27,0,6,1,55,70,1,0,1,0,68.4,30.0,15,2.5925925925925926,3,2.6,2,24.57,48.07228915662651,1
27,91,2,0,1,1,0,22,1,8,1,89,95,0,2,0,0,82.0,31.0,6,3.5185185185185186,1,1.8,2,24.57,78.21285140562249,1
27,91,2,0,1,1,0,26,0,2,0,92,60,1,0,2,0,73.2,28.0,-32,2.2222222222222223,3,2.2,2,24.57,44.096385542168676,1
27,91,2,0,1,1,0,26,3,11,0,80,84,1,2,1,0,68.4,32.5,4,3.111111111111111,1,3.1,2,24.57,57.686746987951814,1
27,91,2,1,0,1,0,24,0,9,1,98,58,1,1,2,0,95.6,31.5,-40,2.1481481481481484,1,2.9,0,24.57,55.670682730923694,1
27,91,2,1,0,1,0,27,0,6,1,55,70,1,0,1,0,78.4,30.0,15,2.5925925925925926,2,2.6,0,24.57,55.10040160642571,1
27,91,2,1,0,1,0,22,1,8,1,89,95,0,2,0,0,92.0,31.0,6,3.5185185185185186,0,1.8,0,24.57,87.75100401606426,1
27,91,2,1,0,1,0,26,0,2,0,92,60,1,0,2,0,83.2,28.0,-32,2.2222222222222223,2,2.2,0,24.57,50.12048192771085,1
27,91,2,1,0,1,0,26,3,11,0,80,84,1,2,1,0,78.4,32.5,4,3.111111111111111,0,3.1,0,24.57,66.12048192771086,1
27,91,1,0,1,1,0,24,0,9,1,98,58,1,1,2,0,85.6,31.5,-40,2.1481481481481484,1,2.9,1,24.57,49.84738955823293,1
27,91,1,0,1,1,0,27,0,6,1,55,70,1,0,1,0,68.4,30.0,15,2.5925925925925926,2,2.6,1,24.57,48.07228915662651,1
27,91,1,0,1,1,0,22,1,8,1,89,95,0,2,0,0,82.0,31.0,6,3.5185185185185186,0,1.8,1,24.57,78.21285140562249,1
27,91,1,0,1,1,0,26,0,2,0,92,60,1,0,2,0,73.2,28.0,-32,2.2222222222222223,2,2.2,1,24.57,44.096385542168676,1
27,91,1,0,1,1,0,26,3,11,0,80,84,1,2,1,0,68.4,32.5,4,3.111111111111111,0,3.1,1,24.57,57.686746987951814,1
15,93,1,1,1,1,0,28,3,10,0,95,42,0,2,3,0,85.2,20.0,-53,2.8,0,2.0,1,13.950000000000001,35.9277108433735,1
15,93,1,1,1,1,0,20,2,9,1,96,42,1,2,3,0,95.60000000000001,19.5,-54,2.8,0,2.9,1,13.950000000000001,40.3132530120482,1
15,93,1,0,2,1,0,20,2,9,1,96,42,1,2,3,0,85.60000000000001,19.5,-54,2.8,1,2.9,2,13.950000000000001,36.09638554216868,1
15,93,0,1,0,1,0,28,3,10,0,95,42,0,2,3,0,85.2,20.0,-53,2.8,-2,2.0,0,13.950000000000001,35.9277108433735,1
15,93,0,1,0,1,0,20,2,9,1,96,42,1,2,3,0,95.60000000000001,19.5,-54,2.8,-2,2.9,0,13.950000000000001,40.3132530120482,1
31,77,0,1,2,1,0,24,1,6,1,88,60,1,1,2,0,86.0,34.0,-28,1.935483870967742,1,2.6,0,23.87,51.807228915662655,1
31,77,0,1,2,1,0,28,2,13,1,80,65,1,2,2,0,82.8,37.5,-15,2.096774193548387,0,3.3,0,23.87,54.036144578313255,1
31,61,1,0,1,1,0,29,3,0,1,80,94,1,1,0,0,66.4,31.0,14,3.032258064516129,1,2.0,1,18.91,62.66666666666667,1
31,61,1,0,1,1,0,23,2,10,0,85,49,0,1,3,0,58.400000000000006,36.0,-36,1.5806451612903225,1,2.0,1,18.91,28.73092369477912,1
31,61,1,0,1,1,0,23,2,4,0,53,68,0,2,2,0,45.60000000000001,33.0,15,2.193548387096774,0,1.4,1,18.91,31.132530120481935,1
31,61,1,0,1,1,0,18,1,13,0,93,40,1,0,3,0,61.60000000000001,37.5,-53,1.2903225806451613,2,3.3,1,18.91,24.73895582329318,1
21,68,1,0,0,1,0,18,1,6,1,84,61,1,1,2,0,70.80000000000001,24.0,-23,2.9047619047619047,0,2.6,0,14.280000000000001,43.36144578313254,1
21,68,1,0,0,1,0,28,0,2,1,87,84,1,2,1,0,72.0,22.0,-3,4.0,-1,2.2,0,14.280000000000001,60.72289156626506,1
21,68,1,0,0,1,0,23,0,4,0,52,54,1,2,3,0,48.0,23.0,2,2.5714285714285716,-1,2.4,0,14.280000000000001,26.024096385542173,1
27,62,0,0,1,1,1,22,1,0,1,66,74,1,2,1,0,61.2,27.0,8,2.740740740740741,-1,2.0,0,16.74,45.4698795180723,1
27,62,1,0,0,1,1,22,1,0,1,66,74,1,2,1,0,61.2,27.0,8,2.740740740740741,-1,2.0,0,16.74,45.4698795180723,1
27,62,0,1,1,1,1,22,1,0,1,66,74,1,2,1,0,71.2,27.0,8,2.740740740740741,-1,2.0,0,16.74,52.89959839357431,1
27,62,1,0,1,1,1,22,1,0,1,66,74,1,2,1,0,61.2,27.0,8,2.740740740740741,0,2.0,1,16.74,45.4698795180723,1
23,83,0,0,1,1,0,23,3,16,1,94,66,0,2,2,0,80.80000000000001,31.0,-28,2.869565217391304,-1,2.6,0,19.09,53.54216867469881,1
23,83,0,0,1,1,0,27,1,10,1,58,99,1,1,0,0,66.4,28.0,41,4.304347826086956,0,3.0,0,19.09,66.00000000000001,1
23,83,0,0,1,1,0,24,1,14,0,95,99,0,1,0,0,71.2,30.0,4,4.304347826086956,0,2.4000000000000004,0,19.09,70.77108433734941,1
23,83,0,0,1,1,0,21,0,16,1,71,94,0,0,0,0,71.60000000000001,31.0,23,4.086956521739131,1,2.6,0,19.09,67.57429718875504,1
23,83,0,0,1,1,0,18,3,4,0,60,66,1,2,2,0,57.2,25.0,6,2.869565217391304,-1,2.4,0,19.09,37.903614457831324,1
16,98,0,1,1,1,0,20,1,5,1,96,49,0,1,3,0,97.60000000000001,18.5,-47,3.0625,0,1.5,0,15.68,48.01606425702812,1
16,98,1,0,1,1,0,20,1,5,1,96,49,0,1,3,0,87.60000000000001,18.5,-47,3.0625,1,1.5,1,15.68,43.09638554216868,1
17,62,0,0,1,1,0,18,3,20,0,69,50,1,2,3,0,52.400000000000006,27.0,-19,2.9411764705882355,-1,4.0,0,10.54,26.30522088353414,1
17,62,0,0,1,1,0,20,2,9,1,60,44,0,0,3,0,58.8,21.5,-16,2.588235294117647,1,1.9,0,10.54,25.97590361445783,1
17,62,0,0,2,1,0,18,3,20,0,69,50,1,2,3,0,52.400000000000006,27.0,-19,2.9411764705882355,0,4.0,0,10.54,26.30522088353414,1
17,62,0,0,2,1,0,20,2,9,1,60,44,0,0,3,0,58.8,21.5,-16,2.588235294117647,2,1.9,0,10.54,25.97590361445783,1
26,64,1,1,0,1,0,20,1,5,1,76,96,1,2,0,0,76.0,28.5,20,3.6923076923076925,-1,2.5,0,16.64,73.25301204819277,1
26,64,1,1,0,1,0,25,2,11,1,100,44,1,2,3,1,85.6,31.5,-56,1.6923076923076923,-1,3.1,0,16.64,37.81526104417671,1
26,64,1,1,0,1,0,25,3,20,1,80,61,1,1,2,0,77.6,36.0,-19,2.3461538461538463,0,4.0,0,16.64,47.52610441767069,1
26,64,1,1,0,1,0,21,1,7,0,65,94,1,2,0,0,61.6,29.5,29,3.6153846153846154,-1,2.7,0,16.64,58.13654618473896,1
28,72,1,1,0,1,0,23,0,15,1,74,76,1,1,1,0,78.4,35.5,2,2.7142857142857144,0,3.5,0,20.16,59.823293172690775,1
28,72,1,1,0,1,0,18,3,6,1,56,79,1,2,1,0,71.2,31.0,23,2.8214285714285716,-1,2.6,0,20.16,56.47389558232933,1
28,72,1,1,0,1,0,20,1,3,1,96,74,0,2,1,0,87.2,29.5,-22,2.642857142857143,-1,1.3,0,20.16,64.78714859437751,1
28,72,1,1,0,1,0,19,2,16,1,93,63,1,1,2,0,86.0,36.0,-30,2.25,0,3.6,0,20.16,54.397590361445786,1
28,72,0,0,2,1,0,23,0,15,1,74,76,1,1,1,0,68.4,35.5,2,2.7142857142857144,1,3.5,0,20.16,52.19277108433736,1
28,72,0,0,2,1,0,18,3,6,1,56,79,1,2,1,0,61.2,31.0,23,2.8214285714285716,0,2.6,0,20.16,48.5421686746988,1
28,72,0,0,2,1,0,20,1,3,1,96,74,0,2,1,0,77.2,29.5,-22,2.642857142857143,0,1.3,0,20.16,57.35742971887551,1
28,72,0,0,2,1,0,19,2,16,1,93,63,1,1,2,0,76.0,36.0,-30,2.25,1,3.6,0,20.16,48.07228915662651,1
16,92,0,0,2,1,0,21,0,12,1,98,51,1,2,3,0,86.0,22.0,-47,3.1875,0,3.2,0,14.72,44.036144578313255,1
16,92,0,0,2,1,0,18,0,7,1,81,46,1,0,3,0,79.2,19.5,-35,2.875,2,2.7,0,14.72,36.578313253012055,1
16,92,1,1,2,1,0,21,0,12,1,98,51,1,2,3,0,96.0,22.0,-47,3.1875,1,3.2,2,14.72,49.156626506024104,1
16,92,1,1,2,1,0,18,0,7,1,81,46,1,0,3,0,89.2,19.5,-35,2.875,3,2.7,2,14.72,41.19678714859438,1
16,92,0,1,0,1,0,21,0,12,1,98,51,1,2,3,0,96.0,22.0,-47,3.1875,-2,3.2,0,14.72,49.156626506024104,1
16,92,0,1,0,1,0,18,0,7,1,81,46,1,0,3,0,89.2,19.5,-35,2.875,0,2.7,0,14.72,41.19678714859438,1
15,81,1,0,2,1,0,18,1,17,1,90,47,1,1,3,0,78.4,23.5,-43,3.1333333333333333,2,3.7,2,12.15,36.99598393574298,1
15,81,2,1,2,1,0,21,3,4,1,97,51,1,2,3,0,91.2,17.0,-46,3.4,2,2.4,4,12.15,46.6987951807229,1
15,81,2,1,2,1,0,18,1,17,1,90,47,1,1,3,0,88.4,23.5,-43,3.1333333333333333,3,3.7,4,12.15,41.71485943775101,1
27,75,1,0,1,1,0,28,3,16,1,100,47,0,2,3,0,80.0,35.0,-53,1.7407407407407407,0,2.6,1,20.25,37.75100401606426,1
27,75,1,0,1,1,0,29,2,6,1,96,55,1,0,2,0,78.4,30.0,-41,2.037037037037037,2,2.6,1,20.25,43.29317269076306,1
27,75,1,0,1,1,0,21,2,13,1,85,62,1,1,2,0,74.0,33.5,-23,2.2962962962962963,1,3.3,1,20.25,46.06425702811245,1
27,75,0,1,0,1,0,28,3,16,1,100,47,0,2,3,0,90.0,35.0,-53,1.7407407407407407,-2,2.6,0,20.25,42.46987951807229,1
27,75,0,1,0,1,0,29,2,6,1,96,55,1,0,2,0,88.4,30.0,-41,2.037037037037037,0,2.6,0,20.25,48.815261044176715,1
27,75,0,1,0,1,0,21,2,13,1,85,62,1,1,2,0,84.0,33.5,-23,2.2962962962962963,-1,3.3,0,20.25,52.28915662650603,1
30,98,2,1,1,1,0,23,0,13,1,76,43,1,2,3,0,89.60000000000001,36.5,-33,1.4333333333333333,1,3.3,2,29.4,38.682730923694784,1
24,75,2,1,2,1,0,22,3,2,1,74,90,1,0,0,0,79.6,25.0,16,3.75,4,2.2,4,18.0,71.92771084337349,1
24,75,2,1,2,1,0,28,3,10,1,77,96,1,1,0,0,80.8,29.0,19,4.0,3,3.0,4,18.0,77.87951807228916,1
24,75,1,1,0,1,0,22,3,2,1,74,90,1,0,0,0,79.6,25.0,16,3.75,1,2.2,0,18.0,71.92771084337349,1
24,75,1,1,0,1,0,28,3,10,1,77,96,1,1,0,0,80.8,29.0,19,4.0,0,3.0,0,18.0,77.87951807228916,1
28,68,2,1,1,1,0,22,0,3,1,66,87,0,2,0,0,73.60000000000001,29.5,21,3.107142857142857,1,1.3,2,19.040000000000003,64.28915662650603,1
28,68,2,1,1,1,0,24,0,19,1,90,89,1,2,0,0,83.2,37.5,-1,3.1785714285714284,1,3.9000000000000004,2,19.040000000000003,74.34538152610442,1
28,68,2,1,1,1,0,28,3,7,1,77,75,1,1,1,0,78.0,31.5,-2,2.6785714285714284,2,2.7,2,19.040000000000003,58.73493975903615,1
31,62,1,1,2,1,1,27,3,1,1,55,93,1,0,0,0,66.8,31.5,38,3.0,3,2.1,2,19.22,62.373493975903614,1
21,74,0,1,0,1,0,19,3,7,1,84,44,0,1,3,0,83.2,24.5,-40,2.0952380952380953,-1,1.7000000000000002,0,15.54,36.75502008032129,1
21,74,0,1,0,1,0,19,1,3,0,51,65,1,1,2,0,60.0,22.5,14,3.0952380952380953,-1,2.3,0,15.54,39.1566265060241,1
21,74,0,1,0,1,0,25,1,3,0,87,80,1,2,1,0,74.4,22.5,-7,3.8095238095238093,-2,2.3,0,15.54,59.75903614457832,1
21,74,0,1,0,1,0,29,0,8,0,53,84,1,2,1,0,60.800000000000004,25.0,31,4.0,-2,2.8,0,15.54,51.277108433734945,1
21,74,1,1,0,1,0,19,3,7,1,84,44,0,1,3,0,83.2,24.5,-40,2.0952380952380953,0,1.7000000000000002,0,15.54,36.75502008032129,1
21,74,1,1,0,1,0,19,1,3,0,51,65,1,1,2,0,60.0,22.5,14,3.0952380952380953,0,2.3,0,15.54,39.1566265060241,1
21,74,1,1,0,1,0,25,1,3,0,87,80,1,2,1,0,74.4,22.5,-7,3.8095238095238093,-1,2.3,0,15.54,59.75903614457832,1
21,74,1,1,0,1,0,29,0,8,0,53,84,1,2,1,0,60.800000000000004,25.0,31,4.0,-1,2.8,0,15.54,51.277108433734945,1
21,74,2,1,0,1,0,19,3,7,1,84,44,0,1,3,0,83.2,24.5,-40,2.0952380952380953,1,1.7000000000000002,0,15.54,36.75502008032129,1
21,74,2,1,0,1,0,19,1,3,0,51,65,1,1,2,0,60.0,22.5,14,3.0952380952380953,1,2.3,0,15.54,39.1566265060241,1
21,74,2,1,0,1,0,25,1,3,0,87,80,1,2,1,0,74.4,22.5,-7,3.8095238095238093,0,2.3,0,15.54,59.75903614457832,1
21,74,2,1,0,1,0,29,0,8,0,53,84,1,2,1,0,60.800000000000004,25.0,31,4.0,0,2.8,0,15.54,51.277108433734945,1
26,77,0,0,1,1,1,20,2,1,1,79,83,1,2,1,0,72.4,26.5,4,3.1923076923076925,-1,2.1,0,20.02,60.333333333333336,1
26,77,1,1,0,1,1,20,2,1,1,79,83,1,2,1,0,82.4,26.5,4,3.1923076923076925,-1,2.1,0,20.02,68.66666666666667,1
26,77,1,1,1,1,1,20,2,1,1,79,83,1,2,1,0,82.4,26.5,4,3.1923076923076925,0,2.1,1,20.02,68.66666666666667,1
37,96,1,1,1,1,1,27,2,19,1,92,41,1,2,3,0,95.20000000000002,46.5,-51,1.1081081081081081,0,3.9000000000000004,1,35.519999999999996,39.18875502008033,1
19,73,1,0,1,1,1,22,0,1,1,69,42,1,2,3,0,66.80000000000001,19.5,-27,2.210526315789474,0,2.1,1,13.87,28.168674698795186,1
19,73,1,1,1,1,1,22,0,1,1,69,42,1,2,3,0,76.80000000000001,19.5,-27,2.210526315789474,0,2.1,1,13.87,32.385542168674704,1
21,64,0,1,2,1,0,26,2,7,0,68,93,1,1,0,0,62.800000000000004,24.5,25,4.428571428571429,1,2.7,0,13.44,58.638554216867476,1
21,64,0,1,2,1,0,24,3,14,0,64,64,1,1,2,0,61.2,28.0,0,3.0476190476190474,1,3.4000000000000004,0,13.44,39.32530120481928,1
21,64,2,1,0,1,0,26,2,7,0,68,93,1,1,0,0,62.800000000000004,24.5,25,4.428571428571429,1,2.7,0,13.44,58.638554216867476,1
21,64,2,1,0,1,0,24,3,14,0,64,64,1,1,2,0,61.2,28.0,0,3.0476190476190474,1,3.4000000000000004,0,13.44,39.32530120481928,1
21,64,0,0,2,1,0,24,3,14,0,64,64,1,1,2,0,51.2,28.0,0,3.0476190476190474,1,3.4000000000000004,0,13.44,32.8995983935743,1
24,96,2,1,1,1,1,24,0,20,1,52,51,1,2,3,0,79.2,34.0,-1,2.125,1,4.0,2,23.04,40.55421686746988,1
24,96,2,1,1,1,1,21,1,14,1,86,50,1,2,3,0,92.80000000000001,31.0,-36,2.0833333333333335,1,3.4000000000000004,2,23.04,46.586345381526115,1
24,96,2,1,1,1,1,28,3,5,0,62,89,1,2,0,0,73.2,26.5,27,3.7083333333333335,1,2.5,2,23.04,65.40963855421687,1
24,96,2,1,1,1,1,19,1,17,0,80,60,1,2,2,0,80.4,32.5,-20,2.5,1,3.7,2,23.04,48.43373493975905,1
18,100,1,0,1,1,1,20,3,3,1,54,58,1,1,2,0,71.6,19.5,4,3.2222222222222223,1,2.3,1,18.0,41.69477911646586,1
18,100,1,1,1,1,1,20,3,3,1,54,58,1,1,2,0,81.6,19.5,4,3.2222222222222223,1,2.3,1,18.0,47.51807228915663,1
21,75,2,0,0,1,0,18,1,1,0,79,72,1,2,1,0,61.6,21.5,-7,3.4285714285714284,0,2.1,0,15.75,44.53012048192771,1
21,75,2,0,0,1,0,22,0,3,1,53,48,1,2,3,0,61.2,22.5,-5,2.2857142857142856,0,2.3,0,15.75,29.493975903614462,1
21,75,2,0,0,1,0,22,3,20,0,98,94,1,0,0,0,69.2,31.0,-4,4.476190476190476,2,4.0,0,15.75,65.30923694779118,1
21,75,2,0,2,1,0,18,1,1,0,79,72,1,2,1,0,61.6,21.5,-7,3.4285714285714284,2,2.1,4,15.75,44.53012048192771,1
21,75,2,0,2,1,0,22,0,3,1,53,48,1,2,3,0,61.2,22.5,-5,2.2857142857142856,2,2.3,4,15.75,29.493975903614462,1
21,75,2,0,2,1,0,22,3,20,0,98,94,1,0,0,0,69.2,31.0,-4,4.476190476190476,4,4.0,4,15.75,65.30923694779118,1
20,88,1,0,1,1,0,29,1,16,0,84,82,1,2,1,0,68.80000000000001,28.0,-2,4.1,0,3.6,1,17.6,56.64257028112451,1
20,88,1,0,1,1,0,21,2,3,1,73,89,1,2,0,0,74.4,21.5,16,4.45,0,2.3,1,17.6,66.48192771084338,1
20,88,1,1,1,1,0,29,1,16,0,84,82,1,2,1,0,78.80000000000001,28.0,-2,4.1,0,3.6,1,17.6,64.87550200803214,1
25,96,1,0,1,1,0,18,3,20,1,57,79,1,2,1,0,71.2,35.0,22,3.16,0,4.0,1,24.0,56.47389558232933,1
25,96,1,0,1,1,0,20,1,8,1,82,91,1,0,0,0,81.20000000000002,29.0,9,3.64,2,2.8,1,24.0,74.18875502008035,1
25,96,1,0,1,1,0,19,0,20,1,72,94,1,2,0,0,77.2,35.0,22,3.76,0,4.0,1,24.0,72.85943775100402,1
25,96,1,0,1,1,0,20,2,20,1,90,60,1,0,2,0,84.4,35.0,-30,2.4,2,4.0,1,24.0,50.84337349397591,1
29,69,1,1,1,1,1,20,2,19,1,100,61,1,2,2,0,87.6,38.5,-39,2.103448275862069,0,3.9000000000000004,1,20.009999999999998,53.65060240963855,1
29,69,1,1,1,1,1,25,3,17,1,78,51,1,1,3,0,78.80000000000001,37.5,-27,1.7586206896551724,1,3.7,1,20.009999999999998,40.349397590361455,1
29,69,1,1,1,1,1,26,2,7,1,83,64,1,2,2,0,80.80000000000001,32.5,-19,2.206896551724138,0,2.7,1,20.009999999999998,51.91967871485945,1
29,67,0,1,1,1,0,20,3,0,1,91,91,1,2,0,0,83.2,29.0,0,3.1379310344827585,-1,2.0,0,19.43,76.01606425702812,1
28,80,1,0,0,1,1,27,2,16,0,96,62,0,2,2,0,70.4,36.0,-34,2.2142857142857144,-1,2.6,0,22.400000000000002,43.82329317269077,1
28,80,2,0,2,1,1,27,2,16,0,96,62,0,2,2,0,70.4,36.0,-34,2.2142857142857144,2,2.6,4,22.400000000000002,43.82329317269077,1
28,80,2,0,1,1,1,27,2,16,0,96,62,0,2,2,0,70.4,36.0,-34,2.2142857142857144,1,2.6,2,22.400000000000002,43.82329317269077,1
30,62,2,1,1,1,1,18,0,1,0,87,50,1,2,3,0,69.60000000000001,30.5,-37,1.6666666666666667,1,2.1,2,18.6,34.939759036144586,1
31,96,0,0,0,1,0,24,3,7,1,99,63,1,1,2,0,88.0,34.5,-36,2.032258064516129,-1,2.7,0,29.759999999999998,55.66265060240964,1
31,96,0,0,0,1,0,20,1,11,0,90,46,1,0,3,0,74.4,36.5,-44,1.4838709677419355,0,3.1,0,29.759999999999998,34.36144578313253,1
31,96,0,0,0,1,0,24,1,10,1,67,89,0,2,0,0,75.2,36.0,22,2.870967741935484,-2,2.0,0,29.759999999999998,67.19678714859438,1
31,96,1,1,1,1,0,24,3,7,1,99,63,1,1,2,0,98.0,34.5,-36,2.032258064516129,1,2.7,1,29.759999999999998,61.98795180722892,1
31,96,1,1,1,1,0,20,1,11,0,90,46,1,0,3,0,84.4,36.5,-44,1.4838709677419355,2,3.1,1,29.759999999999998,38.979919678714865,1
31,96,1,1,1,1,0,24,1,10,1,67,89,0,2,0,0,85.2,36.0,22,2.870967741935484,0,2.0,1,29.759999999999998,76.13253012048193,1
34,84,2,1,1,1,1,27,1,12,0,72,48,0,2,3,0,72.4,40.0,-24,1.411764705882353,1,2.2,2,28.56,34.89156626506024,1
34,84,2,1,1,1,1,29,1,15,1,89,94,0,2,0,0,89.2,41.5,5,2.764705882352941,1,2.5,2,28.56,84.18473895582329,1
34,84,2,1,1,1,1,29,0,8,1,83,91,0,2,0,0,86.80000000000001,38.0,8,2.676470588235294,1,1.8,2,28.56,79.30522088353415,1
34,84,2,1,1,1,1,22,0,9,1,96,83,0,2,1,0,92.0,38.5,-13,2.4411764705882355,1,1.9,2,28.56,76.66666666666667,1
34,84,2,1,1,1,1,24,3,13,1,60,78,0,2,1,0,77.6,40.5,18,2.2941176470588234,1,2.3,2,28.56,60.7710843373494,1
21,94,1,1,1,1,0,26,3,8,1,56,77,1,0,1,0,80.0,25.0,21,3.6666666666666665,2,2.8,1,19.74,61.84738955823293,1
21,94,1,1,1,1,0,24,3,15,1,70,71,1,2,1,0,85.6,28.5,1,3.380952380952381,0,3.5,1,19.74,61.02008032128514,1
21,94,2,0,0,1,0,26,3,8,1,56,77,1,0,1,0,70.0,25.0,21,3.6666666666666665,2,2.8,0,19.74,54.11646586345382,1
21,94,2,0,0,1,0,24,3,15,1,70,71,1,2,1,0,75.6,28.5,1,3.380952380952381,0,3.5,0,19.74,53.89156626506024,1
21,94,0,1,0,1,0,26,3,8,1,56,77,1,0,1,0,80.0,25.0,21,3.6666666666666665,0,2.8,0,19.74,61.84738955823293,1
21,94,0,1,0,1,0,24,3,15,1,70,71,1,2,1,0,85.6,28.5,1,3.380952380952381,-2,3.5,0,19.74,61.02008032128514,1
21,94,1,0,0,1,0,26,3,8,1,56,77,1,0,1,0,70.0,25.0,21,3.6666666666666665,1,2.8,0,19.74,54.11646586345382,1
21,94,1,0,0,1,0,24,3,15,1,70,71,1,2,1,0,75.6,28.5,1,3.380952380952381,-1,3.5,0,19.74,53.89156626506024,1
27,79,0,1,2,1,0,26,3,15,0,80,49,1,2,3,0,73.6,34.5,-31,1.8148148148148149,0,3.5,0,21.330000000000002,36.20883534136546,1
27,79,0,1,2,1,0,24,3,19,1,65,62,1,2,2,0,77.6,36.5,-3,2.2962962962962963,0,3.9000000000000004,0,21.330000000000002,48.30522088353414,1
27,79,2,1,2,1,0,26,3,15,0,80,49,1,2,3,0,73.6,34.5,-31,1.8148148148148149,2,3.5,4,21.330000000000002,36.20883534136546,1
27,79,2,1,2,1,0,24,3,19,1,65,62,1,2,2,0,77.6,36.5,-3,2.2962962962962963,2,3.9000000000000004,4,21.330000000000002,48.30522088353414,1
18,85,1,1,1,1,0,20,2,9,1,75,45,1,0,3,0,84.0,22.5,-30,2.5,2,2.9,1,15.299999999999999,37.95180722891566,1
18,85,2,1,2,1,0,20,2,9,1,75,45,1,0,3,0,84.0,22.5,-30,2.5,4,2.9,4,15.299999999999999,37.95180722891566,1
32,80,1,0,0,1,1,26,1,12,0,87,43,1,2,3,0,66.80000000000001,38.0,-44,1.34375,-1,3.2,0,25.6,28.83935742971888,1
29,83,2,0,1,1,0,20,1,2,1,52,91,1,1,0,0,64.0,30.0,39,3.1379310344827585,2,2.2,2,24.07,58.47389558232932,1
29,83,2,0,1,1,0,22,3,18,1,62,54,1,2,3,0,68.0,38.0,-8,1.8620689655172413,1,3.8,2,24.07,36.867469879518076,1
29,83,2,0,1,1,0,28,3,4,0,83,52,1,0,3,0,66.4,31.0,-31,1.793103448275862,3,2.4,2,24.07,34.66666666666667,1
29,83,1,0,2,1,0,20,1,2,1,52,91,1,1,0,0,64.0,30.0,39,3.1379310344827585,2,2.2,2,24.07,58.47389558232932,1
29,83,1,0,2,1,0,22,3,18,1,62,54,1,2,3,0,68.0,38.0,-8,1.8620689655172413,1,3.8,2,24.07,36.867469879518076,1
29,83,1,0,2,1,0,28,3,4,0,83,52,1,0,3,0,66.4,31.0,-31,1.793103448275862,3,2.4,2,24.07,34.66666666666667,1
31,70,0,1,2,1,0,24,0,15,0,66,98,1,2,0,0,64.4,38.5,32,3.161290322580645,0,3.5,0,21.7,63.36546184738956,1
23,60,1,0,0,1,0,25,1,11,1,98,61,1,2,2,1,73.2,28.5,-37,2.652173913043478,-1,3.1,0,13.799999999999999,44.83132530120482,1
23,60,1,0,0,1,0,19,0,11,1,72,41,1,2,3,0,62.8,28.5,-31,1.7826086956521738,-1,3.1,0,13.799999999999999,25.85140562248996,1
27,64,1,1,0,1,0,29,3,18,0,93,55,1,2,2,0,72.80000000000001,36.0,-38,2.037037037037037,-1,3.8,0,17.28,40.20080321285142,1
27,64,1,1,1,1,0,29,3,18,0,93,55,1,2,2,0,72.80000000000001,36.0,-38,2.037037037037037,0,3.8,1,17.28,40.20080321285142,1
27,64,1,0,2,1,0,29,3,18,0,93,55,1,2,2,0,62.800000000000004,36.0,-38,2.037037037037037,1,3.8,2,17.28,34.678714859437754,1
21,70,2,1,0,1,0,29,2,16,1,80,91,1,1,0,0,80.0,29.0,11,4.333333333333333,1,3.6,0,14.7,73.09236947791165,1
21,70,2,1,0,1,0,21,2,0,1,77,85,0,2,0,0,78.8,21.0,8,4.0476190476190474,0,1.0,0,14.7,67.24899598393574,1
21,70,0,0,2,1,0,29,2,16,1,80,91,1,1,0,0,70.0,29.0,11,4.333333333333333,1,3.6,0,14.7,63.9558232931727,1
21,70,0,0,2,1,0,21,2,0,1,77,85,0,2,0,0,68.8,21.0,8,4.0476190476190474,0,1.0,0,14.7,58.71485943775101,1
21,70,2,1,1,1,0,29,2,16,1,80,91,1,1,0,0,80.0,29.0,11,4.333333333333333,2,3.6,2,14.7,73.09236947791165,1
21,70,2,1,1,1,0,21,2,0,1,77,85,0,2,0,0,78.8,21.0,8,4.0476190476190474,1,1.0,2,14.7,67.24899598393574,1
32,87,1,1,1,1,0,22,2,1,1,65,47,1,2,3,0,80.80000000000001,32.5,-18,1.46875,0,2.1,1,27.84,38.12851405622491,1
32,87,1,1,1,1,0,24,2,15,1,89,70,1,2,1,0,90.4,39.5,-19,2.1875,0,3.5,1,27.84,63.53413654618475,1
29,83,0,0,0,1,1,29,0,11,1,79,64,0,2,2,0,74.80000000000001,34.5,-15,2.206896551724138,-2,2.1,0,24.07,48.06425702811246,1
29,83,0,0,0,1,1,28,3,0,0,71,85,1,0,0,0,61.60000000000001,29.0,14,2.9310344827586206,0,2.0,0,24.07,52.570281124498,1
29,83,0,1,2,1,1,29,0,11,1,79,64,0,2,2,0,84.80000000000001,34.5,-15,2.206896551724138,0,2.1,0,24.07,54.48995983935744,1
29,83,0,1,2,1,1,28,3,0,0,71,85,1,0,0,0,71.60000000000001,29.0,14,2.9310344827586206,2,2.0,0,24.07,61.10441767068274,1
29,83,2,1,1,1,1,29,0,11,1,79,64,0,2,2,0,84.80000000000001,34.5,-15,2.206896551724138,1,2.1,2,24.07,54.48995983935744,1
29,83,2,1,1,1,1,28,3,0,0,71,85,1,0,0,0,71.60000000000001,29.0,14,2.9310344827586206,3,2.0,2,24.07,61.10441767068274,1
34,77,2,0,1,1,0,20,2,9,0,64,72,1,2,1,0,56.400000000000006,38.5,8,2.1176470588235294,1,2.9,2,26.18,40.7710843373494,1
32,76,1,0,1,1,0,29,3,1,1,61,76,0,2,1,0,64.80000000000001,32.5,15,2.375,0,1.1,1,24.32,49.445783132530124,1
32,76,1,0,1,1,0,28,0,9,1,82,90,1,2,0,0,73.2,36.5,8,2.8125,0,2.9,1,24.32,66.14457831325302,1
32,76,0,1,0,1,0,29,3,1,1,61,76,0,2,1,0,74.80000000000001,32.5,15,2.375,-2,1.1,0,24.32,57.07630522088354,1
32,76,0,1,0,1,0,28,0,9,1,82,90,1,2,0,0,83.2,36.5,8,2.8125,-2,2.9,0,24.32,75.18072289156628,1
34,93,1,0,0,1,0,18,1,3,0,71,48,0,2,3,0,65.60000000000001,35.5,-23,1.411764705882353,-1,1.3,0,31.62,31.614457831325304,1
34,93,1,0,0,1,0,22,1,13,0,76,86,1,0,0,0,67.60000000000001,40.5,10,2.5294117647058822,1,3.3,0,31.62,58.3694779116466,1
34,93,1,0,0,1,0,29,2,17,1,99,73,1,2,1,0,86.80000000000001,42.5,-26,2.1470588235294117,-1,3.7,0,31.62,63.61847389558234,1
34,93,1,0,0,1,0,25,0,8,0,89,89,1,2,0,0,72.80000000000001,38.0,0,2.6176470588235294,-1,2.8,0,31.62,65.05220883534139,1
21,78,2,0,2,1,0,27,3,18,0,97,40,0,2,3,0,70.0,30.0,-57,1.9047619047619047,2,2.8,4,16.38,28.11244979919679,1
21,78,2,0,2,1,0,26,3,13,0,61,76,1,2,1,0,55.60000000000001,27.5,15,3.619047619047619,2,3.3,4,16.38,42.425702811244996,1
21,78,1,1,1,1,0,27,3,18,0,97,40,0,2,3,0,80.0,30.0,-57,1.9047619047619047,0,2.8,1,16.38,32.1285140562249,1
21,78,1,1,1,1,0,26,3,13,0,61,76,1,2,1,0,65.60000000000001,27.5,15,3.619047619047619,0,3.3,1,16.38,50.0562248995984,1
30,97,2,1,2,1,1,19,2,1,0,66,90,1,1,0,0,75.2,30.5,24,3.0,3,2.1,4,29.099999999999998,67.95180722891567,1
30,97,2,0,1,1,1,19,2,1,0,66,90,1,1,0,0,65.2,30.5,24,3.0,2,2.1,2,29.099999999999998,58.915662650602414,1
30,72,2,1,1,1,0,28,2,6,1,72,96,1,2,0,0,77.6,33.0,24,3.2,1,2.6,2,21.599999999999998,74.79518072289157,1
30,72,1,1,2,1,0,28,2,6,1,72,96,1,2,0,0,77.6,33.0,24,3.2,1,2.6,2,21.599999999999998,74.79518072289157,1
21,83,1,0,2,1,0,20,1,10,1,72,44,1,1,3,0,72.0,26.0,-28,2.0952380952380953,2,3.0,2,17.43,31.80722891566265,1
21,83,1,0,2,1,0,18,1,7,1,94,96,1,1,0,0,80.80000000000001,24.5,2,4.571428571428571,2,2.7,2,17.43,77.87951807228917,1
21,83,1,0,2,1,0,22,2,14,1,64,73,0,1,1,0,68.80000000000001,28.0,9,3.4761904761904763,2,2.4000000000000004,2,17.43,50.42570281124499,1
21,83,1,0,2,1,0,19,0,9,0,58,64,1,1,2,0,56.400000000000006,25.5,6,3.0476190476190474,2,2.9,2,17.43,36.24096385542169,1
21,83,1,0,1,1,0,20,1,10,1,72,44,1,1,3,0,72.0,26.0,-28,2.0952380952380953,1,3.0,1,17.43,31.80722891566265,1
21,83,1,0,1,1,0,18,1,7,1,94,96,1,1,0,0,80.80000000000001,24.5,2,4.571428571428571,1,2.7,1,17.43,77.87951807228917,1
21,83,1,0,1,1,0,22,2,14,1,64,73,0,1,1,0,68.80000000000001,28.0,9,3.4761904761904763,1,2.4000000000000004,1,17.43,50.42570281124499,1
21,83,1,0,1,1,0,19,0,9,0,58,64,1,1,2,0,56.400000000000006,25.5,6,3.0476190476190474,1,2.9,1,17.43,36.24096385542169,1
17,97,1,0,0,1,0,26,2,18,0,100,54,1,2,3,0,78.80000000000001,26.0,-46,3.176470588235294,-1,3.8,0,16.49,42.72289156626507,1
32,64,0,1,1,1,1,27,2,14,0,94,76,1,2,1,0,73.2,39.0,-18,2.375,-1,3.4000000000000004,0,20.48,55.85542168674699,1
32,64,0,1,1,1,1,23,1,16,1,89,41,1,2,3,0,81.2,40.0,-48,1.28125,-1,3.6,0,20.48,33.42570281124498,1
20,96,1,1,1,1,0,28,3,11,1,93,59,0,0,2,0,95.60000000000001,25.5,-34,2.95,2,2.1,1,19.2,56.63052208835342,1
20,96,1,1,2,1,0,28,3,11,1,93,59,0,0,2,0,95.60000000000001,25.5,-34,2.95,3,2.1,2,19.2,56.63052208835342,1
23,88,2,0,2,1,0,19,1,18,1,92,46,1,1,3,0,82.0,32.0,-46,2.0,3,3.8,4,20.24,37.8714859437751,1
23,88,1,0,1,1,0,19,1,18,1,92,46,1,1,3,0,82.0,32.0,-46,2.0,1,3.8,1,20.24,37.8714859437751,1
28,77,2,1,1,1,1,22,0,12,1,96,75,1,0,1,0,89.2,34.0,-21,2.6785714285714284,3,3.2,2,21.560000000000002,67.16867469879519,1
28,77,2,1,1,1,1,24,1,2,0,85,59,1,2,2,0,74.8,29.0,-26,2.107142857142857,1,2.2,2,21.560000000000002,44.30923694779116,1
19,95,2,1,1,1,0,28,2,19,1,71,65,1,2,2,0,86.4,28.5,-6,3.4210526315789473,1,3.9000000000000004,2,18.05,56.385542168674704,1
19,95,2,1,1,1,0,20,1,6,0,75,41,0,1,3,0,78.0,22.0,-34,2.1578947368421053,2,1.6,2,18.05,32.108433734939766,1
33,72,1,0,0,1,1,28,1,7,1,93,49,1,1,3,0,76.0,36.5,-44,1.4848484848484849,0,2.7,0,23.759999999999998,37.389558232931726,1
33,72,1,0,0,1,1,22,3,19,1,53,46,0,2,3,0,60.0,42.5,-7,1.393939393939394,-1,2.9000000000000004,0,23.759999999999998,27.71084337349398,1
30,95,1,1,1,1,1,22,2,0,1,75,55,1,0,2,0,88.0,30.0,-20,1.8333333333333333,2,2.0,1,28.5,48.59437751004016,1
28,76,1,1,0,1,0,25,2,13,1,85,90,1,2,0,0,84.4,34.5,5,3.2142857142857144,-1,3.3,0,21.28,76.26506024096386,1
28,76,1,1,0,1,0,21,0,9,1,59,92,1,2,0,0,74.0,32.5,33,3.2857142857142856,-1,2.9,0,21.28,68.35341365461848,1
28,76,1,1,0,1,0,25,1,8,1,56,77,1,2,1,0,72.80000000000001,32.0,21,2.75,-1,2.8,0,21.28,56.28112449799198,1
28,76,1,1,0,1,0,26,3,1,0,80,42,1,1,3,0,72.4,28.5,-38,1.5,0,2.1,0,21.28,30.530120481927714,1
28,76,1,1,1,1,0,25,2,13,1,85,90,1,2,0,0,84.4,34.5,5,3.2142857142857144,0,3.3,1,21.28,76.26506024096386,1
28,76,1,1,1,1,0,21,0,9,1,59,92,1,2,0,0,74.0,32.5,33,3.2857142857142856,0,2.9,1,21.28,68.35341365461848,1
28,76,1,1,1,1,0,25,1,8,1,56,77,1,2,1,0,72.80000000000001,32.0,21,2.75,0,2.8,1,21.28,56.28112449799198,1
28,76,1,1,1,1,0,26,3,1,0,80,42,1,1,3,0,72.4,28.5,-38,1.5,1,2.1,1,21.28,30.530120481927714,1
21,100,1,1,1,1,0,23,3,19,0,72,42,0,0,3,0,78.8,30.5,-30,2.0,2,2.9000000000000004,1,21.0,33.22891566265061,1
21,100,1,1,1,1,0,26,1,17,1,67,57,1,0,2,0,86.8,29.5,-10,2.7142857142857144,2,3.7,1,21.0,49.674698795180724,1
21,100,1,1,1,1,0,25,3,17,1,96,96,0,2,0,0,98.4,29.5,0,4.571428571428571,0,2.7,1,21.0,94.84337349397592,1
21,100,1,1,1,1,0,23,2,13,0,62,92,1,1,0,0,74.8,27.5,30,4.380952380952381,1,3.3,1,21.0,69.09236947791165,1
21,100,1,1,1,1,0,24,3,19,1,63,44,1,2,3,0,85.2,30.5,-19,2.0952380952380953,0,3.9000000000000004,1,21.0,37.638554216867476,1
28,94,0,1,1,1,0,24,2,15,1,53,92,0,1,0,0,78.80000000000001,35.5,39,3.2857142857142856,0,2.5,0,26.32,72.78714859437753,1
28,94,1,1,1,1,0,24,2,15,1,53,92,0,1,0,0,78.80000000000001,35.5,39,3.2857142857142856,1,2.5,1,26.32,72.78714859437753,1
28,94,2,1,2,1,0,24,2,15,1,53,92,0,1,0,0,78.80000000000001,35.5,39,3.2857142857142856,3,2.5,4,26.32,72.78714859437753,1
34,81,1,1,0,1,1,27,1,9,0,73,84,1,1,1,0,71.6,38.5,11,2.4705882352941178,0,2.9,0,27.540000000000003,60.3855421686747,1
27,84,1,0,1,1,1,23,2,10,1,80,77,1,2,1,0,75.6,32.0,-3,2.8518518518518516,0,3.0,1,22.68,58.44578313253012,1
27,84,1,0,1,1,1,18,3,3,0,64,92,0,2,0,0,59.2,28.5,28,3.4074074074074074,0,1.3,1,22.68,54.682730923694784,1
27,84,1,0,1,1,1,28,2,3,1,55,53,1,1,3,0,65.6,28.5,-2,1.962962962962963,1,2.3,1,22.68,34.907630522088354,1
32,98,2,0,1,1,1,23,0,16,1,84,68,1,2,2,0,82.80000000000001,40.0,-16,2.125,1,3.6,2,31.36,56.53012048192772,1
32,98,2,0,1,1,1,25,2,7,1,99,50,1,2,3,0,88.80000000000001,35.5,-49,1.5625,1,2.7,2,31.36,44.578313253012055,1
32,98,2,0,1,1,1,21,3,15,1,54,62,1,0,2,0,70.80000000000001,39.5,8,1.9375,3,3.5,2,31.36,44.07228915662652,1
31,68,1,0,0,1,0,26,3,2,1,90,84,0,1,1,0,73.2,32.0,-6,2.7096774193548385,0,1.2,0,21.080000000000002,61.734939759036145,1
31,68,1,0,0,1,0,23,1,12,1,63,68,0,1,2,0,62.400000000000006,37.0,5,2.193548387096774,0,2.2,0,21.080000000000002,42.60240963855423,1
31,68,1,0,0,1,0,29,0,14,1,67,62,1,0,2,0,64.0,38.0,-5,2.0,1,3.4000000000000004,0,21.080000000000002,39.83935742971887,1
31,68,1,0,1,1,0,26,3,2,1,90,84,0,1,1,0,73.2,32.0,-6,2.7096774193548385,1,1.2,1,21.080000000000002,61.734939759036145,1
31,68,1,0,1,1,0,23,1,12,1,63,68,0,1,2,0,62.400000000000006,37.0,5,2.193548387096774,1,2.2,1,21.080000000000002,42.60240963855423,1
31,68,1,0,1,1,0,29,0,14,1,67,62,1,0,2,0,64.0,38.0,-5,2.0,2,3.4000000000000004,1,21.080000000000002,39.83935742971887,1
24,99,1,1,1,1,0,29,3,18,0,51,42,0,2,3,0,70.0,33.0,-9,1.75,0,2.8,1,23.759999999999998,29.51807228915663,1
22,62,1,1,1,1,0,23,1,14,1,53,97,1,2,0,0,66.0,29.0,44,4.409090909090909,0,3.4000000000000004,1,13.64,64.27710843373494,1
22,62,1,1,0,1,0,23,1,14,1,53,97,1,2,0,0,66.0,29.0,44,4.409090909090909,-1,3.4000000000000004,0,13.64,64.27710843373494,1
23,72,1,1,0,1,0,26,2,4,0,95,82,1,2,1,0,76.8,25.0,-13,3.5652173913043477,-1,2.4,0,16.56,63.22891566265061,1
23,72,1,1,0,1,0,23,1,6,1,75,78,0,1,1,0,78.8,26.0,3,3.391304347826087,0,1.6,0,16.56,61.71084337349398,1
23,72,1,1,0,1,0,29,2,2,1,80,47,0,2,3,0,80.8,24.0,-33,2.0434782608695654,-1,1.2,0,16.56,38.1285140562249,1
23,72,2,1,1,1,0,26,2,4,0,95,82,1,2,1,0,76.8,25.0,-13,3.5652173913043477,1,2.4,2,16.56,63.22891566265061,1
23,72,2,1,1,1,0,23,1,6,1,75,78,0,1,1,0,78.8,26.0,3,3.391304347826087,2,1.6,2,16.56,61.71084337349398,1
23,72,2,1,1,1,0,29,2,2,1,80,47,0,2,3,0,80.8,24.0,-33,2.0434782608695654,1,1.2,2,16.56,38.1285140562249,1
19,74,1,0,2,1,0,22,0,8,1,91,63,1,2,2,0,76.0,23.0,-28,3.3157894736842106,1,2.8,2,14.06,48.07228915662651,1
19,74,1,0,2,1,0,23,1,17,1,72,49,0,2,3,0,68.4,27.5,-23,2.5789473684210527,1,2.7,2,14.06,33.65060240963856,1
19,74,2,1,1,1,0,22,0,8,1,91,63,1,2,2,0,86.0,23.0,-28,3.3157894736842106,1,2.8,2,14.06,54.397590361445786,1
19,74,2,1,1,1,0,23,1,17,1,72,49,0,2,3,0,78.4,27.5,-23,2.5789473684210527,1,2.7,2,14.06,38.570281124497996,1
19,74,1,1,2,1,0,22,0,8,1,91,63,1,2,2,0,86.0,23.0,-28,3.3157894736842106,1,2.8,2,14.06,54.397590361445786,1
19,74,1,1,2,1,0,23,1,17,1,72,49,0,2,3,0,78.4,27.5,-23,2.5789473684210527,1,2.7,2,14.06,38.570281124497996,1
19,74,2,1,2,1,0,22,0,8,1,91,63,1,2,2,0,86.0,23.0,-28,3.3157894736842106,2,2.8,4,14.06,54.397590361445786,1
19,74,2,1,2,1,0,23,1,17,1,72,49,0,2,3,0,78.4,27.5,-23,2.5789473684210527,2,2.7,4,14.06,38.570281124497996,1
33,66,1,1,1,1,0,22,3,13,0,98,95,1,2,0,0,75.60000000000001,39.5,-3,2.878787878787879,0,3.3,1,21.78,72.10843373493977,1
27,98,0,1,0,1,1,29,3,9,1,75,96,1,0,0,0,89.2,31.5,21,3.5555555555555554,0,2.9,0,26.46,85.97590361445783,1
27,98,0,1,0,1,1,20,3,17,0,76,54,1,0,3,0,79.60000000000001,35.5,-22,2.0,0,3.7,0,26.46,43.156626506024104,1
27,98,0,1,0,1,1,22,0,4,1,59,47,0,2,3,0,82.80000000000001,29.0,-12,1.7407407407407407,-2,1.4,0,26.46,39.07228915662651,1
35,68,2,1,1,1,1,26,3,2,1,67,61,1,1,2,0,74.0,36.0,-6,1.7428571428571429,2,2.2,2,23.8,45.32128514056225,1
35,68,2,1,1,1,1,26,0,8,1,82,88,0,1,0,0,80.0,39.0,6,2.5142857142857142,2,1.8,2,23.8,70.68273092369478,1
35,68,2,1,1,1,1,18,2,4,0,56,89,0,1,0,0,59.60000000000001,37.0,33,2.5428571428571427,2,1.4,2,23.8,53.25702811244981,1
28,95,1,0,2,1,1,25,2,3,1,81,43,0,2,3,0,80.4,29.5,-38,1.5357142857142858,1,1.3,2,26.599999999999998,34.71084337349398,1
28,95,1,0,2,1,1,25,2,5,0,96,100,0,2,0,0,76.4,30.5,4,3.5714285714285716,1,1.5,2,26.599999999999998,76.70682730923696,1
28,95,1,0,2,1,1,25,3,15,1,62,48,1,2,3,0,72.8,35.5,-14,1.7142857142857142,1,3.5,2,26.599999999999998,35.084337349397586,1
28,95,1,0,2,1,1,19,2,15,0,91,50,1,1,3,0,74.4,35.5,-41,1.7857142857142858,2,3.5,2,26.599999999999998,37.34939759036145,1
28,95,1,0,1,1,1,25,2,3,1,81,43,0,2,3,0,80.4,29.5,-38,1.5357142857142858,0,1.3,1,26.599999999999998,34.71084337349398,1
28,95,1,0,1,1,1,25,2,5,0,96,100,0,2,0,0,76.4,30.5,4,3.5714285714285716,0,1.5,1,26.599999999999998,76.70682730923696,1
28,95,1,0,1,1,1,25,3,15,1,62,48,1,2,3,0,72.8,35.5,-14,1.7142857142857142,0,3.5,1,26.599999999999998,35.084337349397586,1
28,95,1,0,1,1,1,19,2,15,0,91,50,1,1,3,0,74.4,35.5,-41,1.7857142857142858,1,3.5,1,26.599999999999998,37.34939759036145,1
28,95,1,0,0,1,1,25,2,3,1,81,43,0,2,3,0,80.4,29.5,-38,1.5357142857142858,-1,1.3,0,26.599999999999998,34.71084337349398,1
28,95,1,0,0,1,1,25,2,5,0,96,100,0,2,0,0,76.4,30.5,4,3.5714285714285716,-1,1.5,0,26.599999999999998,76.70682730923696,1
28,95,1,0,0,1,1,25,3,15,1,62,48,1,2,3,0,72.8,35.5,-14,1.7142857142857142,-1,3.5,0,26.599999999999998,35.084337349397586,1
28,95,1,0,0,1,1,19,2,15,0,91,50,1,1,3,0,74.4,35.5,-41,1.7857142857142858,0,3.5,0,26.599999999999998,37.34939759036145,1
26,72,0,0,0,1,0,20,2,0,0,65,98,1,2,0,0,54.8,26.0,33,3.769230769230769,-2,2.0,0,18.72,53.91967871485944,1
26,72,0,0,0,1,0,25,0,3,1,87,74,0,2,1,0,73.60000000000001,27.5,-13,2.8461538461538463,-2,1.3,0,18.72,54.682730923694784,1
26,72,0,0,0,1,0,19,3,19,0,68,47,1,0,3,0,56.0,35.5,-21,1.8076923076923077,0,3.9000000000000004,0,18.72,26.425702811244978,1
26,72,0,0,1,1,0,20,2,0,0,65,98,1,2,0,0,54.8,26.0,33,3.769230769230769,-1,2.0,0,18.72,53.91967871485944,1
26,72,0,0,1,1,0,25,0,3,1,87,74,0,2,1,0,73.60000000000001,27.5,-13,2.8461538461538463,-1,1.3,0,18.72,54.682730923694784,1
26,72,0,0,1,1,0,19,3,19,0,68,47,1,0,3,0,56.0,35.5,-21,1.8076923076923077,1,3.9000000000000004,0,18.72,26.425702811244978,1
39,90,2,0,2,1,0,25,0,10,1,56,93,1,2,0,0,68.4,44.0,37,2.3846153846153846,2,3.0,4,35.1,63.86746987951808,1
39,90,2,0,2,1,0,28,0,5,0,56,48,0,2,3,0,58.400000000000006,41.5,-8,1.2307692307692308,2,1.5,4,35.1,28.144578313253014,1
34,72,2,1,0,1,1,18,2,18,0,63,56,1,2,2,0,64.0,43.0,-7,1.6470588235294117,0,3.8,0,24.48,35.98393574297189,1
19,77,1,0,0,1,0,18,2,3,0,57,47,1,2,3,0,53.6,20.5,-10,2.473684210526316,-1,2.3,0,14.63,25.293172690763054,1
19,77,0,1,1,1,0,18,2,3,0,57,47,1,2,3,0,63.6,20.5,-10,2.473684210526316,-1,2.3,0,14.63,30.012048192771086,1
19,77,0,1,0,1,0,18,2,3,0,57,47,1,2,3,0,63.6,20.5,-10,2.473684210526316,-2,2.3,0,14.63,30.012048192771086,1
19,77,1,1,2,1,0,18,2,3,0,57,47,1,2,3,0,63.6,20.5,-10,2.473684210526316,1,2.3,2,14.63,30.012048192771086,1
19,77,0,0,0,1,0,18,2,3,0,57,47,1,2,3,0,53.6,20.5,-10,2.473684210526316,-2,2.3,0,14.63,25.293172690763054,1
30,89,1,0,1,1,1,22,1,11,1,99,62,1,1,2,0,85.2,35.5,-37,2.066666666666667,1,3.1,1,26.7,53.036144578313255,1
30,89,1,0,1,1,1,24,2,6,1,84,90,1,1,0,0,79.2,33.0,6,3.0,1,2.6,1,26.7,71.56626506024098,1
30,89,1,0,1,1,1,25,0,16,1,74,70,0,2,1,0,75.2,38.0,-4,2.3333333333333335,0,2.6,1,26.7,52.85140562248996,1
26,92,2,0,1,1,1,19,3,1,1,88,68,0,2,2,0,82.0,26.5,-20,2.6153846153846154,1,1.1,2,23.92,55.98393574297189,1
26,92,2,0,1,1,1,25,0,12,1,53,76,1,1,1,0,68.0,32.0,23,2.923076923076923,2,3.2,2,23.92,51.88755020080322,1
26,92,2,0,1,1,1,18,3,16,1,93,74,1,2,1,0,84.0,34.0,-19,2.8461538461538463,1,3.6,2,23.92,62.40963855421687,1
26,92,1,1,1,1,1,19,3,1,1,88,68,0,2,2,0,92.0,26.5,-20,2.6153846153846154,0,1.1,1,23.92,62.811244979919685,1
26,92,1,1,1,1,1,25,0,12,1,53,76,1,1,1,0,78.0,32.0,23,2.923076923076923,1,3.2,1,23.92,59.518072289156635,1
26,92,1,1,1,1,1,18,3,16,1,93,74,1,2,1,0,94.0,34.0,-19,2.8461538461538463,0,3.6,1,23.92,69.83935742971889,1
26,92,2,0,2,1,1,19,3,1,1,88,68,0,2,2,0,82.0,26.5,-20,2.6153846153846154,2,1.1,4,23.92,55.98393574297189,1
26,92,2,0,2,1,1,25,0,12,1,53,76,1,1,1,0,68.0,32.0,23,2.923076923076923,3,3.2,4,23.92,51.88755020080322,1
26,92,2,0,2,1,1,18,3,16,1,93,74,1,2,1,0,84.0,34.0,-19,2.8461538461538463,2,3.6,4,23.92,62.40963855421687,1
26,92,1,0,1,1,1,19,3,1,1,88,68,0,2,2,0,82.0,26.5,-20,2.6153846153846154,0,1.1,1,23.92,55.98393574297189,1
26,92,1,0,1,1,1,25,0,12,1,53,76,1,1,1,0,68.0,32.0,23,2.923076923076923,1,3.2,1,23.92,51.88755020080322,1
26,92,1,0,1,1,1,18,3,16,1,93,74,1,2,1,0,84.0,34.0,-19,2.8461538461538463,0,3.6,1,23.92,62.40963855421687,1
28,63,2,1,0,1,0,23,0,18,0,70,51,0,2,3,0,63.2,37.0,-19,1.8214285714285714,0,2.8,0,17.64,32.36144578313254,1
28,63,2,1,0,1,0,18,2,2,0,88,71,1,2,1,0,70.4,29.0,-17,2.5357142857142856,0,2.2,0,17.64,50.1847389558233,1
28,63,2,1,0,1,0,25,2,0,0,68,58,1,1,2,0,62.400000000000006,28.0,-10,2.0714285714285716,1,2.0,0,17.64,36.337349397590366,1
20,100,1,1,1,1,1,25,2,2,1,55,70,1,2,1,0,82.0,21.0,15,3.5,0,2.2,1,20.0,57.630522088353416,1
20,100,1,1,1,1,1,19,3,2,1,60,55,1,1,2,0,84.0,21.0,-5,2.75,1,2.2,1,20.0,46.385542168674704,1
30,82,1,1,0,1,0,22,3,14,1,96,77,1,0,1,0,91.20000000000002,37.0,-19,2.566666666666667,1,3.4000000000000004,0,24.599999999999998,70.50602409638556,1
30,82,1,1,0,1,0,21,0,8,0,62,61,1,1,2,0,67.60000000000001,34.0,-1,2.033333333333333,0,2.8,0,24.599999999999998,41.401606425702816,1
30,82,2,1,1,1,0,22,3,14,1,96,77,1,0,1,0,91.20000000000002,37.0,-19,2.566666666666667,3,3.4000000000000004,2,24.599999999999998,70.50602409638556,1
30,82,2,1,1,1,0,21,0,8,0,62,61,1,1,2,0,67.60000000000001,34.0,-1,2.033333333333333,2,2.8,2,24.599999999999998,41.401606425702816,1
22,97,1,1,0,1,0,28,1,10,1,78,100,1,0,0,0,90.0,27.0,22,4.545454545454546,1,3.0,0,21.34,90.36144578313254,1
22,97,1,1,0,1,0,22,1,8,0,79,88,1,2,0,0,80.4,26.0,9,4.0,-1,2.8,0,21.34,71.03614457831327,1
22,97,1,1,0,1,0,18,1,8,1,78,96,1,2,0,0,90.0,26.0,18,4.363636363636363,-1,2.8,0,21.34,86.74698795180723,1
22,97,1,1,0,1,0,20,3,4,1,54,91,0,0,0,0,80.4,24.0,37,4.136363636363637,1,1.4,0,21.34,73.45783132530121,1
22,97,1,1,0,1,0,22,2,13,1,76,52,1,2,3,0,89.2,28.5,-24,2.3636363636363638,-1,3.3,0,21.34,46.570281124497996,1
22,97,1,1,0,1,0,24,1,5,0,95,92,0,0,0,0,86.80000000000001,24.5,-3,4.181818181818182,1,1.5,0,21.34,80.17670682730926,1
22,97,1,0,2,1,0,28,1,10,1,78,100,1,0,0,0,80.0,27.0,22,4.545454545454546,3,3.0,2,21.34,80.32128514056225,1
22,97,1,0,2,1,0,22,1,8,0,79,88,1,2,0,0,70.4,26.0,9,4.0,1,2.8,2,21.34,62.20080321285142,1
22,97,1,0,2,1,0,18,1,8,1,78,96,1,2,0,0,80.0,26.0,18,4.363636363636363,1,2.8,2,21.34,77.10843373493975,1
22,97,1,0,2,1,0,20,3,4,1,54,91,0,0,0,0,70.4,24.0,37,4.136363636363637,3,1.4,2,21.34,64.32128514056227,1
22,97,1,0,2,1,0,22,2,13,1,76,52,1,2,3,0,79.2,28.5,-24,2.3636363636363638,1,3.3,2,21.34,41.34939759036145,1
22,97,1,0,2,1,0,24,1,5,0,95,92,0,0,0,0,76.80000000000001,24.5,-3,4.181818181818182,3,1.5,2,21.34,70.9397590361446,1
22,60,1,1,1,1,0,26,0,7,1,95,86,1,2,0,1,82.0,25.5,-9,3.909090909090909,0,2.7,1,13.2,70.80321285140562,1
30,100,2,0,1,1,1,21,2,10,0,51,78,0,1,1,0,60.400000000000006,35.0,27,2.6,2,2.0,2,30.0,47.30120481927712,1
30,100,2,0,1,1,1,28,2,2,0,57,90,1,2,0,0,62.8,31.0,33,3.0,1,2.2,2,30.0,56.74698795180723,1
30,100,2,1,0,1,1,21,2,10,0,51,78,0,1,1,0,70.4,35.0,27,2.6,1,2.0,0,30.0,55.13253012048194,1
30,100,2,1,0,1,1,28,2,2,0,57,90,1,2,0,0,72.8,31.0,33,3.0,0,2.2,0,30.0,65.78313253012048,1
30,70,0,0,2,1,1,18,3,20,1,72,96,0,1,0,0,66.8,40.0,24,3.2,1,3.0,0,21.0,64.3855421686747,1
30,70,0,0,2,1,1,19,3,7,0,56,46,1,2,3,0,50.400000000000006,33.5,-10,1.5333333333333334,0,2.7,0,21.0,23.277108433734945,1
30,70,0,0,2,1,1,19,3,6,1,80,50,1,2,3,0,70.0,33.0,-30,1.6666666666666667,0,2.6,0,21.0,35.14056224899599,1
30,70,0,0,2,1,1,18,2,6,0,91,95,1,0,0,0,64.4,33.0,4,3.1666666666666665,2,2.6,0,21.0,61.42570281124498,1
30,70,0,0,2,1,1,20,3,7,1,75,82,1,0,1,0,68.0,33.5,7,2.7333333333333334,2,2.7,0,21.0,55.983935742971894,1
30,70,0,0,2,1,1,29,2,12,1,61,76,1,2,1,0,62.400000000000006,36.0,15,2.533333333333333,0,3.2,0,21.0,47.61445783132531,1
31,85,1,1,0,1,0,21,1,18,1,61,92,1,2,0,0,78.4,40.0,31,2.967741935483871,-1,3.8,0,26.349999999999998,72.41767068273093,1
31,85,1,1,0,1,0,25,2,8,1,72,72,0,2,1,0,82.8,35.0,0,2.3225806451612905,-1,1.8,0,26.349999999999998,59.855421686746986,1
25,66,1,1,1,1,0,26,1,6,0,84,56,0,2,2,0,70.0,28.0,-28,2.24,0,1.6,1,16.5,39.35742971887551,1
25,66,1,1,1,1,0,28,1,4,1,76,98,1,2,0,0,76.80000000000001,27.0,22,3.92,0,2.4,1,16.5,75.56626506024098,1
25,66,2,0,2,1,0,26,1,6,0,84,56,0,2,2,0,60.0,28.0,-28,2.24,2,1.6,4,16.5,33.734939759036145,1
25,66,2,0,2,1,0,28,1,4,1,76,98,1,2,0,0,66.80000000000001,27.0,22,3.92,2,2.4,4,16.5,65.7269076305221,1
33,74,0,0,1,1,1,23,0,13,1,53,94,1,0,0,0,60.800000000000004,39.5,41,2.8484848484848486,1,3.3,0,24.419999999999998,57.381526104417674,1
33,74,1,1,1,1,1,23,0,13,1,53,94,1,0,0,0,70.80000000000001,39.5,41,2.8484848484848486,2,3.3,1,24.419999999999998,66.81927710843375,1
31,94,1,0,0,1,1,25,2,11,1,99,62,1,0,2,0,87.2,36.5,-37,2.0,1,3.1,0,29.139999999999997,54.281124497991975,1
32,66,2,1,2,1,1,23,2,6,1,84,74,1,2,1,0,80.0,35.0,-10,2.3125,2,2.6,4,21.12,59.437751004016064,1
32,66,2,1,2,1,1,23,0,11,0,64,47,1,1,3,0,62.0,37.5,-17,1.46875,3,3.1,4,21.12,29.257028112449802,1
23,93,2,0,2,1,0,22,0,14,0,62,59,1,1,2,0,62.0,30.0,-3,2.5652173913043477,3,3.4000000000000004,4,21.39,36.72690763052209,1
23,93,2,0,2,1,0,26,0,10,0,72,51,1,1,3,0,66.0,28.0,-21,2.217391304347826,3,3.0,4,21.39,33.795180722891565,1
23,93,2,0,2,1,0,24,1,15,0,62,94,1,2,0,0,62.0,30.5,32,4.086956521739131,2,3.5,4,21.39,58.514056224899605,1
23,93,2,0,2,1,0,25,0,5,0,61,75,0,0,1,0,61.60000000000001,25.5,14,3.260869565217391,4,1.5,4,21.39,46.38554216867471,1
23,93,2,0,2,1,0,27,1,11,0,96,81,1,2,1,0,75.60000000000001,28.5,-15,3.5217391304347827,2,3.1,4,21.39,61.48192771084338,1
23,93,2,1,2,1,0,22,0,14,0,62,59,1,1,2,0,72.0,30.0,-3,2.5652173913043477,3,3.4000000000000004,4,21.39,42.65060240963855,1
23,93,2,1,2,1,0,26,0,10,0,72,51,1,1,3,0,76.0,28.0,-21,2.217391304347826,3,3.0,4,21.39,38.915662650602414,1
23,93,2,1,2,1,0,24,1,15,0,62,94,1,2,0,0,72.0,30.5,32,4.086956521739131,2,3.5,4,21.39,67.95180722891567,1
23,93,2,1,2,1,0,25,0,5,0,61,75,0,0,1,0,71.60000000000001,25.5,14,3.260869565217391,4,1.5,4,21.39,53.91566265060242,1
23,93,2,1,2,1,0,27,1,11,0,96,81,1,2,1,0,85.60000000000001,28.5,-15,3.5217391304347827,2,3.1,4,21.39,69.61445783132531,1
23,93,0,1,2,1,0,22,0,14,0,62,59,1,1,2,0,72.0,30.0,-3,2.5652173913043477,1,3.4000000000000004,0,21.39,42.65060240963855,1
23,93,0,1,2,1,0,26,0,10,0,72,51,1,1,3,0,76.0,28.0,-21,2.217391304347826,1,3.0,0,21.39,38.915662650602414,1
23,93,0,1,2,1,0,24,1,15,0,62,94,1,2,0,0,72.0,30.5,32,4.086956521739131,0,3.5,0,21.39,67.95180722891567,1
23,93,0,1,2,1,0,25,0,5,0,61,75,0,0,1,0,71.60000000000001,25.5,14,3.260869565217391,2,1.5,0,21.39,53.91566265060242,1
23,93,0,1,2,1,0,27,1,11,0,96,81,1,2,1,0,85.60000000000001,28.5,-15,3.5217391304347827,0,3.1,0,21.39,69.61445783132531,1
23,93,1,0,1,1,0,22,0,14,0,62,59,1,1,2,0,62.0,30.0,-3,2.5652173913043477,1,3.4000000000000004,1,21.39,36.72690763052209,1
23,93,1,0,1,1,0,26,0,10,0,72,51,1,1,3,0,66.0,28.0,-21,2.217391304347826,1,3.0,1,21.39,33.795180722891565,1
23,93,1,0,1,1,0,24,1,15,0,62,94,1,2,0,0,62.0,30.5,32,4.086956521739131,0,3.5,1,21.39,58.514056224899605,1
23,93,1,0,1,1,0,25,0,5,0,61,75,0,0,1,0,61.60000000000001,25.5,14,3.260869565217391,2,1.5,1,21.39,46.38554216867471,1
23,93,1,0,1,1,0,27,1,11,0,96,81,1,2,1,0,75.60000000000001,28.5,-15,3.5217391304347827,0,3.1,1,21.39,61.48192771084338,1
28,62,2,0,1,1,0,19,0,17,1,87,64,0,1,2,0,69.60000000000001,36.5,-23,2.2857142857142856,2,2.7,2,17.36,44.72289156626507,1
28,62,2,0,1,1,0,26,0,5,0,64,46,1,1,3,0,50.400000000000006,30.5,-18,1.6428571428571428,2,2.5,2,17.36,23.277108433734945,1
28,62,2,0,1,1,0,26,0,13,0,72,95,1,0,0,0,53.6,34.5,23,3.392857142857143,3,3.3,2,17.36,51.12449799196787,1
28,62,2,0,1,1,0,29,0,12,1,53,62,1,2,2,0,56.0,34.0,9,2.2142857142857144,1,3.2,2,17.36,34.859437751004016,1
28,62,2,0,1,1,0,27,1,10,0,90,86,1,2,0,0,60.8,33.0,-4,3.0714285714285716,1,3.0,2,17.36,52.49799196787149,1
28,62,2,0,1,1,0,21,0,14,1,100,72,1,2,1,1,74.8,35.0,-28,2.5714285714285716,1,3.4000000000000004,2,17.36,54.07228915662651,1
30,76,1,1,1,1,1,20,0,6,1,62,58,1,2,2,0,75.2,33.0,-4,1.9333333333333333,0,2.6,1,22.8,43.79116465863454,1
39,75,2,1,2,1,1,29,3,11,1,77,58,1,2,2,0,80.8,44.5,-19,1.4871794871794872,2,3.1,4,29.25,47.05220883534137,1
39,75,2,1,2,1,1,18,1,17,1,69,94,0,2,0,0,77.6,47.5,25,2.41025641025641,2,2.7,4,29.25,73.23694779116467,1
39,75,2,1,2,1,1,29,0,0,1,97,83,1,1,1,0,88.80000000000001,39.0,-14,2.128205128205128,3,2.0,4,29.25,74.00000000000001,1
32,81,1,0,2,1,0,21,0,14,1,61,100,0,2,0,0,66.8,39.0,39,3.125,1,2.4000000000000004,2,25.92,67.06827309236948,1
32,81,1,0,2,1,0,19,3,11,0,65,93,1,1,0,0,58.4,37.5,28,2.90625,2,3.1,2,25.92,54.53012048192772,1
32,81,1,0,2,1,0,29,0,6,1,65,83,1,1,1,0,68.4,35.0,18,2.59375,2,2.6,2,25.92,57.00000000000001,1
24,74,0,1,2,1,1,21,3,0,1,71,78,1,2,1,0,78.0,24.0,7,3.25,0,2.0,0,17.759999999999998,61.08433734939759,1
24,74,1,1,0,1,1,21,3,0,1,71,78,1,2,1,0,78.0,24.0,7,3.25,-1,2.0,0,17.759999999999998,61.08433734939759,1
20,100,1,1,1,1,0,23,0,0,0,97,59,1,2,2,0,88.80000000000001,20.0,-38,2.95,0,2.0,1,20.0,52.60240963855423,1
20,100,1,1,1,1,0,26,0,15,0,52,75,0,2,1,0,70.8,27.5,23,3.75,0,2.5,1,20.0,53.31325301204819,1
30,91,1,0,0,1,0,18,3,14,1,58,82,1,0,1,0,69.6,37.0,24,2.7333333333333334,1,3.4000000000000004,0,27.3,57.30120481927711,1
30,91,1,0,0,1,0,21,1,12,1,73,79,0,2,1,0,75.6,36.0,6,2.6333333333333333,-1,2.2,0,27.3,59.963855421686745,1
30,91,1,0,0,1,0,26,0,12,1,89,79,0,1,1,0,82.0,36.0,-10,2.6333333333333333,0,2.2,0,27.3,65.04016064257029,1
30,91,2,1,0,1,0,18,3,14,1,58,82,1,0,1,0,79.6,37.0,24,2.7333333333333334,2,3.4000000000000004,0,27.3,65.53413654618474,1
30,91,2,1,0,1,0,21,1,12,1,73,79,0,2,1,0,85.6,36.0,6,2.6333333333333333,0,2.2,0,27.3,67.89558232931728,1
30,91,2,1,0,1,0,26,0,12,1,89,79,0,1,1,0,92.0,36.0,-10,2.6333333333333333,1,2.2,0,27.3,72.9718875502008,1
30,91,0,1,1,1,0,18,3,14,1,58,82,1,0,1,0,79.6,37.0,24,2.7333333333333334,1,3.4000000000000004,0,27.3,65.53413654618474,1
30,91,0,1,1,1,0,21,1,12,1,73,79,0,2,1,0,85.6,36.0,6,2.6333333333333333,-1,2.2,0,27.3,67.89558232931728,1
30,91,0,1,1,1,0,26,0,12,1,89,79,0,1,1,0,92.0,36.0,-10,2.6333333333333333,0,2.2,0,27.3,72.9718875502008,1
26,70,1,0,0,1,1,25,3,2,1,100,71,0,2,1,0,78.0,27.0,-29,2.730769230769231,-1,1.2,0,18.2,55.60240963855422,1
26,70,1,0,0,1,1,27,0,8,1,69,76,1,1,1,0,65.6,30.0,7,2.923076923076923,0,2.8,0,18.2,50.05622489959839,1
26,70,1,0,0,1,1,26,0,8,0,53,41,0,1,3,0,49.2,30.0,-12,1.5769230769230769,0,1.8,0,18.2,20.253012048192772,1
26,70,1,0,0,1,1,24,0,17,0,72,67,0,2,2,0,56.8,34.5,-5,2.576923076923077,-1,2.7,0,18.2,38.20883534136546,1
26,70,2,1,1,1,1,25,3,2,1,100,71,0,2,1,0,88.0,27.0,-29,2.730769230769231,1,1.2,2,18.2,62.730923694779115,1
26,70,2,1,1,1,1,27,0,8,1,69,76,1,1,1,0,75.6,30.0,7,2.923076923076923,2,2.8,2,18.2,57.68674698795181,1
26,70,2,1,1,1,1,26,0,8,0,53,41,0,1,3,0,59.2,30.0,-12,1.5769230769230769,2,1.8,2,18.2,24.369477911646587,1
26,70,2,1,1,1,1,24,0,17,0,72,67,0,2,2,0,66.8,34.5,-5,2.576923076923077,1,2.7,2,18.2,44.93574297188755,1
37,73,2,1,1,1,1,22,0,7,0,90,68,0,2,2,0,75.2,40.5,-22,1.837837837837838,1,1.7000000000000002,2,27.009999999999998,51.341365461847396,1
26,88,2,0,1,1,0,20,3,18,0,65,58,1,1,2,0,61.2,35.0,-7,2.230769230769231,2,3.8,2,22.88,35.638554216867476,1
26,88,2,0,1,1,0,29,1,4,1,72,45,0,2,3,0,74.0,28.0,-27,1.7307692307692308,1,1.4,2,22.88,33.433734939759034,1
16,87,1,0,2,1,1,29,1,18,1,90,52,0,1,3,0,80.80000000000001,25.0,-38,3.25,2,2.8,2,13.92,42.184738955823306,1
15,79,2,1,1,1,0,20,3,9,0,74,46,0,1,3,0,71.2,19.5,-28,3.066666666666667,2,1.9,2,11.850000000000001,32.88353413654619,1
31,99,0,1,2,1,0,21,3,1,0,79,49,1,1,3,0,81.2,31.5,-30,1.5806451612903225,1,2.1,0,30.69,39.94779116465864,1
31,99,0,1,2,1,0,29,2,6,1,64,63,1,1,2,0,85.2,34.0,-1,2.032258064516129,1,2.6,0,30.69,53.89156626506025,1
30,84,1,1,1,1,0,27,1,16,1,55,63,1,1,2,0,75.6,38.0,8,2.1,1,3.6,1,25.2,47.81927710843374,1
30,84,1,1,1,1,0,24,2,8,0,94,97,1,2,0,0,81.2,34.0,3,3.2333333333333334,0,2.8,1,25.2,79.08032128514057,1
30,84,1,1,1,1,0,19,3,5,0,66,75,0,1,1,0,70.0,32.5,9,2.5,1,1.5,1,25.2,52.71084337349398,1
30,84,0,1,0,1,0,27,1,16,1,55,63,1,1,2,0,75.6,38.0,8,2.1,-1,3.6,0,25.2,47.81927710843374,1
30,84,0,1,0,1,0,24,2,8,0,94,97,1,2,0,0,81.2,34.0,3,3.2333333333333334,-2,2.8,0,25.2,79.08032128514057,1
30,84,0,1,0,1,0,19,3,5,0,66,75,0,1,1,0,70.0,32.5,9,2.5,-1,1.5,0,25.2,52.71084337349398,1
17,70,1,0,1,1,1,23,2,18,1,85,54,1,2,3,0,72.0,26.0,-31,3.176470588235294,0,3.8,1,11.899999999999999,39.036144578313255,1
31,83,2,1,1,1,1,20,3,13,0,53,100,1,0,0,0,64.4,37.5,47,3.225806451612903,3,3.3,2,25.73,64.65863453815261,1
34,61,0,0,0,1,0,20,1,18,0,76,57,1,2,2,0,54.800000000000004,43.0,-19,1.6764705882352942,-2,3.8,0,20.74,31.361445783132535,1
34,61,0,0,0,1,0,19,3,9,1,70,86,1,1,0,0,62.400000000000006,38.5,16,2.5294117647058822,-1,2.9,0,20.74,53.879518072289166,1
34,61,0,0,0,1,0,26,0,5,1,64,62,0,2,2,0,60.0,36.5,-2,1.8235294117647058,-2,1.5,0,20.74,37.34939759036145,1
34,61,0,0,0,1,0,24,2,7,1,51,48,1,1,3,0,54.800000000000004,37.5,-3,1.411764705882353,-1,2.7,0,20.74,26.40963855421687,1
28,90,1,1,1,1,0,23,3,18,0,59,43,1,1,3,0,69.6,37.0,-16,1.5357142857142858,1,3.8,1,25.2,30.048192771084338,1
28,90,1,1,1,1,0,19,2,17,1,67,72,1,2,1,0,82.8,36.5,5,2.5714285714285716,0,3.7,1,25.2,59.855421686746986,1
28,90,1,1,1,1,0,21,2,8,0,78,96,1,1,0,0,77.2,32.0,18,3.4285714285714284,1,2.8,1,25.2,74.40963855421688,1
25,61,2,1,0,1,0,21,2,20,1,58,60,1,2,2,0,67.60000000000001,35.0,2,2.4,0,4.0,0,15.25,40.72289156626507,1
25,61,1,0,2,1,0,21,2,20,1,58,60,1,2,2,0,57.60000000000001,35.0,2,2.4,1,4.0,2,15.25,34.6987951807229,1
25,61,2,0,1,1,0,21,2,20,1,58,60,1,2,2,0,57.60000000000001,35.0,2,2.4,1,4.0,2,15.25,34.6987951807229,1
31,63,2,0,1,1,0,25,3,1,1,97,99,0,0,0,1,74.0,31.5,2,3.193548387096774,3,1.1,2,19.53,73.55421686746988,1
31,63,2,0,1,1,0,27,3,11,0,91,97,1,0,0,0,61.6,36.5,6,3.129032258064516,3,3.1,2,19.53,59.99196787148595,1
33,92,2,1,0,1,0,19,0,3,1,57,93,1,2,0,0,79.60000000000001,34.5,36,2.8181818181818183,0,2.3,0,30.360000000000003,74.3253012048193,1
33,92,2,1,0,1,0,24,0,9,0,98,79,1,2,1,0,86.0,37.5,-19,2.393939393939394,0,2.9,0,30.360000000000003,68.2128514056225,1
33,92,2,1,0,1,0,26,0,15,0,57,60,1,1,2,0,69.60000000000001,40.5,3,1.8181818181818181,1,3.5,0,30.360000000000003,41.927710843373504,1
33,92,2,1,0,1,0,21,0,14,0,60,58,1,2,2,0,70.80000000000001,40.0,-2,1.7575757575757576,0,3.4000000000000004,0,30.360000000000003,41.228915662650614,1
33,92,2,1,0,1,0,18,2,16,0,86,63,0,0,2,0,81.2,41.0,-23,1.9090909090909092,2,2.6,0,30.360000000000003,51.36144578313253,1
33,63,2,1,1,1,1,29,1,6,1,70,79,1,2,1,0,73.2,36.0,9,2.393939393939394,1,2.6,2,20.79,58.06024096385543,1
26,95,1,0,1,1,1,27,3,1,0,79,95,0,0,0,0,69.6,26.5,16,3.6538461538461537,2,1.1,1,24.7,66.3855421686747,1
26,95,1,0,1,1,1,27,1,12,0,87,94,1,1,0,0,72.80000000000001,32.0,7,3.6153846153846154,1,3.2,1,24.7,68.70682730923697,1
26,95,1,0,1,1,1,26,0,3,0,82,80,1,2,1,0,70.80000000000001,27.5,-2,3.076923076923077,0,2.3,1,24.7,56.86746987951808,1
26,65,1,1,0,1,1,27,0,8,0,83,62,0,2,2,0,69.2,30.0,-21,2.3846153846153846,-1,1.8,0,16.900000000000002,43.07630522088354,1
26,65,1,1,0,1,1,25,3,9,1,74,97,1,2,0,0,75.6,30.5,23,3.730769230769231,-1,2.9,0,16.900000000000002,73.62650602409639,1
26,65,1,1,0,1,1,22,0,15,1,66,65,0,0,2,0,72.4,33.5,-1,2.5,1,2.5,0,16.900000000000002,47.24899598393574,1
26,65,1,1,0,1,1,18,2,20,0,93,52,1,2,3,0,73.2,36.0,-41,2.0,-1,4.0,0,16.900000000000002,38.21686746987952,1
26,65,1,1,1,1,1,27,0,8,0,83,62,0,2,2,0,69.2,30.0,-21,2.3846153846153846,0,1.8,1,16.900000000000002,43.07630522088354,1
26,65,1,1,1,1,1,25,3,9,1,74,97,1,2,0,0,75.6,30.5,23,3.730769230769231,0,2.9,1,16.900000000000002,73.62650602409639,1
26,65,1,1,1,1,1,22,0,15,1,66,65,0,0,2,0,72.4,33.5,-1,2.5,2,2.5,1,16.900000000000002,47.24899598393574,1
26,65,1,1,1,1,1,18,2,20,0,93,52,1,2,3,0,73.2,36.0,-41,2.0,0,4.0,1,16.900000000000002,38.21686746987952,1
26,69,2,1,1,1,0,24,0,4,0,91,64,1,2,2,0,74.0,28.0,-27,2.4615384615384617,1,2.4,2,17.939999999999998,47.55020080321285,1
26,69,2,1,1,1,0,28,2,4,1,84,69,1,2,2,0,81.2,28.0,-15,2.6538461538461537,1,2.4,2,17.939999999999998,56.25301204819277,1
26,69,2,1,1,1,0,21,2,20,1,77,74,1,1,1,0,78.4,36.0,-3,2.8461538461538463,2,4.0,2,17.939999999999998,58.24899598393575,1
26,69,1,1,1,1,0,24,0,4,0,91,64,1,2,2,0,74.0,28.0,-27,2.4615384615384617,0,2.4,1,17.939999999999998,47.55020080321285,1
26,69,1,1,1,1,0,28,2,4,1,84,69,1,2,2,0,81.2,28.0,-15,2.6538461538461537,0,2.4,1,17.939999999999998,56.25301204819277,1
26,69,1,1,1,1,0,21,2,20,1,77,74,1,1,1,0,78.4,36.0,-3,2.8461538461538463,1,4.0,1,17.939999999999998,58.24899598393575,1
26,69,1,0,1,1,0,24,0,4,0,91,64,1,2,2,0,64.0,28.0,-27,2.4615384615384617,0,2.4,1,17.939999999999998,41.12449799196787,1
26,69,1,0,1,1,0,28,2,4,1,84,69,1,2,2,0,71.2,28.0,-15,2.6538461538461537,0,2.4,1,17.939999999999998,49.32530120481928,1
26,69,1,0,1,1,0,21,2,20,1,77,74,1,1,1,0,68.4,36.0,-3,2.8461538461538463,1,4.0,1,17.939999999999998,50.819277108433745,1
21,73,2,0,1,1,0,26,0,9,1,58,76,1,2,1,0,62.400000000000006,25.5,18,3.619047619047619,1,2.9,2,15.33,47.61445783132531,1
21,73,2,0,1,1,0,24,1,3,1,90,57,1,2,2,0,75.2,22.5,-33,2.7142857142857144,1,2.3,2,15.33,43.036144578313255,1
21,73,2,0,1,1,0,25,1,4,1,95,85,1,1,0,0,77.2,23.0,-10,4.0476190476190474,2,2.4,2,15.33,65.88353413654619,1
21,73,2,0,1,1,0,24,2,19,0,86,76,1,1,1,0,63.6,30.5,-10,3.619047619047619,2,3.9000000000000004,2,15.33,48.53012048192772,1
15,92,0,1,0,1,1,28,1,9,1,68,44,1,0,3,0,84.0,19.5,-24,2.933333333333333,0,2.9,0,13.8,37.10843373493976,1
25,81,2,1,0,1,0,18,2,15,0,72,40,0,2,3,0,71.2,32.5,-32,1.6,0,2.5,0,20.25,28.594377510040164,1
25,81,2,1,0,1,0,26,2,1,0,60,66,1,2,2,0,66.4,25.5,6,2.64,0,2.1,0,20.25,44.00000000000001,1
25,81,1,0,0,1,0,18,2,15,0,72,40,0,2,3,0,61.2,32.5,-32,1.6,-1,2.5,0,20.25,24.578313253012052,1
25,81,1,0,0,1,0,26,2,1,0,60,66,1,2,2,0,56.4,25.5,6,2.64,-1,2.1,0,20.25,37.37349397590362,1
25,81,1,1,2,1,0,18,2,15,0,72,40,0,2,3,0,71.2,32.5,-32,1.6,1,2.5,2,20.25,28.594377510040164,1
25,81,1,1,2,1,0,26,2,1,0,60,66,1,2,2,0,66.4,25.5,6,2.64,1,2.1,2,20.25,44.00000000000001,1
28,71,2,0,1,1,1,18,2,15,1,88,92,1,2,0,0,73.60000000000001,35.5,4,3.2857142857142856,1,3.5,2,19.88,67.9839357429719,1
28,71,2,0,1,1,1,24,2,6,0,89,95,1,2,0,0,64.0,31.0,6,3.392857142857143,1,2.6,2,19.88,61.04417670682731,1
28,71,2,0,1,1,1,28,0,2,1,79,93,0,2,0,0,70.0,29.0,14,3.3214285714285716,1,1.2,2,19.88,65.36144578313254,1
28,60,1,1,0,1,1,27,2,12,1,74,79,1,0,1,0,73.6,34.0,5,2.8214285714285716,1,3.2,0,16.8,58.377510040160644,1
28,60,1,1,0,1,1,29,1,5,0,57,73,1,1,1,0,56.8,30.5,16,2.607142857142857,0,2.5,0,16.8,41.630522088353416,1
28,60,1,1,0,1,1,29,1,11,0,92,98,0,1,0,0,70.80000000000001,33.5,6,3.5,0,2.1,0,16.8,69.66265060240966,1
28,61,0,1,0,1,0,25,1,0,1,63,56,1,2,2,0,69.60000000000001,28.0,-7,2.0,-2,2.0,0,17.08,39.13253012048194,1
28,61,1,1,0,1,0,25,1,0,1,63,56,1,2,2,0,69.60000000000001,28.0,-7,2.0,-1,2.0,0,17.08,39.13253012048194,1
29,98,1,1,0,1,0,26,0,12,0,68,74,1,2,1,0,76.4,35.0,6,2.5517241379310347,-1,3.2,0,28.419999999999998,56.76305220883535,1
18,88,1,0,0,1,1,24,0,5,0,78,56,0,1,2,0,66.4,20.5,-22,3.111111111111111,0,1.5,0,15.84,37.333333333333336,1
18,88,1,0,0,1,1,21,2,5,1,68,56,1,2,2,0,72.4,20.5,-12,3.111111111111111,-1,2.5,0,15.84,40.70682730923695,1
18,88,1,0,2,1,1,24,0,5,0,78,56,0,1,2,0,66.4,20.5,-22,3.111111111111111,2,1.5,2,15.84,37.333333333333336,1
18,88,1,0,2,1,1,21,2,5,1,68,56,1,2,2,0,72.4,20.5,-12,3.111111111111111,1,2.5,2,15.84,40.70682730923695,1
18,88,2,0,1,1,1,24,0,5,0,78,56,0,1,2,0,66.4,20.5,-22,3.111111111111111,2,1.5,2,15.84,37.333333333333336,1
18,88,2,0,1,1,1,21,2,5,1,68,56,1,2,2,0,72.4,20.5,-12,3.111111111111111,1,2.5,2,15.84,40.70682730923695,1
24,86,2,1,2,1,1,23,1,0,1,63,99,1,1,0,0,79.6,24.0,36,4.125,3,2.0,4,20.64,79.12048192771084,1
24,86,2,1,2,1,1,18,1,1,0,57,42,0,2,3,0,67.2,24.5,-15,1.75,2,1.1,4,20.64,28.337349397590366,1
24,86,2,1,2,1,1,22,1,11,1,76,82,1,2,1,0,84.8,29.5,6,3.4166666666666665,2,3.1,4,20.64,69.81526104417671,1
24,86,2,1,2,1,1,22,1,17,1,62,100,1,0,0,0,79.2,32.5,38,4.166666666666667,4,3.7,4,20.64,79.51807228915663,1
24,86,2,0,1,1,1,23,1,0,1,63,99,1,1,0,0,69.6,24.0,36,4.125,2,2.0,2,20.64,69.18072289156626,1
24,86,2,0,1,1,1,18,1,1,0,57,42,0,2,3,0,57.2,24.5,-15,1.75,1,1.1,2,20.64,24.120481927710845,1
24,86,2,0,1,1,1,22,1,11,1,76,82,1,2,1,0,74.8,29.5,6,3.4166666666666665,1,3.1,2,20.64,61.58232931726908,1
24,86,2,0,1,1,1,22,1,17,1,62,100,1,0,0,0,69.2,32.5,38,4.166666666666667,3,3.7,2,20.64,69.47791164658635,1
24,86,0,1,1,1,1,23,1,0,1,63,99,1,1,0,0,79.6,24.0,36,4.125,0,2.0,0,20.64,79.12048192771084,1
24,86,0,1,1,1,1,18,1,1,0,57,42,0,2,3,0,67.2,24.5,-15,1.75,-1,1.1,0,20.64,28.337349397590366,1
24,86,0,1,1,1,1,22,1,11,1,76,82,1,2,1,0,84.8,29.5,6,3.4166666666666665,-1,3.1,0,20.64,69.81526104417671,1
24,86,0,1,1,1,1,22,1,17,1,62,100,1,0,0,0,79.2,32.5,38,4.166666666666667,1,3.7,0,20.64,79.51807228915663,1
24,86,1,1,1,1,1,23,1,0,1,63,99,1,1,0,0,79.6,24.0,36,4.125,1,2.0,1,20.64,79.12048192771084,1
24,86,1,1,1,1,1,18,1,1,0,57,42,0,2,3,0,67.2,24.5,-15,1.75,0,1.1,1,20.64,28.337349397590366,1
24,86,1,1,1,1,1,22,1,11,1,76,82,1,2,1,0,84.8,29.5,6,3.4166666666666665,0,3.1,1,20.64,69.81526104417671,1
24,86,1,1,1,1,1,22,1,17,1,62,100,1,0,0,0,79.2,32.5,38,4.166666666666667,2,3.7,1,20.64,79.51807228915663,1
28,99,0,0,1,1,0,28,2,0,1,98,99,1,2,0,0,88.80000000000001,28.0,1,3.5357142857142856,-1,2.0,0,27.72,88.26506024096388,1
28,99,0,0,1,1,0,25,0,17,1,89,54,1,1,3,0,85.2,36.5,-35,1.9285714285714286,0,3.7,0,27.72,46.19277108433735,1
28,99,0,0,1,1,0,20,3,7,1,57,42,0,2,3,0,72.4,31.5,-15,1.5,-1,1.7000000000000002,0,27.72,30.530120481927714,1
28,99,1,1,1,1,0,28,2,0,1,98,99,1,2,0,0,98.80000000000001,28.0,1,3.5357142857142856,0,2.0,1,27.72,98.20481927710844,1
28,99,1,1,1,1,0,25,0,17,1,89,54,1,1,3,0,95.2,36.5,-35,1.9285714285714286,1,3.7,1,27.72,51.61445783132531,1
28,99,1,1,1,1,0,20,3,7,1,57,42,0,2,3,0,82.4,31.5,-15,1.5,0,1.7000000000000002,1,27.72,34.746987951807235,1
28,67,2,0,0,1,0,18,3,16,1,85,85,1,2,0,0,70.8,36.0,0,3.0357142857142856,0,3.6,0,18.76,60.421686746987945,1
28,67,2,0,0,1,0,27,1,16,1,62,56,1,2,2,0,61.6,36.0,-6,2.0,0,3.6,0,18.76,34.634538152610446,1
28,67,2,0,0,1,0,28,2,17,1,53,82,1,2,1,0,58.0,36.5,29,2.9285714285714284,0,3.7,0,18.76,47.75100401606426,1
28,67,1,0,2,1,0,18,3,16,1,85,85,1,2,0,0,70.8,36.0,0,3.0357142857142856,1,3.6,2,18.76,60.421686746987945,1
28,67,1,0,2,1,0,27,1,16,1,62,56,1,2,2,0,61.6,36.0,-6,2.0,1,3.6,2,18.76,34.634538152610446,1
28,67,1,0,2,1,0,28,2,17,1,53,82,1,2,1,0,58.0,36.5,29,2.9285714285714284,1,3.7,2,18.76,47.75100401606426,1
28,67,1,1,1,1,0,18,3,16,1,85,85,1,2,0,0,80.8,36.0,0,3.0357142857142856,0,3.6,1,18.76,68.95582329317268,1
28,67,1,1,1,1,0,27,1,16,1,62,56,1,2,2,0,71.6,36.0,-6,2.0,0,3.6,1,18.76,40.257028112449795,1
28,67,1,1,1,1,0,28,2,17,1,53,82,1,2,1,0,68.0,36.5,29,2.9285714285714284,0,3.7,1,18.76,55.983935742971894,1
34,75,1,1,1,1,1,23,0,15,1,58,52,1,2,3,0,73.2,41.5,-6,1.5294117647058822,0,3.5,1,25.5,38.21686746987952,1
25,66,2,1,0,1,1,19,0,18,1,62,72,1,2,1,0,71.2,34.0,10,2.88,0,3.8,0,16.5,51.4698795180723,1
25,66,2,1,0,1,1,20,1,19,1,78,54,0,2,3,0,77.60000000000001,34.5,-24,2.16,0,2.9000000000000004,0,16.5,42.07228915662651,1
25,66,2,1,0,1,1,25,0,16,0,61,83,1,2,1,0,60.800000000000004,33.0,22,3.32,0,3.6,0,16.5,50.66666666666667,1
25,66,2,1,1,1,1,19,0,18,1,62,72,1,2,1,0,71.2,34.0,10,2.88,1,3.8,2,16.5,51.4698795180723,1
25,66,2,1,1,1,1,20,1,19,1,78,54,0,2,3,0,77.60000000000001,34.5,-24,2.16,1,2.9000000000000004,2,16.5,42.07228915662651,1
25,66,2,1,1,1,1,25,0,16,0,61,83,1,2,1,0,60.800000000000004,33.0,22,3.32,1,3.6,2,16.5,50.66666666666667,1
25,66,1,1,1,1,1,19,0,18,1,62,72,1,2,1,0,71.2,34.0,10,2.88,0,3.8,1,16.5,51.4698795180723,1
25,66,1,1,1,1,1,20,1,19,1,78,54,0,2,3,0,77.60000000000001,34.5,-24,2.16,0,2.9000000000000004,1,16.5,42.07228915662651,1
25,66,1,1,1,1,1,25,0,16,0,61,83,1,2,1,0,60.800000000000004,33.0,22,3.32,0,3.6,1,16.5,50.66666666666667,1
34,87,0,0,2,1,1,18,2,0,0,78,95,1,2,0,0,66.0,34.0,17,2.7941176470588234,0,2.0,0,29.58,62.95180722891566,1
34,87,0,0,2,1,1,27,2,19,1,92,66,1,1,2,0,81.60000000000001,43.5,-26,1.9411764705882353,1,3.9000000000000004,0,29.58,54.07228915662651,1
38,90,1,1,0,1,1,22,2,13,1,68,70,1,0,1,0,83.2,44.5,2,1.8421052631578947,1,3.3,0,34.2,58.47389558232932,1
26,82,1,1,1,1,1,24,0,15,1,53,56,1,1,2,0,74.0,33.5,3,2.1538461538461537,1,3.5,1,21.32,41.606425702811244,1
26,82,1,1,1,1,1,19,2,0,1,86,52,1,1,3,0,87.2,26.0,-34,2.0,1,2.0,1,21.32,45.52610441767069,1
26,82,1,0,0,1,1,24,0,15,1,53,56,1,1,2,0,64.0,33.5,3,2.1538461538461537,0,3.5,0,21.32,35.98393574297189,1
26,82,1,0,0,1,1,19,2,0,1,86,52,1,1,3,0,77.2,26.0,-34,2.0,0,2.0,0,21.32,40.30522088353414,1
22,78,2,1,2,1,0,21,0,16,1,80,83,1,1,1,0,83.2,30.0,3,3.772727272727273,3,3.6,4,17.16,69.33333333333334,1
22,78,2,1,2,1,0,24,1,2,1,100,51,1,1,3,0,91.2,23.0,-49,2.3181818181818183,3,2.2,4,17.16,46.6987951807229,1
29,72,1,0,0,1,0,18,1,14,1,66,55,1,2,2,0,65.2,36.0,-11,1.896551724137931,-1,3.4000000000000004,0,20.88,36.00401606425703,1
30,83,1,1,1,1,0,22,3,2,0,90,71,1,2,1,0,79.2,31.0,-19,2.3666666666666667,0,2.2,1,24.9,56.457831325301214,1
30,83,1,1,1,1,0,23,0,13,0,85,77,1,2,1,0,77.2,36.5,-8,2.566666666666667,0,3.3,1,24.9,59.682730923694784,1
30,83,1,1,1,1,0,25,2,16,1,56,91,1,1,0,0,75.60000000000001,38.0,35,3.033333333333333,1,3.6,1,24.9,69.07228915662651,1
30,83,1,1,1,1,0,28,1,13,1,54,88,0,1,0,0,74.80000000000001,36.5,34,2.933333333333333,1,2.3,1,24.9,66.08835341365463,1
34,91,0,0,1,1,1,21,0,17,0,90,45,1,1,3,0,72.4,42.5,-45,1.3235294117647058,0,3.7,0,30.94,32.71084337349398,1
34,91,0,0,1,1,1,26,3,10,1,67,85,0,2,0,0,73.2,39.0,18,2.5,-1,2.0,0,30.94,62.46987951807229,1
34,97,1,0,1,1,1,19,2,14,1,60,83,1,2,1,0,72.80000000000001,41.0,23,2.4411764705882355,0,3.4000000000000004,1,32.98,60.666666666666686,1
34,97,1,0,1,1,1,24,0,14,1,63,72,1,1,1,0,74.0,41.0,9,2.1176470588235294,1,3.4000000000000004,1,32.98,53.49397590361446,1
34,97,1,0,1,1,1,27,3,1,0,61,62,1,0,2,0,63.2,34.5,1,1.8235294117647058,2,2.1,1,32.98,39.341365461847396,1
34,97,1,0,1,1,1,29,0,5,1,71,46,1,0,3,0,77.2,36.5,-25,1.3529411764705883,2,2.5,1,32.98,35.65461847389559,1
34,92,1,0,0,1,0,27,1,0,1,81,80,1,1,1,0,79.2,34.0,-1,2.3529411764705883,0,2.0,0,31.28,63.61445783132531,1
34,92,1,0,0,1,0,21,0,9,1,92,68,0,1,2,0,83.60000000000001,38.5,-24,2.0,0,1.9,0,31.28,57.07630522088354,1
18,100,0,0,0,1,0,23,0,7,1,62,65,1,1,2,0,74.8,21.5,3,3.611111111111111,-1,2.7,0,18.0,48.81526104417671,1
35,86,1,0,1,1,0,23,2,12,0,100,89,0,0,0,0,74.4,41.0,-11,2.5428571428571427,2,2.2,1,30.099999999999998,66.48192771084338,1
34,79,0,1,0,1,1,27,3,4,1,52,55,1,1,2,0,72.4,36.0,3,1.6176470588235294,-1,2.4,0,26.86,39.979919678714865,1
34,79,0,1,0,1,1,22,2,4,1,96,94,1,2,0,0,90.0,36.0,-2,2.764705882352941,-2,2.4,0,26.86,84.93975903614458,1
34,79,0,1,0,1,1,25,2,10,0,57,86,0,2,0,0,64.4,39.0,29,2.5294117647058822,-2,2.0,0,26.86,55.60642570281125,1
34,79,0,1,0,1,1,22,3,8,1,76,67,0,0,2,0,82.0,38.0,-9,1.9705882352941178,0,1.8,0,26.86,55.16064257028113,1
31,77,1,0,1,1,1,26,0,0,1,81,87,0,2,0,0,73.2,31.0,6,2.806451612903226,0,1.0,1,23.87,63.93975903614458,1
34,78,2,1,1,1,1,18,0,0,1,60,89,1,0,0,0,75.2,34.0,29,2.6176470588235294,3,2.0,2,26.52,67.19678714859438,1
34,78,2,1,1,1,1,20,2,12,1,63,73,1,1,1,0,76.4,40.0,10,2.1470588235294117,2,3.2,2,26.52,55.99598393574298,1
31,82,2,1,1,1,1,23,0,15,0,60,70,1,1,1,0,66.80000000000001,38.5,10,2.2580645161290325,2,3.5,2,25.419999999999998,46.947791164658646,1
31,82,2,1,1,1,1,22,2,18,0,54,66,1,1,2,0,64.4,40.0,12,2.129032258064516,2,3.8,2,25.419999999999998,42.674698795180724,1
38,80,1,0,1,1,0,19,3,18,1,51,93,0,1,0,0,62.400000000000006,47.0,42,2.4473684210526314,1,2.8,1,30.400000000000002,58.26506024096387,1
38,80,1,0,1,1,0,18,2,18,1,93,83,1,1,1,0,79.2,47.0,-10,2.1842105263157894,1,3.8,1,30.400000000000002,66.00000000000001,1
38,80,1,0,1,1,0,21,0,15,1,85,94,1,0,0,0,76.0,45.5,9,2.473684210526316,2,3.5,1,30.400000000000002,71.72690763052209,1
38,80,1,0,1,1,0,18,3,17,1,68,93,0,2,0,0,69.2,46.5,25,2.4473684210526314,0,2.7,1,30.400000000000002,64.61445783132531,1
31,79,2,0,1,1,1,23,1,20,1,59,75,1,2,1,0,65.2,41.0,16,2.4193548387096775,1,4.0,2,24.490000000000002,49.096385542168676,1
31,79,2,0,1,1,1,22,3,4,0,51,45,1,0,3,0,52.0,33.0,-6,1.4516129032258065,3,2.4,2,24.490000000000002,23.49397590361446,1
25,100,0,0,0,1,1,25,1,10,1,81,91,1,2,0,0,82.4,30.0,10,3.64,-2,3.0,0,25.0,75.285140562249,1
25,100,0,0,0,1,1,23,0,10,0,72,45,0,2,3,0,68.8,30.0,-27,1.8,-2,2.0,0,25.0,31.084337349397593,1
15,70,1,0,0,1,1,26,2,6,0,94,40,1,2,3,0,65.6,18.0,-54,2.6666666666666665,-1,2.6,0,10.5,26.34538152610442,1
27,84,2,0,0,1,0,23,3,7,1,54,73,0,1,1,0,65.2,30.5,19,2.7037037037037037,1,1.7000000000000002,0,22.68,47.78714859437751,1
36,70,2,0,1,1,1,25,0,18,1,56,84,1,0,1,0,60.400000000000006,45.0,28,2.3333333333333335,3,3.8,2,25.2,50.939759036144586,1
28,96,1,0,2,1,1,21,2,5,1,69,68,1,2,2,0,76.0,30.5,-1,2.4285714285714284,1,2.5,2,26.88,51.88755020080322,1
28,96,1,0,2,1,1,20,1,9,1,72,40,1,2,3,0,77.2,32.5,-32,1.4285714285714286,1,2.9,2,26.88,31.00401606425703,1
28,96,1,0,2,1,1,21,2,10,1,87,56,0,2,2,0,83.20000000000002,33.0,-31,2.0,1,2.0,2,26.88,46.77911646586347,1
28,96,0,1,2,1,1,21,2,5,1,69,68,1,2,2,0,86.0,30.5,-1,2.4285714285714284,0,2.5,0,26.88,58.71485943775101,1
28,96,0,1,2,1,1,20,1,9,1,72,40,1,2,3,0,87.2,32.5,-32,1.4285714285714286,0,2.9,0,26.88,35.02008032128514,1
28,96,0,1,2,1,1,21,2,10,1,87,56,0,2,2,0,93.20000000000002,33.0,-31,2.0,0,2.0,0,26.88,52.40160642570282,1
25,68,1,1,0,1,0,22,1,2,1,98,47,1,0,3,0,86.4,26.0,-51,1.88,1,2.2,0,17.0,40.77108433734941,1
25,68,1,0,0,1,0,22,1,2,1,98,47,1,0,3,0,76.4,26.0,-51,1.88,1,2.2,0,17.0,36.05220883534137,1
35,63,2,1,0,1,1,23,2,5,0,92,74,1,2,1,0,72.0,37.5,-18,2.1142857142857143,0,2.5,0,22.05,53.493975903614455,1
35,63,2,1,0,1,1,19,1,12,0,68,55,1,0,2,0,62.400000000000006,41.0,-13,1.5714285714285714,2,3.2,0,22.05,34.457831325301214,1
30,92,1,1,1,1,1,22,2,15,0,58,61,1,0,2,0,70.0,37.5,3,2.033333333333333,2,3.5,1,27.6,42.871485943775106,1
25,79,0,1,1,1,1,21,3,17,1,88,92,0,2,0,0,86.80000000000001,33.5,4,3.68,-1,2.7,0,19.75,80.17670682730926,1
25,79,0,1,1,1,1,28,1,15,1,89,45,0,2,3,0,87.2,32.5,-44,1.8,-1,2.5,0,19.75,39.397590361445786,1
30,71,0,0,0,1,0,27,0,8,0,96,45,0,2,3,0,66.80000000000001,34.0,-51,1.5,-2,1.8,0,21.299999999999997,30.18072289156627,1
30,71,2,0,0,1,0,27,0,8,0,96,45,0,2,3,0,66.80000000000001,34.0,-51,1.5,0,1.8,0,21.299999999999997,30.18072289156627,1
24,83,0,0,1,1,1,20,0,13,1,76,73,1,1,1,0,73.60000000000001,30.5,-3,3.0416666666666665,0,3.3,0,19.919999999999998,53.94377510040161,1
24,83,0,0,1,1,1,29,3,10,1,51,100,0,1,0,0,63.60000000000001,29.0,49,4.166666666666667,0,2.0,0,19.919999999999998,63.85542168674701,1
24,83,1,0,2,1,1,20,0,13,1,76,73,1,1,1,0,73.60000000000001,30.5,-3,3.0416666666666665,2,3.3,2,19.919999999999998,53.94377510040161,1
24,83,1,0,2,1,1,29,3,10,1,51,100,0,1,0,0,63.60000000000001,29.0,49,4.166666666666667,2,2.0,2,19.919999999999998,63.85542168674701,1
32,91,1,1,1,1,0,19,0,9,0,81,45,1,1,3,0,78.8,36.5,-36,1.40625,1,2.9,1,29.12,35.60240963855422,1
26,79,2,1,2,1,0,29,0,0,1,73,65,0,2,2,0,80.80000000000001,26.0,-8,2.5,2,1.0,4,20.54,52.73092369477913,1
26,79,2,1,2,1,0,19,2,4,0,93,89,1,0,0,0,78.80000000000001,28.0,-4,3.423076923076923,4,2.4,4,20.54,70.41365461847391,1
26,79,2,1,2,1,0,18,2,5,0,82,89,1,2,0,0,74.4,28.5,7,3.423076923076923,2,2.5,4,20.54,66.48192771084338,1
26,79,2,1,2,1,0,28,1,2,0,83,93,1,1,0,0,74.80000000000001,27.0,10,3.576923076923077,3,2.2,4,20.54,69.84337349397592,1
26,79,2,1,2,1,0,21,3,3,0,60,74,0,2,1,0,65.6,27.5,14,2.8461538461538463,2,1.3,4,20.54,48.73895582329317,1
24,85,0,1,1,1,1,21,0,9,1,62,53,1,2,3,0,78.8,28.5,-9,2.2083333333333335,-1,2.9,0,20.4,41.93172690763053,1
24,85,0,1,1,1,1,29,2,14,0,99,62,0,2,2,0,83.6,31.0,-37,2.5833333333333335,-1,2.4000000000000004,0,20.4,52.04016064257028,1
24,85,0,1,1,1,1,24,1,13,0,77,48,0,2,3,0,74.8,30.5,-29,2.0,-1,2.3,0,20.4,36.04819277108434,1
35,67,2,1,0,1,1,23,3,17,1,58,66,1,2,2,0,70.0,43.5,8,1.8857142857142857,0,3.7,0,23.450000000000003,46.385542168674704,1
27,60,2,0,2,1,0,28,1,4,1,59,63,1,1,2,0,57.6,29.0,4,2.3333333333333335,3,2.4,4,16.2,36.43373493975904,1
27,60,2,0,2,1,0,27,2,14,1,86,98,1,2,0,0,68.4,34.0,12,3.6296296296296298,2,3.4000000000000004,4,16.2,67.30120481927712,1
27,60,2,0,0,1,0,28,1,4,1,59,63,1,1,2,0,57.6,29.0,4,2.3333333333333335,1,2.4,0,16.2,36.43373493975904,1
27,60,2,0,0,1,0,27,2,14,1,86,98,1,2,0,0,68.4,34.0,12,3.6296296296296298,0,3.4000000000000004,0,16.2,67.30120481927712,1
35,91,1,1,0,1,1,18,1,12,0,100,62,1,1,2,0,86.4,41.0,-38,1.7714285714285714,0,3.2,0,31.85,53.78313253012049,1
35,91,1,1,0,1,1,24,0,13,0,67,51,1,2,3,0,73.2,41.5,-16,1.457142857142857,-1,3.3,0,31.85,37.48192771084337,1
35,91,1,1,0,1,1,26,3,8,1,72,40,1,1,3,0,85.2,39.0,-32,1.1428571428571428,0,2.8,0,31.85,34.216867469879524,1
35,91,1,1,0,1,1,24,0,10,1,56,94,0,1,0,0,78.8,40.0,38,2.6857142857142855,0,2.0,0,31.85,74.3694779116466,1
35,91,1,1,0,1,1,29,0,0,1,62,94,1,2,0,0,81.2,35.0,32,2.6857142857142855,-1,2.0,0,31.85,76.63453815261045,1
35,91,1,1,0,1,1,29,1,18,1,77,45,1,1,3,0,87.2,44.0,-32,1.2857142857142858,0,3.8,0,31.85,39.397590361445786,1
39,78,1,0,1,1,1,27,1,15,1,79,40,1,1,3,0,72.80000000000001,46.5,-39,1.0256410256410255,1,3.5,1,30.42,29.236947791164667,1
39,78,1,0,1,1,1,22,0,7,1,64,100,1,2,0,0,66.80000000000001,42.5,36,2.5641025641025643,0,2.7,1,30.42,67.0682730923695,1
36,89,0,1,0,1,1,22,0,14,1,79,63,1,2,2,0,87.2,43.0,-16,1.75,-2,3.4000000000000004,0,32.04,55.156626506024104,1
36,89,0,1,0,1,1,27,2,1,0,69,79,1,1,1,0,73.2,36.5,10,2.1944444444444446,-1,2.1,0,32.04,58.06024096385543,1
29,60,2,0,1,1,1,25,0,17,1,77,43,0,0,3,0,64.8,37.5,-34,1.4827586206896552,3,2.7,2,17.4,27.97590361445783,1
29,60,2,0,1,1,1,24,3,5,0,50,90,1,2,0,0,44.0,31.5,40,3.103448275862069,1,2.5,2,17.4,39.75903614457831,1
29,60,2,0,1,1,1,29,0,8,1,64,90,0,2,0,0,59.6,33.0,26,3.103448275862069,1,1.8,2,17.4,53.855421686746986,1
38,98,1,0,1,1,0,18,0,5,1,74,86,0,2,0,0,78.80000000000001,40.5,12,2.263157894736842,0,1.5,1,37.24,68.0401606425703,1
38,98,1,0,1,1,0,22,2,14,0,75,56,1,1,2,0,69.2,45.0,-19,1.4736842105263157,1,3.4000000000000004,1,37.24,38.90763052208836,1
38,98,1,0,1,1,0,28,2,12,0,51,80,0,0,1,0,59.60000000000001,44.0,29,2.1052631578947367,2,2.2,1,37.24,47.87148594377511,1
38,98,1,0,1,1,0,26,3,19,1,86,77,1,2,1,0,83.6,47.5,-9,2.026315789473684,0,3.9000000000000004,1,37.24,64.63052208835342,1
30,68,2,1,2,1,0,23,2,19,1,84,42,0,1,3,0,80.80000000000001,39.5,-42,1.4,3,2.9000000000000004,4,20.400000000000002,34.07228915662652,1
30,99,1,0,1,1,1,18,1,6,0,88,62,1,2,2,0,74.80000000000001,33.0,-26,2.066666666666667,0,2.6,1,29.7,46.56224899598394,1
30,99,1,0,1,1,1,20,2,9,0,88,44,1,1,3,0,74.80000000000001,34.5,-44,1.4666666666666666,1,2.9,1,29.7,33.044176706827315,1
30,99,1,0,1,1,1,20,3,10,1,56,93,1,2,0,0,72.0,35.0,37,3.1,0,3.0,1,29.7,67.2289156626506,1
30,99,1,1,1,1,1,18,1,6,0,88,62,1,2,2,0,84.80000000000001,33.0,-26,2.066666666666667,0,2.6,1,29.7,52.78714859437752,1
30,99,1,1,1,1,1,20,2,9,0,88,44,1,1,3,0,84.80000000000001,34.5,-44,1.4666666666666666,1,2.9,1,29.7,37.46184738955824,1
30,99,1,1,1,1,1,20,3,10,1,56,93,1,2,0,0,82.0,35.0,37,3.1,0,3.0,1,29.7,76.56626506024097,1
27,76,2,1,1,1,0,28,3,3,0,90,94,0,0,0,0,76.4,28.5,4,3.4814814814814814,3,1.3,2,20.52,72.10441767068274,1
27,76,2,1,1,1,0,25,0,1,0,63,77,1,0,1,0,65.60000000000001,27.5,14,2.8518518518518516,3,2.1,2,20.52,50.71485943775101,1
27,76,2,0,1,1,0,28,3,3,0,90,94,0,0,0,0,66.4,28.5,4,3.4814814814814814,3,1.3,2,20.52,62.66666666666667,1
27,76,2,0,1,1,0,25,0,1,0,63,77,1,0,1,0,55.60000000000001,27.5,14,2.8518518518518516,3,2.1,2,20.52,42.9839357429719,1
27,76,1,0,1,1,0,28,3,3,0,90,94,0,0,0,0,66.4,28.5,4,3.4814814814814814,2,1.3,1,20.52,62.66666666666667,1
27,76,1,0,1,1,0,25,0,1,0,63,77,1,0,1,0,55.60000000000001,27.5,14,2.8518518518518516,2,2.1,1,20.52,42.9839357429719,1
33,66,1,0,1,1,1,27,3,9,0,91,80,1,0,1,0,62.8,37.5,-11,2.4242424242424243,2,2.9,1,21.78,50.44176706827309,1
33,66,1,0,1,1,1,22,2,5,1,95,55,1,2,2,0,74.4,35.5,-40,1.6666666666666667,0,2.5,1,21.78,41.08433734939759,1
33,66,1,0,1,1,1,26,2,13,1,68,90,0,2,0,0,63.60000000000001,39.5,22,2.727272727272727,0,2.3,1,21.78,57.469879518072304,1
33,66,1,0,1,1,1,20,1,1,1,80,55,1,0,2,0,68.4,33.5,-25,1.6666666666666667,2,2.1,1,21.78,37.7710843373494,1
27,100,1,1,0,1,0,22,1,11,1,78,86,0,1,0,0,91.2,32.5,8,3.185185185185185,0,2.1,0,27.0,78.74698795180723,1
27,100,1,1,0,1,0,18,3,20,1,61,67,0,2,2,0,84.4,37.0,6,2.4814814814814814,-1,3.0,0,27.0,56.77510040160643,1
33,78,0,0,1,1,1,22,1,17,0,60,94,1,1,0,0,55.2,41.5,34,2.8484848484848486,0,3.7,0,25.740000000000002,52.096385542168676,1
33,78,0,0,1,1,1,25,3,18,0,95,77,1,0,1,0,69.2,42.0,-18,2.3333333333333335,1,3.8,0,25.740000000000002,53.49799196787149,1
33,78,0,0,1,1,1,24,0,11,0,67,98,1,2,0,0,58.0,38.5,31,2.9696969696969697,-1,3.1,0,25.740000000000002,57.06827309236948,1
33,78,1,0,1,1,1,22,1,17,0,60,94,1,1,0,0,55.2,41.5,34,2.8484848484848486,1,3.7,1,25.740000000000002,52.096385542168676,1
33,78,1,0,1,1,1,25,3,18,0,95,77,1,0,1,0,69.2,42.0,-18,2.3333333333333335,2,3.8,1,25.740000000000002,53.49799196787149,1
33,78,1,0,1,1,1,24,0,11,0,67,98,1,2,0,0,58.0,38.5,31,2.9696969696969697,0,3.1,1,25.740000000000002,57.06827309236948,1
32,90,1,1,2,1,1,25,3,4,1,53,41,1,2,3,0,77.2,34.0,-12,1.28125,1,2.4,2,28.8,31.779116465863456,1
30,97,1,1,2,1,0,27,0,5,1,79,47,1,0,3,0,90.4,32.5,-32,1.5666666666666667,3,2.5,2,29.099999999999998,42.65863453815261,1
30,97,1,1,2,1,0,23,2,6,1,68,99,1,1,0,0,86.0,33.0,31,3.3,2,2.6,2,29.099999999999998,85.48192771084338,1
30,97,1,1,2,1,0,23,0,0,0,78,80,1,2,1,0,80.0,30.0,2,2.6666666666666665,1,2.0,2,29.099999999999998,64.2570281124498,1
30,97,1,1,2,1,0,25,2,12,0,78,47,1,2,3,0,80.0,36.0,-31,1.5666666666666667,1,3.2,2,29.099999999999998,37.75100401606426,1
30,97,1,1,2,1,0,28,1,15,1,56,79,1,1,1,0,81.2,37.5,23,2.6333333333333333,2,3.5,2,29.099999999999998,64.40562248995984,1
27,93,0,1,0,1,1,23,0,15,0,81,76,1,1,1,0,79.6,34.5,-5,2.814814814814815,-1,3.5,0,25.110000000000003,60.73895582329317,1
33,61,0,1,1,1,1,25,2,0,1,75,40,1,1,3,0,74.4,33.0,-35,1.2121212121212122,0,2.0,0,20.13,29.87951807228916,1
36,82,0,1,1,1,1,21,2,6,0,54,95,1,1,0,0,64.4,39.0,41,2.638888888888889,0,2.6,0,29.52,61.42570281124498,1
36,82,0,1,1,1,1,20,2,15,1,71,78,0,0,1,0,81.2,43.5,7,2.1666666666666665,1,2.5,0,29.52,63.59036144578314,1
36,82,0,1,1,1,1,18,0,3,0,63,74,0,0,1,0,68.0,37.5,11,2.0555555555555554,1,1.3,0,29.52,50.52208835341366,1
36,82,0,1,1,1,1,25,1,14,1,71,78,1,2,1,0,81.2,43.0,7,2.1666666666666665,-1,3.4000000000000004,0,29.52,63.59036144578314,1
34,99,1,1,1,1,1,24,2,2,0,68,63,1,0,2,0,76.80000000000001,35.0,-5,1.8529411764705883,2,2.2,1,33.66,48.578313253012055,1
22,100,1,0,1,1,1,25,1,4,1,57,85,1,1,0,0,72.8,24.0,28,3.8636363636363638,1,2.4,1,22.0,62.1285140562249,1
27,80,1,0,0,1,0,29,1,14,1,71,81,1,0,1,0,70.4,34.0,10,3.0,1,3.4000000000000004,0,21.6,57.25301204819278,1
27,80,1,0,0,1,0,23,2,13,0,58,40,1,2,3,0,55.2,33.5,-18,1.4814814814814814,-1,3.3,0,21.6,22.16867469879518,1
29,79,2,0,1,1,0,29,1,3,0,69,82,1,2,1,0,59.2,30.5,13,2.8275862068965516,1,2.3,2,22.91,48.738955823293175,1
29,79,2,0,1,1,0,22,2,2,0,88,55,1,1,2,0,66.80000000000001,30.0,-33,1.896551724137931,2,2.2,2,22.91,36.88755020080322,1
29,79,2,0,1,1,0,19,0,17,1,90,52,1,2,3,0,77.6,37.5,-38,1.793103448275862,1,3.7,2,22.91,40.5140562248996,1
31,95,1,0,1,1,0,28,2,11,1,98,45,1,2,3,0,87.2,36.5,-53,1.4516129032258065,0,3.1,1,29.45,39.397590361445786,1
15,80,1,1,0,1,1,25,0,18,1,53,42,0,2,3,0,73.2,24.0,-11,2.8,-1,2.8,0,12.0,30.867469879518072,1
15,80,2,1,1,1,1,25,0,18,1,53,42,0,2,3,0,73.2,24.0,-11,2.8,1,2.8,2,12.0,30.867469879518072,1
17,74,0,1,0,1,0,25,2,4,1,74,59,1,1,2,0,79.2,19.0,-15,3.4705882352941178,-1,2.4,0,12.58,46.915662650602414,1
17,74,1,0,1,1,0,25,2,4,1,74,59,1,1,2,0,69.2,19.0,-15,3.4705882352941178,1,2.4,1,12.58,40.99196787148595,1
31,73,2,1,2,1,0,21,2,5,1,65,62,1,0,2,0,75.2,33.5,-3,2.0,4,2.5,4,22.63,46.811244979919685,1
32,94,2,1,2,1,1,19,2,12,1,82,67,1,1,2,0,90.4,38.0,-15,2.09375,3,3.2,4,30.08,60.811244979919685,1
32,94,2,1,2,1,1,19,0,8,1,97,45,1,1,3,0,96.4,36.0,-52,1.40625,3,2.8,4,30.08,43.55421686746989,1
34,93,1,1,2,1,1,19,0,11,0,82,43,1,2,3,0,80.0,39.5,-39,1.2647058823529411,1,3.1,2,31.62,34.53815261044177,1
29,93,1,0,1,1,0,18,1,10,0,60,83,0,0,1,0,61.2,34.0,23,2.8620689655172415,2,2.0,1,26.970000000000002,51.00000000000001,1
29,93,1,0,1,1,0,22,2,0,0,53,56,1,2,2,0,58.400000000000006,29.0,3,1.9310344827586208,0,2.0,1,26.970000000000002,32.83534136546185,1
29,93,1,0,1,1,0,18,1,5,1,55,89,1,0,0,0,69.2,31.5,34,3.0689655172413794,2,2.5,1,26.970000000000002,61.83534136546186,1
29,93,1,0,1,1,0,25,3,12,1,59,71,1,2,1,0,70.80000000000001,35.0,12,2.4482758620689653,0,3.2,1,26.970000000000002,50.469879518072304,1
20,91,1,1,2,1,0,24,0,3,1,85,85,1,0,0,0,90.4,21.5,0,4.25,3,2.3,2,18.2,77.14859437751005,1
28,88,2,1,1,1,0,20,0,17,1,76,56,1,1,2,0,85.60000000000001,36.5,-20,2.0,2,3.7,2,24.64,48.12851405622491,1
28,68,0,1,1,1,1,29,0,15,1,94,75,1,1,1,0,84.80000000000001,35.5,-19,2.6785714285714284,0,3.5,0,19.040000000000003,63.855421686747,1
28,68,0,1,1,1,1,20,0,20,1,89,94,1,2,0,0,82.80000000000001,38.0,5,3.357142857142857,-1,4.0,0,19.040000000000003,78.14457831325302,1
28,68,0,1,1,1,1,29,2,12,1,68,46,0,2,3,0,74.4,34.0,-22,1.6428571428571428,-1,2.2,0,19.040000000000003,34.36144578313253,1
28,68,0,1,1,1,1,29,2,1,0,50,54,1,2,3,0,57.2,28.5,4,1.9285714285714286,-1,2.1,0,19.040000000000003,31.012048192771086,1
28,68,1,1,1,1,1,29,0,15,1,94,75,1,1,1,0,84.80000000000001,35.5,-19,2.6785714285714284,1,3.5,1,19.040000000000003,63.855421686747,1
28,68,1,1,1,1,1,20,0,20,1,89,94,1,2,0,0,82.80000000000001,38.0,5,3.357142857142857,0,4.0,1,19.040000000000003,78.14457831325302,1
28,68,1,1,1,1,1,29,2,12,1,68,46,0,2,3,0,74.4,34.0,-22,1.6428571428571428,0,2.2,1,19.040000000000003,34.36144578313253,1
28,68,1,1,1,1,1,29,2,1,0,50,54,1,2,3,0,57.2,28.5,4,1.9285714285714286,0,2.1,1,19.040000000000003,31.012048192771086,1
36,90,2,1,0,1,1,25,0,18,1,54,78,0,0,1,0,77.6,45.0,24,2.1666666666666665,2,2.8,0,32.4,60.7710843373494,1
34,82,2,1,2,1,0,20,2,0,1,68,59,0,2,2,0,80.0,34.0,-9,1.7352941176470589,2,1.0,4,27.88,47.389558232931726,1
28,85,1,1,1,1,0,19,2,12,1,91,66,0,2,2,0,90.4,34.0,-25,2.357142857142857,0,2.2,1,23.8,59.90361445783133,1
28,85,1,1,1,1,0,27,2,18,1,54,71,1,2,1,0,75.6,37.0,17,2.5357142857142856,0,3.8,1,23.8,53.89156626506024,1
37,96,1,0,1,1,0,20,0,19,1,61,46,1,2,3,0,72.80000000000001,46.5,-15,1.2432432432432432,0,3.9000000000000004,1,35.519999999999996,33.62248995983937,1
37,96,1,0,1,1,0,21,1,1,0,76,55,1,2,2,0,68.80000000000001,37.5,-21,1.4864864864864864,0,2.1,1,35.519999999999996,37.991967871485954,1
37,96,1,0,1,1,0,26,0,12,1,97,40,1,1,3,0,87.20000000000002,43.0,-57,1.0810810810810811,1,3.2,1,35.519999999999996,35.02008032128515,1
32,94,2,1,1,1,0,18,2,3,1,52,42,1,1,3,0,78.4,33.5,-10,1.3125,2,2.3,2,30.08,33.06024096385543,1
32,94,2,1,1,1,0,27,2,18,0,65,94,0,1,0,0,73.6,41.0,29,2.9375,2,2.8,2,30.08,69.46184738955823,1
32,94,2,1,1,1,0,28,3,5,0,84,95,1,1,0,0,81.2,34.5,11,2.96875,2,2.5,2,30.08,77.44979919678715,1
28,90,0,1,1,1,1,24,2,9,1,71,81,0,2,1,0,84.4,32.5,10,2.892857142857143,-1,1.9,0,25.2,68.63855421686748,1
28,90,0,1,1,1,1,22,0,14,0,58,94,0,2,0,0,69.2,35.0,36,3.357142857142857,-1,2.4000000000000004,0,25.2,65.30923694779118,1
28,93,1,0,2,1,1,20,1,18,1,84,99,1,2,0,0,80.80000000000001,37.0,15,3.5357142857142856,1,3.8,2,26.040000000000003,80.31325301204821,1
28,93,1,0,2,1,1,23,0,3,0,54,63,1,2,2,0,58.800000000000004,29.5,9,2.25,1,2.3,2,26.040000000000003,37.19277108433736,1
29,75,1,1,0,1,1,18,2,13,1,69,72,1,0,1,0,77.6,35.5,3,2.4827586206896552,1,3.3,0,21.75,56.096385542168676,1
29,75,1,1,0,1,1,28,0,4,1,93,45,0,2,3,0,87.2,31.0,-48,1.5517241379310345,-1,1.4,0,21.75,39.397590361445786,1
26,87,2,0,0,1,0,22,0,13,1,53,48,1,2,3,0,66.0,32.5,-5,1.8461538461538463,0,3.3,0,22.62,31.80722891566265,1
35,84,1,1,2,1,1,25,3,16,0,93,83,1,2,1,0,80.80000000000001,43.0,-10,2.3714285714285714,1,3.6,2,29.4,67.33333333333336,1
33,95,0,1,0,1,0,28,3,17,1,70,65,1,0,2,0,86.0,41.5,-5,1.9696969696969697,0,3.7,0,31.349999999999998,56.12449799196788,1
33,95,0,1,0,1,0,19,2,1,0,52,99,1,2,0,0,68.8,33.5,47,3.0,-2,2.1,0,31.349999999999998,68.3855421686747,1
33,95,0,1,0,1,0,18,3,6,1,99,41,1,2,3,0,97.6,36.0,-58,1.2424242424242424,-2,2.6,0,31.349999999999998,40.17670682730924,1
33,95,0,1,0,1,0,19,0,7,0,77,47,0,2,3,0,78.8,36.5,-30,1.4242424242424243,-2,1.7000000000000002,0,31.349999999999998,37.1847389558233,1
33,95,0,1,0,1,0,26,2,6,1,77,90,0,0,0,0,88.8,36.0,13,2.727272727272727,0,1.6,0,31.349999999999998,80.24096385542168,1
30,62,0,1,1,1,0,27,0,18,1,67,40,0,2,3,0,71.6,39.0,-27,1.3333333333333333,-1,2.8,0,18.6,28.755020080321284,1
30,62,0,1,1,1,0,22,2,2,1,100,71,1,2,1,1,84.8,31.0,-29,2.3666666666666667,-1,2.2,0,18.6,60.449799196787154,1
30,62,0,1,1,1,0,23,3,12,1,72,55,1,1,2,0,73.6,36.0,-17,1.8333333333333333,0,3.2,0,18.6,40.6425702811245,1
22,90,2,0,1,1,0,23,3,0,1,80,56,0,0,2,0,78.0,22.0,-24,2.5454545454545454,3,1.0,2,19.8,43.85542168674699,1
22,90,2,0,1,1,0,29,2,16,0,50,62,1,2,2,0,56.0,30.0,12,2.8181818181818183,1,3.6,2,19.8,34.859437751004016,1
