StudyHours,Attendance,Resources,Extracurricular,Motivation,Internet,Gender,Age,LearningStyle,OnlineCourses,Discussions,AssignmentCompletion,ExamScore,EduTech,StressLevel,FinalGrade,flag_unrealistic,EngagementScore,AcademicEffort,PerformanceGap,StudyEfficiency,WellbeingIndex,DigitalScore,MotivationXResources,AttendanceXStudy,ExamXEngagement,GMM_Cluster
19,64,1,0,0,1,0,28,1,19,0,67,99,1,1,0,0,52.400000000000006,28.5,32,5.2105263157894735,0,3.9000000000000004,0,12.16,52.0843373493976,2
19,64,1,1,0,1,0,28,1,19,0,67,99,1,1,0,0,62.400000000000006,28.5,32,5.2105263157894735,0,3.9000000000000004,0,12.16,62.02409638554218,2
19,64,0,1,0,1,0,28,1,19,0,67,99,1,1,0,0,62.400000000000006,28.5,32,5.2105263157894735,-1,3.9000000000000004,0,12.16,62.02409638554218,2
19,64,1,1,1,1,0,28,1,19,0,67,99,1,1,0,0,62.400000000000006,28.5,32,5.2105263157894735,1,3.9000000000000004,1,12.16,62.02409638554218,2
19,64,2,0,1,1,0,28,1,19,0,67,99,1,1,0,0,52.400000000000006,28.5,32,5.2105263157894735,2,3.9000000000000004,2,12.16,52.0843373493976,2
19,92,1,1,1,1,0,26,2,3,0,86,94,1,2,0,0,81.2,20.5,8,4.947368421052632,0,2.3,1,17.48,76.63453815261045,2
19,92,2,0,1,1,0,26,2,3,0,86,94,1,2,0,0,71.2,20.5,8,4.947368421052632,1,2.3,2,17.48,67.19678714859438,2
19,92,2,1,1,1,0,26,2,3,0,86,94,1,2,0,0,81.2,20.5,8,4.947368421052632,1,2.3,2,17.48,76.63453815261045,2
19,92,1,0,2,1,0,26,2,3,0,86,94,1,2,0,0,71.2,20.5,8,4.947368421052632,1,2.3,2,17.48,67.19678714859438,2
17,94,2,0,2,1,1,19,3,3,1,74,92,0,2,0,0,77.2,18.5,18,5.411764705882353,2,1.3,4,15.979999999999999,71.30923694779118,2
17,94,1,0,0,1,1,19,3,3,1,74,92,0,2,0,0,77.2,18.5,18,5.411764705882353,-1,1.3,0,15.979999999999999,71.30923694779118,2
17,94,1,0,1,1,1,19,3,3,1,74,92,0,2,0,0,77.2,18.5,18,5.411764705882353,0,1.3,1,15.979999999999999,71.30923694779118,2
17,94,1,1,1,1,1,19,3,3,1,74,92,0,2,0,0,87.2,18.5,18,5.411764705882353,0,1.3,1,15.979999999999999,80.54618473895583,2
17,94,0,0,2,1,1,19,3,3,1,74,92,0,2,0,0,77.2,18.5,18,5.411764705882353,0,1.3,0,15.979999999999999,71.30923694779118,2
17,94,0,1,0,1,1,19,3,3,1,74,92,0,2,0,0,87.2,18.5,18,5.411764705882353,-2,1.3,0,15.979999999999999,80.54618473895583,2
17,94,2,1,1,1,1,19,3,3,1,74,92,0,2,0,0,87.2,18.5,18,5.411764705882353,1,1.3,2,15.979999999999999,80.54618473895583,2
17,80,1,0,1,1,1,18,1,13,1,68,73,0,2,1,0,69.2,23.5,5,4.294117647058823,0,2.3,1,13.600000000000001,50.71887550200804,2
17,80,1,0,1,1,1,24,3,11,1,64,69,1,0,2,0,67.6,22.5,5,4.0588235294117645,2,3.1,1,13.600000000000001,46.83132530120482,2
17,80,1,0,1,1,1,23,0,7,1,68,87,1,1,0,0,69.2,20.5,19,5.117647058823529,1,2.7,1,13.600000000000001,60.44578313253013,2
17,80,1,0,1,1,1,27,0,12,0,64,88,1,0,0,0,57.6,23.0,24,5.176470588235294,2,3.2,1,13.600000000000001,50.89156626506025,2
17,80,1,0,1,1,1,29,1,0,1,73,78,1,0,1,0,71.2,17.0,5,4.588235294117647,2,2.0,1,13.600000000000001,55.759036144578324,2
17,80,2,0,1,1,1,18,1,13,1,68,73,0,2,1,0,69.2,23.5,5,4.294117647058823,1,2.3,2,13.600000000000001,50.71887550200804,2
17,80,2,0,1,1,1,24,3,11,1,64,69,1,0,2,0,67.6,22.5,5,4.0588235294117645,3,3.1,2,13.600000000000001,46.83132530120482,2
17,80,2,0,1,1,1,23,0,7,1,68,87,1,1,0,0,69.2,20.5,19,5.117647058823529,2,2.7,2,13.600000000000001,60.44578313253013,2
17,80,2,0,1,1,1,27,0,12,0,64,88,1,0,0,0,57.6,23.0,24,5.176470588235294,3,3.2,2,13.600000000000001,50.89156626506025,2
17,80,2,0,1,1,1,29,1,0,1,73,78,1,0,1,0,71.2,17.0,5,4.588235294117647,3,2.0,2,13.600000000000001,55.759036144578324,2
17,97,2,1,0,1,1,27,1,9,0,64,87,1,1,0,0,74.4,21.5,23,5.117647058823529,1,2.9,0,16.49,64.98795180722892,2
17,97,2,1,0,1,1,25,2,20,1,70,82,1,1,1,0,86.80000000000001,27.0,12,4.823529411764706,1,4.0,0,16.49,71.46184738955824,2
17,97,1,0,1,1,1,27,1,9,0,64,87,1,1,0,0,64.4,21.5,23,5.117647058823529,1,2.9,1,16.49,56.25301204819277,2
17,97,1,0,1,1,1,25,2,20,1,70,82,1,1,1,0,76.80000000000001,27.0,12,4.823529411764706,1,4.0,1,16.49,63.228915662650614,2
17,97,2,0,2,1,1,27,1,9,0,64,87,1,1,0,0,64.4,21.5,23,5.117647058823529,3,2.9,4,16.49,56.25301204819277,2
17,97,2,0,2,1,1,25,2,20,1,70,82,1,1,1,0,76.80000000000001,27.0,12,4.823529411764706,3,4.0,4,16.49,63.228915662650614,2
17,97,2,0,1,1,1,27,1,9,0,64,87,1,1,0,0,64.4,21.5,23,5.117647058823529,2,2.9,2,16.49,56.25301204819277,2
17,97,2,0,1,1,1,25,2,20,1,70,82,1,1,1,0,76.80000000000001,27.0,12,4.823529411764706,2,4.0,2,16.49,63.228915662650614,2
17,97,0,1,1,1,1,27,1,9,0,64,87,1,1,0,0,74.4,21.5,23,5.117647058823529,0,2.9,0,16.49,64.98795180722892,2
17,97,0,1,1,1,1,25,2,20,1,70,82,1,1,1,0,86.80000000000001,27.0,12,4.823529411764706,0,4.0,0,16.49,71.46184738955824,2
17,97,1,1,1,1,1,27,1,9,0,64,87,1,1,0,0,74.4,21.5,23,5.117647058823529,1,2.9,1,16.49,64.98795180722892,2
17,97,1,1,1,1,1,25,2,20,1,70,82,1,1,1,0,86.80000000000001,27.0,12,4.823529411764706,1,4.0,1,16.49,71.46184738955824,2
17,97,1,1,0,1,1,27,1,9,0,64,87,1,1,0,0,74.4,21.5,23,5.117647058823529,0,2.9,0,16.49,64.98795180722892,2
17,97,1,1,0,1,1,25,2,20,1,70,82,1,1,1,0,86.80000000000001,27.0,12,4.823529411764706,0,4.0,0,16.49,71.46184738955824,2
21,83,2,1,2,1,1,27,0,7,1,77,96,1,1,0,0,84.0,24.5,19,4.571428571428571,3,2.7,4,17.43,80.96385542168676,2
9,82,1,1,1,1,1,18,3,17,0,55,40,1,2,3,0,64.80000000000001,17.5,-15,4.444444444444445,0,3.7,1,7.38,26.024096385542173,2
9,82,1,1,1,1,1,25,3,13,0,73,46,1,2,3,0,72.0,15.5,-27,5.111111111111111,0,3.3,1,7.38,33.25301204819277,2
10,78,2,1,1,1,1,27,2,5,0,71,68,1,2,2,0,69.60000000000001,12.5,-3,6.8,1,2.5,2,7.800000000000001,47.518072289156635,2
10,78,2,1,1,1,1,20,3,17,0,85,78,1,2,1,0,75.2,18.5,-7,7.8,1,3.7,2,7.800000000000001,58.89156626506025,2
17,68,1,0,1,1,0,24,2,4,1,87,64,1,2,2,0,72.0,19.0,-23,3.764705882352941,0,2.4,1,11.56,46.265060240963855,2
17,68,1,1,1,1,0,24,2,4,1,87,64,1,2,2,0,82.0,19.0,-23,3.764705882352941,0,2.4,1,11.56,52.69076305220884,2
17,68,1,0,2,1,0,24,2,4,1,87,64,1,2,2,0,72.0,19.0,-23,3.764705882352941,1,2.4,2,11.56,46.265060240963855,2
17,68,2,1,1,1,0,24,2,4,1,87,64,1,2,2,0,82.0,19.0,-23,3.764705882352941,1,2.4,2,11.56,52.69076305220884,2
17,68,0,1,2,1,0,24,2,4,1,87,64,1,2,2,0,82.0,19.0,-23,3.764705882352941,0,2.4,0,11.56,52.69076305220884,2
15,80,1,1,0,1,0,23,2,2,0,50,56,0,1,2,0,62.0,16.0,6,3.7333333333333334,0,1.2,0,12.0,34.85943775100402,2
15,80,1,1,0,1,0,21,2,7,1,87,89,1,0,0,0,86.80000000000001,18.5,2,5.933333333333334,1,2.7,0,12.0,77.56224899598395,2
15,80,1,1,0,1,0,23,1,13,1,56,75,1,2,1,0,74.4,21.5,19,5.0,-1,3.3,0,12.0,56.02409638554217,2
15,80,2,0,1,1,0,23,2,2,0,50,56,0,1,2,0,52.0,16.0,6,3.7333333333333334,2,1.2,2,12.0,29.23694779116466,2
15,80,2,0,1,1,0,21,2,7,1,87,89,1,0,0,0,76.80000000000001,18.5,2,5.933333333333334,3,2.7,2,12.0,68.6265060240964,2
15,80,2,0,1,1,0,23,1,13,1,56,75,1,2,1,0,64.4,21.5,19,5.0,1,3.3,2,12.0,48.49397590361446,2
15,80,0,0,2,1,0,23,2,2,0,50,56,0,1,2,0,52.0,16.0,6,3.7333333333333334,1,1.2,0,12.0,29.23694779116466,2
15,80,0,0,2,1,0,21,2,7,1,87,89,1,0,0,0,76.80000000000001,18.5,2,5.933333333333334,2,2.7,0,12.0,68.6265060240964,2
15,80,0,0,2,1,0,23,1,13,1,56,75,1,2,1,0,64.4,21.5,19,5.0,0,3.3,0,12.0,48.49397590361446,2
15,80,1,0,1,1,0,23,2,2,0,50,56,0,1,2,0,52.0,16.0,6,3.7333333333333334,1,1.2,1,12.0,29.23694779116466,2
15,80,1,0,1,1,0,21,2,7,1,87,89,1,0,0,0,76.80000000000001,18.5,2,5.933333333333334,2,2.7,1,12.0,68.6265060240964,2
15,80,1,0,1,1,0,23,1,13,1,56,75,1,2,1,0,64.4,21.5,19,5.0,0,3.3,1,12.0,48.49397590361446,2
15,80,1,1,1,1,0,23,2,2,0,50,56,0,1,2,0,62.0,16.0,6,3.7333333333333334,1,1.2,1,12.0,34.85943775100402,2
15,80,1,1,1,1,0,21,2,7,1,87,89,1,0,0,0,86.80000000000001,18.5,2,5.933333333333334,2,2.7,1,12.0,77.56224899598395,2
15,80,1,1,1,1,0,23,1,13,1,56,75,1,2,1,0,74.4,21.5,19,5.0,0,3.3,1,12.0,56.02409638554217,2
12,75,2,1,1,1,1,21,0,16,1,66,71,1,2,1,0,76.4,20.0,5,5.916666666666667,1,3.6,2,9.0,54.46184738955824,2
12,75,2,1,1,1,1,22,2,20,1,55,48,1,1,3,0,72.0,22.0,-7,4.0,2,4.0,2,9.0,34.69879518072289,2
20,74,2,0,0,1,0,22,3,3,1,93,97,1,2,0,0,76.80000000000001,21.5,4,4.85,0,2.3,0,14.8,74.79518072289159,2
20,74,1,1,0,1,0,22,3,3,1,93,97,1,2,0,0,86.80000000000001,21.5,4,4.85,-1,2.3,0,14.8,84.53413654618475,2
20,74,1,1,2,1,0,22,3,3,1,93,97,1,2,0,0,86.80000000000001,21.5,4,4.85,1,2.3,2,14.8,84.53413654618475,2
20,74,0,1,2,1,0,22,3,3,1,93,97,1,2,0,0,86.80000000000001,21.5,4,4.85,0,2.3,0,14.8,84.53413654618475,2
11,78,1,1,2,1,1,25,2,4,1,59,77,0,1,1,0,74.80000000000001,13.0,18,7.0,2,1.4,2,8.58,57.8273092369478,2
11,78,1,1,2,1,1,27,0,15,0,69,77,1,2,1,0,68.80000000000001,18.5,8,7.0,1,3.5,2,8.58,53.188755020080336,2
11,78,1,1,2,1,1,18,0,13,0,62,90,1,2,0,0,66.0,17.5,28,8.181818181818182,1,3.3,2,8.58,59.63855421686747,2
11,78,1,1,2,1,1,19,2,3,1,80,98,1,2,0,0,83.2,12.5,18,8.909090909090908,1,2.3,2,8.58,81.86345381526105,2
11,78,1,1,2,1,1,21,3,8,1,96,83,1,1,1,0,89.60000000000001,15.0,-13,7.545454545454546,2,2.8,2,8.58,74.66666666666667,2
11,78,2,1,1,1,1,25,2,4,1,59,77,0,1,1,0,74.80000000000001,13.0,18,7.0,2,1.4,2,8.58,57.8273092369478,2
11,78,2,1,1,1,1,27,0,15,0,69,77,1,2,1,0,68.80000000000001,18.5,8,7.0,1,3.5,2,8.58,53.188755020080336,2
11,78,2,1,1,1,1,18,0,13,0,62,90,1,2,0,0,66.0,17.5,28,8.181818181818182,1,3.3,2,8.58,59.63855421686747,2
11,78,2,1,1,1,1,19,2,3,1,80,98,1,2,0,0,83.2,12.5,18,8.909090909090908,1,2.3,2,8.58,81.86345381526105,2
11,78,2,1,1,1,1,21,3,8,1,96,83,1,1,1,0,89.60000000000001,15.0,-13,7.545454545454546,2,2.8,2,8.58,74.66666666666667,2
17,65,2,1,1,1,0,28,2,12,0,88,72,0,0,1,0,71.2,23.0,-16,4.235294117647059,3,2.2,2,11.05,51.4698795180723,2
17,65,2,1,1,1,0,21,1,16,0,79,58,1,2,2,0,67.6,25.0,-21,3.411764705882353,1,3.6,2,11.05,39.36546184738956,2
17,65,0,1,1,1,0,28,2,12,0,88,72,0,0,1,0,71.2,23.0,-16,4.235294117647059,1,2.2,0,11.05,51.4698795180723,2
17,65,0,1,1,1,0,21,1,16,0,79,58,1,2,2,0,67.6,25.0,-21,3.411764705882353,-1,3.6,0,11.05,39.36546184738956,2
17,65,1,0,1,1,0,28,2,12,0,88,72,0,0,1,0,61.2,23.0,-16,4.235294117647059,2,2.2,1,11.05,44.2409638554217,2
13,91,1,0,1,1,0,19,0,7,1,64,63,0,1,2,0,72.0,16.5,-1,4.846153846153846,1,1.7000000000000002,1,11.83,45.54216867469879,2
13,91,1,0,1,1,0,25,3,12,0,73,77,0,2,1,0,65.6,19.0,4,5.923076923076923,0,2.2,1,11.83,50.714859437751,2
13,91,1,0,1,1,0,21,0,13,1,98,100,0,2,0,0,85.6,19.5,2,7.6923076923076925,0,2.3,1,11.83,85.94377510040161,2
13,91,1,0,1,1,0,29,1,3,1,66,90,1,2,0,0,72.8,14.5,24,6.923076923076923,0,2.3,1,11.83,65.78313253012048,2
13,91,1,0,1,1,0,28,1,11,1,85,46,1,2,3,0,80.4,18.5,-39,3.5384615384615383,0,3.1,1,11.83,37.13253012048194,2
13,91,1,0,1,1,0,19,2,18,0,89,61,0,2,2,0,72.0,22.0,-28,4.6923076923076925,0,2.8,1,11.83,44.096385542168676,2
13,91,1,1,1,1,0,19,0,7,1,64,63,0,1,2,0,82.0,16.5,-1,4.846153846153846,1,1.7000000000000002,1,11.83,51.867469879518076,2
13,91,1,1,1,1,0,25,3,12,0,73,77,0,2,1,0,75.6,19.0,4,5.923076923076923,0,2.2,1,11.83,58.44578313253012,2
13,91,1,1,1,1,0,21,0,13,1,98,100,0,2,0,0,95.6,19.5,2,7.6923076923076925,0,2.3,1,11.83,95.98393574297188,2
13,91,1,1,1,1,0,29,1,3,1,66,90,1,2,0,0,82.8,14.5,24,6.923076923076923,0,2.3,1,11.83,74.81927710843374,2
13,91,1,1,1,1,0,28,1,11,1,85,46,1,2,3,0,90.4,18.5,-39,3.5384615384615383,0,3.1,1,11.83,41.75100401606426,2
13,91,1,1,1,1,0,19,2,18,0,89,61,0,2,2,0,82.0,22.0,-28,4.6923076923076925,0,2.8,1,11.83,50.22088353413655,2
18,66,2,0,0,1,1,22,1,3,0,50,73,1,1,1,0,46.400000000000006,19.5,23,4.055555555555555,1,2.3,0,11.88,34.00803212851406,2
18,66,1,0,1,1,1,22,1,3,0,50,73,1,1,1,0,46.400000000000006,19.5,23,4.055555555555555,1,2.3,1,11.88,34.00803212851406,2
18,66,2,0,1,1,1,22,1,3,0,50,73,1,1,1,0,46.400000000000006,19.5,23,4.055555555555555,2,2.3,2,11.88,34.00803212851406,2
18,66,2,1,1,1,1,22,1,3,0,50,73,1,1,1,0,56.400000000000006,19.5,23,4.055555555555555,2,2.3,2,11.88,41.337349397590366,2
18,66,1,1,2,1,1,22,1,3,0,50,73,1,1,1,0,56.400000000000006,19.5,23,4.055555555555555,2,2.3,2,11.88,41.337349397590366,2
18,66,1,1,1,1,1,22,1,3,0,50,73,1,1,1,0,56.400000000000006,19.5,23,4.055555555555555,1,2.3,1,11.88,41.337349397590366,2
16,83,1,0,1,1,0,27,1,12,1,52,66,0,1,2,0,64.0,22.0,14,4.125,1,2.2,1,13.28,42.40963855421687,2
16,83,1,0,1,1,0,26,1,0,0,96,56,1,0,2,0,71.60000000000001,16.0,-40,3.5,2,2.0,1,13.28,40.25702811244981,2
16,83,2,1,0,1,0,27,1,12,1,52,66,0,1,2,0,74.0,22.0,14,4.125,1,2.2,0,13.28,49.036144578313255,2
16,83,1,1,1,1,0,27,1,12,1,52,66,0,1,2,0,74.0,22.0,14,4.125,1,2.2,1,13.28,49.036144578313255,2
16,83,1,1,2,1,0,27,1,12,1,52,66,0,1,2,0,74.0,22.0,14,4.125,2,2.2,2,13.28,49.036144578313255,2
16,83,1,1,0,1,0,27,1,12,1,52,66,0,1,2,0,74.0,22.0,14,4.125,0,2.2,0,13.28,49.036144578313255,2
16,83,1,0,0,1,0,27,1,12,1,52,66,0,1,2,0,64.0,22.0,14,4.125,0,2.2,0,13.28,42.40963855421687,2
20,69,1,1,1,1,1,18,3,9,0,82,97,0,2,0,0,70.4,24.5,15,4.85,0,1.9,1,13.799999999999999,68.56224899598395,2
20,69,2,1,1,1,1,18,3,9,0,82,97,0,2,0,0,70.4,24.5,15,4.85,1,1.9,2,13.799999999999999,68.56224899598395,2
20,69,2,0,0,1,1,18,3,9,0,82,97,0,2,0,0,60.400000000000006,24.5,15,4.85,0,1.9,0,13.799999999999999,58.823293172690775,2
20,69,1,1,2,1,1,18,3,9,0,82,97,0,2,0,0,70.4,24.5,15,4.85,1,1.9,2,13.799999999999999,68.56224899598395,2
14,60,1,0,1,1,0,18,0,6,0,88,52,1,2,3,0,59.2,17.0,-36,3.7142857142857144,0,2.6,1,8.4,30.907630522088358,2
14,60,0,1,0,1,0,18,0,6,0,88,52,1,2,3,0,69.2,17.0,-36,3.7142857142857144,-2,2.6,0,8.4,36.1285140562249,2
8,99,1,0,0,1,0,28,2,9,1,99,97,0,1,0,0,89.2,12.5,-2,12.125,0,1.9,0,7.92,86.8714859437751,2
8,99,1,0,0,1,0,23,1,4,1,89,54,1,1,3,0,85.2,10.0,-35,6.75,0,2.4,0,7.92,46.19277108433735,2
8,99,1,0,0,1,0,20,3,6,1,59,91,0,0,0,0,73.2,11.0,32,11.375,1,1.6,0,7.92,66.87951807228916,2
8,99,2,1,1,1,0,28,2,9,1,99,97,0,1,0,0,99.2,12.5,-2,12.125,2,1.9,2,7.92,96.61044176706828,2
8,99,2,1,1,1,0,23,1,4,1,89,54,1,1,3,0,95.2,10.0,-35,6.75,2,2.4,2,7.92,51.61445783132531,2
8,99,2,1,1,1,0,20,3,6,1,59,91,0,0,0,0,83.2,11.0,32,11.375,3,1.6,2,7.92,76.01606425702812,2
12,72,1,1,1,1,0,28,1,15,1,58,100,0,1,0,0,72.0,19.5,42,8.333333333333334,1,2.5,1,8.64,72.28915662650603,2
12,72,1,1,1,1,0,26,2,20,1,51,42,1,2,3,0,69.2,22.0,-9,3.5,0,4.0,1,8.64,29.18072289156627,2
12,72,1,1,1,1,0,29,1,5,0,61,73,1,1,1,0,63.2,14.5,12,6.083333333333333,1,2.5,1,8.64,46.32128514056226,2
12,72,0,1,2,1,0,28,1,15,1,58,100,0,1,0,0,72.0,19.5,42,8.333333333333334,1,2.5,0,8.64,72.28915662650603,2
12,72,0,1,2,1,0,26,2,20,1,51,42,1,2,3,0,69.2,22.0,-9,3.5,0,4.0,0,8.64,29.18072289156627,2
12,72,0,1,2,1,0,29,1,5,0,61,73,1,1,1,0,63.2,14.5,12,6.083333333333333,1,2.5,0,8.64,46.32128514056226,2
12,72,1,0,2,1,0,28,1,15,1,58,100,0,1,0,0,62.0,19.5,42,8.333333333333334,2,2.5,2,8.64,62.24899598393575,2
12,72,1,0,2,1,0,26,2,20,1,51,42,1,2,3,0,59.2,22.0,-9,3.5,1,4.0,2,8.64,24.96385542168675,2
12,72,1,0,2,1,0,29,1,5,0,61,73,1,1,1,0,53.2,14.5,12,6.083333333333333,2,2.5,2,8.64,38.99196787148595,2
12,72,1,0,0,1,0,28,1,15,1,58,100,0,1,0,0,62.0,19.5,42,8.333333333333334,0,2.5,0,8.64,62.24899598393575,2
12,72,1,0,0,1,0,26,2,20,1,51,42,1,2,3,0,59.2,22.0,-9,3.5,-1,4.0,0,8.64,24.96385542168675,2
12,72,1,0,0,1,0,29,1,5,0,61,73,1,1,1,0,53.2,14.5,12,6.083333333333333,0,2.5,0,8.64,38.99196787148595,2
21,65,2,0,0,1,1,21,0,0,0,93,95,1,1,0,0,63.2,21.0,2,4.523809523809524,1,2.0,0,13.65,60.28112449799198,2
18,94,2,1,1,1,1,21,0,0,1,83,93,1,2,0,0,90.80000000000001,18.0,10,5.166666666666667,1,2.0,2,16.919999999999998,84.7831325301205,2
18,94,1,1,2,1,1,21,0,0,1,83,93,1,2,0,0,90.80000000000001,18.0,10,5.166666666666667,1,2.0,2,16.919999999999998,84.7831325301205,2
18,94,2,1,0,1,1,21,0,0,1,83,93,1,2,0,0,90.80000000000001,18.0,10,5.166666666666667,0,2.0,0,16.919999999999998,84.7831325301205,2
18,94,1,1,1,1,1,21,0,0,1,83,93,1,2,0,0,90.80000000000001,18.0,10,5.166666666666667,0,2.0,1,16.919999999999998,84.7831325301205,2
18,94,1,0,0,1,1,21,0,0,1,83,93,1,2,0,0,80.80000000000001,18.0,10,5.166666666666667,-1,2.0,0,16.919999999999998,75.44578313253014,2
11,98,1,1,0,1,1,25,0,11,0,77,81,1,0,1,0,80.0,16.5,4,7.363636363636363,1,3.1,0,10.78,65.06024096385542,2
11,98,1,1,0,1,1,25,2,7,1,94,52,1,2,3,0,96.80000000000001,14.5,-42,4.7272727272727275,-1,2.7,0,10.78,50.53815261044178,2
11,98,1,1,0,1,1,26,0,12,0,58,87,0,2,0,0,72.4,17.0,29,7.909090909090909,-1,2.2,0,10.78,63.24096385542169,2
11,98,2,1,2,1,1,25,0,11,0,77,81,1,0,1,0,80.0,16.5,4,7.363636363636363,4,3.1,4,10.78,65.06024096385542,2
11,98,2,1,2,1,1,25,2,7,1,94,52,1,2,3,0,96.80000000000001,14.5,-42,4.7272727272727275,2,2.7,4,10.78,50.53815261044178,2
11,98,2,1,2,1,1,26,0,12,0,58,87,0,2,0,0,72.4,17.0,29,7.909090909090909,2,2.2,4,10.78,63.24096385542169,2
16,70,1,1,1,1,1,28,2,7,1,94,84,1,0,1,0,85.6,19.5,-10,5.25,2,2.7,1,11.2,72.19277108433735,2
16,70,1,1,1,1,1,22,0,20,0,89,83,1,2,1,0,73.6,26.0,-6,5.1875,0,4.0,1,11.2,61.33333333333333,2
16,70,1,1,1,1,1,19,2,20,1,53,86,1,2,0,0,69.2,26.0,33,5.375,0,4.0,1,11.2,59.751004016064265,2
16,70,2,1,2,1,1,28,2,7,1,94,84,1,0,1,0,85.6,19.5,-10,5.25,4,2.7,4,11.2,72.19277108433735,2
16,70,2,1,2,1,1,22,0,20,0,89,83,1,2,1,0,73.6,26.0,-6,5.1875,2,4.0,4,11.2,61.33333333333333,2
16,70,2,1,2,1,1,19,2,20,1,53,86,1,2,0,0,69.2,26.0,33,5.375,2,4.0,4,11.2,59.751004016064265,2
17,78,1,1,1,1,0,26,3,9,0,90,85,1,2,0,0,77.2,21.5,-5,5.0,0,2.9,1,13.26,65.88353413654619,2
17,78,1,1,1,1,0,29,1,20,1,58,85,0,2,0,0,74.4,27.0,27,5.0,0,3.0,1,13.26,63.49397590361446,2
17,78,2,0,1,1,0,26,3,9,0,90,85,1,2,0,0,67.2,21.5,-5,5.0,1,2.9,2,13.26,57.34939759036145,2
17,78,2,0,1,1,0,29,1,20,1,58,85,0,2,0,0,64.4,27.0,27,5.0,1,3.0,2,13.26,54.95983935742972,2
17,78,1,1,0,1,0,26,3,9,0,90,85,1,2,0,0,77.2,21.5,-5,5.0,-1,2.9,0,13.26,65.88353413654619,2
17,78,1,1,0,1,0,29,1,20,1,58,85,0,2,0,0,74.4,27.0,27,5.0,-1,3.0,0,13.26,63.49397590361446,2
9,77,1,0,1,1,1,24,3,4,1,63,76,1,0,1,0,66.0,11.0,13,8.444444444444445,2,2.4,1,6.93,50.36144578313253,2
9,77,1,0,1,1,1,18,2,3,1,61,65,1,0,2,0,65.2,10.5,4,7.222222222222222,2,2.3,1,6.93,42.55020080321285,2
9,77,1,0,1,1,1,28,1,16,0,51,66,1,2,2,0,51.2,17.0,15,7.333333333333333,0,3.6,1,6.93,33.9277108433735,2
9,77,1,0,0,1,1,24,3,4,1,63,76,1,0,1,0,66.0,11.0,13,8.444444444444445,1,2.4,0,6.93,50.36144578313253,2
9,77,1,0,0,1,1,18,2,3,1,61,65,1,0,2,0,65.2,10.5,4,7.222222222222222,1,2.3,0,6.93,42.55020080321285,2
9,77,1,0,0,1,1,28,1,16,0,51,66,1,2,2,0,51.2,17.0,15,7.333333333333333,-1,3.6,0,6.93,33.9277108433735,2
9,77,2,1,1,1,1,24,3,4,1,63,76,1,0,1,0,76.0,11.0,13,8.444444444444445,3,2.4,2,6.93,57.99196787148595,2
9,77,2,1,1,1,1,18,2,3,1,61,65,1,0,2,0,75.2,10.5,4,7.222222222222222,3,2.3,2,6.93,49.07630522088354,2
9,77,2,1,1,1,1,28,1,16,0,51,66,1,2,2,0,61.2,17.0,15,7.333333333333333,1,3.6,2,6.93,40.55421686746988,2
9,77,0,0,1,1,1,24,3,4,1,63,76,1,0,1,0,66.0,11.0,13,8.444444444444445,1,2.4,0,6.93,50.36144578313253,2
9,77,0,0,1,1,1,18,2,3,1,61,65,1,0,2,0,65.2,10.5,4,7.222222222222222,1,2.3,0,6.93,42.55020080321285,2
9,77,0,0,1,1,1,28,1,16,0,51,66,1,2,2,0,51.2,17.0,15,7.333333333333333,-1,3.6,0,6.93,33.9277108433735,2
18,68,1,0,1,1,1,26,0,20,0,93,92,0,2,0,0,64.4,28.0,-1,5.111111111111111,0,3.0,1,12.24,59.48594377510041,2
18,68,1,0,1,1,1,18,3,20,0,55,98,0,0,0,0,49.2,28.0,43,5.444444444444445,2,3.0,1,12.24,48.40963855421687,2
18,68,2,0,0,1,1,26,0,20,0,93,92,0,2,0,0,64.4,28.0,-1,5.111111111111111,0,3.0,0,12.24,59.48594377510041,2
18,68,2,0,0,1,1,18,3,20,0,55,98,0,0,0,0,49.2,28.0,43,5.444444444444445,2,3.0,0,12.24,48.40963855421687,2
18,68,2,1,0,1,1,26,0,20,0,93,92,0,2,0,0,74.4,28.0,-1,5.111111111111111,0,3.0,0,12.24,68.72289156626506,2
18,68,2,1,0,1,1,18,3,20,0,55,98,0,0,0,0,59.2,28.0,43,5.444444444444445,2,3.0,0,12.24,58.24899598393575,2
18,68,2,1,2,1,1,26,0,20,0,93,92,0,2,0,0,74.4,28.0,-1,5.111111111111111,2,3.0,4,12.24,68.72289156626506,2
18,68,2,1,2,1,1,18,3,20,0,55,98,0,0,0,0,59.2,28.0,43,5.444444444444445,4,3.0,4,12.24,58.24899598393575,2
18,68,1,1,2,1,1,26,0,20,0,93,92,0,2,0,0,74.4,28.0,-1,5.111111111111111,1,3.0,2,12.24,68.72289156626506,2
18,68,1,1,2,1,1,18,3,20,0,55,98,0,0,0,0,59.2,28.0,43,5.444444444444445,3,3.0,2,12.24,58.24899598393575,2
18,68,0,1,1,1,1,26,0,20,0,93,92,0,2,0,0,74.4,28.0,-1,5.111111111111111,-1,3.0,0,12.24,68.72289156626506,2
18,68,0,1,1,1,1,18,3,20,0,55,98,0,0,0,0,59.2,28.0,43,5.444444444444445,1,3.0,0,12.24,58.24899598393575,2
18,68,2,0,1,1,1,26,0,20,0,93,92,0,2,0,0,64.4,28.0,-1,5.111111111111111,1,3.0,2,12.24,59.48594377510041,2
18,68,2,0,1,1,1,18,3,20,0,55,98,0,0,0,0,49.2,28.0,43,5.444444444444445,3,3.0,2,12.24,48.40963855421687,2
16,86,1,1,1,1,1,26,1,10,1,92,94,1,1,0,0,91.2,21.0,2,5.875,1,3.0,1,13.76,86.07228915662651,2
16,86,1,1,1,1,1,18,2,15,1,100,98,1,1,0,0,94.4,23.5,-2,6.125,1,3.5,1,13.76,92.8835341365462,2
16,86,1,1,1,1,1,29,1,15,0,60,92,1,2,0,0,68.4,23.5,32,5.75,0,3.5,1,13.76,63.180722891566276,2
16,86,2,0,1,1,1,26,1,10,1,92,94,1,1,0,0,81.2,21.0,2,5.875,2,3.0,2,13.76,76.63453815261045,2
16,86,2,0,1,1,1,18,2,15,1,100,98,1,1,0,0,84.4,23.5,-2,6.125,2,3.5,2,13.76,83.04417670682732,2
16,86,2,0,1,1,1,29,1,15,0,60,92,1,2,0,0,58.4,23.5,32,5.75,1,3.5,2,13.76,53.943775100401616,2
16,86,1,1,0,1,1,26,1,10,1,92,94,1,1,0,0,91.2,21.0,2,5.875,0,3.0,0,13.76,86.07228915662651,2
16,86,1,1,0,1,1,18,2,15,1,100,98,1,1,0,0,94.4,23.5,-2,6.125,0,3.5,0,13.76,92.8835341365462,2
16,86,1,1,0,1,1,29,1,15,0,60,92,1,2,0,0,68.4,23.5,32,5.75,-1,3.5,0,13.76,63.180722891566276,2
16,86,1,1,2,1,1,26,1,10,1,92,94,1,1,0,0,91.2,21.0,2,5.875,2,3.0,2,13.76,86.07228915662651,2
16,86,1,1,2,1,1,18,2,15,1,100,98,1,1,0,0,94.4,23.5,-2,6.125,2,3.5,2,13.76,92.8835341365462,2
16,86,1,1,2,1,1,29,1,15,0,60,92,1,2,0,0,68.4,23.5,32,5.75,1,3.5,2,13.76,63.180722891566276,2
16,86,1,0,2,1,1,26,1,10,1,92,94,1,1,0,0,81.2,21.0,2,5.875,2,3.0,2,13.76,76.63453815261045,2
16,86,1,0,2,1,1,18,2,15,1,100,98,1,1,0,0,84.4,23.5,-2,6.125,2,3.5,2,13.76,83.04417670682732,2
16,86,1,0,2,1,1,29,1,15,0,60,92,1,2,0,0,58.4,23.5,32,5.75,1,3.5,2,13.76,53.943775100401616,2
16,86,0,0,0,1,1,26,1,10,1,92,94,1,1,0,0,81.2,21.0,2,5.875,-1,3.0,0,13.76,76.63453815261045,2
16,86,0,0,0,1,1,18,2,15,1,100,98,1,1,0,0,84.4,23.5,-2,6.125,-1,3.5,0,13.76,83.04417670682732,2
16,86,0,0,0,1,1,29,1,15,0,60,92,1,2,0,0,58.4,23.5,32,5.75,-2,3.5,0,13.76,53.943775100401616,2
15,83,0,1,1,1,0,20,1,5,0,50,93,1,1,0,0,63.2,17.5,43,6.2,0,2.5,0,12.45,59.0120481927711,2
15,83,0,1,1,1,0,22,2,9,1,69,64,1,1,2,0,80.80000000000001,19.5,-5,4.266666666666667,0,2.9,0,12.45,51.91967871485945,2
15,83,1,0,1,1,0,20,1,5,0,50,93,1,1,0,0,53.2,17.5,43,6.2,1,2.5,1,12.45,49.67469879518073,2
15,83,1,0,1,1,0,22,2,9,1,69,64,1,1,2,0,70.80000000000001,19.5,-5,4.266666666666667,1,2.9,1,12.45,45.49397590361447,2
15,83,2,1,1,1,0,20,1,5,0,50,93,1,1,0,0,63.2,17.5,43,6.2,2,2.5,2,12.45,59.0120481927711,2
15,83,2,1,1,1,0,22,2,9,1,69,64,1,1,2,0,80.80000000000001,19.5,-5,4.266666666666667,2,2.9,2,12.45,51.91967871485945,2
15,83,2,0,0,1,0,20,1,5,0,50,93,1,1,0,0,53.2,17.5,43,6.2,1,2.5,0,12.45,49.67469879518073,2
15,83,2,0,0,1,0,22,2,9,1,69,64,1,1,2,0,70.80000000000001,19.5,-5,4.266666666666667,1,2.9,0,12.45,45.49397590361447,2
15,83,0,1,0,1,0,20,1,5,0,50,93,1,1,0,0,63.2,17.5,43,6.2,-1,2.5,0,12.45,59.0120481927711,2
15,83,0,1,0,1,0,22,2,9,1,69,64,1,1,2,0,80.80000000000001,19.5,-5,4.266666666666667,-1,2.9,0,12.45,51.91967871485945,2
17,87,1,0,1,1,0,24,2,18,0,86,90,1,0,0,0,69.2,26.0,4,5.294117647058823,2,3.8,1,14.79,62.53012048192772,2
17,87,1,1,1,1,0,24,2,18,0,86,90,1,0,0,0,79.2,26.0,4,5.294117647058823,2,3.8,1,14.79,71.56626506024098,2
17,87,1,1,2,1,0,24,2,18,0,86,90,1,0,0,0,79.2,26.0,4,5.294117647058823,3,3.8,2,14.79,71.56626506024098,2
17,87,2,1,1,1,0,24,2,18,0,86,90,1,0,0,0,79.2,26.0,4,5.294117647058823,3,3.8,2,14.79,71.56626506024098,2
17,87,2,1,0,1,0,24,2,18,0,86,90,1,0,0,0,79.2,26.0,4,5.294117647058823,2,3.8,0,14.79,71.56626506024098,2
17,87,0,1,1,1,0,24,2,18,0,86,90,1,0,0,0,79.2,26.0,4,5.294117647058823,1,3.8,0,14.79,71.56626506024098,2
17,87,1,1,0,1,0,24,2,18,0,86,90,1,0,0,0,79.2,26.0,4,5.294117647058823,1,3.8,0,14.79,71.56626506024098,2
13,88,2,1,2,1,1,29,1,14,1,84,88,1,0,0,0,88.80000000000001,20.0,4,6.769230769230769,4,3.4000000000000004,4,11.44,78.45783132530123,2
13,88,2,1,2,1,1,24,1,6,1,79,47,0,2,3,0,86.80000000000001,16.0,-32,3.6153846153846154,2,1.6,4,11.44,40.95983935742973,2
13,88,1,1,1,1,1,29,1,14,1,84,88,1,0,0,0,88.80000000000001,20.0,4,6.769230769230769,2,3.4000000000000004,1,11.44,78.45783132530123,2
13,88,1,1,1,1,1,24,1,6,1,79,47,0,2,3,0,86.80000000000001,16.0,-32,3.6153846153846154,0,1.6,1,11.44,40.95983935742973,2
13,78,2,1,2,1,1,24,3,2,1,96,50,0,2,3,0,89.60000000000001,14.0,-46,3.8461538461538463,2,1.2,4,10.14,44.979919678714865,2
13,78,2,1,2,1,1,25,3,16,0,62,42,0,2,3,0,66.0,21.0,-20,3.230769230769231,2,2.6,4,10.14,27.83132530120482,2
13,78,2,1,2,1,1,21,3,0,1,63,54,0,2,3,0,76.4,13.0,-9,4.153846153846154,2,1.0,4,10.14,41.42168674698796,2
13,78,2,1,2,1,1,18,1,17,1,100,71,1,1,1,0,91.2,21.5,-29,5.461538461538462,3,3.7,4,10.14,65.01204819277109,2
13,78,1,1,1,1,1,24,3,2,1,96,50,0,2,3,0,89.60000000000001,14.0,-46,3.8461538461538463,0,1.2,1,10.14,44.979919678714865,2
13,78,1,1,1,1,1,25,3,16,0,62,42,0,2,3,0,66.0,21.0,-20,3.230769230769231,0,2.6,1,10.14,27.83132530120482,2
13,78,1,1,1,1,1,21,3,0,1,63,54,0,2,3,0,76.4,13.0,-9,4.153846153846154,0,1.0,1,10.14,41.42168674698796,2
13,78,1,1,1,1,1,18,1,17,1,100,71,1,1,1,0,91.2,21.5,-29,5.461538461538462,1,3.7,1,10.14,65.01204819277109,2
13,78,0,1,0,1,1,24,3,2,1,96,50,0,2,3,0,89.60000000000001,14.0,-46,3.8461538461538463,-2,1.2,0,10.14,44.979919678714865,2
13,78,0,1,0,1,1,25,3,16,0,62,42,0,2,3,0,66.0,21.0,-20,3.230769230769231,-2,2.6,0,10.14,27.83132530120482,2
13,78,0,1,0,1,1,21,3,0,1,63,54,0,2,3,0,76.4,13.0,-9,4.153846153846154,-2,1.0,0,10.14,41.42168674698796,2
13,78,0,1,0,1,1,18,1,17,1,100,71,1,1,1,0,91.2,21.5,-29,5.461538461538462,-1,3.7,0,10.14,65.01204819277109,2
16,73,1,0,1,1,1,24,1,20,1,68,69,0,1,2,0,66.4,26.0,1,4.3125,1,3.0,1,11.68,46.00000000000001,2
16,73,0,1,1,1,1,24,1,20,1,68,69,0,1,2,0,76.4,26.0,1,4.3125,0,3.0,0,11.68,52.927710843373504,2
16,73,1,1,0,1,1,24,1,20,1,68,69,0,1,2,0,76.4,26.0,1,4.3125,0,3.0,0,11.68,52.927710843373504,2
16,73,1,1,1,1,1,24,1,20,1,68,69,0,1,2,0,76.4,26.0,1,4.3125,1,3.0,1,11.68,52.927710843373504,2
16,73,2,1,1,1,1,24,1,20,1,68,69,0,1,2,0,76.4,26.0,1,4.3125,2,3.0,2,11.68,52.927710843373504,2
16,73,2,1,0,1,1,24,1,20,1,68,69,0,1,2,0,76.4,26.0,1,4.3125,1,3.0,0,11.68,52.927710843373504,2
20,71,1,0,2,1,0,25,2,14,0,68,81,1,0,1,0,55.60000000000001,27.0,13,4.05,3,3.4000000000000004,2,14.2,45.21686746987953,2
20,71,1,0,1,1,0,25,2,14,0,68,81,1,0,1,0,55.60000000000001,27.0,13,4.05,2,3.4000000000000004,1,14.2,45.21686746987953,2
18,81,0,1,1,1,0,25,2,2,1,65,87,1,0,0,0,78.4,19.0,22,4.833333333333333,1,2.2,0,14.580000000000002,68.48192771084338,2
18,81,0,1,1,1,0,23,0,3,0,95,77,1,2,1,0,80.4,19.5,-18,4.277777777777778,-1,2.3,0,14.580000000000002,62.15662650602411,2
18,81,0,1,2,1,0,25,2,2,1,65,87,1,0,0,0,78.4,19.0,22,4.833333333333333,2,2.2,0,14.580000000000002,68.48192771084338,2
18,81,0,1,2,1,0,23,0,3,0,95,77,1,2,1,0,80.4,19.5,-18,4.277777777777778,0,2.3,0,14.580000000000002,62.15662650602411,2
18,81,1,1,0,1,0,25,2,2,1,65,87,1,0,0,0,78.4,19.0,22,4.833333333333333,1,2.2,0,14.580000000000002,68.48192771084338,2
18,81,1,1,0,1,0,23,0,3,0,95,77,1,2,1,0,80.4,19.5,-18,4.277777777777778,-1,2.3,0,14.580000000000002,62.15662650602411,2
18,81,1,1,1,1,0,25,2,2,1,65,87,1,0,0,0,78.4,19.0,22,4.833333333333333,2,2.2,1,14.580000000000002,68.48192771084338,2
18,81,1,1,1,1,0,23,0,3,0,95,77,1,2,1,0,80.4,19.5,-18,4.277777777777778,0,2.3,1,14.580000000000002,62.15662650602411,2
8,61,1,1,1,1,1,25,3,8,1,70,73,0,2,1,0,72.4,12.0,3,9.125,0,1.8,1,4.88,53.06425702811245,2
8,61,1,1,1,1,1,27,3,11,0,92,84,0,0,1,0,71.2,13.5,-8,10.5,2,2.1,1,4.88,60.048192771084345,2
19,69,2,1,2,1,1,18,0,1,0,71,96,0,0,0,0,66.0,19.5,25,5.052631578947368,4,1.1,4,13.11,63.6144578313253,2
19,69,2,1,2,1,1,28,1,2,0,68,84,0,2,1,0,64.80000000000001,20.0,16,4.421052631578948,2,1.2,4,13.11,54.650602409638566,2
19,69,1,1,2,1,1,18,0,1,0,71,96,0,0,0,0,66.0,19.5,25,5.052631578947368,3,1.1,2,13.11,63.6144578313253,2
19,69,1,1,2,1,1,28,1,2,0,68,84,0,2,1,0,64.80000000000001,20.0,16,4.421052631578948,1,1.2,2,13.11,54.650602409638566,2
19,69,1,1,1,1,1,18,0,1,0,71,96,0,0,0,0,66.0,19.5,25,5.052631578947368,2,1.1,1,13.11,63.6144578313253,2
19,69,1,1,1,1,1,28,1,2,0,68,84,0,2,1,0,64.80000000000001,20.0,16,4.421052631578948,0,1.2,1,13.11,54.650602409638566,2
19,69,0,0,1,1,1,18,0,1,0,71,96,0,0,0,0,56.0,19.5,25,5.052631578947368,1,1.1,0,13.11,53.975903614457835,2
19,69,0,0,1,1,1,28,1,2,0,68,84,0,2,1,0,54.800000000000004,20.0,16,4.421052631578948,-1,1.2,0,13.11,46.216867469879524,2
17,67,1,1,2,1,0,29,1,9,0,52,69,0,0,2,0,57.6,21.5,17,4.0588235294117645,3,1.9,2,11.39,39.90361445783133,2
17,67,1,1,2,1,0,28,2,18,1,78,70,1,0,1,0,78.0,26.0,-8,4.117647058823529,3,3.8,2,11.39,54.81927710843374,2
17,67,2,1,1,1,0,29,1,9,0,52,69,0,0,2,0,57.6,21.5,17,4.0588235294117645,3,1.9,2,11.39,39.90361445783133,2
17,67,2,1,1,1,0,28,2,18,1,78,70,1,0,1,0,78.0,26.0,-8,4.117647058823529,3,3.8,2,11.39,54.81927710843374,2
17,67,1,1,1,1,0,29,1,9,0,52,69,0,0,2,0,57.6,21.5,17,4.0588235294117645,2,1.9,1,11.39,39.90361445783133,2
17,67,1,1,1,1,0,28,2,18,1,78,70,1,0,1,0,78.0,26.0,-8,4.117647058823529,2,3.8,1,11.39,54.81927710843374,2
17,67,1,0,1,1,0,29,1,9,0,52,69,0,0,2,0,47.6,21.5,17,4.0588235294117645,2,1.9,1,11.39,32.975903614457835,2
17,67,1,0,1,1,0,28,2,18,1,78,70,1,0,1,0,68.0,26.0,-8,4.117647058823529,2,3.8,1,11.39,47.79116465863454,2
17,67,0,1,1,1,0,29,1,9,0,52,69,0,0,2,0,57.6,21.5,17,4.0588235294117645,1,1.9,0,11.39,39.90361445783133,2
17,67,0,1,1,1,0,28,2,18,1,78,70,1,0,1,0,78.0,26.0,-8,4.117647058823529,1,3.8,0,11.39,54.81927710843374,2
15,95,1,0,1,1,1,20,0,12,0,64,64,0,2,2,0,63.6,21.0,0,4.266666666666667,0,2.2,1,14.25,40.867469879518076,2
15,95,1,0,1,1,1,22,1,6,1,79,41,0,0,3,0,79.6,18.0,-38,2.7333333333333334,2,1.6,1,14.25,32.76706827309237,2
15,95,1,0,1,1,1,20,2,16,1,80,53,1,1,3,0,80.0,23.0,-27,3.533333333333333,1,3.6,1,14.25,42.57028112449799,2
15,95,0,1,0,1,1,20,0,12,0,64,64,0,2,2,0,73.6,21.0,0,4.266666666666667,-2,2.2,0,14.25,47.29317269076305,2
15,95,0,1,0,1,1,20,2,16,1,80,53,1,1,3,0,90.0,23.0,-27,3.533333333333333,-1,3.6,0,14.25,47.89156626506024,2
15,95,1,1,0,1,1,20,0,12,0,64,64,0,2,2,0,73.6,21.0,0,4.266666666666667,-1,2.2,0,14.25,47.29317269076305,2
15,95,1,1,0,1,1,20,2,16,1,80,53,1,1,3,0,90.0,23.0,-27,3.533333333333333,0,3.6,0,14.25,47.89156626506024,2
15,95,2,1,1,1,1,20,0,12,0,64,64,0,2,2,0,73.6,21.0,0,4.266666666666667,1,2.2,2,14.25,47.29317269076305,2
15,95,2,1,1,1,1,20,2,16,1,80,53,1,1,3,0,90.0,23.0,-27,3.533333333333333,2,3.6,2,14.25,47.89156626506024,2
17,88,2,1,0,1,1,20,0,7,0,95,66,0,1,2,0,83.2,20.5,-29,3.8823529411764706,1,1.7000000000000002,0,14.96,55.13253012048193,2
17,88,2,1,0,1,1,26,1,15,1,64,79,1,0,1,0,80.80000000000001,24.5,15,4.647058823529412,2,3.5,0,14.96,64.08835341365463,2
17,88,2,1,0,1,1,24,2,15,1,53,61,0,1,2,0,76.4,24.5,8,3.588235294117647,1,2.5,0,14.96,46.79116465863454,2
17,88,1,1,1,1,1,20,0,7,0,95,66,0,1,2,0,83.2,20.5,-29,3.8823529411764706,1,1.7000000000000002,1,14.96,55.13253012048193,2
17,88,1,1,1,1,1,26,1,15,1,64,79,1,0,1,0,80.80000000000001,24.5,15,4.647058823529412,2,3.5,1,14.96,64.08835341365463,2
17,88,1,1,1,1,1,24,2,15,1,53,61,0,1,2,0,76.4,24.5,8,3.588235294117647,1,2.5,1,14.96,46.79116465863454,2
17,86,2,0,2,1,1,19,0,12,0,92,97,1,1,0,0,71.2,23.0,5,5.705882352941177,3,3.2,4,14.62,69.3413654618474,2
17,86,2,0,2,1,1,26,1,0,0,54,95,1,1,0,0,56.0,17.0,41,5.588235294117647,3,2.0,4,14.62,53.41365461847389,2
17,86,2,0,2,1,1,24,3,20,1,88,73,1,2,1,0,79.6,27.0,-15,4.294117647058823,2,4.0,4,14.62,58.34136546184739,2
17,86,1,1,0,1,1,19,0,12,0,92,97,1,1,0,0,81.2,23.0,5,5.705882352941177,0,3.2,0,14.62,79.08032128514057,2
17,86,1,1,0,1,1,26,1,0,0,54,95,1,1,0,0,66.0,17.0,41,5.588235294117647,0,2.0,0,14.62,62.95180722891566,2
17,86,1,1,0,1,1,24,3,20,1,88,73,1,2,1,0,89.6,27.0,-15,4.294117647058823,-1,4.0,0,14.62,65.67068273092369,2
17,86,1,1,1,1,1,19,0,12,0,92,97,1,1,0,0,81.2,23.0,5,5.705882352941177,1,3.2,1,14.62,79.08032128514057,2
17,86,1,1,1,1,1,26,1,0,0,54,95,1,1,0,0,66.0,17.0,41,5.588235294117647,1,2.0,1,14.62,62.95180722891566,2
17,86,1,1,1,1,1,24,3,20,1,88,73,1,2,1,0,89.6,27.0,-15,4.294117647058823,0,4.0,1,14.62,65.67068273092369,2
17,86,2,1,1,1,1,19,0,12,0,92,97,1,1,0,0,81.2,23.0,5,5.705882352941177,2,3.2,2,14.62,79.08032128514057,2
17,86,2,1,1,1,1,26,1,0,0,54,95,1,1,0,0,66.0,17.0,41,5.588235294117647,2,2.0,2,14.62,62.95180722891566,2
17,86,2,1,1,1,1,24,3,20,1,88,73,1,2,1,0,89.6,27.0,-15,4.294117647058823,1,4.0,2,14.62,65.67068273092369,2
17,86,2,0,1,1,1,19,0,12,0,92,97,1,1,0,0,71.2,23.0,5,5.705882352941177,2,3.2,2,14.62,69.3413654618474,2
17,86,2,0,1,1,1,26,1,0,0,54,95,1,1,0,0,56.0,17.0,41,5.588235294117647,2,2.0,2,14.62,53.41365461847389,2
17,86,2,0,1,1,1,24,3,20,1,88,73,1,2,1,0,79.6,27.0,-15,4.294117647058823,1,4.0,2,14.62,58.34136546184739,2
16,97,1,1,0,1,1,20,3,6,1,74,85,1,2,0,0,88.4,19.0,11,5.3125,-1,2.6,0,15.52,75.44176706827311,2
16,97,1,1,0,1,1,26,2,19,1,71,99,1,2,0,0,87.2,25.5,28,6.1875,-1,3.9000000000000004,0,15.52,86.67469879518073,2
16,97,1,1,0,1,1,21,3,3,0,74,94,1,2,0,0,78.4,17.5,20,5.875,-1,2.3,0,15.52,73.99196787148595,2
16,97,1,1,0,1,1,21,0,4,1,60,54,0,1,3,0,82.80000000000001,18.0,-6,3.375,0,1.4,0,15.52,44.89156626506025,2
16,97,0,1,1,1,1,20,3,6,1,74,85,1,2,0,0,88.4,19.0,11,5.3125,-1,2.6,0,15.52,75.44176706827311,2
16,97,0,1,1,1,1,26,2,19,1,71,99,1,2,0,0,87.2,25.5,28,6.1875,-1,3.9000000000000004,0,15.52,86.67469879518073,2
16,97,0,1,1,1,1,21,3,3,0,74,94,1,2,0,0,78.4,17.5,20,5.875,-1,2.3,0,15.52,73.99196787148595,2
16,97,0,1,1,1,1,21,0,4,1,60,54,0,1,3,0,82.80000000000001,18.0,-6,3.375,0,1.4,0,15.52,44.89156626506025,2
16,97,0,1,2,1,1,20,3,6,1,74,85,1,2,0,0,88.4,19.0,11,5.3125,0,2.6,0,15.52,75.44176706827311,2
16,97,0,1,2,1,1,26,2,19,1,71,99,1,2,0,0,87.2,25.5,28,6.1875,0,3.9000000000000004,0,15.52,86.67469879518073,2
16,97,0,1,2,1,1,21,3,3,0,74,94,1,2,0,0,78.4,17.5,20,5.875,0,2.3,0,15.52,73.99196787148595,2
16,97,0,1,2,1,1,21,0,4,1,60,54,0,1,3,0,82.80000000000001,18.0,-6,3.375,1,1.4,0,15.52,44.89156626506025,2
18,89,1,1,1,1,0,25,1,8,1,99,94,1,1,0,0,95.2,22.0,-5,5.222222222222222,1,2.8,1,16.02,89.84738955823295,2
18,89,1,1,1,1,0,28,3,19,0,63,74,0,2,1,0,70.80000000000001,27.5,11,4.111111111111111,0,2.9000000000000004,1,16.02,52.60240963855423,2
18,89,2,1,0,1,0,25,1,8,1,99,94,1,1,0,0,95.2,22.0,-5,5.222222222222222,1,2.8,0,16.02,89.84738955823295,2
18,89,2,1,0,1,0,28,3,19,0,63,74,0,2,1,0,70.80000000000001,27.5,11,4.111111111111111,0,2.9000000000000004,0,16.02,52.60240963855423,2
18,89,0,1,0,1,0,25,1,8,1,99,94,1,1,0,0,95.2,22.0,-5,5.222222222222222,-1,2.8,0,16.02,89.84738955823295,2
18,89,0,1,0,1,0,28,3,19,0,63,74,0,2,1,0,70.80000000000001,27.5,11,4.111111111111111,-2,2.9000000000000004,0,16.02,52.60240963855423,2
18,89,0,1,1,1,0,25,1,8,1,99,94,1,1,0,0,95.2,22.0,-5,5.222222222222222,0,2.8,0,16.02,89.84738955823295,2
18,89,0,1,1,1,0,28,3,19,0,63,74,0,2,1,0,70.80000000000001,27.5,11,4.111111111111111,-1,2.9000000000000004,0,16.02,52.60240963855423,2
11,91,1,0,1,1,1,27,3,1,1,57,46,1,2,3,0,69.2,11.5,-11,4.181818181818182,0,2.1,1,10.01,31.959839357429722,2
11,91,1,0,1,1,1,24,3,18,0,58,43,1,1,3,0,59.6,20.0,-15,3.909090909090909,1,3.8,1,10.01,25.730923694779115,2
11,91,0,0,1,1,1,27,3,1,1,57,46,1,2,3,0,69.2,11.5,-11,4.181818181818182,-1,2.1,0,10.01,31.959839357429722,2
11,91,0,0,1,1,1,24,3,18,0,58,43,1,1,3,0,59.6,20.0,-15,3.909090909090909,0,3.8,0,10.01,25.730923694779115,2
11,91,2,0,1,1,1,27,3,1,1,57,46,1,2,3,0,69.2,11.5,-11,4.181818181818182,1,2.1,2,10.01,31.959839357429722,2
11,91,2,0,1,1,1,24,3,18,0,58,43,1,1,3,0,59.6,20.0,-15,3.909090909090909,2,3.8,2,10.01,25.730923694779115,2
11,91,0,1,0,1,1,27,3,1,1,57,46,1,2,3,0,79.2,11.5,-11,4.181818181818182,-2,2.1,0,10.01,36.578313253012055,2
11,91,0,1,0,1,1,24,3,18,0,58,43,1,1,3,0,69.6,20.0,-15,3.909090909090909,-1,3.8,0,10.01,30.048192771084338,2
19,67,1,0,2,1,1,19,0,8,1,74,81,0,2,1,0,66.4,23.0,7,4.2631578947368425,1,1.8,2,12.73,54.00000000000001,2
19,67,1,1,2,1,1,19,0,8,1,74,81,0,2,1,0,76.4,23.0,7,4.2631578947368425,1,1.8,2,12.73,62.13253012048194,2
19,67,2,0,1,1,1,19,0,8,1,74,81,0,2,1,0,66.4,23.0,7,4.2631578947368425,1,1.8,2,12.73,54.00000000000001,2
19,67,0,0,1,1,1,19,0,8,1,74,81,0,2,1,0,66.4,23.0,7,4.2631578947368425,-1,1.8,0,12.73,54.00000000000001,2
19,67,1,1,0,1,1,19,0,8,1,74,81,0,2,1,0,76.4,23.0,7,4.2631578947368425,-1,1.8,0,12.73,62.13253012048194,2
12,92,1,0,2,1,1,21,1,11,0,62,89,1,2,0,0,61.60000000000001,17.5,27,7.416666666666667,1,3.1,2,11.040000000000001,55.04417670682732,2
12,92,1,0,2,1,1,23,2,20,0,86,98,0,1,0,0,71.2,22.0,12,8.166666666666666,2,3.0,2,11.040000000000001,70.0562248995984,2
12,92,1,0,0,1,1,21,1,11,0,62,89,1,2,0,0,61.60000000000001,17.5,27,7.416666666666667,-1,3.1,0,11.040000000000001,55.04417670682732,2
12,92,1,0,0,1,1,23,2,20,0,86,98,0,1,0,0,71.2,22.0,12,8.166666666666666,0,3.0,0,11.040000000000001,70.0562248995984,2
12,92,0,1,1,1,1,21,1,11,0,62,89,1,2,0,0,71.60000000000001,17.5,27,7.416666666666667,-1,3.1,0,11.040000000000001,63.97991967871487,2
12,92,0,1,1,1,1,23,2,20,0,86,98,0,1,0,0,81.2,22.0,12,8.166666666666666,0,3.0,0,11.040000000000001,79.89558232931728,2
12,92,1,0,1,1,1,21,1,11,0,62,89,1,2,0,0,61.60000000000001,17.5,27,7.416666666666667,0,3.1,1,11.040000000000001,55.04417670682732,2
12,92,1,0,1,1,1,23,2,20,0,86,98,0,1,0,0,71.2,22.0,12,8.166666666666666,1,3.0,1,11.040000000000001,70.0562248995984,2
12,92,0,1,2,1,1,21,1,11,0,62,89,1,2,0,0,71.60000000000001,17.5,27,7.416666666666667,0,3.1,0,11.040000000000001,63.97991967871487,2
12,92,0,1,2,1,1,23,2,20,0,86,98,0,1,0,0,81.2,22.0,12,8.166666666666666,1,3.0,0,11.040000000000001,79.89558232931728,2
15,98,1,0,2,1,1,21,2,3,1,95,100,0,2,0,0,87.2,16.5,5,6.666666666666667,1,1.3,2,14.7,87.55020080321286,2
15,98,1,1,0,1,1,21,2,3,1,95,100,0,2,0,0,97.2,16.5,5,6.666666666666667,-1,1.3,0,14.7,97.59036144578313,2
15,98,1,0,0,1,1,21,2,3,1,95,100,0,2,0,0,87.2,16.5,5,6.666666666666667,-1,1.3,0,14.7,87.55020080321286,2
8,77,1,1,1,1,1,23,1,13,0,77,86,1,2,0,0,71.6,14.5,9,10.75,0,3.3,1,6.16,61.82329317269076,2
8,77,1,1,1,1,1,18,2,14,1,58,88,0,2,0,0,74.0,15.0,30,11.0,0,2.4000000000000004,1,6.16,65.38152610441767,2
8,77,1,1,1,1,1,28,2,10,1,77,70,0,2,1,0,81.6,13.0,-7,8.75,0,2.0,1,6.16,57.34939759036144,2
8,77,0,1,0,1,1,23,1,13,0,77,86,1,2,0,0,71.6,14.5,9,10.75,-2,3.3,0,6.16,61.82329317269076,2
8,77,0,1,0,1,1,18,2,14,1,58,88,0,2,0,0,74.0,15.0,30,11.0,-2,2.4000000000000004,0,6.16,65.38152610441767,2
8,77,0,1,0,1,1,28,2,10,1,77,70,0,2,1,0,81.6,13.0,-7,8.75,-2,2.0,0,6.16,57.34939759036144,2
20,71,2,1,2,1,1,19,3,5,0,83,87,1,2,0,0,71.60000000000001,22.5,4,4.35,2,2.5,4,14.2,62.54216867469881,2
20,71,1,0,1,1,1,19,3,5,0,83,87,1,2,0,0,61.60000000000001,22.5,4,4.35,0,2.5,1,14.2,53.80722891566266,2
20,71,0,0,2,1,1,19,3,5,0,83,87,1,2,0,0,61.60000000000001,22.5,4,4.35,0,2.5,0,14.2,53.80722891566266,2
20,71,1,0,2,1,1,19,3,5,0,83,87,1,2,0,0,61.60000000000001,22.5,4,4.35,1,2.5,2,14.2,53.80722891566266,2
20,71,1,1,0,1,1,19,3,5,0,83,87,1,2,0,0,71.60000000000001,22.5,4,4.35,-1,2.5,0,14.2,62.54216867469881,2
20,71,1,1,1,1,1,19,3,5,0,83,87,1,2,0,0,71.60000000000001,22.5,4,4.35,0,2.5,1,14.2,62.54216867469881,2
20,71,0,1,2,1,1,19,3,5,0,83,87,1,2,0,0,71.60000000000001,22.5,4,4.35,0,2.5,0,14.2,62.54216867469881,2
20,71,2,1,1,1,1,19,3,5,0,83,87,1,2,0,0,71.60000000000001,22.5,4,4.35,1,2.5,2,14.2,62.54216867469881,2
19,66,1,0,1,1,0,26,0,12,1,99,96,1,2,0,0,76.0,25.0,-3,5.052631578947368,0,3.2,1,12.540000000000001,73.25301204819277,2
19,66,2,1,1,1,0,26,0,12,1,99,96,1,2,0,0,86.0,25.0,-3,5.052631578947368,1,3.2,2,12.540000000000001,82.89156626506025,2
19,66,2,0,0,1,0,26,0,12,1,99,96,1,2,0,0,76.0,25.0,-3,5.052631578947368,0,3.2,0,12.540000000000001,73.25301204819277,2
19,66,0,0,1,1,0,26,0,12,1,99,96,1,2,0,0,76.0,25.0,-3,5.052631578947368,-1,3.2,0,12.540000000000001,73.25301204819277,2
13,84,1,0,1,1,1,24,3,19,0,59,63,0,0,2,0,57.2,22.5,4,4.846153846153846,2,2.9000000000000004,1,10.92,36.18072289156627,2
13,84,1,0,1,1,1,28,1,15,1,73,58,1,1,2,0,72.80000000000001,20.5,-15,4.461538461538462,1,3.5,1,10.92,42.39357429718876,2
13,84,1,0,1,1,1,23,2,13,0,61,79,1,0,1,0,58.0,19.5,18,6.076923076923077,2,3.3,1,10.92,46.00401606425703,2
13,84,1,0,1,1,1,26,2,0,0,87,86,1,2,0,0,68.4,13.0,-1,6.615384615384615,0,2.0,1,10.92,59.06024096385543,2
13,84,1,0,1,1,1,24,0,12,0,89,84,1,1,1,0,69.2,19.0,-5,6.461538461538462,1,3.2,1,10.92,58.36144578313254,2
13,84,1,0,1,1,1,29,2,10,0,99,71,1,0,1,0,73.2,18.0,-28,5.461538461538462,2,3.0,1,10.92,52.18072289156627,2
13,84,1,1,1,1,1,24,3,19,0,59,63,0,0,2,0,67.2,22.5,4,4.846153846153846,2,2.9000000000000004,1,10.92,42.506024096385545,2
13,84,1,1,1,1,1,28,1,15,1,73,58,1,1,2,0,82.80000000000001,20.5,-15,4.461538461538462,1,3.5,1,10.92,48.216867469879524,2
13,84,1,1,1,1,1,23,2,13,0,61,79,1,0,1,0,68.0,19.5,18,6.076923076923077,2,3.3,1,10.92,53.93574297188756,2
13,84,1,1,1,1,1,26,2,0,0,87,86,1,2,0,0,78.4,13.0,-1,6.615384615384615,0,2.0,1,10.92,67.69477911646588,2
13,84,1,1,1,1,1,24,0,12,0,89,84,1,1,1,0,79.2,19.0,-5,6.461538461538462,1,3.2,1,10.92,66.79518072289157,2
13,84,1,1,1,1,1,29,2,10,0,99,71,1,0,1,0,83.2,18.0,-28,5.461538461538462,2,3.0,1,10.92,59.30923694779117,2
13,84,1,0,0,1,1,24,3,19,0,59,63,0,0,2,0,57.2,22.5,4,4.846153846153846,1,2.9000000000000004,0,10.92,36.18072289156627,2
13,84,1,0,0,1,1,28,1,15,1,73,58,1,1,2,0,72.80000000000001,20.5,-15,4.461538461538462,0,3.5,0,10.92,42.39357429718876,2
13,84,1,0,0,1,1,23,2,13,0,61,79,1,0,1,0,58.0,19.5,18,6.076923076923077,1,3.3,0,10.92,46.00401606425703,2
13,84,1,0,0,1,1,26,2,0,0,87,86,1,2,0,0,68.4,13.0,-1,6.615384615384615,-1,2.0,0,10.92,59.06024096385543,2
13,84,1,0,0,1,1,24,0,12,0,89,84,1,1,1,0,69.2,19.0,-5,6.461538461538462,0,3.2,0,10.92,58.36144578313254,2
13,84,1,0,0,1,1,29,2,10,0,99,71,1,0,1,0,73.2,18.0,-28,5.461538461538462,1,3.0,0,10.92,52.18072289156627,2
15,86,1,1,1,1,1,28,0,3,1,67,55,1,0,2,0,81.2,16.5,-12,3.6666666666666665,2,2.3,1,12.9,44.83935742971888,2
15,86,2,1,1,1,1,28,0,3,1,67,55,1,0,2,0,81.2,16.5,-12,3.6666666666666665,3,2.3,2,12.9,44.83935742971888,2
15,86,0,0,1,1,1,28,0,3,1,67,55,1,0,2,0,71.2,16.5,-12,3.6666666666666665,1,2.3,0,12.9,39.31726907630523,2
15,86,1,0,1,1,1,28,0,3,1,67,55,1,0,2,0,71.2,16.5,-12,3.6666666666666665,2,2.3,1,12.9,39.31726907630523,2
15,86,1,1,2,1,1,28,0,3,1,67,55,1,0,2,0,81.2,16.5,-12,3.6666666666666665,3,2.3,2,12.9,44.83935742971888,2
15,86,2,0,1,1,1,28,0,3,1,67,55,1,0,2,0,71.2,16.5,-12,3.6666666666666665,3,2.3,2,12.9,39.31726907630523,2
15,86,1,1,0,1,1,28,0,3,1,67,55,1,0,2,0,81.2,16.5,-12,3.6666666666666665,1,2.3,0,12.9,44.83935742971888,2
15,86,2,0,2,1,1,28,0,3,1,67,55,1,0,2,0,71.2,16.5,-12,3.6666666666666665,4,2.3,4,12.9,39.31726907630523,2
12,88,1,0,0,1,1,22,0,18,0,87,55,1,2,2,0,70.0,21.0,-32,4.583333333333333,-1,3.8,0,10.56,38.65461847389559,2
12,88,1,0,0,1,1,22,3,15,1,63,96,1,2,0,0,70.4,19.5,33,8.0,-1,3.5,0,10.56,67.85542168674701,2
12,88,1,0,0,1,1,20,2,12,1,86,77,1,1,1,0,79.6,18.0,-9,6.416666666666667,0,3.2,0,10.56,61.53815261044176,2
12,88,1,0,1,1,1,22,0,18,0,87,55,1,2,2,0,70.0,21.0,-32,4.583333333333333,0,3.8,1,10.56,38.65461847389559,2
12,88,1,0,1,1,1,22,3,15,1,63,96,1,2,0,0,70.4,19.5,33,8.0,0,3.5,1,10.56,67.85542168674701,2
12,88,1,0,1,1,1,20,2,12,1,86,77,1,1,1,0,79.6,18.0,-9,6.416666666666667,1,3.2,1,10.56,61.53815261044176,2
12,88,1,1,2,1,1,22,0,18,0,87,55,1,2,2,0,80.0,21.0,-32,4.583333333333333,1,3.8,2,10.56,44.17670682730924,2
12,88,1,1,2,1,1,22,3,15,1,63,96,1,2,0,0,80.4,19.5,33,8.0,1,3.5,2,10.56,77.49397590361447,2
12,88,1,1,2,1,1,20,2,12,1,86,77,1,1,1,0,89.6,18.0,-9,6.416666666666667,2,3.2,2,10.56,69.26907630522088,2
12,88,1,1,1,1,1,22,0,18,0,87,55,1,2,2,0,80.0,21.0,-32,4.583333333333333,0,3.8,1,10.56,44.17670682730924,2
12,88,1,1,1,1,1,22,3,15,1,63,96,1,2,0,0,80.4,19.5,33,8.0,0,3.5,1,10.56,77.49397590361447,2
12,88,1,1,1,1,1,20,2,12,1,86,77,1,1,1,0,89.6,18.0,-9,6.416666666666667,1,3.2,1,10.56,69.26907630522088,2
14,98,1,0,1,1,0,25,0,20,0,60,73,1,0,1,0,63.2,24.0,13,5.214285714285714,2,4.0,1,13.719999999999999,46.32128514056226,2
14,98,1,0,1,1,0,26,2,17,1,74,65,1,2,2,0,78.80000000000001,22.5,-9,4.642857142857143,0,3.7,1,13.719999999999999,51.42570281124499,2
14,98,1,0,1,1,0,20,3,20,0,68,65,1,1,2,0,66.4,24.0,-3,4.642857142857143,1,4.0,1,13.719999999999999,43.333333333333336,2
14,98,1,0,1,1,0,23,3,5,0,72,91,0,0,0,0,68.0,16.5,19,6.5,2,1.5,1,13.719999999999999,62.1285140562249,2
14,98,1,1,0,1,0,25,0,20,0,60,73,1,0,1,0,73.2,24.0,13,5.214285714285714,1,4.0,0,13.719999999999999,53.65060240963856,2
14,98,1,1,0,1,0,26,2,17,1,74,65,1,2,2,0,88.80000000000001,22.5,-9,4.642857142857143,-1,3.7,0,13.719999999999999,57.951807228915676,2
14,98,1,1,0,1,0,20,3,20,0,68,65,1,1,2,0,76.4,24.0,-3,4.642857142857143,0,4.0,0,13.719999999999999,49.85943775100402,2
14,98,1,1,0,1,0,23,3,5,0,72,91,0,0,0,0,78.0,16.5,19,6.5,1,1.5,0,13.719999999999999,71.26506024096386,2
17,94,1,1,0,1,0,26,0,5,0,63,87,1,0,0,0,72.80000000000001,19.5,24,5.117647058823529,1,2.5,0,15.979999999999999,63.59036144578315,2
17,94,1,1,1,1,0,26,0,5,0,63,87,1,0,0,0,72.80000000000001,19.5,24,5.117647058823529,2,2.5,1,15.979999999999999,63.59036144578315,2
14,66,0,0,1,1,1,21,1,13,1,62,82,0,2,1,0,61.2,20.5,20,5.857142857142857,-1,2.3,0,9.24,50.385542168674704,2
14,66,0,0,1,1,1,28,0,0,1,74,83,0,2,1,0,66.0,14.0,9,5.928571428571429,-1,1.0,0,9.24,55.0,2
14,66,1,1,0,1,1,21,1,13,1,62,82,0,2,1,0,71.2,20.5,20,5.857142857142857,-1,2.3,0,9.24,58.61847389558234,2
14,66,1,1,0,1,1,28,0,0,1,74,83,0,2,1,0,76.0,14.0,9,5.928571428571429,-1,1.0,0,9.24,63.333333333333336,2
14,66,1,1,1,1,1,21,1,13,1,62,82,0,2,1,0,71.2,20.5,20,5.857142857142857,0,2.3,1,9.24,58.61847389558234,2
14,66,1,1,1,1,1,28,0,0,1,74,83,0,2,1,0,76.0,14.0,9,5.928571428571429,0,1.0,1,9.24,63.333333333333336,2
14,81,1,0,1,1,0,23,0,18,0,91,49,1,2,3,0,68.8,23.0,-42,3.5,0,3.8,1,11.34,33.84738955823293,2
14,81,1,0,0,1,0,23,0,18,0,91,49,1,2,3,0,68.8,23.0,-42,3.5,-1,3.8,0,11.34,33.84738955823293,2
14,81,2,0,1,1,0,23,0,18,0,91,49,1,2,3,0,68.8,23.0,-42,3.5,1,3.8,2,11.34,33.84738955823293,2
15,78,2,0,0,1,1,22,2,14,0,89,86,1,2,0,0,66.80000000000001,22.0,-3,5.733333333333333,0,3.4000000000000004,0,11.700000000000001,57.67871485943776,2
15,78,2,1,2,1,1,22,2,14,0,89,86,1,2,0,0,76.80000000000001,22.0,-3,5.733333333333333,2,3.4000000000000004,4,11.700000000000001,66.31325301204821,2
15,78,2,1,0,1,1,22,2,14,0,89,86,1,2,0,0,76.80000000000001,22.0,-3,5.733333333333333,0,3.4000000000000004,0,11.700000000000001,66.31325301204821,2
15,78,1,1,1,1,1,22,2,14,0,89,86,1,2,0,0,76.80000000000001,22.0,-3,5.733333333333333,0,3.4000000000000004,1,11.700000000000001,66.31325301204821,2
15,78,1,1,2,1,1,22,2,14,0,89,86,1,2,0,0,76.80000000000001,22.0,-3,5.733333333333333,1,3.4000000000000004,2,11.700000000000001,66.31325301204821,2
15,78,1,0,1,1,1,22,2,14,0,89,86,1,2,0,0,66.80000000000001,22.0,-3,5.733333333333333,0,3.4000000000000004,1,11.700000000000001,57.67871485943776,2
15,78,0,1,0,1,1,22,2,14,0,89,86,1,2,0,0,76.80000000000001,22.0,-3,5.733333333333333,-2,3.4000000000000004,0,11.700000000000001,66.31325301204821,2
15,78,2,0,2,1,1,22,2,14,0,89,86,1,2,0,0,66.80000000000001,22.0,-3,5.733333333333333,2,3.4000000000000004,4,11.700000000000001,57.67871485943776,2
15,78,2,0,1,1,1,22,2,14,0,89,86,1,2,0,0,66.80000000000001,22.0,-3,5.733333333333333,1,3.4000000000000004,2,11.700000000000001,57.67871485943776,2
18,91,1,1,1,1,0,26,3,4,0,92,71,1,2,1,0,83.2,20.0,-21,3.9444444444444446,0,2.4,1,16.38,59.30923694779117,2
18,91,1,1,1,1,0,27,0,10,0,69,100,1,2,0,0,74.0,23.0,31,5.555555555555555,0,3.0,1,16.38,74.29718875502009,2
18,91,1,1,1,1,0,22,0,16,0,93,82,1,0,1,0,83.6,26.0,-11,4.555555555555555,2,3.6,1,16.38,68.8273092369478,2
18,91,1,1,1,1,0,20,1,17,1,58,79,1,0,1,0,79.6,26.5,21,4.388888888888889,2,3.7,1,16.38,63.136546184738954,2
18,91,1,0,1,1,0,26,3,4,0,92,71,1,2,1,0,73.2,20.0,-21,3.9444444444444446,0,2.4,1,16.38,52.18072289156627,2
18,91,1,0,1,1,0,27,0,10,0,69,100,1,2,0,0,64.0,23.0,31,5.555555555555555,0,3.0,1,16.38,64.2570281124498,2
18,91,1,0,1,1,0,22,0,16,0,93,82,1,0,1,0,73.6,26.0,-11,4.555555555555555,2,3.6,1,16.38,60.59437751004016,2
18,91,1,0,1,1,0,20,1,17,1,58,79,1,0,1,0,69.6,26.5,21,4.388888888888889,2,3.7,1,16.38,55.204819277108435,2
13,85,1,0,1,1,1,18,3,0,0,97,50,1,1,3,0,72.80000000000001,13.0,-47,3.8461538461538463,1,2.0,1,11.049999999999999,36.54618473895583,2
13,85,1,0,1,1,1,27,0,18,1,79,68,0,2,2,0,75.6,22.0,-11,5.230769230769231,0,2.8,1,11.049999999999999,51.6144578313253,2
13,85,1,0,1,1,1,28,1,2,1,81,67,1,2,2,0,76.4,14.0,-14,5.153846153846154,0,2.2,1,11.049999999999999,51.39357429718876,2
13,85,1,0,1,1,1,20,3,6,1,72,99,1,2,0,0,72.8,16.0,27,7.615384615384615,0,2.6,1,11.049999999999999,72.36144578313252,2
13,85,1,0,0,1,1,18,3,0,0,97,50,1,1,3,0,72.80000000000001,13.0,-47,3.8461538461538463,0,2.0,0,11.049999999999999,36.54618473895583,2
13,85,1,0,0,1,1,27,0,18,1,79,68,0,2,2,0,75.6,22.0,-11,5.230769230769231,-1,2.8,0,11.049999999999999,51.6144578313253,2
13,85,1,0,0,1,1,28,1,2,1,81,67,1,2,2,0,76.4,14.0,-14,5.153846153846154,-1,2.2,0,11.049999999999999,51.39357429718876,2
13,85,1,0,0,1,1,20,3,6,1,72,99,1,2,0,0,72.8,16.0,27,7.615384615384615,-1,2.6,0,11.049999999999999,72.36144578313252,2
13,85,2,1,2,1,1,18,3,0,0,97,50,1,1,3,0,82.80000000000001,13.0,-47,3.8461538461538463,3,2.0,4,11.049999999999999,41.56626506024097,2
13,85,2,1,2,1,1,27,0,18,1,79,68,0,2,2,0,85.6,22.0,-11,5.230769230769231,2,2.8,4,11.049999999999999,58.441767068273094,2
13,85,2,1,2,1,1,28,1,2,1,81,67,1,2,2,0,86.4,14.0,-14,5.153846153846154,2,2.2,4,11.049999999999999,58.120481927710856,2
13,85,2,1,2,1,1,20,3,6,1,72,99,1,2,0,0,82.8,16.0,27,7.615384615384615,2,2.6,4,11.049999999999999,82.3012048192771,2
10,82,0,0,1,1,0,23,3,9,0,71,66,1,1,2,0,61.2,14.5,-5,6.6,0,2.9,0,8.2,40.55421686746988,2
10,82,0,0,1,1,0,26,2,0,1,65,89,1,0,0,0,68.80000000000001,10.0,24,8.9,1,2.0,0,8.2,61.47791164658636,2
16,92,2,1,0,1,1,29,1,16,1,67,66,1,2,2,0,83.60000000000001,24.0,-1,4.125,0,3.6,0,14.72,55.39759036144579,2
16,92,2,1,0,1,1,24,1,3,1,74,61,1,2,2,0,86.4,17.5,-13,3.8125,0,2.3,0,14.72,52.915662650602414,2
16,92,2,1,0,1,1,25,1,10,0,84,56,0,2,2,0,80.4,21.0,-28,3.5,0,2.0,0,14.72,45.20481927710844,2
16,92,1,1,2,1,1,29,1,16,1,67,66,1,2,2,0,83.60000000000001,24.0,-1,4.125,1,3.6,2,14.72,55.39759036144579,2
16,92,1,1,2,1,1,24,1,3,1,74,61,1,2,2,0,86.4,17.5,-13,3.8125,1,2.3,2,14.72,52.915662650602414,2
16,92,1,1,2,1,1,25,1,10,0,84,56,0,2,2,0,80.4,21.0,-28,3.5,1,2.0,2,14.72,45.20481927710844,2
16,92,2,1,1,1,1,29,1,16,1,67,66,1,2,2,0,83.60000000000001,24.0,-1,4.125,1,3.6,2,14.72,55.39759036144579,2
16,92,2,1,1,1,1,24,1,3,1,74,61,1,2,2,0,86.4,17.5,-13,3.8125,1,2.3,2,14.72,52.915662650602414,2
16,92,2,1,1,1,1,25,1,10,0,84,56,0,2,2,0,80.4,21.0,-28,3.5,1,2.0,2,14.72,45.20481927710844,2
13,76,2,0,0,1,0,22,0,6,1,85,84,1,0,1,0,74.4,16.0,-1,6.461538461538462,2,2.6,0,9.88,62.746987951807235,2
13,76,2,0,0,1,0,23,1,10,1,89,63,1,2,2,0,76.0,18.0,-26,4.846153846153846,0,3.0,0,9.88,48.07228915662651,2
13,76,2,0,0,1,0,26,0,16,0,62,98,1,0,0,0,55.2,21.0,36,7.538461538461538,2,3.6,0,9.88,54.31325301204819,2
14,97,1,1,1,1,0,19,1,0,1,75,79,1,2,1,0,88.80000000000001,14.0,4,5.642857142857143,0,2.0,1,13.58,70.43373493975905,2
14,97,1,1,1,1,0,20,3,6,1,77,57,1,2,2,0,89.60000000000001,17.0,-20,4.071428571428571,0,2.6,1,13.58,51.277108433734945,2
14,97,1,1,1,1,0,20,0,2,1,94,86,1,0,0,0,96.4,15.0,-8,6.142857142857143,2,2.2,1,13.58,83.23694779116467,2
14,97,1,1,1,1,0,29,3,3,1,93,48,1,1,3,0,96.0,15.5,-45,3.4285714285714284,1,2.3,1,13.58,46.26506024096386,2
14,97,0,0,2,1,0,19,1,0,1,75,79,1,2,1,0,78.80000000000001,14.0,4,5.642857142857143,0,2.0,0,13.58,62.50200803212853,2
14,97,0,0,2,1,0,20,3,6,1,77,57,1,2,2,0,79.60000000000001,17.0,-20,4.071428571428571,0,2.6,0,13.58,45.55421686746989,2
14,97,0,0,2,1,0,20,0,2,1,94,86,1,0,0,0,86.4,15.0,-8,6.142857142857143,2,2.2,0,13.58,74.60240963855424,2
14,97,0,0,2,1,0,29,3,3,1,93,48,1,1,3,0,86.0,15.5,-45,3.4285714285714284,1,2.3,0,13.58,41.445783132530124,2
14,97,1,1,2,1,0,19,1,0,1,75,79,1,2,1,0,88.80000000000001,14.0,4,5.642857142857143,1,2.0,2,13.58,70.43373493975905,2
14,97,1,1,2,1,0,20,3,6,1,77,57,1,2,2,0,89.60000000000001,17.0,-20,4.071428571428571,1,2.6,2,13.58,51.277108433734945,2
14,97,1,1,2,1,0,20,0,2,1,94,86,1,0,0,0,96.4,15.0,-8,6.142857142857143,3,2.2,2,13.58,83.23694779116467,2
14,97,1,1,2,1,0,29,3,3,1,93,48,1,1,3,0,96.0,15.5,-45,3.4285714285714284,2,2.3,2,13.58,46.26506024096386,2
15,77,1,1,0,1,1,19,2,2,0,90,74,0,2,1,0,76.8,16.0,-16,4.933333333333334,-1,1.2,0,11.55,57.06024096385543,2
15,77,1,1,0,1,1,28,0,10,1,51,81,1,2,1,0,71.2,20.0,30,5.4,-1,3.0,0,11.55,57.90361445783134,2
15,77,1,1,2,1,1,19,2,2,0,90,74,0,2,1,0,76.8,16.0,-16,4.933333333333334,1,1.2,2,11.55,57.06024096385543,2
15,77,1,1,2,1,1,28,0,10,1,51,81,1,2,1,0,71.2,20.0,30,5.4,1,3.0,2,11.55,57.90361445783134,2
15,77,1,1,1,1,1,19,2,2,0,90,74,0,2,1,0,76.8,16.0,-16,4.933333333333334,0,1.2,1,11.55,57.06024096385543,2
15,77,1,1,1,1,1,28,0,10,1,51,81,1,2,1,0,71.2,20.0,30,5.4,0,3.0,1,11.55,57.90361445783134,2
15,77,2,1,1,1,1,19,2,2,0,90,74,0,2,1,0,76.8,16.0,-16,4.933333333333334,1,1.2,2,11.55,57.06024096385543,2
15,77,2,1,1,1,1,28,0,10,1,51,81,1,2,1,0,71.2,20.0,30,5.4,1,3.0,2,11.55,57.90361445783134,2
15,93,1,0,1,1,1,19,2,13,0,62,90,1,1,0,0,62.0,21.5,28,6.0,1,3.3,1,13.950000000000001,56.02409638554217,2
15,93,1,0,1,1,1,22,3,10,1,50,56,1,1,2,0,67.2,20.0,6,3.7333333333333334,1,3.0,1,13.950000000000001,37.78313253012048,2
15,93,1,1,0,1,1,19,2,13,0,62,90,1,1,0,0,72.0,21.5,28,6.0,0,3.3,0,13.950000000000001,65.06024096385542,2
15,93,1,1,0,1,1,22,3,10,1,50,56,1,1,2,0,77.2,20.0,6,3.7333333333333334,0,3.0,0,13.950000000000001,43.405622489959846,2
15,67,1,1,2,1,1,18,1,6,1,61,100,1,2,0,0,71.2,18.0,39,6.666666666666667,1,2.6,2,10.05,71.48594377510041,2
15,67,1,1,2,1,1,20,1,17,0,77,85,1,1,0,0,67.6,23.5,8,5.666666666666667,2,3.7,2,10.05,57.69076305220884,2
15,67,1,0,1,1,1,18,1,6,1,61,100,1,2,0,0,61.2,18.0,39,6.666666666666667,0,2.6,1,10.05,61.44578313253013,2
15,67,1,0,1,1,1,20,1,17,0,77,85,1,1,0,0,57.6,23.5,8,5.666666666666667,1,3.7,1,10.05,49.156626506024104,2
15,67,1,1,0,1,1,18,1,6,1,61,100,1,2,0,0,71.2,18.0,39,6.666666666666667,-1,2.6,0,10.05,71.48594377510041,2
15,67,1,1,0,1,1,20,1,17,0,77,85,1,1,0,0,67.6,23.5,8,5.666666666666667,0,3.7,0,10.05,57.69076305220884,2
15,67,1,1,1,1,1,18,1,6,1,61,100,1,2,0,0,71.2,18.0,39,6.666666666666667,0,2.6,1,10.05,71.48594377510041,2
15,67,1,1,1,1,1,20,1,17,0,77,85,1,1,0,0,67.6,23.5,8,5.666666666666667,1,3.7,1,10.05,57.69076305220884,2
15,67,2,1,0,1,1,18,1,6,1,61,100,1,2,0,0,71.2,18.0,39,6.666666666666667,0,2.6,0,10.05,71.48594377510041,2
15,67,2,1,0,1,1,20,1,17,0,77,85,1,1,0,0,67.6,23.5,8,5.666666666666667,1,3.7,0,10.05,57.69076305220884,2
15,67,2,1,2,1,1,18,1,6,1,61,100,1,2,0,0,71.2,18.0,39,6.666666666666667,2,2.6,4,10.05,71.48594377510041,2
15,67,2,1,2,1,1,20,1,17,0,77,85,1,1,0,0,67.6,23.5,8,5.666666666666667,3,3.7,4,10.05,57.69076305220884,2
15,67,0,1,1,1,1,18,1,6,1,61,100,1,2,0,0,71.2,18.0,39,6.666666666666667,-1,2.6,0,10.05,71.48594377510041,2
15,67,0,1,1,1,1,20,1,17,0,77,85,1,1,0,0,67.6,23.5,8,5.666666666666667,0,3.7,0,10.05,57.69076305220884,2
15,96,1,0,1,1,1,18,0,9,0,98,73,0,2,1,0,77.60000000000001,19.5,-25,4.866666666666666,0,1.9,1,14.399999999999999,56.875502008032136,2
15,96,2,1,2,1,1,18,0,9,0,98,73,0,2,1,0,87.60000000000001,19.5,-25,4.866666666666666,2,1.9,4,14.399999999999999,64.20481927710844,2
15,96,1,1,1,1,1,18,0,9,0,98,73,0,2,1,0,87.60000000000001,19.5,-25,4.866666666666666,0,1.9,1,14.399999999999999,64.20481927710844,2
15,96,0,0,2,1,1,18,0,9,0,98,73,0,2,1,0,77.60000000000001,19.5,-25,4.866666666666666,0,1.9,0,14.399999999999999,56.875502008032136,2
15,96,2,0,1,1,1,18,0,9,0,98,73,0,2,1,0,77.60000000000001,19.5,-25,4.866666666666666,1,1.9,2,14.399999999999999,56.875502008032136,2
20,97,1,1,0,1,1,18,2,3,1,74,91,0,2,0,0,88.4,21.5,17,4.55,-1,1.3,0,19.4,80.76706827309238,2
20,97,1,1,2,1,1,18,2,3,1,74,91,0,2,0,0,88.4,21.5,17,4.55,1,1.3,2,19.4,80.76706827309238,2
20,97,2,1,1,1,1,18,2,3,1,74,91,0,2,0,0,88.4,21.5,17,4.55,1,1.3,2,19.4,80.76706827309238,2
20,97,0,1,0,1,1,18,2,3,1,74,91,0,2,0,0,88.4,21.5,17,4.55,-2,1.3,0,19.4,80.76706827309238,2
18,78,2,1,1,1,0,29,3,8,1,50,67,0,2,2,0,71.2,22.0,17,3.7222222222222223,1,1.8,2,14.040000000000001,47.89558232931728,2
15,76,2,0,1,1,1,24,2,20,1,58,88,0,0,0,0,63.60000000000001,25.0,30,5.866666666666666,3,3.0,2,11.4,56.192771084337366,2
14,71,1,1,0,1,1,19,1,2,0,89,63,0,0,2,0,74.0,15.0,-26,4.5,1,1.2,0,9.94,46.807228915662655,2
14,71,1,1,0,1,1,19,0,18,1,60,42,0,0,3,0,72.4,23.0,-18,3.0,1,2.8,0,9.94,30.530120481927714,2
14,71,1,1,0,1,1,26,3,20,1,75,90,1,2,0,0,78.4,24.0,15,6.428571428571429,-1,4.0,0,9.94,70.84337349397592,2
19,94,1,1,1,1,1,23,2,3,1,83,90,1,2,0,0,90.80000000000001,20.5,7,4.7368421052631575,0,2.3,1,17.86,82.04819277108435,2
19,94,1,0,1,1,1,23,2,3,1,83,90,1,2,0,0,80.80000000000001,20.5,7,4.7368421052631575,0,2.3,1,17.86,73.0120481927711,2
19,94,0,1,2,1,1,23,2,3,1,83,90,1,2,0,0,90.80000000000001,20.5,7,4.7368421052631575,0,2.3,0,17.86,82.04819277108435,2
19,94,2,1,1,1,1,23,2,3,1,83,90,1,2,0,0,90.80000000000001,20.5,7,4.7368421052631575,1,2.3,2,17.86,82.04819277108435,2
19,94,2,0,1,1,1,23,2,3,1,83,90,1,2,0,0,80.80000000000001,20.5,7,4.7368421052631575,1,2.3,2,17.86,73.0120481927711,2
20,67,1,1,1,1,1,24,0,9,0,83,100,0,2,0,0,70.0,24.5,17,5.0,0,1.9,1,13.4,70.28112449799198,2
20,67,0,0,1,1,1,24,0,9,0,83,100,0,2,0,0,60.0,24.5,17,5.0,-1,1.9,0,13.4,60.24096385542169,2
20,67,0,1,1,1,1,24,0,9,0,83,100,0,2,0,0,70.0,24.5,17,5.0,-1,1.9,0,13.4,70.28112449799198,2
20,67,2,0,2,1,1,24,0,9,0,83,100,0,2,0,0,60.0,24.5,17,5.0,2,1.9,4,13.4,60.24096385542169,2
15,74,2,1,0,1,0,29,1,0,1,88,65,1,1,2,0,84.80000000000001,15.0,-23,4.333333333333333,1,2.0,0,11.1,55.3413654618474,2
15,74,0,0,0,1,0,29,1,0,1,88,65,1,1,2,0,74.80000000000001,15.0,-23,4.333333333333333,-1,2.0,0,11.1,48.815261044176715,2
11,62,2,1,1,1,1,23,3,20,0,72,53,1,2,3,0,63.6,21.0,-19,4.818181818181818,1,4.0,2,6.82,33.8433734939759,2
11,62,2,1,1,1,1,20,1,15,0,69,85,1,1,0,0,62.400000000000006,18.5,16,7.7272727272727275,2,3.5,2,6.82,53.25301204819278,2
11,62,2,1,1,1,1,22,0,10,0,82,41,1,2,3,0,67.60000000000001,16.0,-41,3.727272727272727,1,3.0,2,6.82,27.827309236947794,2
11,62,2,1,1,1,1,24,2,19,1,69,80,1,1,1,0,72.4,20.5,11,7.2727272727272725,2,3.9000000000000004,2,6.82,58.152610441767074,2
11,62,2,1,1,1,1,24,2,20,1,79,71,1,2,1,0,76.4,21.0,-8,6.454545454545454,1,4.0,2,6.82,54.46184738955824,2
11,62,2,1,1,1,1,23,2,5,0,76,99,1,2,0,0,65.2,13.5,23,9.0,1,2.5,2,6.82,64.80722891566265,2
11,62,1,1,2,1,1,23,3,20,0,72,53,1,2,3,0,63.6,21.0,-19,4.818181818181818,1,4.0,2,6.82,33.8433734939759,2
11,62,1,1,2,1,1,20,1,15,0,69,85,1,1,0,0,62.400000000000006,18.5,16,7.7272727272727275,2,3.5,2,6.82,53.25301204819278,2
11,62,1,1,2,1,1,22,0,10,0,82,41,1,2,3,0,67.60000000000001,16.0,-41,3.727272727272727,1,3.0,2,6.82,27.827309236947794,2
11,62,1,1,2,1,1,24,2,19,1,69,80,1,1,1,0,72.4,20.5,11,7.2727272727272725,2,3.9000000000000004,2,6.82,58.152610441767074,2
11,62,1,1,2,1,1,24,2,20,1,79,71,1,2,1,0,76.4,21.0,-8,6.454545454545454,1,4.0,2,6.82,54.46184738955824,2
11,62,1,1,2,1,1,23,2,5,0,76,99,1,2,0,0,65.2,13.5,23,9.0,1,2.5,2,6.82,64.80722891566265,2
17,71,1,1,1,1,1,23,0,10,1,68,55,0,0,2,0,75.60000000000001,22.0,-13,3.235294117647059,2,2.0,1,12.07,41.746987951807235,2
17,71,1,1,0,1,1,23,0,10,1,68,55,0,0,2,0,75.60000000000001,22.0,-13,3.235294117647059,1,2.0,0,12.07,41.746987951807235,2
17,71,0,1,0,1,1,23,0,10,1,68,55,0,0,2,0,75.60000000000001,22.0,-13,3.235294117647059,0,2.0,0,12.07,41.746987951807235,2
13,69,0,1,0,1,0,23,1,16,1,56,65,0,1,2,0,70.0,21.0,9,5.0,-1,2.6,0,8.969999999999999,45.682730923694784,2
13,69,0,1,0,1,0,18,0,7,0,74,72,0,2,1,0,67.2,16.5,-2,5.538461538461538,-2,1.7000000000000002,0,8.969999999999999,48.578313253012055,2
13,69,0,1,0,1,0,23,3,12,1,96,61,1,1,2,0,86.0,19.0,-35,4.6923076923076925,-1,3.2,0,8.969999999999999,52.6706827309237,2
13,69,0,1,0,1,0,28,0,12,1,58,50,0,2,3,0,70.80000000000001,19.0,-8,3.8461538461538463,-2,2.2,0,8.969999999999999,35.54216867469881,2
13,69,1,1,0,1,0,23,1,16,1,56,65,0,1,2,0,70.0,21.0,9,5.0,0,2.6,0,8.969999999999999,45.682730923694784,2
13,69,1,1,0,1,0,18,0,7,0,74,72,0,2,1,0,67.2,16.5,-2,5.538461538461538,-1,1.7000000000000002,0,8.969999999999999,48.578313253012055,2
13,69,1,1,0,1,0,23,3,12,1,96,61,1,1,2,0,86.0,19.0,-35,4.6923076923076925,0,3.2,0,8.969999999999999,52.6706827309237,2
13,69,1,1,0,1,0,28,0,12,1,58,50,0,2,3,0,70.80000000000001,19.0,-8,3.8461538461538463,-1,2.2,0,8.969999999999999,35.54216867469881,2
13,87,0,1,1,1,0,28,3,11,0,88,61,1,0,2,0,80.0,18.5,-27,4.6923076923076925,1,3.1,0,11.31,48.99598393574297,2
13,87,1,0,0,1,0,28,3,11,0,88,61,1,0,2,0,70.0,18.5,-27,4.6923076923076925,1,3.1,0,11.31,42.871485943775106,2
13,87,0,1,2,1,0,28,3,11,0,88,61,1,0,2,0,80.0,18.5,-27,4.6923076923076925,2,3.1,0,11.31,48.99598393574297,2
12,90,2,0,0,1,1,24,1,7,0,88,94,0,2,0,0,71.2,15.5,6,7.833333333333333,0,1.7000000000000002,0,10.8,67.19678714859438,2
12,90,2,0,0,1,1,18,1,0,0,62,70,0,2,1,0,60.8,12.0,8,5.833333333333333,0,1.0,0,10.8,42.73092369477912,2
12,90,2,0,0,1,1,20,0,5,1,67,73,1,1,1,0,72.8,14.5,6,6.083333333333333,1,2.5,0,10.8,53.3574297188755,2
12,90,2,1,1,1,1,24,1,7,0,88,94,0,2,0,0,81.2,15.5,6,7.833333333333333,1,1.7000000000000002,2,10.8,76.63453815261045,2
12,90,2,1,1,1,1,18,1,0,0,62,70,0,2,1,0,70.8,12.0,8,5.833333333333333,1,1.0,2,10.8,49.75903614457831,2
12,90,2,1,1,1,1,20,0,5,1,67,73,1,1,1,0,82.8,14.5,6,6.083333333333333,2,2.5,2,10.8,60.68674698795181,2
12,90,0,1,0,1,1,24,1,7,0,88,94,0,2,0,0,81.2,15.5,6,7.833333333333333,-2,1.7000000000000002,0,10.8,76.63453815261045,2
12,90,0,1,0,1,1,18,1,0,0,62,70,0,2,1,0,70.8,12.0,8,5.833333333333333,-2,1.0,0,10.8,49.75903614457831,2
12,90,0,1,0,1,1,20,0,5,1,67,73,1,1,1,0,82.8,14.5,6,6.083333333333333,-1,2.5,0,10.8,60.68674698795181,2
12,90,0,1,1,1,1,24,1,7,0,88,94,0,2,0,0,81.2,15.5,6,7.833333333333333,-1,1.7000000000000002,0,10.8,76.63453815261045,2
12,90,0,1,1,1,1,18,1,0,0,62,70,0,2,1,0,70.8,12.0,8,5.833333333333333,-1,1.0,0,10.8,49.75903614457831,2
12,90,0,1,1,1,1,20,0,5,1,67,73,1,1,1,0,82.8,14.5,6,6.083333333333333,0,2.5,0,10.8,60.68674698795181,2
14,82,1,0,1,1,1,27,2,4,1,70,78,1,2,1,0,70.80000000000001,16.0,8,5.571428571428571,0,2.4,1,11.479999999999999,55.44578313253013,2
14,82,1,0,1,1,1,20,0,3,0,63,48,1,1,3,0,58.00000000000001,15.5,-15,3.4285714285714284,1,2.3,1,11.479999999999999,27.95180722891567,2
14,82,1,0,0,1,1,27,2,4,1,70,78,1,2,1,0,70.80000000000001,16.0,8,5.571428571428571,-1,2.4,0,11.479999999999999,55.44578313253013,2
14,82,1,0,0,1,1,20,0,3,0,63,48,1,1,3,0,58.00000000000001,15.5,-15,3.4285714285714284,0,2.3,0,11.479999999999999,27.95180722891567,2
14,82,1,1,1,1,1,27,2,4,1,70,78,1,2,1,0,80.80000000000001,16.0,8,5.571428571428571,0,2.4,1,11.479999999999999,63.27710843373496,2
14,82,1,1,1,1,1,20,0,3,0,63,48,1,1,3,0,68.0,15.5,-15,3.4285714285714284,1,2.3,1,11.479999999999999,32.7710843373494,2
14,82,0,1,2,1,1,27,2,4,1,70,78,1,2,1,0,80.80000000000001,16.0,8,5.571428571428571,0,2.4,0,11.479999999999999,63.27710843373496,2
14,82,0,1,2,1,1,20,0,3,0,63,48,1,1,3,0,68.0,15.5,-15,3.4285714285714284,1,2.3,0,11.479999999999999,32.7710843373494,2
14,82,2,0,0,1,1,27,2,4,1,70,78,1,2,1,0,70.80000000000001,16.0,8,5.571428571428571,0,2.4,0,11.479999999999999,55.44578313253013,2
14,82,2,0,0,1,1,20,0,3,0,63,48,1,1,3,0,58.00000000000001,15.5,-15,3.4285714285714284,1,2.3,0,11.479999999999999,27.95180722891567,2
18,78,1,1,0,1,1,24,2,15,1,76,83,0,2,1,0,81.60000000000001,25.5,7,4.611111111111111,-1,2.5,0,14.040000000000001,68.0,2
18,78,2,1,0,1,1,24,2,15,1,76,83,0,2,1,0,81.60000000000001,25.5,7,4.611111111111111,0,2.5,0,14.040000000000001,68.0,2
18,78,2,1,2,1,1,24,2,15,1,76,83,0,2,1,0,81.60000000000001,25.5,7,4.611111111111111,2,2.5,4,14.040000000000001,68.0,2
18,78,1,0,1,1,1,24,2,15,1,76,83,0,2,1,0,71.60000000000001,25.5,7,4.611111111111111,0,2.5,1,14.040000000000001,59.66666666666668,2
18,78,2,0,2,1,1,24,2,15,1,76,83,0,2,1,0,71.60000000000001,25.5,7,4.611111111111111,2,2.5,4,14.040000000000001,59.66666666666668,2
18,78,0,1,2,1,1,24,2,15,1,76,83,0,2,1,0,81.60000000000001,25.5,7,4.611111111111111,0,2.5,0,14.040000000000001,68.0,2
15,87,2,1,1,1,1,29,0,6,0,59,59,1,1,2,0,68.4,18.0,0,3.933333333333333,2,2.6,2,13.05,40.518072289156635,2
15,87,2,1,1,1,1,18,2,10,0,95,87,1,2,0,0,82.80000000000001,20.0,-8,5.8,1,3.0,2,13.05,72.32530120481928,2
15,87,2,1,1,1,1,24,2,11,1,52,97,1,2,0,0,75.60000000000001,20.5,45,6.466666666666667,1,3.1,2,13.05,73.6265060240964,2
15,87,1,0,1,1,1,29,0,6,0,59,59,1,1,2,0,58.400000000000006,18.0,0,3.933333333333333,1,2.6,1,13.05,34.59437751004017,2
15,87,1,0,1,1,1,18,2,10,0,95,87,1,2,0,0,72.80000000000001,20.0,-8,5.8,0,3.0,1,13.05,63.59036144578315,2
15,87,1,0,1,1,1,24,2,11,1,52,97,1,2,0,0,65.60000000000001,20.5,45,6.466666666666667,0,3.1,1,13.05,63.88755020080322,2
15,87,0,1,2,1,1,29,0,6,0,59,59,1,1,2,0,68.4,18.0,0,3.933333333333333,1,2.6,0,13.05,40.518072289156635,2
15,87,0,1,2,1,1,18,2,10,0,95,87,1,2,0,0,82.80000000000001,20.0,-8,5.8,0,3.0,0,13.05,72.32530120481928,2
15,87,0,1,2,1,1,24,2,11,1,52,97,1,2,0,0,75.60000000000001,20.5,45,6.466666666666667,0,3.1,0,13.05,73.6265060240964,2
15,87,1,1,1,1,1,29,0,6,0,59,59,1,1,2,0,68.4,18.0,0,3.933333333333333,1,2.6,1,13.05,40.518072289156635,2
15,87,1,1,1,1,1,18,2,10,0,95,87,1,2,0,0,82.80000000000001,20.0,-8,5.8,0,3.0,1,13.05,72.32530120481928,2
15,87,1,1,1,1,1,24,2,11,1,52,97,1,2,0,0,75.60000000000001,20.5,45,6.466666666666667,0,3.1,1,13.05,73.6265060240964,2
19,70,0,0,2,1,1,26,3,8,1,56,77,1,2,1,0,60.400000000000006,23.0,21,4.052631578947368,0,2.8,0,13.299999999999999,46.694779116465874,2
19,70,0,0,2,1,1,23,0,6,0,53,91,1,0,0,0,49.2,22.0,38,4.7894736842105265,2,2.6,0,13.299999999999999,44.95180722891567,2
19,70,0,1,0,1,1,26,3,8,1,56,77,1,2,1,0,70.4,23.0,21,4.052631578947368,-2,2.8,0,13.299999999999999,54.42570281124499,2
19,70,0,1,0,1,1,23,0,6,0,53,91,1,0,0,0,59.2,22.0,38,4.7894736842105265,0,2.6,0,13.299999999999999,54.08835341365462,2
19,70,1,1,0,1,1,26,3,8,1,56,77,1,2,1,0,70.4,23.0,21,4.052631578947368,-1,2.8,0,13.299999999999999,54.42570281124499,2
19,70,1,1,0,1,1,23,0,6,0,53,91,1,0,0,0,59.2,22.0,38,4.7894736842105265,1,2.6,0,13.299999999999999,54.08835341365462,2
19,70,0,0,1,1,1,26,3,8,1,56,77,1,2,1,0,60.400000000000006,23.0,21,4.052631578947368,-1,2.8,0,13.299999999999999,46.694779116465874,2
19,70,0,0,1,1,1,23,0,6,0,53,91,1,0,0,0,49.2,22.0,38,4.7894736842105265,1,2.6,0,13.299999999999999,44.95180722891567,2
19,70,1,0,1,1,1,26,3,8,1,56,77,1,2,1,0,60.400000000000006,23.0,21,4.052631578947368,0,2.8,1,13.299999999999999,46.694779116465874,2
19,70,1,0,1,1,1,23,0,6,0,53,91,1,0,0,0,49.2,22.0,38,4.7894736842105265,2,2.6,1,13.299999999999999,44.95180722891567,2
19,70,2,1,1,1,1,26,3,8,1,56,77,1,2,1,0,70.4,23.0,21,4.052631578947368,1,2.8,2,13.299999999999999,54.42570281124499,2
19,70,2,1,1,1,1,23,0,6,0,53,91,1,0,0,0,59.2,22.0,38,4.7894736842105265,3,2.6,2,13.299999999999999,54.08835341365462,2
10,64,2,0,2,1,0,19,3,17,0,61,65,0,2,2,0,50.0,18.5,4,6.5,2,2.7,4,6.4,32.630522088353416,2
10,64,2,0,2,1,0,19,1,9,1,62,68,1,0,2,0,60.400000000000006,14.5,6,6.8,4,2.9,4,6.4,41.23694779116467,2
10,64,2,0,2,1,0,23,2,13,1,67,59,0,1,2,0,62.400000000000006,16.5,-8,5.9,3,2.3,4,6.4,36.96385542168675,2
10,64,2,0,2,1,0,23,0,1,1,62,40,0,2,3,0,60.400000000000006,10.5,-22,4.0,2,1.1,4,6.4,24.257028112449802,2
10,64,0,0,0,1,0,19,3,17,0,61,65,0,2,2,0,50.0,18.5,4,6.5,-2,2.7,0,6.4,32.630522088353416,2
10,64,0,0,0,1,0,19,1,9,1,62,68,1,0,2,0,60.400000000000006,14.5,6,6.8,0,2.9,0,6.4,41.23694779116467,2
10,64,0,0,0,1,0,23,2,13,1,67,59,0,1,2,0,62.400000000000006,16.5,-8,5.9,-1,2.3,0,6.4,36.96385542168675,2
10,64,0,0,0,1,0,23,0,1,1,62,40,0,2,3,0,60.400000000000006,10.5,-22,4.0,-2,1.1,0,6.4,24.257028112449802,2
17,69,1,1,1,1,0,29,1,2,0,78,97,1,2,0,0,68.80000000000001,18.0,19,5.705882352941177,0,2.2,1,11.729999999999999,67.00401606425704,2
17,69,1,0,1,1,0,29,1,2,0,78,97,1,2,0,0,58.800000000000004,18.0,19,5.705882352941177,0,2.2,1,11.729999999999999,57.26506024096387,2
14,64,1,1,1,1,1,21,2,12,0,53,58,1,2,2,0,56.800000000000004,20.0,5,4.142857142857143,0,3.2,1,8.96,33.07630522088354,2
14,64,2,0,0,1,1,21,2,12,0,53,58,1,2,2,0,46.800000000000004,20.0,5,4.142857142857143,0,3.2,0,8.96,27.253012048192776,2
16,61,1,0,0,1,1,25,3,7,1,77,68,1,1,2,0,65.2,19.5,-9,4.25,0,2.7,0,9.76,44.5140562248996,2
16,61,1,0,0,1,1,25,1,15,0,84,53,1,2,3,0,58.0,23.5,-31,3.3125,-1,3.5,0,9.76,30.863453815261046,2
16,61,1,0,0,1,1,25,0,18,0,91,78,0,0,1,0,60.8,25.0,-13,4.875,1,2.8,0,9.76,47.6144578313253,2
16,61,0,0,2,1,1,25,3,7,1,77,68,1,1,2,0,65.2,19.5,-9,4.25,1,2.7,0,9.76,44.5140562248996,2
16,61,0,0,2,1,1,25,1,15,0,84,53,1,2,3,0,58.0,23.5,-31,3.3125,0,3.5,0,9.76,30.863453815261046,2
16,61,0,0,2,1,1,25,0,18,0,91,78,0,0,1,0,60.8,25.0,-13,4.875,2,2.8,0,9.76,47.6144578313253,2
16,61,0,1,1,1,1,25,3,7,1,77,68,1,1,2,0,75.2,19.5,-9,4.25,0,2.7,0,9.76,51.341365461847396,2
16,61,0,1,1,1,1,25,1,15,0,84,53,1,2,3,0,68.0,23.5,-31,3.3125,-1,3.5,0,9.76,36.1847389558233,2
16,61,0,1,1,1,1,25,0,18,0,91,78,0,0,1,0,70.8,25.0,-13,4.875,1,2.8,0,9.76,55.44578313253012,2
16,61,2,0,1,1,1,25,3,7,1,77,68,1,1,2,0,65.2,19.5,-9,4.25,2,2.7,2,9.76,44.5140562248996,2
16,61,2,0,1,1,1,25,1,15,0,84,53,1,2,3,0,58.0,23.5,-31,3.3125,1,3.5,2,9.76,30.863453815261046,2
16,61,2,0,1,1,1,25,0,18,0,91,78,0,0,1,0,60.8,25.0,-13,4.875,3,2.8,2,9.76,47.6144578313253,2
16,61,2,1,1,1,1,25,3,7,1,77,68,1,1,2,0,75.2,19.5,-9,4.25,2,2.7,2,9.76,51.341365461847396,2
16,61,2,1,1,1,1,25,1,15,0,84,53,1,2,3,0,68.0,23.5,-31,3.3125,1,3.5,2,9.76,36.1847389558233,2
16,61,2,1,1,1,1,25,0,18,0,91,78,0,0,1,0,70.8,25.0,-13,4.875,3,2.8,2,9.76,55.44578313253012,2
16,61,2,0,2,1,1,25,3,7,1,77,68,1,1,2,0,65.2,19.5,-9,4.25,3,2.7,4,9.76,44.5140562248996,2
16,61,2,0,2,1,1,25,1,15,0,84,53,1,2,3,0,58.0,23.5,-31,3.3125,2,3.5,4,9.76,30.863453815261046,2
16,61,2,0,2,1,1,25,0,18,0,91,78,0,0,1,0,60.8,25.0,-13,4.875,4,2.8,4,9.76,47.6144578313253,2
16,61,1,1,0,1,1,25,3,7,1,77,68,1,1,2,0,75.2,19.5,-9,4.25,0,2.7,0,9.76,51.341365461847396,2
16,61,1,1,0,1,1,25,1,15,0,84,53,1,2,3,0,68.0,23.5,-31,3.3125,-1,3.5,0,9.76,36.1847389558233,2
16,61,1,1,0,1,1,25,0,18,0,91,78,0,0,1,0,70.8,25.0,-13,4.875,1,2.8,0,9.76,55.44578313253012,2
16,61,2,1,2,1,1,25,3,7,1,77,68,1,1,2,0,75.2,19.5,-9,4.25,3,2.7,4,9.76,51.341365461847396,2
16,61,2,1,2,1,1,25,1,15,0,84,53,1,2,3,0,68.0,23.5,-31,3.3125,2,3.5,4,9.76,36.1847389558233,2
16,61,2,1,2,1,1,25,0,18,0,91,78,0,0,1,0,70.8,25.0,-13,4.875,4,2.8,4,9.76,55.44578313253012,2
16,100,0,1,2,1,1,18,3,15,0,80,76,1,2,1,0,82.0,23.5,-4,4.75,0,3.5,0,16.0,62.570281124497996,2
16,100,0,1,2,1,1,20,2,15,0,78,77,0,0,1,0,81.2,23.5,-1,4.8125,2,2.5,0,16.0,62.77510040160643,2
16,100,2,1,1,1,1,18,3,15,0,80,76,1,2,1,0,82.0,23.5,-4,4.75,1,3.5,2,16.0,62.570281124497996,2
16,100,2,1,1,1,1,20,2,15,0,78,77,0,0,1,0,81.2,23.5,-1,4.8125,3,2.5,2,16.0,62.77510040160643,2
16,100,2,1,2,1,1,18,3,15,0,80,76,1,2,1,0,82.0,23.5,-4,4.75,2,3.5,4,16.0,62.570281124497996,2
16,100,2,1,2,1,1,20,2,15,0,78,77,0,0,1,0,81.2,23.5,-1,4.8125,4,2.5,4,16.0,62.77510040160643,2
21,67,1,0,0,1,0,19,3,6,0,72,100,0,2,0,0,55.6,24.0,28,4.761904761904762,-1,1.6,0,14.07,55.82329317269077,2
21,67,2,0,1,1,0,19,3,6,0,72,100,0,2,0,0,55.6,24.0,28,4.761904761904762,1,1.6,2,14.07,55.82329317269077,2
21,67,1,1,1,1,0,19,3,6,0,72,100,0,2,0,0,65.6,24.0,28,4.761904761904762,0,1.6,1,14.07,65.86345381526104,2
21,67,0,0,1,1,0,19,3,6,0,72,100,0,2,0,0,55.6,24.0,28,4.761904761904762,-1,1.6,0,14.07,55.82329317269077,2
21,67,2,1,2,1,0,19,3,6,0,72,100,0,2,0,0,65.6,24.0,28,4.761904761904762,2,1.6,4,14.07,65.86345381526104,2
21,67,2,0,0,1,0,19,3,6,0,72,100,0,2,0,0,55.6,24.0,28,4.761904761904762,0,1.6,0,14.07,55.82329317269077,2
16,94,2,1,1,1,1,21,2,19,0,81,92,1,0,0,0,80.0,25.5,11,5.75,3,3.9000000000000004,2,15.04,73.89558232931726,2
16,94,2,1,1,1,1,28,0,14,0,91,92,0,2,0,0,84.0,23.0,1,5.75,1,2.4000000000000004,2,15.04,77.59036144578313,2
16,94,2,1,1,1,1,25,2,20,1,51,97,1,0,0,0,78.0,26.0,46,6.0625,3,4.0,2,15.04,75.96385542168676,2
16,94,2,1,2,1,1,21,2,19,0,81,92,1,0,0,0,80.0,25.5,11,5.75,4,3.9000000000000004,4,15.04,73.89558232931726,2
16,94,2,1,2,1,1,28,0,14,0,91,92,0,2,0,0,84.0,23.0,1,5.75,2,2.4000000000000004,4,15.04,77.59036144578313,2
16,94,2,1,2,1,1,25,2,20,1,51,97,1,0,0,0,78.0,26.0,46,6.0625,4,4.0,4,15.04,75.96385542168676,2
16,94,1,1,1,1,1,21,2,19,0,81,92,1,0,0,0,80.0,25.5,11,5.75,2,3.9000000000000004,1,15.04,73.89558232931726,2
16,94,1,1,1,1,1,28,0,14,0,91,92,0,2,0,0,84.0,23.0,1,5.75,0,2.4000000000000004,1,15.04,77.59036144578313,2
16,94,1,1,1,1,1,25,2,20,1,51,97,1,0,0,0,78.0,26.0,46,6.0625,2,4.0,1,15.04,75.96385542168676,2
8,71,0,0,1,1,1,24,2,13,0,80,52,1,1,3,0,60.400000000000006,14.5,-28,6.5,0,3.3,0,5.68,31.534136546184744,2
8,71,0,0,1,1,1,23,3,1,1,86,58,0,2,2,0,72.8,8.5,-28,7.25,-1,1.1,0,5.68,42.393574297188756,2
8,71,0,0,1,1,1,28,2,10,1,83,89,1,2,0,0,71.60000000000001,13.0,6,11.125,-1,3.0,0,5.68,63.97991967871487,2
8,71,0,0,1,1,1,26,0,2,1,54,45,1,1,3,0,60.0,9.0,-9,5.625,0,2.2,0,5.68,27.108433734939762,2
8,71,0,0,1,1,1,24,2,8,1,63,80,1,2,1,0,63.60000000000001,12.0,17,10.0,-1,2.8,0,5.68,51.0843373493976,2
8,71,1,0,2,1,1,24,2,13,0,80,52,1,1,3,0,60.400000000000006,14.5,-28,6.5,2,3.3,2,5.68,31.534136546184744,2
8,71,1,0,2,1,1,23,3,1,1,86,58,0,2,2,0,72.8,8.5,-28,7.25,1,1.1,2,5.68,42.393574297188756,2
8,71,1,0,2,1,1,28,2,10,1,83,89,1,2,0,0,71.60000000000001,13.0,6,11.125,1,3.0,2,5.68,63.97991967871487,2
8,71,1,0,2,1,1,26,0,2,1,54,45,1,1,3,0,60.0,9.0,-9,5.625,2,2.2,2,5.68,27.108433734939762,2
8,71,1,0,2,1,1,24,2,8,1,63,80,1,2,1,0,63.60000000000001,12.0,17,10.0,1,2.8,2,5.68,51.0843373493976,2
16,71,1,1,1,1,1,28,0,16,0,62,60,1,2,2,0,63.2,24.0,-2,3.75,0,3.6,1,11.36,38.07228915662651,2
16,71,1,1,1,1,1,20,2,1,1,77,59,0,0,2,0,79.2,16.5,-18,3.6875,2,1.1,1,11.36,46.915662650602414,2
16,71,1,1,1,1,1,22,1,7,0,64,73,1,2,1,0,64.0,19.5,9,4.5625,0,2.7,1,11.36,46.907630522088354,2
16,71,1,1,1,1,1,28,2,7,1,99,75,1,2,1,0,88.0,19.5,-24,4.6875,0,2.7,1,11.36,66.26506024096385,2
16,71,2,1,0,1,1,28,0,16,0,62,60,1,2,2,0,63.2,24.0,-2,3.75,0,3.6,0,11.36,38.07228915662651,2
16,71,2,1,0,1,1,20,2,1,1,77,59,0,0,2,0,79.2,16.5,-18,3.6875,2,1.1,0,11.36,46.915662650602414,2
16,71,2,1,0,1,1,22,1,7,0,64,73,1,2,1,0,64.0,19.5,9,4.5625,0,2.7,0,11.36,46.907630522088354,2
16,71,2,1,0,1,1,28,2,7,1,99,75,1,2,1,0,88.0,19.5,-24,4.6875,0,2.7,0,11.36,66.26506024096385,2
16,71,0,1,2,1,1,28,0,16,0,62,60,1,2,2,0,63.2,24.0,-2,3.75,0,3.6,0,11.36,38.07228915662651,2
16,71,0,1,2,1,1,20,2,1,1,77,59,0,0,2,0,79.2,16.5,-18,3.6875,2,1.1,0,11.36,46.915662650602414,2
16,71,0,1,2,1,1,22,1,7,0,64,73,1,2,1,0,64.0,19.5,9,4.5625,0,2.7,0,11.36,46.907630522088354,2
16,71,0,1,2,1,1,28,2,7,1,99,75,1,2,1,0,88.0,19.5,-24,4.6875,0,2.7,0,11.36,66.26506024096385,2
16,71,0,1,0,1,1,28,0,16,0,62,60,1,2,2,0,63.2,24.0,-2,3.75,-2,3.6,0,11.36,38.07228915662651,2
16,71,0,1,0,1,1,20,2,1,1,77,59,0,0,2,0,79.2,16.5,-18,3.6875,0,1.1,0,11.36,46.915662650602414,2
16,71,0,1,0,1,1,22,1,7,0,64,73,1,2,1,0,64.0,19.5,9,4.5625,-2,2.7,0,11.36,46.907630522088354,2
16,71,0,1,0,1,1,28,2,7,1,99,75,1,2,1,0,88.0,19.5,-24,4.6875,-2,2.7,0,11.36,66.26506024096385,2
16,78,2,0,1,1,1,28,2,0,0,75,58,0,1,2,0,61.2,16.0,-17,3.625,2,1.0,2,12.48,35.638554216867476,2
16,78,2,0,1,1,1,23,2,0,1,94,63,0,1,2,0,78.80000000000001,16.0,-31,3.9375,2,1.0,2,12.48,49.84337349397592,2
16,78,1,1,1,1,1,28,2,0,0,75,58,0,1,2,0,71.2,16.0,-17,3.625,1,1.0,1,12.48,41.46184738955824,2
16,78,1,1,1,1,1,23,2,0,1,94,63,0,1,2,0,88.80000000000001,16.0,-31,3.9375,1,1.0,1,12.48,56.16867469879519,2
16,78,0,0,1,1,1,28,2,0,0,75,58,0,1,2,0,61.2,16.0,-17,3.625,0,1.0,0,12.48,35.638554216867476,2
16,78,0,0,1,1,1,23,2,0,1,94,63,0,1,2,0,78.80000000000001,16.0,-31,3.9375,0,1.0,0,12.48,49.84337349397592,2
16,78,0,1,2,1,1,28,2,0,0,75,58,0,1,2,0,71.2,16.0,-17,3.625,1,1.0,0,12.48,41.46184738955824,2
16,78,0,1,2,1,1,23,2,0,1,94,63,0,1,2,0,88.80000000000001,16.0,-31,3.9375,1,1.0,0,12.48,56.16867469879519,2
12,93,1,1,0,1,1,21,2,4,1,76,44,1,1,3,0,87.60000000000001,14.0,-32,3.6666666666666665,0,2.4,0,11.16,38.6987951807229,2
12,93,2,1,0,1,1,21,2,4,1,76,44,1,1,3,0,87.60000000000001,14.0,-32,3.6666666666666665,1,2.4,0,11.16,38.6987951807229,2
11,81,1,1,2,1,1,22,2,0,1,82,74,1,1,1,0,85.2,11.0,-8,6.7272727272727275,2,2.0,2,8.91,63.30120481927712,2
11,81,1,1,2,1,1,26,0,13,1,76,75,1,2,1,0,82.8,17.5,-1,6.818181818181818,1,3.3,2,8.91,62.34939759036145,2
11,81,2,1,1,1,1,22,2,0,1,82,74,1,1,1,0,85.2,11.0,-8,6.7272727272727275,2,2.0,2,8.91,63.30120481927712,2
11,81,2,1,1,1,1,26,0,13,1,76,75,1,2,1,0,82.8,17.5,-1,6.818181818181818,1,3.3,2,8.91,62.34939759036145,2
16,64,0,1,1,1,0,21,0,14,1,86,67,1,2,2,0,80.0,23.0,-19,4.1875,-1,3.4000000000000004,0,10.24,53.81526104417671,2
16,64,0,1,1,1,0,29,2,19,1,61,48,0,0,3,0,70.0,25.5,-13,3.0,1,2.9000000000000004,0,10.24,33.73493975903615,2
16,64,0,1,1,1,0,18,2,0,0,71,55,0,1,2,0,64.0,16.0,-16,3.4375,0,1.0,0,10.24,35.34136546184739,2
16,64,0,1,1,1,0,24,1,3,1,60,66,1,1,2,0,69.6,17.5,6,4.125,0,2.3,0,10.24,46.12048192771085,2
16,64,1,1,0,1,0,21,0,14,1,86,67,1,2,2,0,80.0,23.0,-19,4.1875,-1,3.4000000000000004,0,10.24,53.81526104417671,2
16,64,1,1,0,1,0,29,2,19,1,61,48,0,0,3,0,70.0,25.5,-13,3.0,1,2.9000000000000004,0,10.24,33.73493975903615,2
16,64,1,1,0,1,0,18,2,0,0,71,55,0,1,2,0,64.0,16.0,-16,3.4375,0,1.0,0,10.24,35.34136546184739,2
16,64,1,1,0,1,0,24,1,3,1,60,66,1,1,2,0,69.6,17.5,6,4.125,0,2.3,0,10.24,46.12048192771085,2
16,64,1,1,1,1,0,21,0,14,1,86,67,1,2,2,0,80.0,23.0,-19,4.1875,0,3.4000000000000004,1,10.24,53.81526104417671,2
16,64,1,1,1,1,0,29,2,19,1,61,48,0,0,3,0,70.0,25.5,-13,3.0,2,2.9000000000000004,1,10.24,33.73493975903615,2
16,64,1,1,1,1,0,18,2,0,0,71,55,0,1,2,0,64.0,16.0,-16,3.4375,1,1.0,1,10.24,35.34136546184739,2
16,64,1,1,1,1,0,24,1,3,1,60,66,1,1,2,0,69.6,17.5,6,4.125,1,2.3,1,10.24,46.12048192771085,2
14,68,1,0,1,1,1,22,3,0,0,68,92,0,0,0,0,54.400000000000006,14.0,24,6.571428571428571,2,1.0,1,9.520000000000001,50.24899598393576,2
14,68,1,1,1,1,1,22,3,0,0,68,92,0,0,0,0,64.4,14.0,24,6.571428571428571,2,1.0,1,9.520000000000001,59.48594377510041,2
14,68,2,0,1,1,1,22,3,0,0,68,92,0,0,0,0,54.400000000000006,14.0,24,6.571428571428571,3,1.0,2,9.520000000000001,50.24899598393576,2
14,68,0,1,2,1,1,22,3,0,0,68,92,0,0,0,0,64.4,14.0,24,6.571428571428571,2,1.0,0,9.520000000000001,59.48594377510041,2
14,68,2,0,0,1,1,22,3,0,0,68,92,0,0,0,0,54.400000000000006,14.0,24,6.571428571428571,2,1.0,0,9.520000000000001,50.24899598393576,2
14,68,2,0,2,1,1,22,3,0,0,68,92,0,0,0,0,54.400000000000006,14.0,24,6.571428571428571,4,1.0,4,9.520000000000001,50.24899598393576,2
14,83,0,1,1,1,0,19,2,8,1,95,58,1,2,2,0,91.2,18.0,-37,4.142857142857143,-1,2.8,0,11.62,53.108433734939766,2
14,83,0,1,1,1,0,22,0,5,1,54,68,1,1,2,0,74.80000000000001,16.5,14,4.857142857142857,0,2.5,0,11.62,51.06827309236949,2
14,83,0,1,1,1,0,24,3,19,0,57,94,1,1,0,0,66.0,23.5,37,6.714285714285714,0,3.9000000000000004,0,11.62,62.28915662650603,2
14,83,0,1,1,1,0,23,1,2,1,73,56,1,2,2,0,82.4,15.0,-17,4.0,-1,2.2,0,11.62,46.32931726907631,2
14,83,1,1,1,1,0,19,2,8,1,95,58,1,2,2,0,91.2,18.0,-37,4.142857142857143,0,2.8,1,11.62,53.108433734939766,2
14,83,1,1,1,1,0,22,0,5,1,54,68,1,1,2,0,74.80000000000001,16.5,14,4.857142857142857,1,2.5,1,11.62,51.06827309236949,2
14,83,1,1,1,1,0,24,3,19,0,57,94,1,1,0,0,66.0,23.5,37,6.714285714285714,1,3.9000000000000004,1,11.62,62.28915662650603,2
14,83,1,1,1,1,0,23,1,2,1,73,56,1,2,2,0,82.4,15.0,-17,4.0,0,2.2,1,11.62,46.32931726907631,2
14,83,1,1,0,1,0,19,2,8,1,95,58,1,2,2,0,91.2,18.0,-37,4.142857142857143,-1,2.8,0,11.62,53.108433734939766,2
14,83,1,1,0,1,0,22,0,5,1,54,68,1,1,2,0,74.80000000000001,16.5,14,4.857142857142857,0,2.5,0,11.62,51.06827309236949,2
14,83,1,1,0,1,0,24,3,19,0,57,94,1,1,0,0,66.0,23.5,37,6.714285714285714,0,3.9000000000000004,0,11.62,62.28915662650603,2
14,83,1,1,0,1,0,23,1,2,1,73,56,1,2,2,0,82.4,15.0,-17,4.0,-1,2.2,0,11.62,46.32931726907631,2
14,83,1,0,1,1,0,19,2,8,1,95,58,1,2,2,0,81.2,18.0,-37,4.142857142857143,0,2.8,1,11.62,47.285140562249,2
14,83,1,0,1,1,0,22,0,5,1,54,68,1,1,2,0,64.80000000000001,16.5,14,4.857142857142857,1,2.5,1,11.62,44.2409638554217,2
14,83,1,0,1,1,0,24,3,19,0,57,94,1,1,0,0,56.0,23.5,37,6.714285714285714,1,3.9000000000000004,1,11.62,52.851405622489956,2
14,83,1,0,1,1,0,23,1,2,1,73,56,1,2,2,0,72.4,15.0,-17,4.0,0,2.2,1,11.62,40.70682730923695,2
11,68,1,0,1,1,0,21,2,15,0,73,48,1,2,3,0,56.400000000000006,18.5,-25,4.363636363636363,0,3.5,1,7.48,27.18072289156627,2
11,68,1,0,1,1,0,21,2,4,0,76,41,1,1,3,0,57.60000000000001,13.0,-35,3.727272727272727,1,2.4,1,7.48,23.71084337349398,2
11,68,1,0,0,1,0,21,2,15,0,73,48,1,2,3,0,56.400000000000006,18.5,-25,4.363636363636363,-1,3.5,0,7.48,27.18072289156627,2
11,68,1,0,0,1,0,21,2,4,0,76,41,1,1,3,0,57.60000000000001,13.0,-35,3.727272727272727,0,2.4,0,7.48,23.71084337349398,2
11,68,2,1,1,1,0,21,2,15,0,73,48,1,2,3,0,66.4,18.5,-25,4.363636363636363,1,3.5,2,7.48,32.0,2
11,68,2,1,1,1,0,21,2,4,0,76,41,1,1,3,0,67.60000000000001,13.0,-35,3.727272727272727,2,2.4,2,7.48,27.827309236947794,2
11,68,2,1,0,1,0,21,2,15,0,73,48,1,2,3,0,66.4,18.5,-25,4.363636363636363,0,3.5,0,7.48,32.0,2
11,68,2,1,0,1,0,21,2,4,0,76,41,1,1,3,0,67.60000000000001,13.0,-35,3.727272727272727,1,2.4,0,7.48,27.827309236947794,2
17,66,2,0,1,1,1,23,0,6,1,83,52,1,1,3,0,69.60000000000001,20.0,-31,3.0588235294117645,2,2.6,2,11.22,36.337349397590366,2
17,66,2,0,0,1,1,23,0,6,1,83,52,1,1,3,0,69.60000000000001,20.0,-31,3.0588235294117645,1,2.6,0,11.22,36.337349397590366,2
17,66,1,1,1,1,1,23,0,6,1,83,52,1,1,3,0,79.60000000000001,20.0,-31,3.0588235294117645,1,2.6,1,11.22,41.55823293172692,2
11,76,1,1,1,1,1,27,0,14,1,89,65,0,2,2,0,86.0,18.0,-24,5.909090909090909,0,2.4000000000000004,1,8.36,56.12449799196788,2
11,76,1,1,1,1,1,25,2,19,1,99,84,1,2,1,0,90.0,20.5,-15,7.636363636363637,0,3.9000000000000004,1,8.36,75.90361445783132,2
11,76,1,1,1,1,1,25,1,3,1,89,94,1,1,0,0,86.0,12.5,5,8.545454545454545,1,2.3,1,8.36,81.16465863453816,2
14,82,2,1,0,1,0,25,1,11,0,92,79,0,1,1,0,79.60000000000001,19.5,-13,5.642857142857143,1,2.1,0,11.479999999999999,63.13654618473897,2
14,82,2,1,0,1,0,27,1,12,1,85,79,1,0,1,0,86.80000000000001,20.0,-6,5.642857142857143,2,3.2,0,11.479999999999999,68.84738955823295,2
14,82,2,1,0,1,0,28,1,16,1,77,69,1,2,2,0,83.60000000000001,22.0,-8,4.928571428571429,0,3.6,0,11.479999999999999,57.915662650602414,2
14,82,1,1,2,1,0,25,1,11,0,92,79,0,1,1,0,79.60000000000001,19.5,-13,5.642857142857143,2,2.1,2,11.479999999999999,63.13654618473897,2
14,82,1,1,2,1,0,27,1,12,1,85,79,1,0,1,0,86.80000000000001,20.0,-6,5.642857142857143,3,3.2,2,11.479999999999999,68.84738955823295,2
14,82,1,1,2,1,0,28,1,16,1,77,69,1,2,2,0,83.60000000000001,22.0,-8,4.928571428571429,1,3.6,2,11.479999999999999,57.915662650602414,2
14,82,1,1,1,1,0,25,1,11,0,92,79,0,1,1,0,79.60000000000001,19.5,-13,5.642857142857143,1,2.1,1,11.479999999999999,63.13654618473897,2
14,82,1,1,1,1,0,27,1,12,1,85,79,1,0,1,0,86.80000000000001,20.0,-6,5.642857142857143,2,3.2,1,11.479999999999999,68.84738955823295,2
14,82,1,1,1,1,0,28,1,16,1,77,69,1,2,2,0,83.60000000000001,22.0,-8,4.928571428571429,0,3.6,1,11.479999999999999,57.915662650602414,2
20,70,2,1,1,1,1,29,0,5,1,51,99,1,2,0,0,68.4,22.5,48,4.95,1,2.5,2,14.0,67.98795180722892,2
20,70,1,0,0,1,1,29,0,5,1,51,99,1,2,0,0,58.400000000000006,22.5,48,4.95,-1,2.5,0,14.0,58.048192771084345,2
20,70,1,1,0,1,1,29,0,5,1,51,99,1,2,0,0,68.4,22.5,48,4.95,-1,2.5,0,14.0,67.98795180722892,2
20,70,0,0,1,1,1,29,0,5,1,51,99,1,2,0,0,58.400000000000006,22.5,48,4.95,-1,2.5,0,14.0,58.048192771084345,2
20,70,1,1,1,1,1,29,0,5,1,51,99,1,2,0,0,68.4,22.5,48,4.95,0,2.5,1,14.0,67.98795180722892,2
16,67,1,0,1,1,0,29,3,0,1,82,98,0,1,0,0,69.60000000000001,16.0,16,6.125,1,1.0,1,10.72,68.4819277108434,2
16,67,2,1,1,1,0,29,3,0,1,82,98,0,1,0,0,79.60000000000001,16.0,16,6.125,2,1.0,2,10.72,78.32128514056227,2
16,67,2,1,2,1,0,29,3,0,1,82,98,0,1,0,0,79.60000000000001,16.0,16,6.125,3,1.0,4,10.72,78.32128514056227,2
16,67,1,1,0,1,0,29,3,0,1,82,98,0,1,0,0,79.60000000000001,16.0,16,6.125,0,1.0,0,10.72,78.32128514056227,2
17,86,0,1,2,1,0,20,2,13,1,53,75,1,1,1,0,75.6,23.5,22,4.411764705882353,1,3.3,0,14.62,56.9277108433735,2
17,86,1,0,0,1,0,20,2,13,1,53,75,1,1,1,0,65.6,23.5,22,4.411764705882353,0,3.3,0,14.62,49.39759036144578,2
17,86,1,0,2,1,0,20,2,13,1,53,75,1,1,1,0,65.6,23.5,22,4.411764705882353,2,3.3,2,14.62,49.39759036144578,2
16,84,2,1,1,1,0,21,0,19,1,58,69,1,1,2,0,76.80000000000001,25.5,11,4.3125,2,3.9000000000000004,2,13.44,53.20481927710844,2
16,84,2,1,1,1,0,18,3,15,1,98,93,1,2,0,0,92.80000000000001,23.5,-5,5.8125,1,3.5,2,13.44,86.65060240963857,2
16,84,2,1,1,1,0,23,3,7,0,87,58,1,2,2,0,78.4,19.5,-29,3.625,1,2.7,2,13.44,45.65461847389559,2
16,84,2,1,1,1,0,27,2,16,1,72,62,0,1,2,0,82.4,24.0,-10,3.875,2,2.6,2,13.44,51.29317269076306,2
16,84,2,1,1,1,0,20,1,6,1,70,100,0,1,0,0,81.6,19.0,30,6.25,2,1.6,2,13.44,81.92771084337349,2
16,84,1,0,2,1,0,21,0,19,1,58,69,1,1,2,0,66.80000000000001,25.5,11,4.3125,2,3.9000000000000004,2,13.44,46.277108433734945,2
16,84,1,0,2,1,0,18,3,15,1,98,93,1,2,0,0,82.80000000000001,23.5,-5,5.8125,1,3.5,2,13.44,77.31325301204821,2
16,84,1,0,2,1,0,23,3,7,0,87,58,1,2,2,0,68.4,19.5,-29,3.625,1,2.7,2,13.44,39.83132530120483,2
16,84,1,0,2,1,0,27,2,16,1,72,62,0,1,2,0,72.4,24.0,-10,3.875,2,2.6,2,13.44,45.06827309236948,2
16,84,1,0,2,1,0,20,1,6,1,70,100,0,1,0,0,71.6,19.0,30,6.25,2,1.6,2,13.44,71.8875502008032,2
16,84,2,1,0,1,0,21,0,19,1,58,69,1,1,2,0,76.80000000000001,25.5,11,4.3125,1,3.9000000000000004,0,13.44,53.20481927710844,2
16,84,2,1,0,1,0,18,3,15,1,98,93,1,2,0,0,92.80000000000001,23.5,-5,5.8125,0,3.5,0,13.44,86.65060240963857,2
16,84,2,1,0,1,0,23,3,7,0,87,58,1,2,2,0,78.4,19.5,-29,3.625,0,2.7,0,13.44,45.65461847389559,2
16,84,2,1,0,1,0,27,2,16,1,72,62,0,1,2,0,82.4,24.0,-10,3.875,1,2.6,0,13.44,51.29317269076306,2
16,84,2,1,0,1,0,20,1,6,1,70,100,0,1,0,0,81.6,19.0,30,6.25,1,1.6,0,13.44,81.92771084337349,2
19,83,1,1,1,1,0,22,1,9,0,98,99,1,2,0,0,82.4,23.5,1,5.2105263157894735,0,2.9,1,15.77,81.90361445783134,2
19,83,2,1,1,1,0,22,1,9,0,98,99,1,2,0,0,82.4,23.5,1,5.2105263157894735,1,2.9,2,15.77,81.90361445783134,2
19,83,0,0,0,1,0,22,1,9,0,98,99,1,2,0,0,72.4,23.5,1,5.2105263157894735,-2,2.9,0,15.77,71.96385542168674,2
19,83,1,0,0,1,0,22,1,9,0,98,99,1,2,0,0,72.4,23.5,1,5.2105263157894735,-1,2.9,0,15.77,71.96385542168674,2
19,83,2,0,1,1,0,22,1,9,0,98,99,1,2,0,0,72.4,23.5,1,5.2105263157894735,1,2.9,2,15.77,71.96385542168674,2
18,80,1,0,0,1,1,20,3,8,0,63,91,0,2,0,0,57.2,22.0,28,5.055555555555555,-1,1.8,0,14.4,52.26104417670683,2
18,80,0,1,2,1,1,20,3,8,0,63,91,0,2,0,0,67.2,22.0,28,5.055555555555555,0,1.8,0,14.4,61.397590361445786,2
14,96,0,1,2,1,0,26,3,17,0,65,65,1,2,2,0,74.4,22.5,0,4.642857142857143,0,3.7,0,13.44,48.55421686746988,2
14,96,0,1,2,1,0,18,0,6,0,51,93,0,0,0,0,68.80000000000001,17.0,42,6.642857142857143,2,1.6,0,13.44,64.2409638554217,2
14,96,2,1,0,1,0,26,3,17,0,65,65,1,2,2,0,74.4,22.5,0,4.642857142857143,0,3.7,0,13.44,48.55421686746988,2
14,96,2,1,0,1,0,18,0,6,0,51,93,0,0,0,0,68.80000000000001,17.0,42,6.642857142857143,2,1.6,0,13.44,64.2409638554217,2
14,96,2,0,1,1,0,26,3,17,0,65,65,1,2,2,0,64.4,22.5,0,4.642857142857143,1,3.7,2,13.44,42.0281124497992,2
14,96,2,0,1,1,0,18,0,6,0,51,93,0,0,0,0,58.80000000000001,17.0,42,6.642857142857143,3,1.6,2,13.44,54.90361445783134,2
13,94,1,1,0,1,1,22,3,18,0,82,98,1,2,0,0,80.4,22.0,16,7.538461538461538,-1,3.8,0,12.219999999999999,79.10843373493978,2
13,94,1,1,0,1,1,25,3,7,0,99,55,0,1,2,0,87.2,16.5,-44,4.230769230769231,0,1.7000000000000002,0,12.219999999999999,48.152610441767074,2
13,94,2,1,2,1,1,22,3,18,0,82,98,1,2,0,0,80.4,22.0,16,7.538461538461538,2,3.8,4,12.219999999999999,79.10843373493978,2
13,94,2,1,2,1,1,25,3,7,0,99,55,0,1,2,0,87.2,16.5,-44,4.230769230769231,3,1.7000000000000002,4,12.219999999999999,48.152610441767074,2
13,94,2,1,1,1,1,22,3,18,0,82,98,1,2,0,0,80.4,22.0,16,7.538461538461538,1,3.8,2,12.219999999999999,79.10843373493978,2
13,94,2,1,1,1,1,25,3,7,0,99,55,0,1,2,0,87.2,16.5,-44,4.230769230769231,2,1.7000000000000002,2,12.219999999999999,48.152610441767074,2
13,94,1,1,2,1,1,22,3,18,0,82,98,1,2,0,0,80.4,22.0,16,7.538461538461538,1,3.8,2,12.219999999999999,79.10843373493978,2
13,94,1,1,2,1,1,25,3,7,0,99,55,0,1,2,0,87.2,16.5,-44,4.230769230769231,2,1.7000000000000002,2,12.219999999999999,48.152610441767074,2
15,90,1,1,1,1,0,20,0,13,1,85,95,1,0,0,0,90.0,21.5,10,6.333333333333333,2,3.3,1,13.5,85.8433734939759,2
15,90,2,1,2,1,0,20,0,13,1,85,95,1,0,0,0,90.0,21.5,10,6.333333333333333,4,3.3,4,13.5,85.8433734939759,2
16,76,0,0,2,1,1,19,3,2,1,76,65,1,0,2,0,70.80000000000001,17.0,-11,4.0625,2,2.2,0,12.16,46.20481927710845,2
16,76,0,0,2,1,1,23,2,2,1,70,83,1,2,1,0,68.4,17.0,13,5.1875,0,2.2,0,12.16,57.00000000000001,2
16,76,0,0,2,1,1,23,0,3,1,95,63,0,2,2,0,78.4,17.5,-32,3.9375,0,1.3,0,12.16,49.59036144578314,2
16,76,0,0,2,1,1,19,3,19,1,96,81,1,2,1,0,78.80000000000001,25.5,-15,5.0625,0,3.9000000000000004,0,12.16,64.0843373493976,2
16,76,1,0,2,1,1,19,3,2,1,76,65,1,0,2,0,70.80000000000001,17.0,-11,4.0625,3,2.2,2,12.16,46.20481927710845,2
16,76,1,0,2,1,1,23,2,2,1,70,83,1,2,1,0,68.4,17.0,13,5.1875,1,2.2,2,12.16,57.00000000000001,2
16,76,1,0,2,1,1,23,0,3,1,95,63,0,2,2,0,78.4,17.5,-32,3.9375,1,1.3,2,12.16,49.59036144578314,2
16,76,1,0,2,1,1,19,3,19,1,96,81,1,2,1,0,78.80000000000001,25.5,-15,5.0625,1,3.9000000000000004,2,12.16,64.0843373493976,2
16,76,1,0,1,1,1,19,3,2,1,76,65,1,0,2,0,70.80000000000001,17.0,-11,4.0625,2,2.2,1,12.16,46.20481927710845,2
16,76,1,0,1,1,1,23,2,2,1,70,83,1,2,1,0,68.4,17.0,13,5.1875,0,2.2,1,12.16,57.00000000000001,2
16,76,1,0,1,1,1,23,0,3,1,95,63,0,2,2,0,78.4,17.5,-32,3.9375,0,1.3,1,12.16,49.59036144578314,2
16,76,1,0,1,1,1,19,3,19,1,96,81,1,2,1,0,78.80000000000001,25.5,-15,5.0625,0,3.9000000000000004,1,12.16,64.0843373493976,2
15,76,1,1,0,1,0,19,0,3,1,90,55,0,2,2,0,86.4,16.5,-35,3.6666666666666665,-1,1.3,0,11.4,47.71084337349399,2
15,76,1,1,0,1,0,25,1,11,1,55,79,1,2,1,0,72.4,20.5,24,5.266666666666667,-1,3.1,0,11.4,57.42570281124498,2
15,76,2,1,1,1,0,19,0,3,1,90,55,0,2,2,0,86.4,16.5,-35,3.6666666666666665,1,1.3,2,11.4,47.71084337349399,2
15,76,2,1,1,1,0,25,1,11,1,55,79,1,2,1,0,72.4,20.5,24,5.266666666666667,1,3.1,2,11.4,57.42570281124498,2
18,69,2,0,0,1,1,20,2,4,0,59,74,0,2,1,0,51.2,20.0,15,4.111111111111111,0,1.4,0,12.419999999999998,38.040160642570285,2
18,69,2,0,0,1,1,21,3,14,0,99,92,1,2,0,0,67.2,25.0,-7,5.111111111111111,0,3.4000000000000004,0,12.419999999999998,62.07228915662651,2
18,69,2,0,0,1,1,28,2,5,1,80,94,1,0,0,0,69.6,20.5,14,5.222222222222222,2,2.5,0,12.419999999999998,65.6867469879518,2
18,69,2,0,0,1,1,27,0,1,0,53,78,1,0,1,0,48.800000000000004,18.5,25,4.333333333333333,2,2.1,0,12.419999999999998,38.216867469879524,2
18,69,2,0,0,1,1,20,2,5,0,66,85,0,0,0,0,54.0,20.5,19,4.722222222222222,2,1.5,0,12.419999999999998,46.0843373493976,2
18,69,1,1,1,1,1,20,2,4,0,59,74,0,2,1,0,61.2,20.0,15,4.111111111111111,0,1.4,1,12.419999999999998,45.4698795180723,2
18,69,1,1,1,1,1,21,3,14,0,99,92,1,2,0,0,77.2,25.0,-7,5.111111111111111,0,3.4000000000000004,1,12.419999999999998,71.30923694779118,2
18,69,1,1,1,1,1,28,2,5,1,80,94,1,0,0,0,79.6,20.5,14,5.222222222222222,2,2.5,1,12.419999999999998,75.12449799196787,2
18,69,1,1,1,1,1,27,0,1,0,53,78,1,0,1,0,58.800000000000004,18.5,25,4.333333333333333,2,2.1,1,12.419999999999998,46.048192771084345,2
18,69,1,1,1,1,1,20,2,5,0,66,85,0,0,0,0,64.0,20.5,19,4.722222222222222,2,1.5,1,12.419999999999998,54.618473895582326,2
18,69,2,1,2,1,1,20,2,4,0,59,74,0,2,1,0,61.2,20.0,15,4.111111111111111,2,1.4,4,12.419999999999998,45.4698795180723,2
18,69,2,1,2,1,1,21,3,14,0,99,92,1,2,0,0,77.2,25.0,-7,5.111111111111111,2,3.4000000000000004,4,12.419999999999998,71.30923694779118,2
18,69,2,1,2,1,1,28,2,5,1,80,94,1,0,0,0,79.6,20.5,14,5.222222222222222,4,2.5,4,12.419999999999998,75.12449799196787,2
18,69,2,1,2,1,1,27,0,1,0,53,78,1,0,1,0,58.800000000000004,18.5,25,4.333333333333333,4,2.1,4,12.419999999999998,46.048192771084345,2
18,69,2,1,2,1,1,20,2,5,0,66,85,0,0,0,0,64.0,20.5,19,4.722222222222222,4,1.5,4,12.419999999999998,54.618473895582326,2
18,69,2,1,0,1,1,20,2,4,0,59,74,0,2,1,0,61.2,20.0,15,4.111111111111111,0,1.4,0,12.419999999999998,45.4698795180723,2
18,69,2,1,0,1,1,21,3,14,0,99,92,1,2,0,0,77.2,25.0,-7,5.111111111111111,0,3.4000000000000004,0,12.419999999999998,71.30923694779118,2
18,69,2,1,0,1,1,28,2,5,1,80,94,1,0,0,0,79.6,20.5,14,5.222222222222222,2,2.5,0,12.419999999999998,75.12449799196787,2
18,69,2,1,0,1,1,27,0,1,0,53,78,1,0,1,0,58.800000000000004,18.5,25,4.333333333333333,2,2.1,0,12.419999999999998,46.048192771084345,2
18,69,2,1,0,1,1,20,2,5,0,66,85,0,0,0,0,64.0,20.5,19,4.722222222222222,2,1.5,0,12.419999999999998,54.618473895582326,2
18,69,0,1,0,1,1,20,2,4,0,59,74,0,2,1,0,61.2,20.0,15,4.111111111111111,-2,1.4,0,12.419999999999998,45.4698795180723,2
18,69,0,1,0,1,1,21,3,14,0,99,92,1,2,0,0,77.2,25.0,-7,5.111111111111111,-2,3.4000000000000004,0,12.419999999999998,71.30923694779118,2
18,69,0,1,0,1,1,28,2,5,1,80,94,1,0,0,0,79.6,20.5,14,5.222222222222222,0,2.5,0,12.419999999999998,75.12449799196787,2
18,69,0,1,0,1,1,27,0,1,0,53,78,1,0,1,0,58.800000000000004,18.5,25,4.333333333333333,0,2.1,0,12.419999999999998,46.048192771084345,2
18,69,0,1,0,1,1,20,2,5,0,66,85,0,0,0,0,64.0,20.5,19,4.722222222222222,0,1.5,0,12.419999999999998,54.618473895582326,2
18,69,0,0,1,1,1,20,2,4,0,59,74,0,2,1,0,51.2,20.0,15,4.111111111111111,-1,1.4,0,12.419999999999998,38.040160642570285,2
18,69,0,0,1,1,1,21,3,14,0,99,92,1,2,0,0,67.2,25.0,-7,5.111111111111111,-1,3.4000000000000004,0,12.419999999999998,62.07228915662651,2
18,69,0,0,1,1,1,28,2,5,1,80,94,1,0,0,0,69.6,20.5,14,5.222222222222222,1,2.5,0,12.419999999999998,65.6867469879518,2
18,69,0,0,1,1,1,27,0,1,0,53,78,1,0,1,0,48.800000000000004,18.5,25,4.333333333333333,1,2.1,0,12.419999999999998,38.216867469879524,2
18,69,0,0,1,1,1,20,2,5,0,66,85,0,0,0,0,54.0,20.5,19,4.722222222222222,1,1.5,0,12.419999999999998,46.0843373493976,2
12,63,2,1,0,1,0,26,3,17,1,51,73,1,2,1,0,65.60000000000001,20.5,22,6.083333333333333,0,3.7,0,7.5600000000000005,48.08032128514057,2
12,63,1,0,0,1,0,26,3,17,1,51,73,1,2,1,0,55.60000000000001,20.5,22,6.083333333333333,-1,3.7,0,7.5600000000000005,40.75100401606427,2
19,84,1,1,2,1,1,28,1,6,0,71,99,1,2,0,0,72.0,22.0,28,5.2105263157894735,1,2.6,2,15.959999999999999,71.56626506024097,2
19,84,0,1,1,1,1,28,1,6,0,71,99,1,2,0,0,72.0,22.0,28,5.2105263157894735,-1,2.6,0,15.959999999999999,71.56626506024097,2
19,84,1,0,0,1,1,28,1,6,0,71,99,1,2,0,0,62.0,22.0,28,5.2105263157894735,-1,2.6,0,15.959999999999999,61.62650602409639,2
19,84,2,1,0,1,1,28,1,6,0,71,99,1,2,0,0,72.0,22.0,28,5.2105263157894735,0,2.6,0,15.959999999999999,71.56626506024097,2
19,84,1,1,1,1,1,28,1,6,0,71,99,1,2,0,0,72.0,22.0,28,5.2105263157894735,0,2.6,1,15.959999999999999,71.56626506024097,2
19,84,1,0,2,1,1,28,1,6,0,71,99,1,2,0,0,62.0,22.0,28,5.2105263157894735,1,2.6,2,15.959999999999999,61.62650602409639,2
19,62,1,0,0,1,1,18,1,20,0,95,98,1,2,0,1,62.8,29.0,3,5.157894736842105,-1,4.0,0,11.78,61.791164658634536,2
19,62,0,0,2,1,1,18,1,20,0,95,98,1,2,0,1,62.8,29.0,3,5.157894736842105,0,4.0,0,11.78,61.791164658634536,2
19,62,2,1,1,1,1,18,1,20,0,95,98,1,2,0,1,72.8,29.0,3,5.157894736842105,1,4.0,2,11.78,71.63052208835342,2
19,62,1,1,2,1,1,18,1,20,0,95,98,1,2,0,1,72.8,29.0,3,5.157894736842105,1,4.0,2,11.78,71.63052208835342,2
19,62,1,1,0,1,1,18,1,20,0,95,98,1,2,0,1,72.8,29.0,3,5.157894736842105,-1,4.0,0,11.78,71.63052208835342,2
20,66,1,0,2,1,0,25,3,9,1,85,98,0,2,0,0,70.4,24.5,13,4.9,1,1.9,2,13.200000000000001,69.26907630522089,2
20,66,2,0,1,1,0,25,3,9,1,85,98,0,2,0,0,70.4,24.5,13,4.9,1,1.9,2,13.200000000000001,69.26907630522089,2
20,66,1,1,0,1,0,25,3,9,1,85,98,0,2,0,0,80.4,24.5,13,4.9,-1,1.9,0,13.200000000000001,79.10843373493978,2
20,66,2,1,2,1,0,25,3,9,1,85,98,0,2,0,0,80.4,24.5,13,4.9,2,1.9,4,13.200000000000001,79.10843373493978,2
20,66,0,0,0,1,0,25,3,9,1,85,98,0,2,0,0,70.4,24.5,13,4.9,-2,1.9,0,13.200000000000001,69.26907630522089,2
20,66,0,1,1,1,0,25,3,9,1,85,98,0,2,0,0,80.4,24.5,13,4.9,-1,1.9,0,13.200000000000001,79.10843373493978,2
18,64,1,1,2,1,1,26,2,14,1,52,94,0,1,0,0,66.4,25.0,42,5.222222222222222,2,2.4000000000000004,2,11.52,62.66666666666667,2
18,64,1,1,2,1,1,26,3,16,1,65,72,1,2,1,0,71.6,26.0,7,4.0,1,3.6,2,11.52,51.75903614457831,2
18,64,1,1,2,1,1,25,1,0,1,57,99,1,1,0,0,68.4,18.0,42,5.5,2,2.0,2,11.52,67.98795180722892,2
18,64,0,1,0,1,1,26,2,14,1,52,94,0,1,0,0,66.4,25.0,42,5.222222222222222,-1,2.4000000000000004,0,11.52,62.66666666666667,2
18,64,0,1,0,1,1,26,3,16,1,65,72,1,2,1,0,71.6,26.0,7,4.0,-2,3.6,0,11.52,51.75903614457831,2
18,64,0,1,0,1,1,25,1,0,1,57,99,1,1,0,0,68.4,18.0,42,5.5,-1,2.0,0,11.52,67.98795180722892,2
18,64,2,0,1,1,1,26,2,14,1,52,94,0,1,0,0,56.400000000000006,25.0,42,5.222222222222222,2,2.4000000000000004,2,11.52,53.22891566265061,2
18,64,2,0,1,1,1,26,3,16,1,65,72,1,2,1,0,61.6,26.0,7,4.0,1,3.6,2,11.52,44.53012048192771,2
18,64,2,0,1,1,1,25,1,0,1,57,99,1,1,0,0,58.400000000000006,18.0,42,5.5,2,2.0,2,11.52,58.048192771084345,2
18,64,1,1,1,1,1,26,2,14,1,52,94,0,1,0,0,66.4,25.0,42,5.222222222222222,1,2.4000000000000004,1,11.52,62.66666666666667,2
18,64,1,1,1,1,1,26,3,16,1,65,72,1,2,1,0,71.6,26.0,7,4.0,0,3.6,1,11.52,51.75903614457831,2
18,64,1,1,1,1,1,25,1,0,1,57,99,1,1,0,0,68.4,18.0,42,5.5,1,2.0,1,11.52,67.98795180722892,2
18,64,1,0,1,1,1,26,2,14,1,52,94,0,1,0,0,56.400000000000006,25.0,42,5.222222222222222,1,2.4000000000000004,1,11.52,53.22891566265061,2
18,64,1,0,1,1,1,26,3,16,1,65,72,1,2,1,0,61.6,26.0,7,4.0,0,3.6,1,11.52,44.53012048192771,2
18,64,1,0,1,1,1,25,1,0,1,57,99,1,1,0,0,58.400000000000006,18.0,42,5.5,1,2.0,1,11.52,58.048192771084345,2
18,64,2,1,0,1,1,26,2,14,1,52,94,0,1,0,0,66.4,25.0,42,5.222222222222222,1,2.4000000000000004,0,11.52,62.66666666666667,2
18,64,2,1,0,1,1,26,3,16,1,65,72,1,2,1,0,71.6,26.0,7,4.0,0,3.6,0,11.52,51.75903614457831,2
18,64,2,1,0,1,1,25,1,0,1,57,99,1,1,0,0,68.4,18.0,42,5.5,1,2.0,0,11.52,67.98795180722892,2
15,64,1,1,2,1,0,22,0,18,1,97,61,1,1,2,1,84.4,24.0,-36,4.066666666666666,2,3.8,2,9.6,51.690763052208844,2
15,64,1,1,2,1,0,26,2,6,1,79,55,1,1,2,0,77.2,18.0,-24,3.6666666666666665,2,2.6,2,9.6,42.630522088353416,2
15,64,2,1,2,1,0,22,0,18,1,97,61,1,1,2,1,84.4,24.0,-36,4.066666666666666,3,3.8,4,9.6,51.690763052208844,2
15,64,2,1,2,1,0,26,2,6,1,79,55,1,1,2,0,77.2,18.0,-24,3.6666666666666665,3,2.6,4,9.6,42.630522088353416,2
15,64,1,0,0,1,0,22,0,18,1,97,61,1,1,2,1,74.4,24.0,-36,4.066666666666666,0,3.8,0,9.6,45.566265060240966,2
15,64,1,0,0,1,0,26,2,6,1,79,55,1,1,2,0,67.2,18.0,-24,3.6666666666666665,0,2.6,0,9.6,37.108433734939766,2
15,64,1,0,1,1,0,22,0,18,1,97,61,1,1,2,1,74.4,24.0,-36,4.066666666666666,1,3.8,1,9.6,45.566265060240966,2
15,64,1,0,1,1,0,26,2,6,1,79,55,1,1,2,0,67.2,18.0,-24,3.6666666666666665,1,2.6,1,9.6,37.108433734939766,2
15,92,0,1,0,1,0,19,2,5,0,92,100,1,2,0,0,83.60000000000001,17.5,8,6.666666666666667,-2,2.5,0,13.8,83.93574297188756,2
15,92,0,1,0,1,0,27,3,11,0,70,93,1,1,0,0,74.80000000000001,20.5,23,6.2,-1,3.1,0,13.8,69.84337349397592,2
15,92,0,1,0,1,0,26,2,18,1,68,86,1,0,0,0,84.0,24.0,18,5.733333333333333,0,3.8,0,13.8,72.53012048192771,2
15,92,2,1,1,1,0,19,2,5,0,92,100,1,2,0,0,83.60000000000001,17.5,8,6.666666666666667,1,2.5,2,13.8,83.93574297188756,2
15,92,2,1,1,1,0,27,3,11,0,70,93,1,1,0,0,74.80000000000001,20.5,23,6.2,2,3.1,2,13.8,69.84337349397592,2
15,92,2,1,1,1,0,26,2,18,1,68,86,1,0,0,0,84.0,24.0,18,5.733333333333333,3,3.8,2,13.8,72.53012048192771,2
15,92,1,1,1,1,0,19,2,5,0,92,100,1,2,0,0,83.60000000000001,17.5,8,6.666666666666667,0,2.5,1,13.8,83.93574297188756,2
15,92,1,1,1,1,0,27,3,11,0,70,93,1,1,0,0,74.80000000000001,20.5,23,6.2,1,3.1,1,13.8,69.84337349397592,2
15,92,1,1,1,1,0,26,2,18,1,68,86,1,0,0,0,84.0,24.0,18,5.733333333333333,2,3.8,1,13.8,72.53012048192771,2
15,67,1,1,0,1,0,25,2,1,1,74,43,1,1,3,0,76.4,15.5,-31,2.8666666666666667,0,2.1,0,10.05,32.983935742971894,2
15,67,2,1,2,1,0,25,2,1,1,74,43,1,1,3,0,76.4,15.5,-31,2.8666666666666667,3,2.1,4,10.05,32.983935742971894,2
15,67,1,0,1,1,0,25,2,1,1,74,43,1,1,3,0,66.4,15.5,-31,2.8666666666666667,1,2.1,1,10.05,28.66666666666667,2
15,70,1,0,1,1,0,20,3,20,1,88,41,1,1,3,0,73.2,25.0,-47,2.7333333333333334,1,4.0,1,10.5,30.132530120481928,2
15,70,1,0,1,1,0,27,0,0,0,76,49,1,2,3,0,58.400000000000006,15.0,-27,3.2666666666666666,0,2.0,1,10.5,28.73092369477912,2
15,70,1,0,0,1,0,20,3,20,1,88,41,1,1,3,0,73.2,25.0,-47,2.7333333333333334,0,4.0,0,10.5,30.132530120481928,2
15,70,1,0,0,1,0,27,0,0,0,76,49,1,2,3,0,58.400000000000006,15.0,-27,3.2666666666666666,-1,2.0,0,10.5,28.73092369477912,2
16,71,1,0,1,1,0,26,2,19,1,89,73,0,1,1,0,74.0,25.5,-16,4.5625,1,2.9000000000000004,1,11.36,54.23694779116466,2
16,71,2,0,1,1,0,26,2,19,1,89,73,0,1,1,0,74.0,25.5,-16,4.5625,2,2.9000000000000004,2,11.36,54.23694779116466,2
16,71,2,1,0,1,0,25,1,19,0,59,55,1,0,2,0,62.0,25.5,-4,3.4375,2,3.9000000000000004,0,11.36,34.23694779116466,2
16,71,2,1,0,1,0,26,2,19,1,89,73,0,1,1,0,84.0,25.5,-16,4.5625,1,2.9000000000000004,0,11.36,61.566265060240966,2
7,82,2,1,1,1,1,27,2,15,1,54,44,0,2,3,0,74.4,14.5,-10,6.285714285714286,1,2.5,2,5.739999999999999,32.867469879518076,2
7,82,2,1,1,1,1,18,1,20,1,60,75,1,2,1,0,76.80000000000001,17.0,15,10.714285714285714,1,4.0,2,5.739999999999999,57.83132530120483,2
17,76,2,0,2,1,0,24,1,13,0,59,85,1,1,0,0,54.0,23.5,26,5.0,3,3.3,4,12.92,46.0843373493976,2
17,76,1,1,1,1,0,24,1,13,0,59,85,1,1,0,0,64.0,23.5,26,5.0,1,3.3,1,12.92,54.618473895582326,2
17,76,2,1,0,1,0,24,1,13,0,59,85,1,1,0,0,64.0,23.5,26,5.0,1,3.3,0,12.92,54.618473895582326,2
17,74,1,1,1,1,1,18,1,18,0,72,73,0,2,1,0,68.4,26.0,1,4.294117647058823,0,2.8,1,12.58,50.13253012048194,2
17,74,1,0,1,1,1,18,1,18,0,72,73,0,2,1,0,58.400000000000006,26.0,1,4.294117647058823,0,2.8,1,12.58,42.803212851405625,2
17,74,1,1,0,1,1,18,1,18,0,72,73,0,2,1,0,68.4,26.0,1,4.294117647058823,-1,2.8,0,12.58,50.13253012048194,2
17,74,0,0,1,1,1,18,1,18,0,72,73,0,2,1,0,58.400000000000006,26.0,1,4.294117647058823,-1,2.8,0,12.58,42.803212851405625,2
15,66,2,1,0,1,1,29,0,5,1,72,94,0,2,0,0,75.2,17.5,22,6.266666666666667,0,1.5,0,9.9,70.9718875502008,2
15,66,1,0,1,1,1,29,0,5,1,72,94,0,2,0,0,65.2,17.5,22,6.266666666666667,0,1.5,1,9.9,61.53413654618474,2
17,79,0,1,0,1,1,20,3,6,1,91,95,1,2,0,0,88.0,20.0,4,5.588235294117647,-2,2.6,0,13.43,83.93574297188755,2
17,79,0,1,0,1,1,27,0,5,0,50,93,1,2,0,0,61.6,19.5,43,5.470588235294118,-2,2.5,0,13.43,57.51807228915663,2
17,79,0,1,0,1,1,19,2,18,1,95,64,1,2,2,0,89.6,26.0,-31,3.764705882352941,-2,3.8,0,13.43,57.57429718875502,2
17,79,2,1,1,1,1,20,3,6,1,91,95,1,2,0,0,88.0,20.0,4,5.588235294117647,1,2.6,2,13.43,83.93574297188755,2
17,79,2,1,1,1,1,27,0,5,0,50,93,1,2,0,0,61.6,19.5,43,5.470588235294118,1,2.5,2,13.43,57.51807228915663,2
17,79,2,1,1,1,1,19,2,18,1,95,64,1,2,2,0,89.6,26.0,-31,3.764705882352941,1,3.8,2,13.43,57.57429718875502,2
17,79,1,0,1,1,1,20,3,6,1,91,95,1,2,0,0,78.0,20.0,4,5.588235294117647,0,2.6,1,13.43,74.3975903614458,2
17,79,1,0,1,1,1,27,0,5,0,50,93,1,2,0,0,51.6,19.5,43,5.470588235294118,0,2.5,1,13.43,48.18072289156626,2
17,79,1,0,1,1,1,19,2,18,1,95,64,1,2,2,0,79.6,26.0,-31,3.764705882352941,0,3.8,1,13.43,51.14859437751004,2
10,80,1,1,2,1,0,24,1,14,1,75,57,0,2,2,0,82.0,17.0,-18,5.7,1,2.4000000000000004,2,8.0,46.9277108433735,2
10,96,1,0,1,1,0,25,0,16,1,50,95,1,2,0,0,68.4,18.0,45,9.5,0,3.6,1,9.6,65.2409638554217,2
10,96,2,1,1,1,0,25,0,16,1,50,95,1,2,0,0,78.4,18.0,45,9.5,1,3.6,2,9.6,74.77911646586347,2
16,62,1,1,0,1,1,26,1,19,0,54,55,1,0,2,0,56.400000000000006,25.5,1,3.4375,1,3.9000000000000004,0,9.92,31.144578313253014,2
16,62,1,1,0,1,1,27,3,8,1,75,51,1,0,3,0,74.8,20.0,-24,3.1875,1,2.8,0,9.92,38.30120481927711,2
16,62,1,1,0,1,1,21,2,11,0,72,64,1,1,2,0,63.6,21.5,-8,4.0,0,3.1,0,9.92,40.867469879518076,2
16,62,1,1,0,1,1,19,2,2,1,71,82,1,0,1,0,73.2,17.0,11,5.125,1,2.2,0,9.92,60.265060240963855,2
16,62,1,0,1,1,1,26,1,19,0,54,55,1,0,2,0,46.400000000000006,25.5,1,3.4375,2,3.9000000000000004,1,9.92,25.62248995983936,2
16,62,1,0,1,1,1,27,3,8,1,75,51,1,0,3,0,64.8,20.0,-24,3.1875,2,2.8,1,9.92,33.18072289156626,2
16,62,1,0,1,1,1,21,2,11,0,72,64,1,1,2,0,53.6,21.5,-8,4.0,1,3.1,1,9.92,34.441767068273094,2
16,62,1,0,1,1,1,19,2,2,1,71,82,1,0,1,0,63.2,17.0,11,5.125,2,2.2,1,9.92,52.03212851405623,2
17,77,2,1,1,1,1,28,0,15,1,87,78,1,2,1,0,85.60000000000001,24.5,-9,4.588235294117647,1,3.5,2,13.09,67.03614457831327,2
17,77,1,1,0,1,1,28,0,15,1,87,78,1,2,1,0,85.60000000000001,24.5,-9,4.588235294117647,-1,3.5,0,13.09,67.03614457831327,2
17,77,1,0,0,1,1,28,0,15,1,87,78,1,2,1,0,75.60000000000001,24.5,-9,4.588235294117647,-1,3.5,0,13.09,59.20481927710844,2
17,77,1,1,1,1,1,28,0,15,1,87,78,1,2,1,0,85.60000000000001,24.5,-9,4.588235294117647,0,3.5,1,13.09,67.03614457831327,2
14,65,1,0,0,1,1,28,1,2,0,71,77,0,2,1,0,54.400000000000006,15.0,6,5.5,-1,1.2,0,9.1,42.056224899598405,2
14,65,1,0,0,1,1,25,0,19,1,60,41,0,2,3,0,60.0,23.5,-19,2.9285714285714284,-1,2.9000000000000004,0,9.1,24.698795180722893,2
14,65,1,0,0,1,1,26,2,0,1,61,96,1,1,0,0,60.400000000000006,14.0,35,6.857142857142857,0,2.0,0,9.1,58.21686746987953,2
14,65,1,0,0,1,1,20,0,0,1,62,50,0,2,3,0,60.8,14.0,-12,3.5714285714285716,-1,1.0,0,9.1,30.522088353413658,2
14,65,1,0,1,1,1,28,1,2,0,71,77,0,2,1,0,54.400000000000006,15.0,6,5.5,0,1.2,1,9.1,42.056224899598405,2
14,65,1,0,1,1,1,25,0,19,1,60,41,0,2,3,0,60.0,23.5,-19,2.9285714285714284,0,2.9000000000000004,1,9.1,24.698795180722893,2
14,65,1,0,1,1,1,26,2,0,1,61,96,1,1,0,0,60.400000000000006,14.0,35,6.857142857142857,1,2.0,1,9.1,58.21686746987953,2
14,65,1,0,1,1,1,20,0,0,1,62,50,0,2,3,0,60.8,14.0,-12,3.5714285714285716,0,1.0,1,9.1,30.522088353413658,2
14,65,2,1,0,1,1,28,1,2,0,71,77,0,2,1,0,64.4,15.0,6,5.5,0,1.2,0,9.1,49.78714859437751,2
14,65,2,1,0,1,1,25,0,19,1,60,41,0,2,3,0,70.0,23.5,-19,2.9285714285714284,0,2.9000000000000004,0,9.1,28.81526104417671,2
14,65,2,1,0,1,1,26,2,0,1,61,96,1,1,0,0,70.4,14.0,35,6.857142857142857,1,2.0,0,9.1,67.85542168674701,2
14,65,2,1,0,1,1,20,0,0,1,62,50,0,2,3,0,70.8,14.0,-12,3.5714285714285716,0,1.0,0,9.1,35.54216867469879,2
14,65,2,0,0,1,1,28,1,2,0,71,77,0,2,1,0,54.400000000000006,15.0,6,5.5,0,1.2,0,9.1,42.056224899598405,2
14,65,2,0,0,1,1,25,0,19,1,60,41,0,2,3,0,60.0,23.5,-19,2.9285714285714284,0,2.9000000000000004,0,9.1,24.698795180722893,2
14,65,2,0,0,1,1,26,2,0,1,61,96,1,1,0,0,60.400000000000006,14.0,35,6.857142857142857,1,2.0,0,9.1,58.21686746987953,2
14,65,2,0,0,1,1,20,0,0,1,62,50,0,2,3,0,60.8,14.0,-12,3.5714285714285716,0,1.0,0,9.1,30.522088353413658,2
14,65,1,1,1,1,1,28,1,2,0,71,77,0,2,1,0,64.4,15.0,6,5.5,0,1.2,1,9.1,49.78714859437751,2
14,65,1,1,1,1,1,25,0,19,1,60,41,0,2,3,0,70.0,23.5,-19,2.9285714285714284,0,2.9000000000000004,1,9.1,28.81526104417671,2
14,65,1,1,1,1,1,26,2,0,1,61,96,1,1,0,0,70.4,14.0,35,6.857142857142857,1,2.0,1,9.1,67.85542168674701,2
14,65,1,1,1,1,1,20,0,0,1,62,50,0,2,3,0,70.8,14.0,-12,3.5714285714285716,0,1.0,1,9.1,35.54216867469879,2
13,70,2,0,1,1,1,27,0,14,1,91,44,1,2,3,0,74.4,20.0,-47,3.3846153846153846,1,3.4000000000000004,2,9.1,32.867469879518076,2
13,70,2,0,1,1,1,25,3,8,1,54,87,1,0,0,0,59.6,17.0,33,6.6923076923076925,3,2.8,2,9.1,52.06024096385542,2
13,70,1,0,1,1,1,27,0,14,1,91,44,1,2,3,0,74.4,20.0,-47,3.3846153846153846,0,3.4000000000000004,1,9.1,32.867469879518076,2
13,70,1,0,1,1,1,25,3,8,1,54,87,1,0,0,0,59.6,17.0,33,6.6923076923076925,2,2.8,1,9.1,52.06024096385542,2
13,70,1,1,1,1,1,27,0,14,1,91,44,1,2,3,0,84.4,20.0,-47,3.3846153846153846,0,3.4000000000000004,1,9.1,37.285140562249,2
13,70,1,1,1,1,1,25,3,8,1,54,87,1,0,0,0,69.6,17.0,33,6.6923076923076925,2,2.8,1,9.1,60.795180722891565,2
13,70,2,1,2,1,1,27,0,14,1,91,44,1,2,3,0,84.4,20.0,-47,3.3846153846153846,2,3.4000000000000004,4,9.1,37.285140562249,2
13,70,2,1,2,1,1,25,3,8,1,54,87,1,0,0,0,69.6,17.0,33,6.6923076923076925,4,2.8,4,9.1,60.795180722891565,2
13,70,1,1,2,1,1,27,0,14,1,91,44,1,2,3,0,84.4,20.0,-47,3.3846153846153846,1,3.4000000000000004,2,9.1,37.285140562249,2
13,70,1,1,2,1,1,25,3,8,1,54,87,1,0,0,0,69.6,17.0,33,6.6923076923076925,3,2.8,2,9.1,60.795180722891565,2
13,70,2,1,1,1,1,27,0,14,1,91,44,1,2,3,0,84.4,20.0,-47,3.3846153846153846,1,3.4000000000000004,2,9.1,37.285140562249,2
13,70,2,1,1,1,1,25,3,8,1,54,87,1,0,0,0,69.6,17.0,33,6.6923076923076925,3,2.8,2,9.1,60.795180722891565,2
11,79,1,1,1,1,1,19,3,3,1,73,57,1,2,2,0,80.80000000000001,12.5,-16,5.181818181818182,0,2.3,1,8.690000000000001,46.2409638554217,2
20,65,1,0,1,1,1,28,2,6,0,76,85,1,2,0,0,56.400000000000006,23.0,9,4.25,0,2.6,1,13.0,48.13253012048193,2
9,74,2,0,0,1,0,21,1,12,0,78,68,1,2,2,0,60.800000000000004,15.0,-10,7.555555555555555,0,3.2,0,6.66,41.510040160642575,2
9,74,2,0,0,1,0,21,1,17,1,77,84,1,1,1,0,70.4,17.5,7,9.333333333333334,1,3.7,0,6.66,59.37349397590363,2
9,74,2,0,0,1,0,22,2,13,1,79,67,1,2,2,0,71.2,15.5,-12,7.444444444444445,0,3.3,0,6.66,47.89558232931728,2
9,74,0,0,0,1,0,21,1,12,0,78,68,1,2,2,0,60.800000000000004,15.0,-10,7.555555555555555,-2,3.2,0,6.66,41.510040160642575,2
9,74,0,0,0,1,0,21,1,17,1,77,84,1,1,1,0,70.4,17.5,7,9.333333333333334,-1,3.7,0,6.66,59.37349397590363,2
9,74,0,0,0,1,0,22,2,13,1,79,67,1,2,2,0,71.2,15.5,-12,7.444444444444445,-2,3.3,0,6.66,47.89558232931728,2
13,63,1,1,1,1,1,28,1,19,1,82,67,1,2,2,0,78.0,22.5,-15,5.153846153846154,0,3.9000000000000004,1,8.19,52.4698795180723,2
13,63,1,1,1,1,1,19,1,2,0,93,70,1,1,1,0,72.4,14.0,-23,5.384615384615385,1,2.2,1,8.19,50.88353413654619,2
13,63,1,0,1,1,1,28,1,19,1,82,67,1,2,2,0,68.0,22.5,-15,5.153846153846154,0,3.9000000000000004,1,8.19,45.742971887550205,2
13,63,1,0,1,1,1,19,1,2,0,93,70,1,1,1,0,62.400000000000006,14.0,-23,5.384615384615385,1,2.2,1,8.19,43.855421686747,2
13,63,1,0,2,1,1,28,1,19,1,82,67,1,2,2,0,68.0,22.5,-15,5.153846153846154,1,3.9000000000000004,2,8.19,45.742971887550205,2
13,63,1,0,2,1,1,19,1,2,0,93,70,1,1,1,0,62.400000000000006,14.0,-23,5.384615384615385,2,2.2,2,8.19,43.855421686747,2
13,63,2,1,1,1,1,28,1,19,1,82,67,1,2,2,0,78.0,22.5,-15,5.153846153846154,1,3.9000000000000004,2,8.19,52.4698795180723,2
13,63,2,1,1,1,1,19,1,2,0,93,70,1,1,1,0,72.4,14.0,-23,5.384615384615385,2,2.2,2,8.19,50.88353413654619,2
13,63,1,0,0,1,1,28,1,19,1,82,67,1,2,2,0,68.0,22.5,-15,5.153846153846154,-1,3.9000000000000004,0,8.19,45.742971887550205,2
13,63,1,0,0,1,1,19,1,2,0,93,70,1,1,1,0,62.400000000000006,14.0,-23,5.384615384615385,0,2.2,0,8.19,43.855421686747,2
8,100,1,1,1,1,0,27,2,3,1,93,51,1,0,3,0,97.2,9.5,-42,6.375,2,2.3,1,8.0,49.7710843373494,2
8,100,1,1,1,1,0,24,2,9,1,78,68,1,1,2,0,91.2,12.5,-10,8.5,1,2.9,1,8.0,62.26506024096386,2
8,100,2,1,1,1,0,27,2,3,1,93,51,1,0,3,0,97.2,9.5,-42,6.375,3,2.3,2,8.0,49.7710843373494,2
8,100,2,1,1,1,0,24,2,9,1,78,68,1,1,2,0,91.2,12.5,-10,8.5,2,2.9,2,8.0,62.26506024096386,2
18,65,1,1,1,1,1,24,0,16,0,51,97,1,2,0,0,56.400000000000006,26.0,46,5.388888888888889,0,3.6,1,11.700000000000001,54.9277108433735,2
18,65,1,1,1,1,1,21,2,6,0,67,86,1,2,0,0,62.8,21.0,19,4.777777777777778,0,2.6,1,11.700000000000001,54.22489959839357,2
18,65,1,1,1,1,1,28,2,6,0,97,86,1,0,0,1,74.80000000000001,21.0,-11,4.777777777777778,2,2.6,1,11.700000000000001,64.58634538152612,2
18,65,0,0,1,1,1,24,0,16,0,51,97,1,2,0,0,46.400000000000006,26.0,46,5.388888888888889,-1,3.6,0,11.700000000000001,45.18875502008033,2
18,65,0,0,1,1,1,21,2,6,0,67,86,1,2,0,0,52.8,21.0,19,4.777777777777778,-1,2.6,0,11.700000000000001,45.59036144578314,2
18,65,0,0,1,1,1,28,2,6,0,97,86,1,0,0,1,64.80000000000001,21.0,-11,4.777777777777778,1,2.6,0,11.700000000000001,55.95180722891567,2
18,65,2,1,1,1,1,24,0,16,0,51,97,1,2,0,0,56.400000000000006,26.0,46,5.388888888888889,1,3.6,2,11.700000000000001,54.9277108433735,2
18,65,2,1,1,1,1,21,2,6,0,67,86,1,2,0,0,62.8,21.0,19,4.777777777777778,1,2.6,2,11.700000000000001,54.22489959839357,2
18,65,2,1,1,1,1,28,2,6,0,97,86,1,0,0,1,74.80000000000001,21.0,-11,4.777777777777778,3,2.6,2,11.700000000000001,64.58634538152612,2
18,65,2,0,0,1,1,24,0,16,0,51,97,1,2,0,0,46.400000000000006,26.0,46,5.388888888888889,0,3.6,0,11.700000000000001,45.18875502008033,2
18,65,2,0,0,1,1,21,2,6,0,67,86,1,2,0,0,52.8,21.0,19,4.777777777777778,0,2.6,0,11.700000000000001,45.59036144578314,2
18,65,2,0,0,1,1,28,2,6,0,97,86,1,0,0,1,64.80000000000001,21.0,-11,4.777777777777778,2,2.6,0,11.700000000000001,55.95180722891567,2
18,65,1,1,2,1,1,24,0,16,0,51,97,1,2,0,0,56.400000000000006,26.0,46,5.388888888888889,1,3.6,2,11.700000000000001,54.9277108433735,2
18,65,1,1,2,1,1,21,2,6,0,67,86,1,2,0,0,62.8,21.0,19,4.777777777777778,1,2.6,2,11.700000000000001,54.22489959839357,2
18,65,1,1,2,1,1,28,2,6,0,97,86,1,0,0,1,74.80000000000001,21.0,-11,4.777777777777778,3,2.6,2,11.700000000000001,64.58634538152612,2
20,72,0,1,0,1,0,23,1,13,0,61,82,0,2,1,0,63.2,26.5,21,4.1,-2,2.3,0,14.399999999999999,52.03212851405623,2
20,72,2,0,0,1,0,23,1,13,0,61,82,0,2,1,0,53.2,26.5,21,4.1,0,2.3,0,14.399999999999999,43.7991967871486,2
20,72,0,1,1,1,0,23,1,13,0,61,82,0,2,1,0,63.2,26.5,21,4.1,-1,2.3,0,14.399999999999999,52.03212851405623,2
12,73,1,0,1,1,1,24,1,14,0,57,57,1,2,2,0,52.0,19.0,0,4.75,0,3.4000000000000004,1,8.76,29.759036144578317,2
12,73,1,0,1,1,1,20,0,8,1,97,84,1,1,1,0,78.0,16.0,-13,7.0,1,2.8,1,8.76,65.78313253012048,2
10,76,1,1,1,1,1,19,1,20,1,87,68,0,2,2,0,85.2,20.0,-19,6.8,0,3.0,1,7.6,58.168674698795186,2
10,76,1,1,1,1,1,19,1,8,0,96,85,1,2,0,0,78.80000000000001,14.0,-11,8.5,0,2.8,1,7.6,67.24899598393576,2
10,76,1,1,1,1,1,22,2,7,0,77,88,1,1,0,0,71.2,13.5,11,8.8,1,2.7,1,7.6,62.90763052208836,2
10,76,1,1,1,1,1,22,2,13,0,83,100,0,2,0,0,73.60000000000001,16.5,17,10.0,0,2.3,1,7.6,73.89558232931728,2
10,76,0,0,1,1,1,19,1,20,1,87,68,0,2,2,0,75.2,20.0,-19,6.8,-1,3.0,0,7.6,51.341365461847396,2
10,76,0,0,1,1,1,19,1,8,0,96,85,1,2,0,0,68.80000000000001,14.0,-11,8.5,-1,2.8,0,7.6,58.71485943775102,2
10,76,0,0,1,1,1,22,2,7,0,77,88,1,1,0,0,61.2,13.5,11,8.8,0,2.7,0,7.6,54.07228915662651,2
10,76,0,0,1,1,1,22,2,13,0,83,100,0,2,0,0,63.60000000000001,16.5,17,10.0,-1,2.3,0,7.6,63.85542168674701,2
8,89,2,1,0,1,1,20,2,18,0,77,94,1,2,0,0,76.4,17.0,17,11.75,0,3.8,0,7.12,72.10441767068274,2
8,89,2,1,0,1,1,26,0,8,1,56,75,0,0,1,0,78.0,12.0,19,9.375,2,1.8,0,7.12,58.73493975903615,2
8,89,2,1,0,1,1,22,2,6,1,94,70,1,2,1,0,93.2,11.0,-24,8.75,0,2.6,0,7.12,65.50200803212851,2
8,89,2,0,1,1,1,20,2,18,0,77,94,1,2,0,0,66.4,17.0,17,11.75,1,3.8,2,7.12,62.66666666666667,2
8,89,2,0,1,1,1,26,0,8,1,56,75,0,0,1,0,68.0,12.0,19,9.375,3,1.8,2,7.12,51.204819277108435,2
8,89,2,0,1,1,1,22,2,6,1,94,70,1,2,1,0,83.2,11.0,-24,8.75,1,2.6,2,7.12,58.47389558232932,2
12,98,1,1,1,1,1,21,3,6,1,56,88,1,1,0,0,81.60000000000001,15.0,32,7.333333333333333,1,2.6,1,11.76,72.09638554216868,2
12,98,1,1,1,1,1,21,0,18,0,76,94,1,1,0,0,79.60000000000001,21.0,18,7.833333333333333,1,3.8,1,11.76,75.12449799196789,2
12,98,1,1,1,1,1,18,2,8,1,87,45,1,0,3,0,94.0,16.0,-42,3.75,2,2.8,1,11.76,42.46987951807229,2
14,83,0,1,1,1,1,20,1,9,1,94,77,1,0,1,0,90.80000000000001,18.5,-17,5.5,1,2.9,0,11.62,70.19678714859438,2
14,83,0,1,1,1,1,19,2,12,0,99,83,1,2,1,0,82.80000000000001,20.0,-16,5.928571428571429,-1,3.2,0,11.62,69.00000000000001,2
14,83,2,1,0,1,1,20,1,9,1,94,77,1,0,1,0,90.80000000000001,18.5,-17,5.5,2,2.9,0,11.62,70.19678714859438,2
14,83,2,1,0,1,1,19,2,12,0,99,83,1,2,1,0,82.80000000000001,20.0,-16,5.928571428571429,0,3.2,0,11.62,69.00000000000001,2
14,83,0,0,0,1,1,20,1,9,1,94,77,1,0,1,0,80.80000000000001,18.5,-17,5.5,0,2.9,0,11.62,62.465863453815274,2
14,83,0,0,0,1,1,19,2,12,0,99,83,1,2,1,0,72.80000000000001,20.0,-16,5.928571428571429,-2,3.2,0,11.62,60.666666666666686,2
14,62,2,1,0,1,1,24,3,13,1,96,77,1,1,1,1,83.2,20.5,-19,5.5,1,3.3,0,8.68,64.32128514056225,2
14,62,2,1,0,1,1,21,3,4,1,76,99,0,0,0,0,75.2,16.0,23,7.071428571428571,2,1.4,0,8.68,74.74698795180724,2
14,62,1,0,0,1,1,24,3,13,1,96,77,1,1,1,1,73.2,20.5,-19,5.5,0,3.3,0,8.68,56.59036144578314,2
14,62,1,0,0,1,1,21,3,4,1,76,99,0,0,0,0,65.2,16.0,23,7.071428571428571,1,1.4,0,8.68,64.80722891566265,2
14,62,1,0,1,1,1,24,3,13,1,96,77,1,1,1,1,73.2,20.5,-19,5.5,1,3.3,1,8.68,56.59036144578314,2
14,62,1,0,1,1,1,21,3,4,1,76,99,0,0,0,0,65.2,16.0,23,7.071428571428571,2,1.4,1,8.68,64.80722891566265,2
14,62,1,1,2,1,1,24,3,13,1,96,77,1,1,1,1,83.2,20.5,-19,5.5,2,3.3,2,8.68,64.32128514056225,2
14,62,1,1,2,1,1,21,3,4,1,76,99,0,0,0,0,75.2,16.0,23,7.071428571428571,3,1.4,2,8.68,74.74698795180724,2
17,61,1,1,2,1,1,19,1,18,0,78,73,1,2,1,0,65.60000000000001,26.0,-5,4.294117647058823,1,3.8,2,10.37,48.08032128514057,2
17,61,1,1,2,1,1,18,2,9,1,61,88,1,0,0,0,68.80000000000001,21.5,27,5.176470588235294,3,2.9,2,10.37,60.78714859437753,2
17,61,0,1,1,1,1,19,1,18,0,78,73,1,2,1,0,65.60000000000001,26.0,-5,4.294117647058823,-1,3.8,0,10.37,48.08032128514057,2
17,61,0,1,1,1,1,18,2,9,1,61,88,1,0,0,0,68.80000000000001,21.5,27,5.176470588235294,1,2.9,0,10.37,60.78714859437753,2
17,61,2,0,0,1,1,19,1,18,0,78,73,1,2,1,0,55.60000000000001,26.0,-5,4.294117647058823,0,3.8,0,10.37,40.75100401606427,2
17,61,2,0,0,1,1,18,2,9,1,61,88,1,0,0,0,58.800000000000004,21.5,27,5.176470588235294,2,2.9,0,10.37,51.951807228915676,2
15,89,1,1,1,1,0,19,1,15,0,80,86,1,2,0,0,77.6,22.5,6,5.733333333333333,0,3.5,1,13.35,67.00401606425703,2
15,89,1,1,1,1,0,21,0,19,0,88,77,1,1,1,0,80.80000000000001,24.5,-11,5.133333333333334,1,3.9000000000000004,1,13.35,62.465863453815274,2
15,89,1,1,1,1,0,29,1,11,1,96,71,1,0,1,0,94.0,20.5,-25,4.733333333333333,2,3.1,1,13.35,67.00803212851406,2
19,97,0,1,1,1,1,23,1,17,1,65,96,0,2,0,0,84.80000000000001,27.5,31,5.052631578947368,-1,2.7,0,18.43,81.73493975903617,2
19,97,0,0,1,1,1,23,1,17,1,65,96,0,2,0,0,74.80000000000001,27.5,31,5.052631578947368,-1,2.7,0,18.43,72.09638554216869,2
19,97,2,0,1,1,1,23,1,17,1,65,96,0,2,0,0,74.80000000000001,27.5,31,5.052631578947368,1,2.7,2,18.43,72.09638554216869,2
19,97,1,0,1,1,1,23,1,17,1,65,96,0,2,0,0,74.80000000000001,27.5,31,5.052631578947368,0,2.7,1,18.43,72.09638554216869,2
19,97,2,0,0,1,1,23,1,17,1,65,96,0,2,0,0,74.80000000000001,27.5,31,5.052631578947368,0,2.7,0,18.43,72.09638554216869,2
19,97,1,0,0,1,1,23,1,17,1,65,96,0,2,0,0,74.80000000000001,27.5,31,5.052631578947368,-1,2.7,0,18.43,72.09638554216869,2
19,97,1,1,2,1,1,23,1,17,1,65,96,0,2,0,0,84.80000000000001,27.5,31,5.052631578947368,1,2.7,2,18.43,81.73493975903617,2
14,86,0,1,1,1,1,27,1,2,1,96,92,1,1,0,0,92.80000000000001,15.0,-4,6.571428571428571,0,2.2,0,12.04,85.71887550200805,2
14,86,0,1,0,1,1,27,1,2,1,96,92,1,1,0,0,92.80000000000001,15.0,-4,6.571428571428571,-1,2.2,0,12.04,85.71887550200805,2
14,86,2,1,1,1,1,27,1,2,1,96,92,1,1,0,0,92.80000000000001,15.0,-4,6.571428571428571,2,2.2,2,12.04,85.71887550200805,2
13,62,2,0,1,1,0,23,3,13,0,85,88,1,1,0,0,58.8,19.5,3,6.769230769230769,2,3.3,2,8.06,51.95180722891566,2
13,62,2,0,1,1,0,21,2,2,0,61,64,0,1,2,0,49.2,14.0,3,4.923076923076923,2,1.2,2,8.06,31.614457831325304,2
13,62,2,0,1,1,0,18,2,6,1,65,75,1,2,1,0,60.8,16.0,10,5.769230769230769,1,2.6,2,8.06,45.78313253012048,2
13,62,2,0,1,1,0,25,3,7,1,81,49,1,0,3,0,67.2,16.5,-32,3.769230769230769,3,2.7,2,8.06,33.06024096385543,2
13,62,1,1,0,1,0,23,3,13,0,85,88,1,1,0,0,68.8,19.5,3,6.769230769230769,0,3.3,0,8.06,60.78714859437751,2
13,62,1,1,0,1,0,21,2,2,0,61,64,0,1,2,0,59.2,14.0,3,4.923076923076923,0,1.2,0,8.06,38.040160642570285,2
13,62,1,1,0,1,0,18,2,6,1,65,75,1,2,1,0,70.8,16.0,10,5.769230769230769,-1,2.6,0,8.06,53.31325301204819,2
13,62,1,1,0,1,0,25,3,7,1,81,49,1,0,3,0,77.2,16.5,-32,3.769230769230769,1,2.7,0,8.06,37.979919678714865,2
19,79,2,0,0,1,0,23,2,10,1,61,97,0,2,0,0,66.0,24.0,36,5.105263157894737,0,2.0,0,15.010000000000002,64.27710843373494,2
19,79,2,1,1,1,0,23,2,10,1,61,97,0,2,0,0,76.0,24.0,36,5.105263157894737,1,2.0,2,15.010000000000002,74.01606425702812,2
19,79,1,1,2,1,0,23,2,10,1,61,97,0,2,0,0,76.0,24.0,36,5.105263157894737,1,2.0,2,15.010000000000002,74.01606425702812,2
19,79,1,1,1,1,0,23,2,10,1,61,97,0,2,0,0,76.0,24.0,36,5.105263157894737,0,2.0,1,15.010000000000002,74.01606425702812,2
19,79,1,1,0,1,0,23,2,10,1,61,97,0,2,0,0,76.0,24.0,36,5.105263157894737,-1,2.0,0,15.010000000000002,74.01606425702812,2
17,83,1,0,1,1,0,20,2,4,0,87,67,1,1,2,0,68.0,19.0,-20,3.9411764705882355,1,2.4,1,14.11,45.742971887550205,2
17,83,1,0,0,1,0,20,2,4,0,87,67,1,1,2,0,68.0,19.0,-20,3.9411764705882355,0,2.4,0,14.11,45.742971887550205,2
17,85,0,0,2,1,0,19,1,15,0,64,81,1,0,1,0,59.6,24.5,17,4.764705882352941,2,3.5,0,14.45,48.46987951807229,2
17,85,0,0,2,1,0,29,0,16,1,53,97,1,2,0,0,65.2,25.0,44,5.705882352941177,0,3.6,0,14.45,63.49799196787149,2
17,85,0,1,0,1,0,19,1,15,0,64,81,1,0,1,0,69.6,24.5,17,4.764705882352941,0,3.5,0,14.45,56.60240963855422,2
17,85,0,1,0,1,0,29,0,16,1,53,97,1,2,0,0,75.2,25.0,44,5.705882352941177,-2,3.6,0,14.45,73.23694779116467,2
17,85,1,1,1,1,0,19,1,15,0,64,81,1,0,1,0,69.6,24.5,17,4.764705882352941,2,3.5,1,14.45,56.60240963855422,2
17,85,1,1,1,1,0,29,0,16,1,53,97,1,2,0,0,75.2,25.0,44,5.705882352941177,0,3.6,1,14.45,73.23694779116467,2
17,85,2,1,1,1,0,19,1,15,0,64,81,1,0,1,0,69.6,24.5,17,4.764705882352941,3,3.5,2,14.45,56.60240963855422,2
17,85,2,1,1,1,0,29,0,16,1,53,97,1,2,0,0,75.2,25.0,44,5.705882352941177,1,3.6,2,14.45,73.23694779116467,2
18,80,0,1,1,1,0,29,2,17,0,90,71,1,0,1,0,78.0,26.5,-19,3.9444444444444446,1,3.7,0,14.4,55.60240963855422,2
18,80,0,1,1,1,0,24,0,16,0,74,83,1,0,1,0,71.6,26.0,9,4.611111111111111,1,3.6,0,14.4,59.666666666666664,2
18,80,2,1,1,1,0,29,2,17,0,90,71,1,0,1,0,78.0,26.5,-19,3.9444444444444446,3,3.7,2,14.4,55.60240963855422,2
18,80,2,1,1,1,0,24,0,16,0,74,83,1,0,1,0,71.6,26.0,9,4.611111111111111,3,3.6,2,14.4,59.666666666666664,2
6,93,1,0,2,1,0,26,3,4,1,83,81,0,1,1,0,80.4,8.0,-2,13.5,2,1.4,2,5.58,65.38554216867472,2
11,94,2,1,2,1,0,18,3,13,1,86,41,1,2,3,0,92.0,17.5,-45,3.727272727272727,2,3.3,4,10.34,37.871485943775106,2
11,94,2,1,2,1,0,22,2,15,0,91,40,1,1,3,0,84.0,18.5,-51,3.6363636363636362,3,3.5,4,10.34,33.734939759036145,2
11,94,2,1,2,1,0,22,1,14,1,75,50,1,2,3,0,87.6,18.0,-25,4.545454545454546,2,3.4000000000000004,4,10.34,43.97590361445783,2
11,94,2,1,2,1,0,21,0,18,1,83,100,1,2,0,0,90.80000000000001,20.0,17,9.090909090909092,2,3.8,4,10.34,91.16465863453817,2
11,94,1,0,1,1,0,18,3,13,1,86,41,1,2,3,0,82.0,17.5,-45,3.727272727272727,0,3.3,1,10.34,33.75502008032129,2
11,94,1,0,1,1,0,22,2,15,0,91,40,1,1,3,0,74.0,18.5,-51,3.6363636363636362,1,3.5,1,10.34,29.718875502008032,2
11,94,1,0,1,1,0,22,1,14,1,75,50,1,2,3,0,77.6,18.0,-25,4.545454545454546,0,3.4000000000000004,1,10.34,38.95582329317269,2
11,94,1,0,1,1,0,21,0,18,1,83,100,1,2,0,0,80.80000000000001,20.0,17,9.090909090909092,0,3.8,1,10.34,81.12449799196789,2
14,65,1,1,1,1,0,26,0,18,1,72,75,1,2,1,0,74.8,23.0,3,5.357142857142857,0,3.8,1,9.1,56.325301204819276,2
14,65,1,1,1,1,0,20,0,15,1,93,96,0,1,0,0,83.2,21.5,3,6.857142857142857,1,2.5,1,9.1,80.19277108433735,2
14,65,2,1,0,1,0,26,0,18,1,72,75,1,2,1,0,74.8,23.0,3,5.357142857142857,0,3.8,0,9.1,56.325301204819276,2
14,65,2,1,0,1,0,20,0,15,1,93,96,0,1,0,0,83.2,21.5,3,6.857142857142857,1,2.5,0,9.1,80.19277108433735,2
15,97,1,1,1,1,1,28,3,14,0,82,98,0,0,0,0,81.60000000000001,22.0,16,6.533333333333333,2,2.4000000000000004,1,14.549999999999999,80.28915662650603,2
15,97,1,1,1,1,1,24,1,20,0,53,97,1,1,0,0,70.0,25.0,44,6.466666666666667,1,4.0,1,14.549999999999999,68.17269076305222,2
15,97,2,0,2,1,1,28,3,14,0,82,98,0,0,0,0,71.60000000000001,22.0,16,6.533333333333333,4,2.4000000000000004,4,14.549999999999999,70.44979919678717,2
15,97,2,0,2,1,1,24,1,20,0,53,97,1,1,0,0,60.00000000000001,25.0,44,6.466666666666667,3,4.0,4,14.549999999999999,58.43373493975904,2
15,97,2,0,2,1,1,19,0,8,1,69,41,1,2,3,0,76.4,19.0,-28,2.7333333333333334,2,2.8,4,14.549999999999999,31.449799196787154,2
11,65,2,0,1,1,0,28,0,4,0,91,78,0,0,1,0,62.4,13.0,-13,7.090909090909091,3,1.4,2,7.15,48.867469879518076,2
11,65,2,0,1,1,0,21,0,1,1,70,97,1,2,0,0,64.0,11.5,27,8.818181818181818,1,2.1,2,7.15,62.329317269076306,2
11,65,0,1,1,1,0,28,0,4,0,91,78,0,0,1,0,72.4,13.0,-13,7.090909090909091,1,1.4,0,7.15,56.6987951807229,2
11,65,0,1,1,1,0,21,0,1,1,70,97,1,2,0,0,74.0,11.5,27,8.818181818181818,-1,2.1,0,7.15,72.06827309236948,2
14,73,1,1,1,1,0,18,2,4,1,90,75,1,0,1,0,85.2,16.0,-15,5.357142857142857,2,2.4,1,10.219999999999999,64.1566265060241,2
14,73,1,1,1,1,0,22,3,1,1,95,69,1,1,2,0,87.2,14.5,-26,4.928571428571429,1,2.1,1,10.219999999999999,60.409638554216876,2
14,73,1,1,1,1,0,28,3,3,0,98,68,0,1,2,0,78.4,15.5,-30,4.857142857142857,1,1.3,1,10.219999999999999,53.526104417670695,2
14,73,1,1,1,1,0,28,3,2,1,60,75,1,0,1,0,73.2,15.0,15,5.357142857142857,2,2.2,1,10.219999999999999,55.12048192771085,2
14,73,1,1,1,1,0,18,2,10,0,98,93,0,2,0,0,78.4,19.0,-5,6.642857142857143,0,2.0,1,10.219999999999999,73.20481927710844,2
14,73,1,1,1,1,0,28,1,1,0,53,68,0,2,2,0,60.400000000000006,14.5,15,4.857142857142857,0,1.1,1,10.219999999999999,41.23694779116467,2
14,73,0,1,0,1,0,18,2,4,1,90,75,1,0,1,0,85.2,16.0,-15,5.357142857142857,0,2.4,0,10.219999999999999,64.1566265060241,2
14,73,0,1,0,1,0,22,3,1,1,95,69,1,1,2,0,87.2,14.5,-26,4.928571428571429,-1,2.1,0,10.219999999999999,60.409638554216876,2
14,73,0,1,0,1,0,28,3,3,0,98,68,0,1,2,0,78.4,15.5,-30,4.857142857142857,-1,1.3,0,10.219999999999999,53.526104417670695,2
14,73,0,1,0,1,0,28,3,2,1,60,75,1,0,1,0,73.2,15.0,15,5.357142857142857,0,2.2,0,10.219999999999999,55.12048192771085,2
14,73,0,1,0,1,0,18,2,10,0,98,93,0,2,0,0,78.4,19.0,-5,6.642857142857143,-2,2.0,0,10.219999999999999,73.20481927710844,2
14,73,0,1,0,1,0,28,1,1,0,53,68,0,2,2,0,60.400000000000006,14.5,15,4.857142857142857,-2,1.1,0,10.219999999999999,41.23694779116467,2
14,73,2,1,1,1,0,18,2,4,1,90,75,1,0,1,0,85.2,16.0,-15,5.357142857142857,3,2.4,2,10.219999999999999,64.1566265060241,2
14,73,2,1,1,1,0,22,3,1,1,95,69,1,1,2,0,87.2,14.5,-26,4.928571428571429,2,2.1,2,10.219999999999999,60.409638554216876,2
14,73,2,1,1,1,0,28,3,3,0,98,68,0,1,2,0,78.4,15.5,-30,4.857142857142857,2,1.3,2,10.219999999999999,53.526104417670695,2
14,73,2,1,1,1,0,28,3,2,1,60,75,1,0,1,0,73.2,15.0,15,5.357142857142857,3,2.2,2,10.219999999999999,55.12048192771085,2
14,73,2,1,1,1,0,18,2,10,0,98,93,0,2,0,0,78.4,19.0,-5,6.642857142857143,1,2.0,2,10.219999999999999,73.20481927710844,2
14,73,2,1,1,1,0,28,1,1,0,53,68,0,2,2,0,60.400000000000006,14.5,15,4.857142857142857,1,1.1,2,10.219999999999999,41.23694779116467,2
14,73,1,0,2,1,0,18,2,4,1,90,75,1,0,1,0,75.2,16.0,-15,5.357142857142857,3,2.4,2,10.219999999999999,56.62650602409639,2
14,73,1,0,2,1,0,22,3,1,1,95,69,1,1,2,0,77.2,14.5,-26,4.928571428571429,2,2.1,2,10.219999999999999,53.48192771084338,2
14,73,1,0,2,1,0,28,3,3,0,98,68,0,1,2,0,68.4,15.5,-30,4.857142857142857,2,1.3,2,10.219999999999999,46.6987951807229,2
14,73,1,0,2,1,0,28,3,2,1,60,75,1,0,1,0,63.2,15.0,15,5.357142857142857,3,2.2,2,10.219999999999999,47.59036144578314,2
14,73,1,0,2,1,0,18,2,10,0,98,93,0,2,0,0,68.4,19.0,-5,6.642857142857143,1,2.0,2,10.219999999999999,63.86746987951808,2
14,73,1,0,2,1,0,28,1,1,0,53,68,0,2,2,0,50.400000000000006,14.5,15,4.857142857142857,1,1.1,2,10.219999999999999,34.40963855421687,2
14,73,1,1,2,1,0,18,2,4,1,90,75,1,0,1,0,85.2,16.0,-15,5.357142857142857,3,2.4,2,10.219999999999999,64.1566265060241,2
14,73,1,1,2,1,0,22,1,7,0,81,40,1,2,3,0,71.6,17.5,-41,2.857142857142857,1,2.7,2,10.219999999999999,28.755020080321284,2
14,73,1,1,2,1,0,22,3,1,1,95,69,1,1,2,0,87.2,14.5,-26,4.928571428571429,2,2.1,2,10.219999999999999,60.409638554216876,2
14,73,1,1,2,1,0,28,3,3,0,98,68,0,1,2,0,78.4,15.5,-30,4.857142857142857,2,1.3,2,10.219999999999999,53.526104417670695,2
14,73,1,1,2,1,0,28,3,2,1,60,75,1,0,1,0,73.2,15.0,15,5.357142857142857,3,2.2,2,10.219999999999999,55.12048192771085,2
14,73,1,1,2,1,0,18,2,10,0,98,93,0,2,0,0,78.4,19.0,-5,6.642857142857143,1,2.0,2,10.219999999999999,73.20481927710844,2
14,73,1,1,2,1,0,28,1,1,0,53,68,0,2,2,0,60.400000000000006,14.5,15,4.857142857142857,1,1.1,2,10.219999999999999,41.23694779116467,2
20,61,0,1,1,1,0,28,2,9,0,69,91,1,2,0,0,62.0,24.5,22,4.55,-1,2.9,0,12.2,56.646586345381536,2
20,61,0,1,0,1,0,28,2,9,0,69,91,1,2,0,0,62.0,24.5,22,4.55,-2,2.9,0,12.2,56.646586345381536,2
20,61,2,1,1,1,0,28,2,9,0,69,91,1,2,0,0,62.0,24.5,22,4.55,1,2.9,2,12.2,56.646586345381536,2
20,61,2,0,1,1,0,28,2,9,0,69,91,1,2,0,0,52.0,24.5,22,4.55,1,2.9,2,12.2,47.510040160642575,2
15,73,0,1,1,1,1,29,0,1,1,59,78,0,2,1,0,72.80000000000001,15.5,19,5.2,-1,1.1,0,10.95,57.012048192771104,2
15,73,2,0,0,1,1,29,0,1,1,59,78,0,2,1,0,62.800000000000004,15.5,19,5.2,0,1.1,0,10.95,49.18072289156627,2
15,73,2,1,1,1,1,29,0,1,1,59,78,0,2,1,0,72.80000000000001,15.5,19,5.2,1,1.1,2,10.95,57.012048192771104,2
15,73,2,0,1,1,1,29,0,1,1,59,78,0,2,1,0,62.800000000000004,15.5,19,5.2,1,1.1,2,10.95,49.18072289156627,2
14,89,2,1,1,1,1,25,3,8,1,88,51,0,2,3,0,90.80000000000001,18.0,-37,3.642857142857143,1,1.8,2,12.46,46.49397590361446,2
14,89,2,1,1,1,1,19,0,15,1,74,65,1,1,2,0,85.2,21.5,-9,4.642857142857143,2,3.5,2,12.46,55.60240963855422,2
14,89,2,0,0,1,1,25,3,8,1,88,51,0,2,3,0,80.80000000000001,18.0,-37,3.642857142857143,0,1.8,0,12.46,41.37349397590363,2
14,89,2,0,0,1,1,19,0,15,1,74,65,1,1,2,0,75.2,21.5,-9,4.642857142857143,1,3.5,0,12.46,49.07630522088354,2
14,89,2,1,0,1,1,25,3,8,1,88,51,0,2,3,0,90.80000000000001,18.0,-37,3.642857142857143,0,1.8,0,12.46,46.49397590361446,2
14,89,2,1,0,1,1,19,0,15,1,74,65,1,1,2,0,85.2,21.5,-9,4.642857142857143,1,3.5,0,12.46,55.60240963855422,2
14,89,1,1,2,1,1,25,3,8,1,88,51,0,2,3,0,90.80000000000001,18.0,-37,3.642857142857143,1,1.8,2,12.46,46.49397590361446,2
14,89,1,1,2,1,1,19,0,15,1,74,65,1,1,2,0,85.2,21.5,-9,4.642857142857143,2,3.5,2,12.46,55.60240963855422,2
15,72,2,0,1,1,0,21,1,16,0,97,95,1,2,0,0,67.60000000000001,23.0,-2,6.333333333333333,1,3.6,2,10.799999999999999,64.47791164658635,2
15,72,2,0,1,1,0,28,1,14,1,73,57,0,1,2,0,68.0,22.0,-16,3.8,2,2.4000000000000004,2,10.799999999999999,38.915662650602414,2
15,72,2,0,1,1,0,20,3,1,1,99,73,0,1,1,0,78.4,15.5,-26,4.866666666666666,2,1.1,2,10.799999999999999,57.461847389558244,2
15,72,2,0,1,1,0,23,0,0,1,70,86,0,2,0,0,66.8,15.0,16,5.733333333333333,1,1.0,2,10.799999999999999,57.678714859437754,2
15,72,1,1,2,1,0,21,1,16,0,97,95,1,2,0,0,77.60000000000001,23.0,-2,6.333333333333333,1,3.6,2,10.799999999999999,74.01606425702812,2
15,72,1,1,2,1,0,28,1,14,1,73,57,0,1,2,0,78.0,22.0,-16,3.8,2,2.4000000000000004,2,10.799999999999999,44.638554216867476,2
15,72,1,1,2,1,0,20,3,1,1,99,73,0,1,1,0,88.4,15.5,-26,4.866666666666666,2,1.1,2,10.799999999999999,64.79116465863454,2
15,72,1,1,2,1,0,23,0,0,1,70,86,0,2,0,0,76.8,15.0,16,5.733333333333333,1,1.0,2,10.799999999999999,66.3132530120482,2
15,72,0,1,1,1,0,21,1,16,0,97,95,1,2,0,0,77.60000000000001,23.0,-2,6.333333333333333,-1,3.6,0,10.799999999999999,74.01606425702812,2
15,72,0,1,1,1,0,28,1,14,1,73,57,0,1,2,0,78.0,22.0,-16,3.8,0,2.4000000000000004,0,10.799999999999999,44.638554216867476,2
15,72,0,1,1,1,0,20,3,1,1,99,73,0,1,1,0,88.4,15.5,-26,4.866666666666666,0,1.1,0,10.799999999999999,64.79116465863454,2
15,72,0,1,1,1,0,23,0,0,1,70,86,0,2,0,0,76.8,15.0,16,5.733333333333333,-1,1.0,0,10.799999999999999,66.3132530120482,2
12,64,0,1,2,1,1,22,2,2,0,64,84,1,1,1,0,61.2,13.0,20,7.0,1,2.2,0,7.68,51.61445783132531,2
12,64,0,1,2,1,1,23,3,6,0,54,88,1,2,0,0,57.2,15.0,34,7.333333333333333,0,2.6,0,7.68,50.53815261044177,2
12,64,0,1,2,1,1,23,1,1,0,86,51,1,2,3,0,70.0,12.5,-35,4.25,0,2.1,0,7.68,35.84337349397591,2
12,64,0,0,1,1,1,22,2,2,0,64,84,1,1,1,0,51.2,13.0,20,7.0,0,2.2,0,7.68,43.18072289156627,2
12,64,0,0,1,1,1,23,3,6,0,54,88,1,2,0,0,47.2,15.0,34,7.333333333333333,-1,2.6,0,7.68,41.70281124497993,2
12,64,0,0,1,1,1,23,1,1,0,86,51,1,2,3,0,60.0,12.5,-35,4.25,-1,2.1,0,7.68,30.722891566265062,2
12,99,1,0,0,1,0,22,2,4,0,92,72,1,0,1,0,76.4,14.0,-20,6.0,1,2.4,0,11.879999999999999,55.22891566265061,2
12,99,1,0,0,1,0,23,0,8,1,56,85,1,0,0,0,72.0,16.0,29,7.083333333333333,1,2.8,0,11.879999999999999,61.44578313253012,2
12,99,2,0,1,1,0,22,2,4,0,92,72,1,0,1,0,76.4,14.0,-20,6.0,3,2.4,2,11.879999999999999,55.22891566265061,2
12,99,2,0,1,1,0,23,0,8,1,56,85,1,0,0,0,72.0,16.0,29,7.083333333333333,3,2.8,2,11.879999999999999,61.44578313253012,2
12,99,1,1,0,1,0,22,2,4,0,92,72,1,0,1,0,86.4,14.0,-20,6.0,1,2.4,0,11.879999999999999,62.457831325301214,2
12,99,1,1,0,1,0,23,0,8,1,56,85,1,0,0,0,82.0,16.0,29,7.083333333333333,1,2.8,0,11.879999999999999,69.97991967871486,2
16,60,1,1,0,1,0,21,1,0,1,58,77,1,2,1,0,67.2,16.0,19,4.8125,-1,2.0,0,9.6,51.95180722891567,2
16,60,1,1,0,1,0,19,2,11,1,72,57,0,0,2,0,72.8,21.5,-15,3.5625,1,2.1,0,9.6,41.662650602409634,2
16,60,1,1,0,1,0,25,3,13,1,99,46,0,1,3,1,83.6,22.5,-53,2.875,0,2.3,0,9.6,38.610441767068274,2
16,60,2,0,0,1,0,21,1,0,1,58,77,1,2,1,0,57.2,16.0,19,4.8125,0,2.0,0,9.6,44.22088353413655,2
16,60,2,0,0,1,0,19,2,11,1,72,57,0,0,2,0,62.8,21.5,-15,3.5625,2,2.1,0,9.6,35.93975903614458,2
16,60,2,0,0,1,0,25,3,13,1,99,46,0,1,3,1,73.6,22.5,-53,2.875,1,2.3,0,9.6,33.99196787148594,2
15,98,2,1,0,1,0,25,2,17,0,87,64,1,1,2,0,84.0,23.5,-23,4.266666666666667,1,3.7,0,14.7,53.975903614457835,2
15,98,2,1,0,1,0,18,2,9,0,58,67,1,2,2,0,72.4,19.5,9,4.466666666666667,0,2.9,0,14.7,48.70281124497992,2
15,98,2,0,1,1,0,25,2,17,0,87,64,1,1,2,0,74.0,23.5,-23,4.266666666666667,2,3.7,2,14.7,47.55020080321285,2
15,98,2,0,1,1,0,18,2,9,0,58,67,1,2,2,0,62.400000000000006,19.5,9,4.466666666666667,1,2.9,2,14.7,41.97590361445784,2
15,98,1,1,1,1,0,25,2,17,0,87,64,1,1,2,0,84.0,23.5,-23,4.266666666666667,1,3.7,1,14.7,53.975903614457835,2
15,98,1,1,1,1,0,18,2,9,0,58,67,1,2,2,0,72.4,19.5,9,4.466666666666667,0,2.9,1,14.7,48.70281124497992,2
15,98,1,1,2,1,0,25,2,17,0,87,64,1,1,2,0,84.0,23.5,-23,4.266666666666667,2,3.7,2,14.7,53.975903614457835,2
15,98,1,1,2,1,0,18,2,9,0,58,67,1,2,2,0,72.4,19.5,9,4.466666666666667,1,2.9,2,14.7,48.70281124497992,2
15,98,2,1,1,1,0,25,2,17,0,87,64,1,1,2,0,84.0,23.5,-23,4.266666666666667,2,3.7,2,14.7,53.975903614457835,2
15,98,2,1,1,1,0,18,2,9,0,58,67,1,2,2,0,72.4,19.5,9,4.466666666666667,1,2.9,2,14.7,48.70281124497992,2
15,90,0,1,0,1,1,28,0,20,1,81,96,1,2,0,0,88.4,25.0,15,6.4,-2,4.0,0,13.5,85.20481927710844,2
15,90,1,0,1,1,1,28,0,20,1,81,96,1,2,0,0,78.4,25.0,15,6.4,0,4.0,1,13.5,75.56626506024098,2
17,84,0,1,2,1,0,24,1,18,1,85,94,0,2,0,0,87.6,26.0,9,5.529411764705882,0,2.8,0,14.28,82.67469879518072,2
17,84,0,1,2,1,0,27,3,10,1,84,68,0,2,2,0,87.2,22.0,-16,4.0,0,2.0,0,14.28,59.53413654618475,2
17,84,0,1,2,1,0,18,0,20,0,88,65,1,0,2,0,78.80000000000001,27.0,-23,3.823529411764706,2,4.0,0,14.28,51.42570281124499,2
17,84,0,1,2,1,0,22,2,18,1,54,90,1,2,0,0,75.2,26.0,36,5.294117647058823,0,3.8,0,14.28,67.95180722891567,2
17,84,1,1,0,1,0,24,1,18,1,85,94,0,2,0,0,87.6,26.0,9,5.529411764705882,-1,2.8,0,14.28,82.67469879518072,2
17,84,1,1,0,1,0,27,3,10,1,84,68,0,2,2,0,87.2,22.0,-16,4.0,-1,2.0,0,14.28,59.53413654618475,2
17,84,1,1,0,1,0,18,0,20,0,88,65,1,0,2,0,78.80000000000001,27.0,-23,3.823529411764706,1,4.0,0,14.28,51.42570281124499,2
17,84,1,1,0,1,0,22,2,18,1,54,90,1,2,0,0,75.2,26.0,36,5.294117647058823,-1,3.8,0,14.28,67.95180722891567,2
17,84,2,0,1,1,0,24,1,18,1,85,94,0,2,0,0,77.6,26.0,9,5.529411764705882,1,2.8,2,14.28,73.23694779116467,2
17,84,2,0,1,1,0,27,3,10,1,84,68,0,2,2,0,77.2,22.0,-16,4.0,1,2.0,2,14.28,52.70682730923696,2
17,84,2,0,1,1,0,18,0,20,0,88,65,1,0,2,0,68.80000000000001,27.0,-23,3.823529411764706,3,4.0,2,14.28,44.89959839357431,2
17,84,2,0,1,1,0,22,2,18,1,54,90,1,2,0,0,65.2,26.0,36,5.294117647058823,1,3.8,2,14.28,58.915662650602414,2
17,84,2,1,1,1,0,24,1,18,1,85,94,0,2,0,0,87.6,26.0,9,5.529411764705882,1,2.8,2,14.28,82.67469879518072,2
17,84,2,1,1,1,0,27,3,10,1,84,68,0,2,2,0,87.2,22.0,-16,4.0,1,2.0,2,14.28,59.53413654618475,2
17,84,2,1,1,1,0,18,0,20,0,88,65,1,0,2,0,78.80000000000001,27.0,-23,3.823529411764706,3,4.0,2,14.28,51.42570281124499,2
17,84,2,1,1,1,0,22,2,18,1,54,90,1,2,0,0,75.2,26.0,36,5.294117647058823,1,3.8,2,14.28,67.95180722891567,2
14,85,1,0,0,1,1,19,1,4,1,58,56,1,0,2,0,67.2,16.0,-2,4.0,1,2.4,0,11.9,37.78313253012048,2
14,85,1,0,0,1,1,23,0,4,0,88,65,1,2,2,0,69.2,16.0,-23,4.642857142857143,-1,2.4,0,11.9,45.160642570281134,2
14,85,1,0,0,1,1,19,3,6,0,73,87,1,2,0,0,63.2,17.0,14,6.214285714285714,-1,2.6,0,11.9,55.20481927710844,2
14,85,1,1,0,1,1,19,1,4,1,58,56,1,0,2,0,77.2,16.0,-2,4.0,1,2.4,0,11.9,43.405622489959846,2
14,85,1,1,0,1,1,23,0,4,0,88,65,1,2,2,0,79.2,16.0,-23,4.642857142857143,-1,2.4,0,11.9,51.686746987951814,2
14,85,1,1,0,1,1,19,3,6,0,73,87,1,2,0,0,73.2,17.0,14,6.214285714285714,-1,2.6,0,11.9,63.93975903614458,2
14,85,2,1,1,1,1,19,1,4,1,58,56,1,0,2,0,77.2,16.0,-2,4.0,3,2.4,2,11.9,43.405622489959846,2
14,85,2,1,1,1,1,23,0,4,0,88,65,1,2,2,0,79.2,16.0,-23,4.642857142857143,1,2.4,2,11.9,51.686746987951814,2
14,85,2,1,1,1,1,19,3,6,0,73,87,1,2,0,0,73.2,17.0,14,6.214285714285714,1,2.6,2,11.9,63.93975903614458,2
14,85,0,1,1,1,1,19,1,4,1,58,56,1,0,2,0,77.2,16.0,-2,4.0,1,2.4,0,11.9,43.405622489959846,2
14,85,0,1,1,1,1,23,0,4,0,88,65,1,2,2,0,79.2,16.0,-23,4.642857142857143,-1,2.4,0,11.9,51.686746987951814,2
14,85,0,1,1,1,1,19,3,6,0,73,87,1,2,0,0,73.2,17.0,14,6.214285714285714,-1,2.6,0,11.9,63.93975903614458,2
14,85,1,0,1,1,1,19,1,4,1,58,56,1,0,2,0,67.2,16.0,-2,4.0,2,2.4,1,11.9,37.78313253012048,2
14,85,1,0,1,1,1,23,0,4,0,88,65,1,2,2,0,69.2,16.0,-23,4.642857142857143,0,2.4,1,11.9,45.160642570281134,2
14,85,1,0,1,1,1,19,3,6,0,73,87,1,2,0,0,63.2,17.0,14,6.214285714285714,0,2.6,1,11.9,55.20481927710844,2
10,89,0,1,0,1,1,20,2,17,1,70,58,0,0,2,0,83.6,18.5,-12,5.8,0,2.7,0,8.9,48.68273092369478,2
10,89,0,1,0,1,1,27,3,20,0,82,57,1,0,2,0,78.4,20.0,-25,5.7,0,4.0,0,8.9,44.86746987951808,2
10,89,0,1,0,1,1,21,3,13,1,62,94,1,0,0,0,80.4,16.5,32,9.4,0,3.3,0,8.9,75.87951807228917,2
10,89,1,1,1,1,1,20,2,17,1,70,58,0,0,2,0,83.6,18.5,-12,5.8,2,2.7,1,8.9,48.68273092369478,2
10,89,1,1,1,1,1,27,3,20,0,82,57,1,0,2,0,78.4,20.0,-25,5.7,2,4.0,1,8.9,44.86746987951808,2
10,89,1,1,1,1,1,21,3,13,1,62,94,1,0,0,0,80.4,16.5,32,9.4,2,3.3,1,8.9,75.87951807228917,2
16,95,0,1,0,1,0,23,1,1,0,91,59,1,2,2,0,84.4,16.5,-32,3.6875,-2,2.1,0,15.2,49.99598393574298,2
16,95,0,1,0,1,0,29,2,18,0,66,89,0,1,0,0,74.4,25.0,23,5.5625,-1,2.8,0,15.2,66.48192771084338,2
16,95,0,0,0,1,0,23,1,1,0,91,59,1,2,2,0,74.4,16.5,-32,3.6875,-2,2.1,0,15.2,44.07228915662651,2
16,95,0,0,0,1,0,29,2,18,0,66,89,0,1,0,0,64.4,25.0,23,5.5625,-1,2.8,0,15.2,57.54618473895583,2
16,95,1,1,2,1,0,23,1,1,0,91,59,1,2,2,0,84.4,16.5,-32,3.6875,1,2.1,2,15.2,49.99598393574298,2
16,95,1,1,2,1,0,29,2,18,0,66,89,0,1,0,0,74.4,25.0,23,5.5625,2,2.8,2,15.2,66.48192771084338,2
16,95,0,0,1,1,0,23,1,1,0,91,59,1,2,2,0,74.4,16.5,-32,3.6875,-1,2.1,0,15.2,44.07228915662651,2
16,95,0,0,1,1,0,29,2,18,0,66,89,0,1,0,0,64.4,25.0,23,5.5625,0,2.8,0,15.2,57.54618473895583,2
15,63,0,0,0,1,0,28,2,12,1,93,78,1,1,1,0,72.4,21.0,-15,5.2,-1,3.2,0,9.45,56.6987951807229,2
9,79,0,0,2,1,1,23,1,0,0,69,53,1,1,3,0,59.2,9.0,-16,5.888888888888889,1,2.0,0,7.11,31.50200803212852,2
9,79,0,0,2,1,1,19,1,10,1,91,58,1,1,2,0,78.0,14.0,-33,6.444444444444445,1,3.0,0,7.11,45.42168674698796,2
9,79,0,0,2,1,1,24,1,10,0,81,66,1,1,2,0,64.0,14.0,-15,7.333333333333333,1,3.0,0,7.11,42.40963855421687,2
10,81,2,1,1,1,0,23,1,4,0,64,82,0,2,1,0,68.0,12.0,18,8.2,1,1.4,2,8.100000000000001,55.983935742971894,2
10,81,2,1,1,1,0,21,1,20,1,90,94,1,2,0,0,88.4,20.0,4,9.4,1,4.0,2,8.100000000000001,83.42971887550202,2
10,81,2,1,1,1,0,27,3,1,1,52,50,1,0,3,0,73.2,10.5,-2,5.0,3,2.1,2,8.100000000000001,36.74698795180723,2
10,81,2,1,1,1,0,29,1,20,0,93,61,0,1,2,0,79.6,20.0,-32,6.1,2,3.0,2,8.100000000000001,48.75100401606425,2
20,93,2,1,1,1,1,23,1,5,1,55,99,1,0,0,0,79.2,22.5,44,4.95,3,2.5,2,18.6,78.72289156626508,2
20,93,1,1,0,1,1,23,1,5,1,55,99,1,0,0,0,79.2,22.5,44,4.95,1,2.5,0,18.6,78.72289156626508,2
20,93,0,1,1,1,1,23,1,5,1,55,99,1,0,0,0,79.2,22.5,44,4.95,1,2.5,0,18.6,78.72289156626508,2
20,93,1,1,1,1,1,23,1,5,1,55,99,1,0,0,0,79.2,22.5,44,4.95,2,2.5,1,18.6,78.72289156626508,2
20,93,2,0,1,1,1,23,1,5,1,55,99,1,0,0,0,69.2,22.5,44,4.95,3,2.5,2,18.6,68.7831325301205,2
20,93,1,0,2,1,1,23,1,5,1,55,99,1,0,0,0,69.2,22.5,44,4.95,3,2.5,2,18.6,68.7831325301205,2
20,93,0,0,1,1,1,23,1,5,1,55,99,1,0,0,0,69.2,22.5,44,4.95,1,2.5,0,18.6,68.7831325301205,2
10,62,0,0,2,1,1,27,1,13,0,97,51,1,1,3,1,63.60000000000001,16.5,-46,5.1,1,3.3,0,6.2,32.56626506024097,2
10,62,0,0,2,1,1,20,1,0,1,60,68,1,2,2,0,58.8,10.0,8,6.8,0,2.0,0,6.2,40.144578313253014,2
10,62,0,0,2,1,1,20,2,15,1,95,83,0,1,1,1,72.8,17.5,-12,8.3,1,2.5,0,6.2,60.666666666666664,2
10,62,0,0,2,1,1,24,1,10,0,98,65,0,1,2,1,64.0,15.0,-33,6.5,1,2.0,0,6.2,41.76706827309237,2
10,62,0,0,2,1,1,23,2,14,0,79,59,1,2,2,0,56.400000000000006,17.0,-20,5.9,0,3.4000000000000004,0,6.2,33.40963855421687,2
10,62,1,0,2,1,1,27,1,13,0,97,51,1,1,3,1,63.60000000000001,16.5,-46,5.1,2,3.3,2,6.2,32.56626506024097,2
10,62,1,0,2,1,1,20,1,0,1,60,68,1,2,2,0,58.8,10.0,8,6.8,1,2.0,2,6.2,40.144578313253014,2
10,62,1,0,2,1,1,20,2,15,1,95,83,0,1,1,1,72.8,17.5,-12,8.3,2,2.5,2,6.2,60.666666666666664,2
10,62,1,0,2,1,1,24,1,10,0,98,65,0,1,2,1,64.0,15.0,-33,6.5,2,2.0,2,6.2,41.76706827309237,2
10,62,1,0,2,1,1,23,2,14,0,79,59,1,2,2,0,56.400000000000006,17.0,-20,5.9,1,3.4000000000000004,2,6.2,33.40963855421687,2
10,62,2,0,1,1,1,27,1,13,0,97,51,1,1,3,1,63.60000000000001,16.5,-46,5.1,2,3.3,2,6.2,32.56626506024097,2
10,62,2,0,1,1,1,20,1,0,1,60,68,1,2,2,0,58.8,10.0,8,6.8,1,2.0,2,6.2,40.144578313253014,2
10,62,2,0,1,1,1,20,2,15,1,95,83,0,1,1,1,72.8,17.5,-12,8.3,2,2.5,2,6.2,60.666666666666664,2
10,62,2,0,1,1,1,24,1,10,0,98,65,0,1,2,1,64.0,15.0,-33,6.5,2,2.0,2,6.2,41.76706827309237,2
10,62,2,0,1,1,1,23,2,14,0,79,59,1,2,2,0,56.400000000000006,17.0,-20,5.9,1,3.4000000000000004,2,6.2,33.40963855421687,2
13,93,0,1,2,1,1,23,3,1,0,99,53,1,2,3,0,86.80000000000001,13.5,-46,4.076923076923077,0,2.1,0,12.09,46.18875502008033,2
13,93,0,1,2,1,1,23,3,9,1,94,75,1,0,1,0,94.80000000000001,17.5,-19,5.769230769230769,2,2.9,0,12.09,71.38554216867472,2
13,93,0,1,2,1,1,23,3,4,1,58,96,1,2,0,0,80.4,15.0,38,7.384615384615385,0,2.4,0,12.09,77.49397590361447,2
13,93,2,1,1,1,1,23,3,1,0,99,53,1,2,3,0,86.80000000000001,13.5,-46,4.076923076923077,1,2.1,2,12.09,46.18875502008033,2
13,93,2,1,1,1,1,23,3,9,1,94,75,1,0,1,0,94.80000000000001,17.5,-19,5.769230769230769,3,2.9,2,12.09,71.38554216867472,2
13,93,2,1,1,1,1,23,3,4,1,58,96,1,2,0,0,80.4,15.0,38,7.384615384615385,1,2.4,2,12.09,77.49397590361447,2
13,93,2,0,0,1,1,23,3,1,0,99,53,1,2,3,0,76.80000000000001,13.5,-46,4.076923076923077,0,2.1,0,12.09,40.86746987951808,2
13,93,2,0,0,1,1,23,3,9,1,94,75,1,0,1,0,84.80000000000001,17.5,-19,5.769230769230769,2,2.9,0,12.09,63.855421686747,2
13,93,2,0,0,1,1,23,3,4,1,58,96,1,2,0,0,70.4,15.0,38,7.384615384615385,0,2.4,0,12.09,67.85542168674701,2
13,93,2,0,0,1,1,29,1,15,1,89,41,0,1,3,0,82.80000000000001,20.5,-48,3.1538461538461537,1,2.5,0,12.09,34.08433734939759,2
15,84,2,0,0,1,1,26,1,15,0,59,95,1,2,0,0,57.2,22.5,36,6.333333333333333,0,3.5,0,12.6,54.55823293172691,2
15,84,2,0,0,1,1,19,0,4,1,82,79,0,2,1,0,76.4,17.0,-3,5.266666666666667,0,1.4,0,12.6,60.5983935742972,2
15,84,2,0,0,1,1,26,2,10,0,74,65,0,1,2,0,63.2,20.0,-9,4.333333333333333,1,2.0,0,12.6,41.24497991967872,2
15,84,2,0,0,1,1,22,1,12,1,54,69,1,1,2,0,65.2,21.0,15,4.6,1,3.2,0,12.6,45.168674698795186,2
15,84,1,0,1,1,1,26,1,15,0,59,95,1,2,0,0,57.2,22.5,36,6.333333333333333,0,3.5,1,12.6,54.55823293172691,2
15,84,1,0,1,1,1,19,0,4,1,82,79,0,2,1,0,76.4,17.0,-3,5.266666666666667,0,1.4,1,12.6,60.5983935742972,2
15,84,1,0,1,1,1,26,2,10,0,74,65,0,1,2,0,63.2,20.0,-9,4.333333333333333,1,2.0,1,12.6,41.24497991967872,2
15,84,1,0,1,1,1,22,1,12,1,54,69,1,1,2,0,65.2,21.0,15,4.6,1,3.2,1,12.6,45.168674698795186,2
15,84,0,1,1,1,1,26,1,15,0,59,95,1,2,0,0,67.2,22.5,36,6.333333333333333,-1,3.5,0,12.6,64.09638554216868,2
15,84,0,1,1,1,1,19,0,4,1,82,79,0,2,1,0,86.4,17.0,-3,5.266666666666667,-1,1.4,0,12.6,68.53012048192772,2
15,84,0,1,1,1,1,26,2,10,0,74,65,0,1,2,0,73.2,20.0,-9,4.333333333333333,0,2.0,0,12.6,47.7710843373494,2
15,84,0,1,1,1,1,22,1,12,1,54,69,1,1,2,0,75.2,21.0,15,4.6,0,3.2,0,12.6,52.096385542168676,2
18,67,0,1,0,1,1,19,0,12,0,76,100,1,2,0,0,67.2,24.0,24,5.555555555555555,-2,3.2,0,12.06,67.46987951807229,2
18,67,2,1,1,1,1,19,0,12,0,76,100,1,2,0,0,67.2,24.0,24,5.555555555555555,1,3.2,2,12.06,67.46987951807229,2
18,67,0,0,0,1,1,19,0,12,0,76,100,1,2,0,0,57.2,24.0,24,5.555555555555555,-2,3.2,0,12.06,57.42971887550201,2
18,67,1,0,2,1,1,19,0,12,0,76,100,1,2,0,0,57.2,24.0,24,5.555555555555555,1,3.2,2,12.06,57.42971887550201,2
18,67,1,1,2,1,1,19,0,12,0,76,100,1,2,0,0,67.2,24.0,24,5.555555555555555,1,3.2,2,12.06,67.46987951807229,2
17,99,2,0,1,1,1,27,2,16,1,99,74,1,2,1,0,89.2,25.0,-25,4.352941176470588,1,3.6,2,16.83,66.27309236947791,2
17,99,1,0,0,1,1,27,2,16,1,99,74,1,2,1,0,89.2,25.0,-25,4.352941176470588,-1,3.6,0,16.83,66.27309236947791,2
17,99,1,1,1,1,1,27,2,16,1,99,74,1,2,1,0,99.2,25.0,-25,4.352941176470588,0,3.6,1,16.83,73.70281124497993,2
13,69,0,0,1,1,1,25,2,15,0,66,77,0,2,1,0,54.0,20.5,11,5.923076923076923,-1,2.5,0,8.969999999999999,41.746987951807235,2
13,69,0,0,1,1,1,19,3,15,1,91,75,1,0,1,0,74.0,20.5,-16,5.769230769230769,1,3.5,0,8.969999999999999,55.72289156626506,2
13,69,0,0,1,1,1,25,1,17,0,62,55,1,2,2,0,52.400000000000006,21.5,-7,4.230769230769231,-1,3.7,0,8.969999999999999,28.935742971887557,2
13,69,2,0,0,1,1,25,2,15,0,66,77,0,2,1,0,54.0,20.5,11,5.923076923076923,0,2.5,0,8.969999999999999,41.746987951807235,2
13,69,2,0,0,1,1,19,3,15,1,91,75,1,0,1,0,74.0,20.5,-16,5.769230769230769,2,3.5,0,8.969999999999999,55.72289156626506,2
13,69,2,0,0,1,1,25,1,17,0,62,55,1,2,2,0,52.400000000000006,21.5,-7,4.230769230769231,0,3.7,0,8.969999999999999,28.935742971887557,2
5,84,1,1,2,1,1,20,2,17,1,74,65,1,2,2,0,83.2,13.5,-9,13.0,1,3.7,2,4.2,54.29718875502009,2
19,76,2,1,0,1,1,21,2,11,0,72,90,1,1,0,0,69.2,24.5,18,4.7368421052631575,1,3.1,0,14.44,62.53012048192772,2
19,76,0,0,1,1,1,21,2,11,0,72,90,1,1,0,0,59.2,24.5,18,4.7368421052631575,0,3.1,0,14.44,53.49397590361446,2
19,76,1,1,1,1,1,21,2,11,0,72,90,1,1,0,0,69.2,24.5,18,4.7368421052631575,1,3.1,1,14.44,62.53012048192772,2
19,76,0,1,1,1,1,21,2,11,0,72,90,1,1,0,0,69.2,24.5,18,4.7368421052631575,0,3.1,0,14.44,62.53012048192772,2
18,95,1,1,0,1,1,29,2,19,1,53,99,0,2,0,0,79.2,27.5,46,5.5,-1,2.9000000000000004,0,17.099999999999998,78.72289156626508,2
18,95,1,1,2,1,1,29,2,19,1,53,99,0,2,0,0,79.2,27.5,46,5.5,1,2.9000000000000004,2,17.099999999999998,78.72289156626508,2
18,95,2,0,1,1,1,29,2,19,1,53,99,0,2,0,0,69.2,27.5,46,5.5,1,2.9000000000000004,2,17.099999999999998,68.7831325301205,2
18,95,2,1,2,1,1,29,2,19,1,53,99,0,2,0,0,79.2,27.5,46,5.5,2,2.9000000000000004,4,17.099999999999998,78.72289156626508,2
17,91,1,0,2,1,1,23,3,19,0,94,81,1,2,1,0,74.0,26.5,-13,4.764705882352941,1,3.9000000000000004,2,15.47,60.18072289156627,2
17,91,1,0,2,1,1,28,2,9,0,54,75,1,2,1,0,58.0,21.5,21,4.411764705882353,1,2.9,2,15.47,43.674698795180724,2
17,91,1,1,1,1,1,23,3,19,0,94,81,1,2,1,0,84.0,26.5,-13,4.764705882352941,0,3.9000000000000004,1,15.47,68.3132530120482,2
17,91,1,1,1,1,1,28,2,9,0,54,75,1,2,1,0,68.0,21.5,21,4.411764705882353,0,2.9,1,15.47,51.204819277108435,2
17,91,0,1,0,1,1,23,3,19,0,94,81,1,2,1,0,84.0,26.5,-13,4.764705882352941,-2,3.9000000000000004,0,15.47,68.3132530120482,2
17,91,0,1,0,1,1,28,2,9,0,54,75,1,2,1,0,68.0,21.5,21,4.411764705882353,-2,2.9,0,15.47,51.204819277108435,2
17,91,0,1,1,1,1,23,3,19,0,94,81,1,2,1,0,84.0,26.5,-13,4.764705882352941,-1,3.9000000000000004,0,15.47,68.3132530120482,2
17,91,0,1,1,1,1,28,2,9,0,54,75,1,2,1,0,68.0,21.5,21,4.411764705882353,-1,2.9,0,15.47,51.204819277108435,2
18,73,0,1,1,1,0,28,0,6,1,63,78,1,0,1,0,74.4,21.0,15,4.333333333333333,1,2.6,0,13.14,58.26506024096386,2
18,73,0,1,1,1,0,29,1,4,1,92,78,1,0,1,0,86.0,20.0,-14,4.333333333333333,1,2.4,0,13.14,67.34939759036145,2
18,73,0,1,1,1,0,24,3,19,1,77,91,1,0,0,0,80.0,27.5,14,5.055555555555555,1,3.9000000000000004,0,13.14,73.09236947791165,2
18,73,2,1,2,1,0,28,0,6,1,63,78,1,0,1,0,74.4,21.0,15,4.333333333333333,4,2.6,4,13.14,58.26506024096386,2
18,73,2,1,2,1,0,29,1,4,1,92,78,1,0,1,0,86.0,20.0,-14,4.333333333333333,4,2.4,4,13.14,67.34939759036145,2
18,73,2,1,2,1,0,24,3,19,1,77,91,1,0,0,0,80.0,27.5,14,5.055555555555555,4,3.9000000000000004,4,13.14,73.09236947791165,2
18,73,1,0,1,1,0,28,0,6,1,63,78,1,0,1,0,64.4,21.0,15,4.333333333333333,2,2.6,1,13.14,50.43373493975904,2
18,73,1,0,1,1,0,29,1,4,1,92,78,1,0,1,0,76.0,20.0,-14,4.333333333333333,2,2.4,1,13.14,59.51807228915663,2
18,73,1,0,1,1,0,24,3,19,1,77,91,1,0,0,0,70.0,27.5,14,5.055555555555555,2,3.9000000000000004,1,13.14,63.9558232931727,2
18,73,1,1,1,1,0,28,0,6,1,63,78,1,0,1,0,74.4,21.0,15,4.333333333333333,2,2.6,1,13.14,58.26506024096386,2
18,73,1,1,1,1,0,29,1,4,1,92,78,1,0,1,0,86.0,20.0,-14,4.333333333333333,2,2.4,1,13.14,67.34939759036145,2
18,73,1,1,1,1,0,24,3,19,1,77,91,1,0,0,0,80.0,27.5,14,5.055555555555555,2,3.9000000000000004,1,13.14,73.09236947791165,2
8,86,2,0,2,1,1,23,0,19,1,68,69,1,2,2,0,71.6,17.5,1,8.625,2,3.9000000000000004,4,6.88,49.602409638554214,2
8,86,2,0,2,1,1,28,1,15,1,90,90,0,2,0,0,80.4,15.5,0,11.25,2,2.5,4,6.88,72.65060240963857,2
8,86,2,0,2,1,1,25,0,9,1,85,91,1,1,0,0,78.4,12.5,6,11.375,3,2.9,4,6.88,71.63052208835343,2
8,86,0,1,0,1,1,23,0,19,1,68,69,1,2,2,0,81.6,17.5,1,8.625,-2,3.9000000000000004,0,6.88,56.53012048192771,2
8,86,0,1,0,1,1,28,1,15,1,90,90,0,2,0,0,90.4,15.5,0,11.25,-2,2.5,0,6.88,81.6867469879518,2
8,86,0,1,0,1,1,25,0,9,1,85,91,1,1,0,0,88.4,12.5,6,11.375,-1,2.9,0,6.88,80.76706827309238,2
14,94,1,0,1,1,1,19,2,18,0,95,65,1,0,2,0,75.6,23.0,-30,4.642857142857143,2,3.8,1,13.16,49.33734939759036,2
14,94,1,0,2,1,1,19,2,18,0,95,65,1,0,2,0,75.6,23.0,-30,4.642857142857143,3,3.8,2,13.16,49.33734939759036,2
14,94,1,1,2,1,1,19,2,18,0,95,65,1,0,2,0,85.6,23.0,-30,4.642857142857143,3,3.8,2,13.16,55.863453815261046,2
9,84,0,0,2,1,1,28,3,18,1,95,95,0,1,0,0,81.6,18.0,0,10.555555555555555,1,2.8,0,7.56,77.83132530120481,2
9,84,0,0,2,1,1,25,2,9,1,66,82,1,0,1,0,70.0,13.5,16,9.11111111111111,2,2.9,0,7.56,57.63052208835342,2
9,84,2,1,2,1,1,28,3,18,1,95,95,0,1,0,0,91.6,18.0,0,10.555555555555555,3,2.8,4,7.56,87.36947791164658,2
9,84,2,1,2,1,1,25,2,9,1,66,82,1,0,1,0,80.0,13.5,16,9.11111111111111,4,2.9,4,7.56,65.86345381526104,2
9,84,1,0,1,1,1,28,3,18,1,95,95,0,1,0,0,81.6,18.0,0,10.555555555555555,1,2.8,1,7.56,77.83132530120481,2
9,84,1,0,1,1,1,25,2,9,1,66,82,1,0,1,0,70.0,13.5,16,9.11111111111111,2,2.9,1,7.56,57.63052208835342,2
7,86,0,0,1,1,0,26,1,8,1,76,40,0,1,3,0,74.8,11.0,-36,5.714285714285714,0,1.8,0,6.02,30.04016064257028,2
18,84,2,0,1,1,0,20,3,19,1,79,98,0,0,0,0,75.2,27.5,19,5.444444444444445,3,2.9000000000000004,2,15.12,73.99196787148595,2
18,84,2,0,1,1,0,23,0,10,1,60,82,1,2,1,0,67.6,23.0,22,4.555555555555555,1,3.0,2,15.12,55.65461847389558,2
18,84,1,1,1,1,0,20,3,19,1,79,98,0,0,0,0,85.2,27.5,19,5.444444444444445,2,2.9000000000000004,1,15.12,83.83132530120483,2
18,84,1,1,1,1,0,23,0,10,1,60,82,1,2,1,0,77.6,23.0,22,4.555555555555555,0,3.0,1,15.12,63.88755020080322,2
18,84,2,1,0,1,0,20,3,19,1,79,98,0,0,0,0,85.2,27.5,19,5.444444444444445,2,2.9000000000000004,0,15.12,83.83132530120483,2
18,84,2,1,0,1,0,23,0,10,1,60,82,1,2,1,0,77.6,23.0,22,4.555555555555555,0,3.0,0,15.12,63.88755020080322,2
18,84,0,0,1,1,0,20,3,19,1,79,98,0,0,0,0,75.2,27.5,19,5.444444444444445,1,2.9000000000000004,0,15.12,73.99196787148595,2
18,84,0,0,1,1,0,23,0,10,1,60,82,1,2,1,0,67.6,23.0,22,4.555555555555555,-1,3.0,0,15.12,55.65461847389558,2
18,84,0,1,0,1,0,20,3,19,1,79,98,0,0,0,0,85.2,27.5,19,5.444444444444445,0,2.9000000000000004,0,15.12,83.83132530120483,2
18,84,0,1,0,1,0,23,0,10,1,60,82,1,2,1,0,77.6,23.0,22,4.555555555555555,-2,3.0,0,15.12,63.88755020080322,2
15,89,1,1,0,1,1,29,2,4,0,54,64,1,2,2,0,67.2,17.0,10,4.266666666666667,-1,2.4,0,13.35,43.18072289156627,2
15,89,0,0,0,1,1,29,2,4,0,54,64,1,2,2,0,57.2,17.0,10,4.266666666666667,-2,2.4,0,13.35,36.75502008032129,2
15,89,2,1,0,1,1,29,2,4,0,54,64,1,2,2,0,67.2,17.0,10,4.266666666666667,0,2.4,0,13.35,43.18072289156627,2
15,89,0,1,0,1,1,29,2,4,0,54,64,1,2,2,0,67.2,17.0,10,4.266666666666667,-2,2.4,0,13.35,43.18072289156627,2
15,89,0,0,2,1,1,29,2,4,0,54,64,1,2,2,0,57.2,17.0,10,4.266666666666667,0,2.4,0,13.35,36.75502008032129,2
15,89,1,1,2,1,1,29,2,4,0,54,64,1,2,2,0,67.2,17.0,10,4.266666666666667,1,2.4,2,13.35,43.18072289156627,2
15,89,1,0,0,1,1,29,2,4,0,54,64,1,2,2,0,57.2,17.0,10,4.266666666666667,-1,2.4,0,13.35,36.75502008032129,2
15,89,0,0,1,1,1,29,2,4,0,54,64,1,2,2,0,57.2,17.0,10,4.266666666666667,-1,2.4,0,13.35,36.75502008032129,2
17,88,1,1,1,1,0,29,1,9,1,57,73,1,1,1,0,78.0,21.5,16,4.294117647058823,1,2.9,1,14.96,57.168674698795186,2
17,88,1,1,1,1,0,21,3,19,0,65,74,1,2,1,0,71.2,26.5,9,4.352941176470588,0,3.9000000000000004,1,14.96,52.89959839357431,2
17,88,1,0,1,1,0,29,1,9,1,57,73,1,1,1,0,68.0,21.5,16,4.294117647058823,1,2.9,1,14.96,49.83935742971888,2
17,88,1,0,1,1,0,21,3,19,0,65,74,1,2,1,0,61.2,26.5,9,4.352941176470588,0,3.9000000000000004,1,14.96,45.4698795180723,2
17,88,2,1,1,1,0,29,1,9,1,57,73,1,1,1,0,78.0,21.5,16,4.294117647058823,2,2.9,2,14.96,57.168674698795186,2
17,88,2,1,1,1,0,21,3,19,0,65,74,1,2,1,0,71.2,26.5,9,4.352941176470588,1,3.9000000000000004,2,14.96,52.89959839357431,2
14,98,2,0,1,1,1,29,0,6,0,78,43,0,2,3,0,70.4,17.0,-35,3.0714285714285716,1,1.6,2,13.719999999999999,30.39357429718876,2
14,98,2,0,1,1,1,18,3,2,0,83,91,1,2,0,0,72.4,15.0,8,6.5,1,2.2,2,13.719999999999999,66.14859437751005,2
14,98,2,0,1,1,1,24,0,4,0,96,69,0,2,2,0,77.60000000000001,16.0,-27,4.928571428571429,1,1.4,2,13.719999999999999,53.759036144578324,2
14,98,2,1,1,1,1,29,0,6,0,78,43,0,2,3,0,80.4,17.0,-35,3.0714285714285716,1,1.6,2,13.719999999999999,34.71084337349398,2
14,98,2,1,1,1,1,18,3,2,0,83,91,1,2,0,0,82.4,15.0,8,6.5,1,2.2,2,13.719999999999999,75.285140562249,2
14,98,2,1,1,1,1,24,0,4,0,96,69,0,2,2,0,87.60000000000001,16.0,-27,4.928571428571429,1,1.4,2,13.719999999999999,60.68674698795182,2
14,98,1,1,2,1,1,29,0,6,0,78,43,0,2,3,0,80.4,17.0,-35,3.0714285714285716,1,1.6,2,13.719999999999999,34.71084337349398,2
14,98,1,1,2,1,1,18,3,2,0,83,91,1,2,0,0,82.4,15.0,8,6.5,1,2.2,2,13.719999999999999,75.285140562249,2
14,98,1,1,2,1,1,24,0,4,0,96,69,0,2,2,0,87.60000000000001,16.0,-27,4.928571428571429,1,1.4,2,13.719999999999999,60.68674698795182,2
14,98,1,1,0,1,1,29,0,6,0,78,43,0,2,3,0,80.4,17.0,-35,3.0714285714285716,-1,1.6,0,13.719999999999999,34.71084337349398,2
14,98,1,1,0,1,1,18,3,2,0,83,91,1,2,0,0,82.4,15.0,8,6.5,-1,2.2,0,13.719999999999999,75.285140562249,2
14,98,1,1,0,1,1,24,0,4,0,96,69,0,2,2,0,87.60000000000001,16.0,-27,4.928571428571429,-1,1.4,0,13.719999999999999,60.68674698795182,2
14,98,2,1,2,1,1,29,0,6,0,78,43,0,2,3,0,80.4,17.0,-35,3.0714285714285716,2,1.6,4,13.719999999999999,34.71084337349398,2
14,98,2,1,2,1,1,18,3,2,0,83,91,1,2,0,0,82.4,15.0,8,6.5,2,2.2,4,13.719999999999999,75.285140562249,2
14,98,2,1,2,1,1,24,0,4,0,96,69,0,2,2,0,87.60000000000001,16.0,-27,4.928571428571429,2,1.4,4,13.719999999999999,60.68674698795182,2
17,93,0,0,1,1,1,19,3,13,1,74,83,1,2,1,0,76.80000000000001,23.5,9,4.882352941176471,-1,3.3,0,15.81,64.00000000000001,2
17,93,1,1,2,1,1,19,3,13,1,74,83,1,2,1,0,86.80000000000001,23.5,9,4.882352941176471,1,3.3,2,15.81,72.33333333333334,2
17,93,1,1,0,1,1,19,3,13,1,74,83,1,2,1,0,86.80000000000001,23.5,9,4.882352941176471,-1,3.3,0,15.81,72.33333333333334,2
17,93,1,0,0,1,1,19,3,13,1,74,83,1,2,1,0,76.80000000000001,23.5,9,4.882352941176471,-1,3.3,0,15.81,64.00000000000001,2
17,93,0,1,0,1,1,19,3,13,1,74,83,1,2,1,0,86.80000000000001,23.5,9,4.882352941176471,-2,3.3,0,15.81,72.33333333333334,2
14,68,1,1,1,1,0,28,2,8,1,51,81,0,2,1,0,67.60000000000001,18.0,30,5.785714285714286,0,1.8,1,9.520000000000001,54.97590361445784,2
14,68,1,1,1,1,0,24,1,5,0,81,98,0,2,0,0,69.6,16.5,17,7.0,0,1.5,1,9.520000000000001,68.48192771084338,2
14,68,1,1,1,1,0,23,1,9,0,62,84,1,0,1,0,62.0,18.5,22,6.0,2,2.9,1,9.520000000000001,52.28915662650603,2
14,68,1,1,2,1,0,28,2,8,1,51,81,0,2,1,0,67.60000000000001,18.0,30,5.785714285714286,1,1.8,2,9.520000000000001,54.97590361445784,2
14,68,1,1,2,1,0,24,1,5,0,81,98,0,2,0,0,69.6,16.5,17,7.0,1,1.5,2,9.520000000000001,68.48192771084338,2
14,68,1,1,2,1,0,23,1,9,0,62,84,1,0,1,0,62.0,18.5,22,6.0,3,2.9,2,9.520000000000001,52.28915662650603,2
14,68,2,1,0,1,0,28,2,8,1,51,81,0,2,1,0,67.60000000000001,18.0,30,5.785714285714286,0,1.8,0,9.520000000000001,54.97590361445784,2
14,68,2,1,0,1,0,24,1,5,0,81,98,0,2,0,0,69.6,16.5,17,7.0,0,1.5,0,9.520000000000001,68.48192771084338,2
14,68,2,1,0,1,0,23,1,9,0,62,84,1,0,1,0,62.0,18.5,22,6.0,2,2.9,0,9.520000000000001,52.28915662650603,2
13,99,1,1,1,1,1,19,3,4,0,99,47,1,0,3,0,89.2,15.0,-52,3.6153846153846154,2,2.4,1,12.87,42.092369477911646,2
13,99,1,1,1,1,1,26,1,1,1,71,85,0,1,0,0,88.0,13.5,14,6.538461538461538,1,1.1,1,12.87,75.1004016064257,2
13,99,1,1,1,1,1,29,0,7,1,52,77,1,1,1,0,80.4,16.5,25,5.923076923076923,1,2.7,1,12.87,62.15662650602411,2
13,99,1,1,1,1,1,20,2,6,0,83,58,0,1,2,0,82.80000000000001,16.0,-25,4.461538461538462,1,1.6,1,12.87,48.216867469879524,2
13,99,1,1,1,1,1,20,1,15,0,76,96,1,0,0,0,80.0,20.5,20,7.384615384615385,2,3.5,1,12.87,77.10843373493975,2
13,99,1,1,1,1,1,20,1,10,1,92,58,1,2,2,0,96.4,18.0,-34,4.461538461538462,0,3.0,1,12.87,56.13654618473897,2
13,99,1,1,1,1,1,20,1,6,1,73,71,1,1,1,0,88.80000000000001,16.0,-2,5.461538461538462,1,2.6,1,12.87,63.301204819277125,2
13,99,2,0,1,1,1,19,3,4,0,99,47,1,0,3,0,79.2,15.0,-52,3.6153846153846154,3,2.4,2,12.87,37.37349397590362,2
13,99,2,0,1,1,1,26,1,1,1,71,85,0,1,0,0,78.0,13.5,14,6.538461538461538,2,1.1,2,12.87,66.56626506024097,2
13,99,2,0,1,1,1,29,0,7,1,52,77,1,1,1,0,70.4,16.5,25,5.923076923076923,2,2.7,2,12.87,54.42570281124499,2
13,99,2,0,1,1,1,20,2,6,0,83,58,0,1,2,0,72.80000000000001,16.0,-25,4.461538461538462,2,1.6,2,12.87,42.39357429718876,2
13,99,2,0,1,1,1,20,1,15,0,76,96,1,0,0,0,70.0,20.5,20,7.384615384615385,3,3.5,2,12.87,67.4698795180723,2
13,99,2,0,1,1,1,20,1,10,1,92,58,1,2,2,0,86.4,18.0,-34,4.461538461538462,1,3.0,2,12.87,50.3132530120482,2
13,99,2,0,1,1,1,20,1,6,1,73,71,1,1,1,0,78.80000000000001,16.0,-2,5.461538461538462,2,2.6,2,12.87,56.17269076305222,2
13,99,1,0,2,1,1,19,3,4,0,99,47,1,0,3,0,79.2,15.0,-52,3.6153846153846154,3,2.4,2,12.87,37.37349397590362,2
13,99,1,0,2,1,1,26,1,1,1,71,85,0,1,0,0,78.0,13.5,14,6.538461538461538,2,1.1,2,12.87,66.56626506024097,2
13,99,1,0,2,1,1,29,0,7,1,52,77,1,1,1,0,70.4,16.5,25,5.923076923076923,2,2.7,2,12.87,54.42570281124499,2
13,99,1,0,2,1,1,20,2,6,0,83,58,0,1,2,0,72.80000000000001,16.0,-25,4.461538461538462,2,1.6,2,12.87,42.39357429718876,2
13,99,1,0,2,1,1,20,1,15,0,76,96,1,0,0,0,70.0,20.5,20,7.384615384615385,3,3.5,2,12.87,67.4698795180723,2
13,99,1,0,2,1,1,20,1,10,1,92,58,1,2,2,0,86.4,18.0,-34,4.461538461538462,1,3.0,2,12.87,50.3132530120482,2
13,99,1,0,2,1,1,20,1,6,1,73,71,1,1,1,0,78.80000000000001,16.0,-2,5.461538461538462,2,2.6,2,12.87,56.17269076305222,2
20,81,1,0,0,1,0,28,3,11,0,80,88,1,1,0,0,64.4,25.5,8,4.4,0,3.1,0,16.200000000000003,56.8995983935743,2
13,77,1,1,1,1,1,26,0,2,1,98,99,1,2,0,0,90.0,14.0,1,7.615384615384615,0,2.2,1,10.01,89.45783132530121,2
13,77,1,1,1,1,1,26,0,16,0,66,82,0,2,1,0,67.2,21.0,16,6.3076923076923075,0,2.6,1,10.01,55.32530120481928,2
13,77,1,0,1,1,1,26,0,2,1,98,99,1,2,0,0,80.0,14.0,1,7.615384615384615,0,2.2,1,10.01,79.51807228915662,2
13,77,1,0,1,1,1,26,0,16,0,66,82,0,2,1,0,57.2,21.0,16,6.3076923076923075,0,2.6,1,10.01,47.092369477911646,2
13,77,2,1,0,1,1,26,0,2,1,98,99,1,2,0,0,90.0,14.0,1,7.615384615384615,0,2.2,0,10.01,89.45783132530121,2
13,77,2,1,0,1,1,26,0,16,0,66,82,0,2,1,0,67.2,21.0,16,6.3076923076923075,0,2.6,0,10.01,55.32530120481928,2
13,77,2,0,1,1,1,26,0,2,1,98,99,1,2,0,0,80.0,14.0,1,7.615384615384615,1,2.2,2,10.01,79.51807228915662,2
13,77,2,0,1,1,1,26,0,16,0,66,82,0,2,1,0,57.2,21.0,16,6.3076923076923075,1,2.6,2,10.01,47.092369477911646,2
13,77,2,1,1,1,1,26,0,2,1,98,99,1,2,0,0,90.0,14.0,1,7.615384615384615,1,2.2,2,10.01,89.45783132530121,2
13,77,2,1,1,1,1,26,0,16,0,66,82,0,2,1,0,67.2,21.0,16,6.3076923076923075,1,2.6,2,10.01,55.32530120481928,2
13,77,1,1,0,1,1,26,0,2,1,98,99,1,2,0,0,90.0,14.0,1,7.615384615384615,-1,2.2,0,10.01,89.45783132530121,2
13,77,1,1,0,1,1,26,0,16,0,66,82,0,2,1,0,67.2,21.0,16,6.3076923076923075,-1,2.6,0,10.01,55.32530120481928,2
15,71,2,0,0,1,0,19,0,12,1,87,43,1,1,3,0,73.2,21.0,-44,2.8666666666666667,1,3.2,0,10.649999999999999,31.602409638554217,2
15,71,2,0,1,1,0,19,0,12,1,87,43,1,1,3,0,73.2,21.0,-44,2.8666666666666667,2,3.2,2,10.649999999999999,31.602409638554217,2
17,63,1,0,1,1,0,23,2,19,0,73,79,1,0,1,0,54.400000000000006,26.5,6,4.647058823529412,2,3.9000000000000004,1,10.71,43.14859437751005,2
17,63,1,1,1,1,0,18,0,20,0,76,54,1,1,3,0,65.60000000000001,27.0,-22,3.176470588235294,1,4.0,1,10.71,35.566265060240966,2
17,63,1,1,1,1,0,23,2,19,0,73,79,1,0,1,0,64.4,26.5,6,4.647058823529412,2,3.9000000000000004,1,10.71,51.08032128514056,2
14,64,2,1,0,1,0,20,0,13,1,93,62,1,2,2,0,82.80000000000001,20.5,-31,4.428571428571429,0,3.3,0,8.96,51.5421686746988,2
14,64,2,1,0,1,0,23,0,18,1,51,96,1,2,0,0,66.0,23.0,45,6.857142857142857,0,3.8,0,8.96,63.6144578313253,2
19,93,2,0,1,1,1,27,0,10,1,52,91,0,2,0,0,68.0,24.0,39,4.7894736842105265,1,2.0,2,17.67,62.1285140562249,2
19,93,2,1,1,1,1,27,0,10,1,52,91,0,2,0,0,78.0,24.0,39,4.7894736842105265,1,2.0,2,17.67,71.26506024096386,2
20,62,0,0,2,1,1,24,1,6,0,56,79,1,0,1,0,47.2,23.0,23,3.95,2,2.6,0,12.4,37.43775100401607,2
20,62,1,0,2,1,1,24,1,6,0,56,79,1,0,1,0,47.2,23.0,23,3.95,3,2.6,2,12.4,37.43775100401607,2
10,71,1,1,2,1,0,23,2,1,0,99,59,1,2,2,0,78.0,10.5,-40,5.9,1,2.1,2,7.1,46.20481927710844,2
10,71,1,1,2,1,0,27,1,7,1,76,97,1,2,0,0,78.80000000000001,13.5,21,9.7,1,2.7,2,7.1,76.74297188755021,2
10,71,0,0,0,1,0,23,2,1,0,99,59,1,2,2,0,68.0,10.5,-40,5.9,-2,2.1,0,7.1,40.28112449799197,2
10,71,0,0,0,1,0,27,1,7,1,76,97,1,2,0,0,68.80000000000001,13.5,21,9.7,-2,2.7,0,7.1,67.00401606425704,2
17,72,2,1,0,1,1,27,3,8,0,94,75,1,2,1,0,76.4,21.0,-19,4.411764705882353,0,2.8,0,12.24,57.53012048192772,2
17,72,1,1,2,1,1,27,3,8,0,94,75,1,2,1,0,76.4,21.0,-19,4.411764705882353,1,2.8,2,12.24,57.53012048192772,2
17,72,1,1,1,1,1,27,3,8,0,94,75,1,2,1,0,76.4,21.0,-19,4.411764705882353,0,2.8,1,12.24,57.53012048192772,2
17,72,1,0,1,1,1,27,3,8,0,94,75,1,2,1,0,66.4,21.0,-19,4.411764705882353,0,2.8,1,12.24,50.00000000000001,2
17,72,1,0,2,1,1,27,3,8,0,94,75,1,2,1,0,66.4,21.0,-19,4.411764705882353,1,2.8,2,12.24,50.00000000000001,2
14,81,1,0,0,1,1,19,1,8,1,68,44,1,2,3,0,69.6,18.0,-24,3.142857142857143,-1,2.8,0,11.34,30.74698795180723,2
14,81,1,0,0,1,1,21,0,9,1,64,79,1,2,1,0,68.0,18.5,15,5.642857142857143,-1,2.9,0,11.34,53.93574297188756,2
14,81,1,1,2,1,1,21,0,9,1,64,79,1,2,1,0,78.0,18.5,15,5.642857142857143,1,2.9,2,11.34,61.867469879518076,2
14,81,1,1,1,1,1,21,0,9,1,64,79,1,2,1,0,78.0,18.5,15,5.642857142857143,0,2.9,1,11.34,61.867469879518076,2
14,81,1,1,0,1,1,21,0,9,1,64,79,1,2,1,0,78.0,18.5,15,5.642857142857143,-1,2.9,0,11.34,61.867469879518076,2
14,81,2,0,1,1,1,19,1,8,1,68,44,1,2,3,0,69.6,18.0,-24,3.142857142857143,1,2.8,2,11.34,30.74698795180723,2
14,81,2,0,1,1,1,21,0,9,1,64,79,1,2,1,0,68.0,18.5,15,5.642857142857143,1,2.9,2,11.34,53.93574297188756,2
10,75,1,0,1,1,0,24,3,2,0,61,40,0,1,3,0,54.400000000000006,11.0,-21,4.0,1,1.2,1,7.5,21.847389558232937,2
10,75,1,0,1,1,0,23,1,17,1,56,42,1,2,3,0,62.400000000000006,18.5,-14,4.2,0,3.7,1,7.5,26.313253012048197,2
10,75,1,0,1,1,0,26,2,19,1,80,98,0,2,0,0,72.0,19.5,18,9.8,0,2.9000000000000004,1,7.5,70.8433734939759,2
10,75,1,0,0,1,0,24,3,2,0,61,40,0,1,3,0,54.400000000000006,11.0,-21,4.0,0,1.2,0,7.5,21.847389558232937,2
10,75,1,0,0,1,0,23,1,17,1,56,42,1,2,3,0,62.400000000000006,18.5,-14,4.2,-1,3.7,0,7.5,26.313253012048197,2
10,75,1,0,0,1,0,26,2,19,1,80,98,0,2,0,0,72.0,19.5,18,9.8,-1,2.9000000000000004,0,7.5,70.8433734939759,2
12,77,1,1,1,1,1,29,3,3,1,77,81,0,0,1,0,81.6,13.5,4,6.75,2,1.3,1,9.24,66.36144578313252,2
12,77,1,1,1,1,1,21,0,1,1,65,65,0,1,2,0,76.8,12.5,0,5.416666666666667,1,1.1,1,9.24,50.12048192771085,2
12,77,0,1,1,1,1,29,3,3,1,77,81,0,0,1,0,81.6,13.5,4,6.75,1,1.3,0,9.24,66.36144578313252,2
12,77,0,1,1,1,1,21,0,1,1,65,65,0,1,2,0,76.8,12.5,0,5.416666666666667,0,1.1,0,9.24,50.12048192771085,2
18,74,1,0,1,1,1,25,3,15,1,89,81,1,2,1,0,75.2,25.5,-8,4.5,0,3.5,1,13.32,61.156626506024104,2
18,74,0,1,2,1,1,25,3,15,1,89,81,1,2,1,0,85.2,25.5,-8,4.5,0,3.5,0,13.32,69.28915662650603,2
18,74,1,1,0,1,1,25,3,15,1,89,81,1,2,1,0,85.2,25.5,-8,4.5,-1,3.5,0,13.32,69.28915662650603,2
18,74,1,0,2,1,1,25,3,15,1,89,81,1,2,1,0,75.2,25.5,-8,4.5,1,3.5,2,13.32,61.156626506024104,2
18,74,1,1,1,1,1,25,3,15,1,89,81,1,2,1,0,85.2,25.5,-8,4.5,0,3.5,1,13.32,69.28915662650603,2
18,74,2,0,2,1,1,25,3,15,1,89,81,1,2,1,0,75.2,25.5,-8,4.5,2,3.5,4,13.32,61.156626506024104,2
11,93,1,1,0,1,1,19,3,20,1,81,93,0,2,0,0,89.6,21.0,12,8.454545454545455,-1,3.0,0,10.23,83.66265060240964,2
11,93,1,1,0,1,1,19,1,12,1,51,89,1,1,0,0,77.60000000000001,17.0,38,8.090909090909092,0,3.2,0,10.23,69.3413654618474,2
11,93,1,0,1,1,1,19,3,20,1,81,93,0,2,0,0,79.6,21.0,12,8.454545454545455,0,3.0,1,10.23,74.32530120481927,2
11,93,1,0,1,1,1,19,1,12,1,51,89,1,1,0,0,67.60000000000001,17.0,38,8.090909090909092,1,3.2,1,10.23,60.405622489959846,2
19,89,1,0,1,1,0,24,3,7,1,95,80,0,0,1,0,83.6,22.5,-15,4.2105263157894735,2,1.7000000000000002,1,16.91,67.14859437751004,2
19,89,1,0,1,1,0,23,0,2,1,54,87,1,0,0,0,67.2,20.0,33,4.578947368421052,2,2.2,1,16.91,58.6987951807229,2
19,89,1,1,0,1,0,24,3,7,1,95,80,0,0,1,0,93.6,22.5,-15,4.2105263157894735,1,1.7000000000000002,0,16.91,75.18072289156626,2
19,89,1,1,0,1,0,23,0,2,1,54,87,1,0,0,0,77.2,20.0,33,4.578947368421052,1,2.2,0,16.91,67.43373493975905,2
19,89,2,1,0,1,0,24,3,7,1,95,80,0,0,1,0,93.6,22.5,-15,4.2105263157894735,2,1.7000000000000002,0,16.91,75.18072289156626,2
19,89,2,1,0,1,0,23,0,2,1,54,87,1,0,0,0,77.2,20.0,33,4.578947368421052,2,2.2,0,16.91,67.43373493975905,2
19,89,0,1,1,1,0,24,3,7,1,95,80,0,0,1,0,93.6,22.5,-15,4.2105263157894735,1,1.7000000000000002,0,16.91,75.18072289156626,2
19,89,0,1,1,1,0,23,0,2,1,54,87,1,0,0,0,77.2,20.0,33,4.578947368421052,1,2.2,0,16.91,67.43373493975905,2
19,89,0,0,1,1,0,24,3,7,1,95,80,0,0,1,0,83.6,22.5,-15,4.2105263157894735,1,1.7000000000000002,0,16.91,67.14859437751004,2
19,89,0,0,1,1,0,23,0,2,1,54,87,1,0,0,0,67.2,20.0,33,4.578947368421052,1,2.2,0,16.91,58.6987951807229,2
19,89,1,1,2,1,0,24,3,7,1,95,80,0,0,1,0,93.6,22.5,-15,4.2105263157894735,3,1.7000000000000002,2,16.91,75.18072289156626,2
19,89,1,1,2,1,0,23,0,2,1,54,87,1,0,0,0,77.2,20.0,33,4.578947368421052,3,2.2,2,16.91,67.43373493975905,2
19,89,2,1,1,1,0,24,3,7,1,95,80,0,0,1,0,93.6,22.5,-15,4.2105263157894735,3,1.7000000000000002,2,16.91,75.18072289156626,2
19,89,2,1,1,1,0,23,0,2,1,54,87,1,0,0,0,77.2,20.0,33,4.578947368421052,3,2.2,2,16.91,67.43373493975905,2
18,99,2,1,0,1,1,20,3,7,1,68,77,1,2,1,0,86.80000000000001,21.5,9,4.277777777777778,0,2.7,0,17.82,67.10441767068275,2
18,99,1,0,1,1,1,20,3,7,1,68,77,1,2,1,0,76.80000000000001,21.5,9,4.277777777777778,0,2.7,1,17.82,59.37349397590363,2
18,99,2,1,1,1,1,20,3,7,1,68,77,1,2,1,0,86.80000000000001,21.5,9,4.277777777777778,1,2.7,2,17.82,67.10441767068275,2
20,76,2,1,0,1,1,29,0,5,0,79,91,1,2,0,0,72.0,22.5,12,4.55,0,2.5,0,15.2,65.78313253012048,2
20,76,1,1,1,1,1,29,0,5,0,79,91,1,2,0,0,72.0,22.5,12,4.55,0,2.5,1,15.2,65.78313253012048,2
20,76,1,0,0,1,1,29,0,5,0,79,91,1,2,0,0,62.0,22.5,12,4.55,-1,2.5,0,15.2,56.646586345381536,2
19,81,2,0,0,1,1,26,0,16,1,67,100,1,2,0,0,69.2,27.0,33,5.2631578947368425,0,3.6,0,15.39,69.47791164658635,2
19,81,2,1,1,1,1,26,0,16,1,67,100,1,2,0,0,79.2,27.0,33,5.2631578947368425,1,3.6,2,15.39,79.51807228915663,2
19,81,0,1,2,1,1,26,0,16,1,67,100,1,2,0,0,79.2,27.0,33,5.2631578947368425,0,3.6,0,15.39,79.51807228915663,2
19,81,0,1,0,1,1,26,0,16,1,67,100,1,2,0,0,79.2,27.0,33,5.2631578947368425,-2,3.6,0,15.39,79.51807228915663,2
19,81,1,1,1,1,1,26,0,16,1,67,100,1,2,0,0,79.2,27.0,33,5.2631578947368425,0,3.6,1,15.39,79.51807228915663,2
19,81,1,1,2,1,1,26,0,16,1,67,100,1,2,0,0,79.2,27.0,33,5.2631578947368425,1,3.6,2,15.39,79.51807228915663,2
17,93,1,1,1,1,0,24,1,17,1,52,82,1,2,1,0,78.0,25.5,30,4.823529411764706,0,3.7,1,15.81,64.21686746987953,2
17,93,1,1,1,1,0,25,1,1,1,53,80,1,1,1,0,78.4,17.5,27,4.705882352941177,1,2.1,1,15.81,62.97188755020081,2
17,93,1,1,1,1,0,18,0,15,1,58,78,0,1,1,0,80.4,24.5,20,4.588235294117647,1,2.5,1,15.81,62.96385542168676,2
17,93,1,1,1,1,0,18,2,18,1,61,86,0,2,0,0,81.60000000000001,26.0,25,5.0588235294117645,0,2.8,1,15.81,70.45783132530121,2
17,93,1,0,0,1,0,24,1,17,1,52,82,1,2,1,0,68.0,25.5,30,4.823529411764706,-1,3.7,0,15.81,55.983935742971894,2
17,93,1,0,0,1,0,25,1,1,1,53,80,1,1,1,0,68.4,17.5,27,4.705882352941177,0,2.1,0,15.81,54.939759036144586,2
17,93,1,0,0,1,0,18,0,15,1,58,78,0,1,1,0,70.4,24.5,20,4.588235294117647,0,2.5,0,15.81,55.13253012048194,2
17,93,1,0,0,1,0,18,2,18,1,61,86,0,2,0,0,71.60000000000001,26.0,25,5.0588235294117645,-1,2.8,0,15.81,61.823293172690775,2
17,93,1,0,1,1,0,24,1,17,1,52,82,1,2,1,0,68.0,25.5,30,4.823529411764706,0,3.7,1,15.81,55.983935742971894,2
17,93,1,0,1,1,0,25,1,1,1,53,80,1,1,1,0,68.4,17.5,27,4.705882352941177,1,2.1,1,15.81,54.939759036144586,2
17,93,1,0,1,1,0,18,0,15,1,58,78,0,1,1,0,70.4,24.5,20,4.588235294117647,1,2.5,1,15.81,55.13253012048194,2
17,93,1,0,1,1,0,18,2,18,1,61,86,0,2,0,0,71.60000000000001,26.0,25,5.0588235294117645,0,2.8,1,15.81,61.823293172690775,2
17,82,0,0,0,1,1,21,1,16,1,56,64,0,2,2,0,65.2,25.0,8,3.764705882352941,-2,2.6,0,13.94,41.89558232931727,2
17,82,1,0,1,1,1,29,3,6,1,71,61,1,0,2,0,71.2,20.0,-10,3.588235294117647,2,2.6,1,13.94,43.60642570281125,2
17,82,1,0,1,1,1,21,1,16,1,56,64,0,2,2,0,65.2,25.0,8,3.764705882352941,0,2.6,1,13.94,41.89558232931727,2
17,82,2,0,1,1,1,29,3,6,1,71,61,1,0,2,0,71.2,20.0,-10,3.588235294117647,3,2.6,2,13.94,43.60642570281125,2
17,82,2,0,1,1,1,21,1,16,1,56,64,0,2,2,0,65.2,25.0,8,3.764705882352941,1,2.6,2,13.94,41.89558232931727,2
17,82,1,1,1,1,1,21,1,16,1,56,64,0,2,2,0,75.2,25.0,8,3.764705882352941,0,2.6,1,13.94,48.32128514056225,2
17,82,2,1,2,1,1,29,3,6,1,71,61,1,0,2,0,81.2,20.0,-10,3.588235294117647,4,2.6,4,13.94,49.73092369477912,2
17,82,2,1,2,1,1,21,1,16,1,56,64,0,2,2,0,75.2,25.0,8,3.764705882352941,2,2.6,4,13.94,48.32128514056225,2
16,83,1,0,1,1,1,21,3,13,1,61,95,0,1,0,0,67.60000000000001,22.5,34,5.9375,1,2.3,1,13.28,64.47791164658635,2
16,83,2,1,1,1,1,21,3,13,1,61,95,0,1,0,0,77.60000000000001,22.5,34,5.9375,2,2.3,2,13.28,74.01606425702812,2
16,83,0,1,1,1,1,21,3,13,1,61,95,0,1,0,0,77.60000000000001,22.5,34,5.9375,0,2.3,0,13.28,74.01606425702812,2
16,83,1,1,1,1,1,21,3,13,1,61,95,0,1,0,0,77.60000000000001,22.5,34,5.9375,1,2.3,1,13.28,74.01606425702812,2
8,94,0,0,2,1,0,23,2,3,0,81,88,1,1,0,0,70.0,9.5,7,11.0,1,2.3,0,7.52,61.84738955823294,2
8,94,0,0,2,1,0,25,3,3,0,73,44,1,2,3,0,66.80000000000001,9.5,-29,5.5,0,2.3,0,7.52,29.510040160642575,2
18,91,2,1,2,1,1,28,2,6,0,87,72,1,1,1,0,81.2,21.0,-15,4.0,3,2.6,4,16.38,58.6987951807229,2
18,91,2,1,2,1,1,22,3,7,1,85,92,1,1,0,0,90.4,21.5,7,5.111111111111111,3,2.7,4,16.38,83.50200803212851,2
18,91,2,1,2,1,1,20,0,11,0,63,71,0,0,1,0,71.6,23.5,8,3.9444444444444446,4,2.1,4,16.38,51.04016064257028,2
18,91,1,0,2,1,1,28,2,6,0,87,72,1,1,1,0,71.2,21.0,-15,4.0,2,2.6,2,16.38,51.4698795180723,2
18,91,1,0,2,1,1,22,3,7,1,85,92,1,1,0,0,80.4,21.5,7,5.111111111111111,2,2.7,2,16.38,74.26506024096388,2
18,91,1,0,2,1,1,20,0,11,0,63,71,0,0,1,0,61.6,23.5,8,3.9444444444444446,3,2.1,2,16.38,43.911646586345384,2
18,91,0,0,1,1,1,28,2,6,0,87,72,1,1,1,0,71.2,21.0,-15,4.0,0,2.6,0,16.38,51.4698795180723,2
18,91,0,0,1,1,1,22,3,7,1,85,92,1,1,0,0,80.4,21.5,7,5.111111111111111,0,2.7,0,16.38,74.26506024096388,2
18,91,0,0,1,1,1,20,0,11,0,63,71,0,0,1,0,61.6,23.5,8,3.9444444444444446,1,2.1,0,16.38,43.911646586345384,2
18,91,1,0,1,1,1,28,2,6,0,87,72,1,1,1,0,71.2,21.0,-15,4.0,1,2.6,1,16.38,51.4698795180723,2
18,91,1,0,1,1,1,22,3,7,1,85,92,1,1,0,0,80.4,21.5,7,5.111111111111111,1,2.7,1,16.38,74.26506024096388,2
18,91,1,0,1,1,1,20,0,11,0,63,71,0,0,1,0,61.6,23.5,8,3.9444444444444446,2,2.1,1,16.38,43.911646586345384,2
18,91,1,1,0,1,1,28,2,6,0,87,72,1,1,1,0,81.2,21.0,-15,4.0,0,2.6,0,16.38,58.6987951807229,2
18,91,1,1,0,1,1,22,3,7,1,85,92,1,1,0,0,90.4,21.5,7,5.111111111111111,0,2.7,0,16.38,83.50200803212851,2
18,91,1,1,0,1,1,20,0,11,0,63,71,0,0,1,0,71.6,23.5,8,3.9444444444444446,1,2.1,0,16.38,51.04016064257028,2
18,91,1,1,1,1,1,28,2,6,0,87,72,1,1,1,0,81.2,21.0,-15,4.0,1,2.6,1,16.38,58.6987951807229,2
18,91,1,1,1,1,1,22,3,7,1,85,92,1,1,0,0,90.4,21.5,7,5.111111111111111,1,2.7,1,16.38,83.50200803212851,2
18,91,1,1,1,1,1,20,0,11,0,63,71,0,0,1,0,71.6,23.5,8,3.9444444444444446,2,2.1,1,16.38,51.04016064257028,2
18,91,2,0,1,1,1,28,2,6,0,87,72,1,1,1,0,71.2,21.0,-15,4.0,2,2.6,2,16.38,51.4698795180723,2
18,91,2,0,1,1,1,22,3,7,1,85,92,1,1,0,0,80.4,21.5,7,5.111111111111111,2,2.7,2,16.38,74.26506024096388,2
18,91,2,0,1,1,1,20,0,11,0,63,71,0,0,1,0,61.6,23.5,8,3.9444444444444446,3,2.1,2,16.38,43.911646586345384,2
18,91,2,1,1,1,1,28,2,6,0,87,72,1,1,1,0,81.2,21.0,-15,4.0,2,2.6,2,16.38,58.6987951807229,2
18,91,2,1,1,1,1,22,3,7,1,85,92,1,1,0,0,90.4,21.5,7,5.111111111111111,2,2.7,2,16.38,83.50200803212851,2
18,91,2,1,1,1,1,20,0,11,0,63,71,0,0,1,0,71.6,23.5,8,3.9444444444444446,3,2.1,2,16.38,51.04016064257028,2
18,91,1,0,0,1,1,28,2,6,0,87,72,1,1,1,0,71.2,21.0,-15,4.0,0,2.6,0,16.38,51.4698795180723,2
18,91,1,0,0,1,1,22,3,7,1,85,92,1,1,0,0,80.4,21.5,7,5.111111111111111,0,2.7,0,16.38,74.26506024096388,2
18,91,1,0,0,1,1,20,0,11,0,63,71,0,0,1,0,61.6,23.5,8,3.9444444444444446,1,2.1,0,16.38,43.911646586345384,2
18,76,2,0,1,1,0,20,2,13,1,83,97,0,0,0,0,73.60000000000001,24.5,14,5.388888888888889,3,2.3,2,13.68,71.67871485943776,2
18,76,2,0,1,1,0,20,3,2,1,87,98,1,2,0,0,75.2,19.0,11,5.444444444444445,1,2.2,2,13.68,73.99196787148595,2
18,76,2,0,1,1,0,29,2,16,1,55,93,1,0,0,0,62.400000000000006,26.0,38,5.166666666666667,3,3.6,2,13.68,58.26506024096387,2
18,76,1,0,2,1,0,20,2,13,1,83,97,0,0,0,0,73.60000000000001,24.5,14,5.388888888888889,3,2.3,2,13.68,71.67871485943776,2
18,76,1,0,2,1,0,20,3,2,1,87,98,1,2,0,0,75.2,19.0,11,5.444444444444445,1,2.2,2,13.68,73.99196787148595,2
18,76,1,0,2,1,0,29,2,16,1,55,93,1,0,0,0,62.400000000000006,26.0,38,5.166666666666667,3,3.6,2,13.68,58.26506024096387,2
18,76,0,0,2,1,0,20,2,13,1,83,97,0,0,0,0,73.60000000000001,24.5,14,5.388888888888889,2,2.3,0,13.68,71.67871485943776,2
18,76,0,0,2,1,0,20,3,2,1,87,98,1,2,0,0,75.2,19.0,11,5.444444444444445,0,2.2,0,13.68,73.99196787148595,2
18,76,0,0,2,1,0,29,2,16,1,55,93,1,0,0,0,62.400000000000006,26.0,38,5.166666666666667,2,3.6,0,13.68,58.26506024096387,2
18,76,2,1,2,1,0,20,2,13,1,83,97,0,0,0,0,83.60000000000001,24.5,14,5.388888888888889,4,2.3,4,13.68,81.41767068273093,2
18,76,2,1,2,1,0,20,3,2,1,87,98,1,2,0,0,85.2,19.0,11,5.444444444444445,2,2.2,4,13.68,83.83132530120483,2
18,76,2,1,2,1,0,29,2,16,1,55,93,1,0,0,0,72.4,26.0,38,5.166666666666667,4,3.6,4,13.68,67.60240963855422,2
18,76,1,0,0,1,0,20,2,13,1,83,97,0,0,0,0,73.60000000000001,24.5,14,5.388888888888889,1,2.3,0,13.68,71.67871485943776,2
18,76,1,0,0,1,0,20,3,2,1,87,98,1,2,0,0,75.2,19.0,11,5.444444444444445,-1,2.2,0,13.68,73.99196787148595,2
18,76,1,0,0,1,0,29,2,16,1,55,93,1,0,0,0,62.400000000000006,26.0,38,5.166666666666667,1,3.6,0,13.68,58.26506024096387,2
12,80,0,0,2,1,0,25,1,20,1,97,86,1,1,0,0,80.80000000000001,22.0,-11,7.166666666666667,1,4.0,0,9.600000000000001,69.76706827309239,2
12,80,0,0,2,1,0,20,1,3,0,90,66,1,2,2,0,68.0,13.5,-24,5.5,0,2.3,0,9.600000000000001,45.06024096385543,2
12,80,1,0,1,1,0,25,1,20,1,97,86,1,1,0,0,80.80000000000001,22.0,-11,7.166666666666667,1,4.0,1,9.600000000000001,69.76706827309239,2
12,80,1,0,1,1,0,20,1,3,0,90,66,1,2,2,0,68.0,13.5,-24,5.5,0,2.3,1,9.600000000000001,45.06024096385543,2
12,80,0,0,1,1,0,25,1,20,1,97,86,1,1,0,0,80.80000000000001,22.0,-11,7.166666666666667,0,4.0,0,9.600000000000001,69.76706827309239,2
12,80,0,0,1,1,0,20,1,3,0,90,66,1,2,2,0,68.0,13.5,-24,5.5,-1,2.3,0,9.600000000000001,45.06024096385543,2
12,80,1,1,2,1,0,25,1,20,1,97,86,1,1,0,0,90.80000000000001,22.0,-11,7.166666666666667,2,4.0,2,9.600000000000001,78.40160642570282,2
12,80,1,1,2,1,0,20,1,3,0,90,66,1,2,2,0,78.0,13.5,-24,5.5,1,2.3,2,9.600000000000001,51.686746987951814,2
15,79,1,0,0,1,1,19,1,0,1,93,81,1,2,1,0,78.80000000000001,15.0,-12,5.4,-1,2.0,0,11.850000000000001,64.0843373493976,2
15,79,1,0,0,1,1,27,2,7,1,76,80,1,2,1,0,72.0,18.5,4,5.333333333333333,-1,2.7,0,11.850000000000001,57.83132530120482,2
15,79,1,1,1,1,1,19,1,0,1,93,81,1,2,1,0,88.80000000000001,15.0,-12,5.4,0,2.0,1,11.850000000000001,72.21686746987953,2
15,79,1,1,1,1,1,27,2,7,1,76,80,1,2,1,0,82.0,18.5,4,5.333333333333333,0,2.7,1,11.850000000000001,65.86345381526104,2
13,70,1,0,1,1,0,19,0,8,1,65,52,1,1,3,0,64.0,17.0,-13,4.0,1,2.8,1,9.1,33.4136546184739,2
13,70,1,0,1,1,0,20,0,13,1,87,75,1,2,1,0,72.80000000000001,19.5,-12,5.769230769230769,0,3.3,1,9.1,54.81927710843375,2
13,70,1,0,1,1,0,28,0,0,1,55,86,1,0,0,0,60.0,13.0,31,6.615384615384615,2,2.0,1,9.1,51.807228915662655,2
13,70,1,1,1,1,0,19,0,8,1,65,52,1,1,3,0,74.0,17.0,-13,4.0,1,2.8,1,9.1,38.634538152610446,2
13,70,1,1,1,1,0,20,0,13,1,87,75,1,2,1,0,82.80000000000001,19.5,-12,5.769230769230769,0,3.3,1,9.1,62.349397590361455,2
13,70,1,1,1,1,0,28,0,0,1,55,86,1,0,0,0,70.0,13.0,31,6.615384615384615,2,2.0,1,9.1,60.4417670682731,2
13,70,0,1,2,1,0,19,0,8,1,65,52,1,1,3,0,74.0,17.0,-13,4.0,1,2.8,0,9.1,38.634538152610446,2
13,70,0,1,2,1,0,20,0,13,1,87,75,1,2,1,0,82.80000000000001,19.5,-12,5.769230769230769,0,3.3,0,9.1,62.349397590361455,2
13,70,0,1,2,1,0,28,0,0,1,55,86,1,0,0,0,70.0,13.0,31,6.615384615384615,2,2.0,0,9.1,60.4417670682731,2
13,90,1,0,1,1,0,26,1,1,1,94,81,1,2,1,0,83.6,13.5,-13,6.230769230769231,0,2.1,1,11.700000000000001,67.98795180722891,2
12,99,1,0,1,1,1,25,2,5,0,55,84,1,2,1,0,61.6,14.5,29,7.0,0,2.5,1,11.879999999999999,51.95180722891566,2
12,99,1,0,1,1,1,29,3,17,1,56,49,1,2,3,0,72.0,20.5,-7,4.083333333333333,0,3.7,1,11.879999999999999,35.42168674698795,2
12,99,1,0,1,1,1,21,3,20,1,83,99,1,2,0,0,82.80000000000001,22.0,16,8.25,0,4.0,1,11.879999999999999,82.30120481927712,2
12,99,2,1,1,1,1,25,2,5,0,55,84,1,2,1,0,71.6,14.5,29,7.0,1,2.5,2,11.879999999999999,60.3855421686747,2
12,99,2,1,1,1,1,29,3,17,1,56,49,1,2,3,0,82.0,20.5,-7,4.083333333333333,1,3.7,2,11.879999999999999,40.34136546184739,2
12,99,2,1,1,1,1,21,3,20,1,83,99,1,2,0,0,92.80000000000001,22.0,16,8.25,1,4.0,2,11.879999999999999,92.2409638554217,2
17,77,1,0,0,1,0,21,3,5,1,77,92,1,2,0,0,71.6,19.5,15,5.411764705882353,-1,2.5,0,13.09,66.13654618473895,2
17,77,1,0,0,1,0,18,1,16,1,88,63,1,2,2,0,76.0,25.0,-25,3.7058823529411766,-1,3.6,0,13.09,48.07228915662651,2
17,77,2,1,0,1,0,21,3,5,1,77,92,1,2,0,0,81.6,19.5,15,5.411764705882353,0,2.5,0,13.09,75.37349397590361,2
17,77,2,1,0,1,0,18,1,16,1,88,63,1,2,2,0,86.0,25.0,-25,3.7058823529411766,0,3.6,0,13.09,54.397590361445786,2
17,77,1,1,0,1,0,21,3,5,1,77,92,1,2,0,0,81.6,19.5,15,5.411764705882353,-1,2.5,0,13.09,75.37349397590361,2
17,77,1,1,0,1,0,18,1,16,1,88,63,1,2,2,0,86.0,25.0,-25,3.7058823529411766,-1,3.6,0,13.09,54.397590361445786,2
16,80,1,0,1,1,1,29,2,15,0,86,72,1,2,1,0,66.4,23.5,-14,4.5,0,3.5,1,12.8,48.00000000000001,2
16,80,1,1,2,1,1,29,2,15,0,86,72,1,2,1,0,76.4,23.5,-14,4.5,1,3.5,2,12.8,55.22891566265061,2
12,72,1,0,0,1,1,26,0,9,0,54,68,1,2,2,0,50.400000000000006,16.5,14,5.666666666666667,-1,2.9,0,8.64,34.40963855421687,2
12,72,1,0,0,1,1,21,3,18,0,80,88,1,0,0,0,60.8,21.0,8,7.333333333333333,1,3.8,0,8.64,53.71887550200803,2
12,72,1,0,0,1,1,23,3,3,1,93,69,1,1,2,0,76.0,13.5,-24,5.75,0,2.3,0,8.64,52.65060240963856,2
12,72,1,0,0,1,1,25,0,3,1,56,47,0,2,3,0,61.2,13.5,-9,3.9166666666666665,-1,1.3,0,8.64,28.879518072289162,2
12,72,1,0,0,1,1,27,3,18,1,90,57,1,0,2,0,74.8,21.0,-33,4.75,1,3.8,0,8.64,42.80722891566265,2
12,72,2,1,2,1,1,26,0,9,0,54,68,1,2,2,0,60.400000000000006,16.5,14,5.666666666666667,2,2.9,4,8.64,41.23694779116467,2
12,72,2,1,2,1,1,21,3,18,0,80,88,1,0,0,0,70.8,21.0,8,7.333333333333333,4,3.8,4,8.64,62.554216867469876,2
12,72,2,1,2,1,1,23,3,3,1,93,69,1,1,2,0,86.0,13.5,-24,5.75,3,2.3,4,8.64,59.578313253012055,2
12,72,2,1,2,1,1,25,0,3,1,56,47,0,2,3,0,71.2,13.5,-9,3.9166666666666665,2,1.3,4,8.64,33.59839357429719,2
12,72,2,1,2,1,1,27,3,18,1,90,57,1,0,2,0,84.8,21.0,-33,4.75,4,3.8,4,8.64,48.53012048192771,2
12,72,0,1,1,1,1,26,0,9,0,54,68,1,2,2,0,60.400000000000006,16.5,14,5.666666666666667,-1,2.9,0,8.64,41.23694779116467,2
12,72,0,1,1,1,1,21,3,18,0,80,88,1,0,0,0,70.8,21.0,8,7.333333333333333,1,3.8,0,8.64,62.554216867469876,2
12,72,0,1,1,1,1,23,3,3,1,93,69,1,1,2,0,86.0,13.5,-24,5.75,0,2.3,0,8.64,59.578313253012055,2
12,72,0,1,1,1,1,25,0,3,1,56,47,0,2,3,0,71.2,13.5,-9,3.9166666666666665,-1,1.3,0,8.64,33.59839357429719,2
12,72,0,1,1,1,1,27,3,18,1,90,57,1,0,2,0,84.8,21.0,-33,4.75,1,3.8,0,8.64,48.53012048192771,2
12,72,1,1,2,1,1,26,0,9,0,54,68,1,2,2,0,60.400000000000006,16.5,14,5.666666666666667,1,2.9,2,8.64,41.23694779116467,2
12,72,1,1,2,1,1,21,3,18,0,80,88,1,0,0,0,70.8,21.0,8,7.333333333333333,3,3.8,2,8.64,62.554216867469876,2
12,72,1,1,2,1,1,23,3,3,1,93,69,1,1,2,0,86.0,13.5,-24,5.75,2,2.3,2,8.64,59.578313253012055,2
12,72,1,1,2,1,1,25,0,3,1,56,47,0,2,3,0,71.2,13.5,-9,3.9166666666666665,1,1.3,2,8.64,33.59839357429719,2
12,72,1,1,2,1,1,27,3,18,1,90,57,1,0,2,0,84.8,21.0,-33,4.75,3,3.8,2,8.64,48.53012048192771,2
12,72,1,0,2,1,1,26,0,9,0,54,68,1,2,2,0,50.400000000000006,16.5,14,5.666666666666667,1,2.9,2,8.64,34.40963855421687,2
12,72,1,0,2,1,1,21,3,18,0,80,88,1,0,0,0,60.8,21.0,8,7.333333333333333,3,3.8,2,8.64,53.71887550200803,2
12,72,1,0,2,1,1,23,3,3,1,93,69,1,1,2,0,76.0,13.5,-24,5.75,2,2.3,2,8.64,52.65060240963856,2
12,72,1,0,2,1,1,25,0,3,1,56,47,0,2,3,0,61.2,13.5,-9,3.9166666666666665,1,1.3,2,8.64,28.879518072289162,2
12,72,1,0,2,1,1,27,3,18,1,90,57,1,0,2,0,74.8,21.0,-33,4.75,3,3.8,2,8.64,42.80722891566265,2
12,72,1,1,0,1,1,26,0,9,0,54,68,1,2,2,0,60.400000000000006,16.5,14,5.666666666666667,-1,2.9,0,8.64,41.23694779116467,2
12,72,1,1,0,1,1,21,3,18,0,80,88,1,0,0,0,70.8,21.0,8,7.333333333333333,1,3.8,0,8.64,62.554216867469876,2
12,72,1,1,0,1,1,23,3,3,1,93,69,1,1,2,0,86.0,13.5,-24,5.75,0,2.3,0,8.64,59.578313253012055,2
12,72,1,1,0,1,1,25,0,3,1,56,47,0,2,3,0,71.2,13.5,-9,3.9166666666666665,-1,1.3,0,8.64,33.59839357429719,2
12,72,1,1,0,1,1,27,3,18,1,90,57,1,0,2,0,84.8,21.0,-33,4.75,1,3.8,0,8.64,48.53012048192771,2
19,92,1,1,1,1,1,18,1,10,0,92,96,0,2,0,0,83.60000000000001,24.0,4,5.052631578947368,0,2.0,1,17.48,80.57831325301206,2
19,92,1,1,1,1,1,22,0,10,0,62,88,1,1,0,0,71.60000000000001,24.0,26,4.631578947368421,1,3.0,1,17.48,63.26104417670684,2
19,92,1,1,1,1,1,27,0,10,0,89,85,1,0,0,0,82.4,24.0,-4,4.473684210526316,2,3.0,1,17.48,70.32128514056225,2
19,92,1,1,0,1,1,18,1,10,0,92,96,0,2,0,0,83.60000000000001,24.0,4,5.052631578947368,-1,2.0,0,17.48,80.57831325301206,2
19,92,1,1,0,1,1,22,0,10,0,62,88,1,1,0,0,71.60000000000001,24.0,26,4.631578947368421,0,3.0,0,17.48,63.26104417670684,2
19,92,1,1,0,1,1,27,0,10,0,89,85,1,0,0,0,82.4,24.0,-4,4.473684210526316,1,3.0,0,17.48,70.32128514056225,2
19,92,1,0,1,1,1,18,1,10,0,92,96,0,2,0,0,73.60000000000001,24.0,4,5.052631578947368,0,2.0,1,17.48,70.93975903614458,2
19,92,1,0,1,1,1,22,0,10,0,62,88,1,1,0,0,61.60000000000001,24.0,26,4.631578947368421,1,3.0,1,17.48,54.42570281124499,2
19,92,1,0,1,1,1,27,0,10,0,89,85,1,0,0,0,72.4,24.0,-4,4.473684210526316,2,3.0,1,17.48,61.78714859437751,2
20,65,2,1,1,1,0,22,0,5,0,87,95,1,2,0,0,70.80000000000001,22.5,8,4.75,1,2.5,2,13.0,67.53012048192772,2
20,65,1,1,0,1,0,22,0,5,0,87,95,1,2,0,0,70.80000000000001,22.5,8,4.75,-1,2.5,0,13.0,67.53012048192772,2
20,65,1,1,2,1,0,22,0,5,0,87,95,1,2,0,0,70.80000000000001,22.5,8,4.75,1,2.5,2,13.0,67.53012048192772,2
20,65,1,0,1,1,0,22,0,5,0,87,95,1,2,0,0,60.800000000000004,22.5,8,4.75,0,2.5,1,13.0,57.99196787148595,2
18,69,2,1,1,1,0,27,2,8,0,89,72,1,2,1,0,73.2,22.0,-17,4.0,1,2.8,2,12.419999999999998,52.915662650602414,2
18,69,2,1,1,1,0,28,2,15,0,81,79,0,2,1,0,70.0,25.5,-2,4.388888888888889,1,2.5,2,12.419999999999998,55.52208835341366,2
20,89,1,1,1,1,1,21,0,20,1,81,99,1,2,0,0,88.0,30.0,18,4.95,0,4.0,1,17.8,87.46987951807229,2
20,89,1,1,0,1,1,21,0,20,1,81,99,1,2,0,0,88.0,30.0,18,4.95,-1,4.0,0,17.8,87.46987951807229,2
20,89,2,1,0,1,1,21,0,20,1,81,99,1,2,0,0,88.0,30.0,18,4.95,0,4.0,0,17.8,87.46987951807229,2
20,89,1,1,2,1,1,21,0,20,1,81,99,1,2,0,0,88.0,30.0,18,4.95,1,4.0,2,17.8,87.46987951807229,2
20,89,0,1,0,1,1,21,0,20,1,81,99,1,2,0,0,88.0,30.0,18,4.95,-2,4.0,0,17.8,87.46987951807229,2
20,89,2,0,0,1,1,21,0,20,1,81,99,1,2,0,0,78.0,30.0,18,4.95,0,4.0,0,17.8,77.53012048192772,2
20,89,2,0,1,1,1,21,0,20,1,81,99,1,2,0,0,78.0,30.0,18,4.95,1,4.0,2,17.8,77.53012048192772,2
10,81,0,1,0,1,1,27,0,0,0,63,81,1,2,1,0,67.6,10.0,18,8.1,-2,2.0,0,8.100000000000001,54.975903614457835,2
10,81,1,1,1,1,1,27,0,0,0,63,81,1,2,1,0,67.6,10.0,18,8.1,0,2.0,1,8.100000000000001,54.975903614457835,2
10,81,2,0,1,1,1,27,0,0,0,63,81,1,2,1,0,57.6,10.0,18,8.1,1,2.0,2,8.100000000000001,46.84337349397591,2
12,82,1,0,2,1,0,18,2,17,0,74,66,1,1,2,0,62.400000000000006,20.5,-8,5.5,2,3.7,2,9.84,41.349397590361455,2
12,82,1,0,2,1,0,25,0,12,0,83,41,0,0,3,0,66.0,18.0,-42,3.4166666666666665,3,2.2,2,9.84,27.168674698795183,2
12,82,1,1,2,1,0,18,2,17,0,74,66,1,1,2,0,72.4,20.5,-8,5.5,2,3.7,2,9.84,47.975903614457835,2
12,82,1,1,2,1,0,25,0,12,0,83,41,0,0,3,0,76.0,18.0,-42,3.4166666666666665,3,2.2,2,9.84,31.285140562248998,2
12,82,0,0,0,1,0,18,2,17,0,74,66,1,1,2,0,62.400000000000006,20.5,-8,5.5,-1,3.7,0,9.84,41.349397590361455,2
12,82,0,0,0,1,0,25,0,12,0,83,41,0,0,3,0,66.0,18.0,-42,3.4166666666666665,0,2.2,0,9.84,27.168674698795183,2
20,84,1,1,0,1,1,23,1,9,1,82,98,1,1,0,0,86.4,24.5,16,4.9,0,2.9,0,16.8,85.01204819277109,2
20,84,1,0,1,1,1,23,1,9,1,82,98,1,1,0,0,76.4,24.5,16,4.9,1,2.9,1,16.8,75.17269076305222,2
20,84,1,0,0,1,1,23,1,9,1,82,98,1,1,0,0,76.4,24.5,16,4.9,0,2.9,0,16.8,75.17269076305222,2
20,84,1,1,2,1,1,23,1,9,1,82,98,1,1,0,0,86.4,24.5,16,4.9,2,2.9,2,16.8,85.01204819277109,2
20,84,2,0,1,1,1,23,1,9,1,82,98,1,1,0,0,76.4,24.5,16,4.9,2,2.9,2,16.8,75.17269076305222,2
20,84,0,0,1,1,1,23,1,9,1,82,98,1,1,0,0,76.4,24.5,16,4.9,0,2.9,0,16.8,75.17269076305222,2
20,84,1,1,1,1,1,23,1,9,1,82,98,1,1,0,0,86.4,24.5,16,4.9,1,2.9,1,16.8,85.01204819277109,2
17,98,2,0,0,1,1,20,2,2,0,53,98,1,0,0,0,60.400000000000006,18.0,45,5.764705882352941,2,2.2,0,16.66,59.42971887550202,2
17,98,2,0,0,1,1,20,1,4,1,77,84,1,2,1,0,80.0,19.0,7,4.9411764705882355,0,2.4,0,16.66,67.46987951807229,2
17,98,2,0,0,1,1,26,0,2,1,68,95,1,1,0,0,76.4,18.0,27,5.588235294117647,1,2.2,0,16.66,72.87148594377511,2
17,98,2,0,0,1,1,28,2,9,1,75,99,1,2,0,0,79.2,21.5,24,5.823529411764706,0,2.9,0,16.66,78.72289156626508,2
17,98,2,1,0,1,1,20,2,2,0,53,98,1,0,0,0,70.4,18.0,45,5.764705882352941,2,2.2,0,16.66,69.26907630522089,2
17,98,2,1,0,1,1,20,1,4,1,77,84,1,2,1,0,90.0,19.0,7,4.9411764705882355,0,2.4,0,16.66,75.90361445783132,2
17,98,2,1,0,1,1,26,0,2,1,68,95,1,1,0,0,86.4,18.0,27,5.588235294117647,1,2.2,0,16.66,82.40963855421688,2
17,98,2,1,0,1,1,28,2,9,1,75,99,1,2,0,0,89.2,21.5,24,5.823529411764706,0,2.9,0,16.66,88.66265060240964,2
17,98,1,0,1,1,1,20,2,2,0,53,98,1,0,0,0,60.400000000000006,18.0,45,5.764705882352941,2,2.2,1,16.66,59.42971887550202,2
17,98,1,0,1,1,1,20,1,4,1,77,84,1,2,1,0,80.0,19.0,7,4.9411764705882355,0,2.4,1,16.66,67.46987951807229,2
17,98,1,0,1,1,1,26,0,2,1,68,95,1,1,0,0,76.4,18.0,27,5.588235294117647,1,2.2,1,16.66,72.87148594377511,2
17,98,1,0,1,1,1,28,2,9,1,75,99,1,2,0,0,79.2,21.5,24,5.823529411764706,0,2.9,1,16.66,78.72289156626508,2
17,98,2,1,1,1,1,20,2,2,0,53,98,1,0,0,0,70.4,18.0,45,5.764705882352941,3,2.2,2,16.66,69.26907630522089,2
17,98,2,1,1,1,1,20,1,4,1,77,84,1,2,1,0,90.0,19.0,7,4.9411764705882355,1,2.4,2,16.66,75.90361445783132,2
17,98,2,1,1,1,1,26,0,2,1,68,95,1,1,0,0,86.4,18.0,27,5.588235294117647,2,2.2,2,16.66,82.40963855421688,2
17,98,2,1,1,1,1,28,2,9,1,75,99,1,2,0,0,89.2,21.5,24,5.823529411764706,1,2.9,2,16.66,88.66265060240964,2
17,98,2,1,2,1,1,20,2,2,0,53,98,1,0,0,0,70.4,18.0,45,5.764705882352941,4,2.2,4,16.66,69.26907630522089,2
17,98,2,1,2,1,1,20,1,4,1,77,84,1,2,1,0,90.0,19.0,7,4.9411764705882355,2,2.4,4,16.66,75.90361445783132,2
17,98,2,1,2,1,1,26,0,2,1,68,95,1,1,0,0,86.4,18.0,27,5.588235294117647,3,2.2,4,16.66,82.40963855421688,2
17,98,2,1,2,1,1,28,2,9,1,75,99,1,2,0,0,89.2,21.5,24,5.823529411764706,2,2.9,4,16.66,88.66265060240964,2
17,98,2,0,1,1,1,20,2,2,0,53,98,1,0,0,0,60.400000000000006,18.0,45,5.764705882352941,3,2.2,2,16.66,59.42971887550202,2
17,98,2,0,1,1,1,20,1,4,1,77,84,1,2,1,0,80.0,19.0,7,4.9411764705882355,1,2.4,2,16.66,67.46987951807229,2
17,98,2,0,1,1,1,26,0,2,1,68,95,1,1,0,0,76.4,18.0,27,5.588235294117647,2,2.2,2,16.66,72.87148594377511,2
17,98,2,0,1,1,1,28,2,9,1,75,99,1,2,0,0,79.2,21.5,24,5.823529411764706,1,2.9,2,16.66,78.72289156626508,2
17,98,1,0,0,1,1,20,2,2,0,53,98,1,0,0,0,60.400000000000006,18.0,45,5.764705882352941,1,2.2,0,16.66,59.42971887550202,2
17,98,1,0,0,1,1,20,1,4,1,77,84,1,2,1,0,80.0,19.0,7,4.9411764705882355,-1,2.4,0,16.66,67.46987951807229,2
17,98,1,0,0,1,1,26,0,2,1,68,95,1,1,0,0,76.4,18.0,27,5.588235294117647,0,2.2,0,16.66,72.87148594377511,2
17,98,1,0,0,1,1,28,2,9,1,75,99,1,2,0,0,79.2,21.5,24,5.823529411764706,-1,2.9,0,16.66,78.72289156626508,2
15,94,1,0,0,1,1,21,0,14,0,60,69,1,2,2,0,61.6,22.0,9,4.6,-1,3.4000000000000004,0,14.1,42.674698795180724,2
15,94,0,0,1,1,1,21,0,14,0,60,69,1,2,2,0,61.6,22.0,9,4.6,-1,3.4000000000000004,0,14.1,42.674698795180724,2
15,94,0,1,1,1,1,21,0,14,0,60,69,1,2,2,0,71.6,22.0,9,4.6,-1,3.4000000000000004,0,14.1,49.602409638554214,2
15,94,1,0,1,1,1,21,0,14,0,60,69,1,2,2,0,61.6,22.0,9,4.6,0,3.4000000000000004,1,14.1,42.674698795180724,2
15,94,2,1,1,1,1,21,0,14,0,60,69,1,2,2,0,71.6,22.0,9,4.6,1,3.4000000000000004,2,14.1,49.602409638554214,2
14,79,1,1,1,1,1,26,0,10,0,63,68,1,0,2,0,66.80000000000001,19.0,5,4.857142857142857,2,3.0,1,11.06,45.60642570281125,2
14,79,0,1,1,1,1,26,0,10,0,63,68,1,0,2,0,66.80000000000001,19.0,5,4.857142857142857,1,3.0,0,11.06,45.60642570281125,2
14,79,1,0,1,1,1,26,0,10,0,63,68,1,0,2,0,56.800000000000004,19.0,5,4.857142857142857,2,3.0,1,11.06,38.77911646586346,2
16,82,2,1,0,1,0,22,1,9,0,65,69,1,2,2,0,68.80000000000001,20.5,4,4.3125,0,2.9,0,13.12,47.66265060240965,2
16,82,2,1,0,1,0,26,1,16,1,61,61,1,1,2,0,77.2,24.0,0,3.8125,1,3.6,0,13.12,47.281124497991975,2
16,82,2,1,0,1,0,18,0,5,0,58,85,0,0,0,0,66.0,18.5,27,5.3125,2,1.5,0,13.12,56.325301204819276,2
16,82,0,1,1,1,0,22,1,9,0,65,69,1,2,2,0,68.80000000000001,20.5,4,4.3125,-1,2.9,0,13.12,47.66265060240965,2
16,82,0,1,1,1,0,26,1,16,1,61,61,1,1,2,0,77.2,24.0,0,3.8125,0,3.6,0,13.12,47.281124497991975,2
16,82,0,1,1,1,0,18,0,5,0,58,85,0,0,0,0,66.0,18.5,27,5.3125,1,1.5,0,13.12,56.325301204819276,2
16,82,2,0,1,1,0,22,1,9,0,65,69,1,2,2,0,58.800000000000004,20.5,4,4.3125,1,2.9,2,13.12,40.73493975903615,2
16,82,2,0,1,1,0,26,1,16,1,61,61,1,1,2,0,67.2,24.0,0,3.8125,2,3.6,2,13.12,41.156626506024104,2
16,82,2,0,1,1,0,18,0,5,0,58,85,0,0,0,0,56.00000000000001,18.5,27,5.3125,3,1.5,2,13.12,47.79116465863455,2
16,82,1,0,1,1,0,22,1,9,0,65,69,1,2,2,0,58.800000000000004,20.5,4,4.3125,0,2.9,1,13.12,40.73493975903615,2
16,82,1,0,1,1,0,26,1,16,1,61,61,1,1,2,0,67.2,24.0,0,3.8125,1,3.6,1,13.12,41.156626506024104,2
16,82,1,0,1,1,0,18,0,5,0,58,85,0,0,0,0,56.00000000000001,18.5,27,5.3125,2,1.5,1,13.12,47.79116465863455,2
16,82,1,1,2,1,0,22,1,9,0,65,69,1,2,2,0,68.80000000000001,20.5,4,4.3125,1,2.9,2,13.12,47.66265060240965,2
16,82,1,1,2,1,0,26,1,16,1,61,61,1,1,2,0,77.2,24.0,0,3.8125,2,3.6,2,13.12,47.281124497991975,2
16,82,1,1,2,1,0,18,0,5,0,58,85,0,0,0,0,66.0,18.5,27,5.3125,3,1.5,2,13.12,56.325301204819276,2
16,82,1,0,0,1,0,22,1,9,0,65,69,1,2,2,0,58.800000000000004,20.5,4,4.3125,-1,2.9,0,13.12,40.73493975903615,2
16,82,1,0,0,1,0,26,1,16,1,61,61,1,1,2,0,67.2,24.0,0,3.8125,0,3.6,0,13.12,41.156626506024104,2
16,82,1,0,0,1,0,18,0,5,0,58,85,0,0,0,0,56.00000000000001,18.5,27,5.3125,1,1.5,0,13.12,47.79116465863455,2
16,79,1,1,1,1,0,18,1,16,0,90,80,1,2,1,0,77.6,24.0,-10,5.0,0,3.6,1,12.64,62.329317269076306,2
16,79,1,1,1,1,0,24,1,15,1,100,78,1,0,1,0,91.6,23.5,-22,4.875,2,3.5,1,12.64,71.73493975903614,2
16,79,1,1,1,1,0,21,3,11,0,70,83,1,0,1,0,69.6,21.5,13,5.1875,2,3.1,1,12.64,58.0,2
16,79,2,1,1,1,0,18,1,16,0,90,80,1,2,1,0,77.6,24.0,-10,5.0,1,3.6,2,12.64,62.329317269076306,2
16,79,2,1,1,1,0,24,1,15,1,100,78,1,0,1,0,91.6,23.5,-22,4.875,3,3.5,2,12.64,71.73493975903614,2
16,79,2,1,1,1,0,21,3,11,0,70,83,1,0,1,0,69.6,21.5,13,5.1875,3,3.1,2,12.64,58.0,2
16,79,1,0,0,1,0,18,1,16,0,90,80,1,2,1,0,67.6,24.0,-10,5.0,-1,3.6,0,12.64,54.29718875502008,2
16,79,1,0,0,1,0,24,1,15,1,100,78,1,0,1,0,81.6,23.5,-22,4.875,1,3.5,0,12.64,63.903614457831324,2
16,79,1,0,0,1,0,21,3,11,0,70,83,1,0,1,0,59.6,21.5,13,5.1875,1,3.1,0,12.64,49.666666666666664,2
12,85,2,1,2,1,0,29,2,2,0,93,97,0,1,0,0,81.2,13.0,4,8.083333333333334,3,1.2,4,10.2,79.08032128514057,2
12,85,2,1,2,1,0,23,3,3,1,91,73,1,2,1,0,90.4,13.5,-18,6.083333333333333,2,2.3,4,10.2,66.2570281124498,2
12,85,2,1,2,1,0,24,0,2,1,56,76,1,1,1,0,76.4,13.0,20,6.333333333333333,3,2.2,4,10.2,58.29718875502009,2
12,85,2,1,2,1,0,25,2,5,0,58,89,0,2,0,0,67.2,14.5,31,7.416666666666667,2,1.5,4,10.2,60.048192771084345,2
14,76,1,1,0,1,1,27,2,5,1,88,56,1,1,2,0,85.60000000000001,16.5,-32,4.0,0,2.5,0,10.64,48.12851405622491,2
14,76,1,1,0,1,1,20,3,17,0,76,60,1,1,2,0,70.80000000000001,22.5,-16,4.285714285714286,0,3.7,0,10.64,42.650602409638566,2
14,76,1,1,1,1,1,27,2,5,1,88,56,1,1,2,0,85.60000000000001,16.5,-32,4.0,1,2.5,1,10.64,48.12851405622491,2
14,76,1,1,1,1,1,20,3,17,0,76,60,1,1,2,0,70.80000000000001,22.5,-16,4.285714285714286,1,3.7,1,10.64,42.650602409638566,2
14,76,1,0,2,1,1,27,2,5,1,88,56,1,1,2,0,75.60000000000001,16.5,-32,4.0,2,2.5,2,10.64,42.506024096385545,2
14,76,1,0,2,1,1,20,3,17,0,76,60,1,1,2,0,60.800000000000004,22.5,-16,4.285714285714286,2,3.7,2,10.64,36.626506024096386,2
14,76,1,0,0,1,1,27,2,5,1,88,56,1,1,2,0,75.60000000000001,16.5,-32,4.0,0,2.5,0,10.64,42.506024096385545,2
14,76,1,0,0,1,1,20,3,17,0,76,60,1,1,2,0,60.800000000000004,22.5,-16,4.285714285714286,0,3.7,0,10.64,36.626506024096386,2
14,76,1,0,1,1,1,27,2,5,1,88,56,1,1,2,0,75.60000000000001,16.5,-32,4.0,1,2.5,1,10.64,42.506024096385545,2
14,76,1,0,1,1,1,20,3,17,0,76,60,1,1,2,0,60.800000000000004,22.5,-16,4.285714285714286,1,3.7,1,10.64,36.626506024096386,2
12,68,2,1,1,1,1,22,0,9,1,58,85,1,2,0,0,70.4,16.5,27,7.083333333333333,1,2.9,2,8.16,60.08032128514057,2
12,68,2,1,1,1,1,29,2,6,0,58,68,1,0,2,0,60.400000000000006,15.0,10,5.666666666666667,3,2.6,2,8.16,41.23694779116467,2
12,68,2,1,1,1,1,21,0,11,1,95,46,0,2,3,0,85.2,17.5,-49,3.8333333333333335,1,2.1,2,8.16,39.34939759036145,2
12,68,2,0,1,1,1,22,0,9,1,58,85,1,2,0,0,60.400000000000006,16.5,27,7.083333333333333,1,2.9,2,8.16,51.54618473895583,2
12,68,2,0,1,1,1,29,2,6,0,58,68,1,0,2,0,50.400000000000006,15.0,10,5.666666666666667,3,2.6,2,8.16,34.40963855421687,2
12,68,2,0,1,1,1,21,0,11,1,95,46,0,2,3,0,75.2,17.5,-49,3.8333333333333335,1,2.1,2,8.16,34.73092369477912,2
12,68,0,0,0,1,1,22,0,9,1,58,85,1,2,0,0,60.400000000000006,16.5,27,7.083333333333333,-2,2.9,0,8.16,51.54618473895583,2
12,68,0,0,0,1,1,29,2,6,0,58,68,1,0,2,0,50.400000000000006,15.0,10,5.666666666666667,0,2.6,0,8.16,34.40963855421687,2
12,68,0,0,0,1,1,21,0,11,1,95,46,0,2,3,0,75.2,17.5,-49,3.8333333333333335,-2,2.1,0,8.16,34.73092369477912,2
12,68,1,1,0,1,1,22,0,9,1,58,85,1,2,0,0,70.4,16.5,27,7.083333333333333,-1,2.9,0,8.16,60.08032128514057,2
12,68,1,1,0,1,1,29,2,6,0,58,68,1,0,2,0,60.400000000000006,15.0,10,5.666666666666667,1,2.6,0,8.16,41.23694779116467,2
12,68,1,1,0,1,1,21,0,11,1,95,46,0,2,3,0,85.2,17.5,-49,3.8333333333333335,-1,2.1,0,8.16,39.34939759036145,2
14,89,1,0,2,1,0,28,2,4,1,62,68,1,2,2,0,70.4,16.0,6,4.857142857142857,1,2.4,2,12.46,48.06425702811246,2
14,89,1,0,2,1,0,21,1,6,1,70,68,1,2,2,0,73.6,17.0,-2,4.857142857142857,1,2.6,2,12.46,50.24899598393574,2
14,89,1,0,2,1,0,24,0,12,1,86,49,0,2,3,0,80.0,20.0,-37,3.5,1,2.2,2,12.46,39.3574297188755,2
14,89,0,0,0,1,0,28,2,4,1,62,68,1,2,2,0,70.4,16.0,6,4.857142857142857,-2,2.4,0,12.46,48.06425702811246,2
14,89,0,0,0,1,0,21,1,6,1,70,68,1,2,2,0,73.6,17.0,-2,4.857142857142857,-2,2.6,0,12.46,50.24899598393574,2
14,89,0,0,0,1,0,24,0,12,1,86,49,0,2,3,0,80.0,20.0,-37,3.5,-2,2.2,0,12.46,39.3574297188755,2
19,80,0,0,1,1,1,23,3,3,1,69,91,1,2,0,0,69.6,20.5,22,4.7894736842105265,-1,2.3,0,15.200000000000001,63.59036144578314,2
19,80,1,1,1,1,1,23,3,3,1,69,91,1,2,0,0,79.6,20.5,22,4.7894736842105265,0,2.3,1,15.200000000000001,72.72690763052208,2
19,80,0,0,2,1,1,23,3,3,1,69,91,1,2,0,0,69.6,20.5,22,4.7894736842105265,0,2.3,0,15.200000000000001,63.59036144578314,2
19,80,0,0,0,1,1,23,3,3,1,69,91,1,2,0,0,69.6,20.5,22,4.7894736842105265,-2,2.3,0,15.200000000000001,63.59036144578314,2
19,80,1,1,0,1,1,23,3,3,1,69,91,1,2,0,0,79.6,20.5,22,4.7894736842105265,-1,2.3,0,15.200000000000001,72.72690763052208,2
19,80,2,1,1,1,1,23,3,3,1,69,91,1,2,0,0,79.6,20.5,22,4.7894736842105265,1,2.3,2,15.200000000000001,72.72690763052208,2
16,65,2,0,0,1,1,19,1,17,1,92,91,0,1,0,0,72.80000000000001,24.5,-1,5.6875,1,2.7,0,10.4,66.51405622489962,2
16,65,2,0,0,1,1,26,0,1,0,83,94,1,2,0,0,59.2,16.5,11,5.875,0,2.1,0,10.4,55.871485943775106,2
16,65,2,0,0,1,1,24,3,10,1,62,65,0,2,2,0,60.8,21.0,3,4.0625,0,2.0,0,10.4,39.678714859437754,2
16,65,0,0,1,1,1,19,1,17,1,92,91,0,1,0,0,72.80000000000001,24.5,-1,5.6875,0,2.7,0,10.4,66.51405622489962,2
16,65,0,0,1,1,1,26,0,1,0,83,94,1,2,0,0,59.2,16.5,11,5.875,-1,2.1,0,10.4,55.871485943775106,2
16,65,0,0,1,1,1,24,3,10,1,62,65,0,2,2,0,60.8,21.0,3,4.0625,-1,2.0,0,10.4,39.678714859437754,2
16,65,1,0,1,1,1,19,1,17,1,92,91,0,1,0,0,72.80000000000001,24.5,-1,5.6875,1,2.7,1,10.4,66.51405622489962,2
16,65,1,0,1,1,1,26,0,1,0,83,94,1,2,0,0,59.2,16.5,11,5.875,0,2.1,1,10.4,55.871485943775106,2
16,65,1,0,1,1,1,24,3,10,1,62,65,0,2,2,0,60.8,21.0,3,4.0625,0,2.0,1,10.4,39.678714859437754,2
19,67,1,1,1,1,0,29,0,1,1,81,94,1,1,0,0,79.2,19.5,13,4.947368421052632,1,2.1,1,12.73,74.74698795180724,2
19,67,1,1,2,1,0,29,0,1,1,81,94,1,1,0,0,79.2,19.5,13,4.947368421052632,2,2.1,2,12.73,74.74698795180724,2
19,67,0,0,2,1,0,29,0,1,1,81,94,1,1,0,0,69.2,19.5,13,4.947368421052632,1,2.1,0,12.73,65.30923694779118,2
19,67,1,0,1,1,0,29,0,1,1,81,94,1,1,0,0,69.2,19.5,13,4.947368421052632,1,2.1,1,12.73,65.30923694779118,2
19,67,1,0,0,1,0,29,0,1,1,81,94,1,1,0,0,69.2,19.5,13,4.947368421052632,0,2.1,0,12.73,65.30923694779118,2
19,67,1,1,0,1,0,29,0,1,1,81,94,1,1,0,0,79.2,19.5,13,4.947368421052632,0,2.1,0,12.73,74.74698795180724,2
21,71,1,1,0,1,0,29,1,16,0,68,96,1,0,0,0,65.60000000000001,29.0,28,4.571428571428571,1,3.6,0,14.91,63.22891566265061,2
21,71,1,1,1,1,0,29,1,16,0,68,96,1,0,0,0,65.60000000000001,29.0,28,4.571428571428571,2,3.6,1,14.91,63.22891566265061,2
21,71,0,0,2,1,0,29,1,16,0,68,96,1,0,0,0,55.60000000000001,29.0,28,4.571428571428571,2,3.6,0,14.91,53.590361445783145,2
21,71,1,0,0,1,0,29,1,16,0,68,96,1,0,0,0,55.60000000000001,29.0,28,4.571428571428571,1,3.6,0,14.91,53.590361445783145,2
21,71,2,1,1,1,0,29,1,16,0,68,96,1,0,0,0,65.60000000000001,29.0,28,4.571428571428571,3,3.6,2,14.91,63.22891566265061,2
12,94,2,1,1,1,1,18,1,12,0,87,81,0,2,1,0,82.4,18.0,-6,6.75,1,2.2,2,11.28,67.01204819277109,2
12,94,2,1,1,1,1,26,0,12,0,84,90,1,2,0,0,81.2,18.0,6,7.5,1,3.2,2,11.28,73.37349397590361,2
12,94,2,0,2,1,1,18,1,12,0,87,81,0,2,1,0,72.4,18.0,-6,6.75,2,2.2,4,11.28,58.87951807228916,2
12,94,2,0,2,1,1,26,0,12,0,84,90,1,2,0,0,71.2,18.0,6,7.5,2,3.2,4,11.28,64.33734939759037,2
12,94,0,1,1,1,1,18,1,12,0,87,81,0,2,1,0,82.4,18.0,-6,6.75,-1,2.2,0,11.28,67.01204819277109,2
12,94,0,1,1,1,1,26,0,12,0,84,90,1,2,0,0,81.2,18.0,6,7.5,-1,3.2,0,11.28,73.37349397590361,2
10,60,1,0,1,1,1,25,0,19,1,91,52,1,1,3,0,70.4,19.5,-39,5.2,1,3.9000000000000004,1,6.0,36.755020080321295,2
21,76,2,1,1,1,1,19,2,7,0,57,91,0,2,0,0,63.2,24.5,34,4.333333333333333,1,1.7000000000000002,2,15.96,57.74297188755021,2
21,76,1,1,1,1,1,19,2,7,0,57,91,0,2,0,0,63.2,24.5,34,4.333333333333333,0,1.7000000000000002,1,15.96,57.74297188755021,2
21,76,1,1,0,1,1,19,2,7,0,57,91,0,2,0,0,63.2,24.5,34,4.333333333333333,-1,1.7000000000000002,0,15.96,57.74297188755021,2
21,76,1,1,2,1,1,19,2,7,0,57,91,0,2,0,0,63.2,24.5,34,4.333333333333333,1,1.7000000000000002,2,15.96,57.74297188755021,2
14,88,1,0,1,1,1,18,2,17,0,100,49,0,2,3,0,75.2,22.5,-51,3.5,0,2.7,1,12.32,36.99598393574298,2
14,88,2,1,1,1,1,18,2,17,0,100,49,0,2,3,0,85.2,22.5,-51,3.5,1,2.7,2,12.32,41.915662650602414,2
14,88,1,1,1,1,1,18,2,17,0,100,49,0,2,3,0,85.2,22.5,-51,3.5,0,2.7,1,12.32,41.915662650602414,2
17,92,2,0,1,1,1,22,0,10,1,93,77,0,2,1,0,84.0,22.0,-16,4.529411764705882,1,2.0,2,15.64,64.93975903614458,2
17,92,2,0,1,1,1,24,1,11,1,58,88,1,2,0,0,70.0,22.5,30,5.176470588235294,1,3.1,2,15.64,61.84738955823294,2
17,92,0,1,2,1,1,22,0,10,1,93,77,0,2,1,0,94.0,22.0,-16,4.529411764705882,0,2.0,0,15.64,72.6706827309237,2
17,92,0,1,2,1,1,24,1,11,1,58,88,1,2,0,0,80.0,22.5,30,5.176470588235294,0,3.1,0,15.64,70.68273092369478,2
17,92,2,1,1,1,1,22,0,10,1,93,77,0,2,1,0,94.0,22.0,-16,4.529411764705882,1,2.0,2,15.64,72.6706827309237,2
17,92,2,1,1,1,1,24,1,11,1,58,88,1,2,0,0,80.0,22.5,30,5.176470588235294,1,3.1,2,15.64,70.68273092369478,2
17,92,1,1,1,1,1,22,0,10,1,93,77,0,2,1,0,94.0,22.0,-16,4.529411764705882,0,2.0,1,15.64,72.6706827309237,2
17,92,1,1,1,1,1,24,1,11,1,58,88,1,2,0,0,80.0,22.5,30,5.176470588235294,0,3.1,1,15.64,70.68273092369478,2
17,92,1,1,2,1,1,22,0,10,1,93,77,0,2,1,0,94.0,22.0,-16,4.529411764705882,1,2.0,2,15.64,72.6706827309237,2
17,92,1,1,2,1,1,24,1,11,1,58,88,1,2,0,0,80.0,22.5,30,5.176470588235294,1,3.1,2,15.64,70.68273092369478,2
17,92,1,0,0,1,1,22,0,10,1,93,77,0,2,1,0,84.0,22.0,-16,4.529411764705882,-1,2.0,0,15.64,64.93975903614458,2
17,92,1,0,0,1,1,24,1,11,1,58,88,1,2,0,0,70.0,22.5,30,5.176470588235294,-1,3.1,0,15.64,61.84738955823294,2
19,98,0,1,2,1,0,28,2,10,1,84,84,1,1,1,0,92.80000000000001,24.0,0,4.421052631578948,1,3.0,0,18.62,78.26506024096386,2
19,98,2,1,1,1,0,28,2,10,1,84,84,1,1,1,0,92.80000000000001,24.0,0,4.421052631578948,2,3.0,2,18.62,78.26506024096386,2
19,98,2,1,2,1,0,28,2,10,1,84,84,1,1,1,0,92.80000000000001,24.0,0,4.421052631578948,3,3.0,4,18.62,78.26506024096386,2
11,63,1,1,2,1,0,20,3,19,1,54,45,1,1,3,0,66.80000000000001,20.5,-9,4.090909090909091,2,3.9000000000000004,2,6.93,30.18072289156627,2
11,63,1,1,2,1,0,22,3,20,0,67,100,1,2,0,0,62.0,21.0,33,9.090909090909092,1,4.0,2,6.93,62.24899598393575,2
11,63,1,1,2,1,0,22,0,15,1,57,78,1,2,1,0,68.0,18.5,21,7.090909090909091,1,3.5,2,6.93,53.25301204819277,2
11,63,1,1,2,1,0,25,0,20,0,65,55,1,0,2,0,61.2,21.0,-10,5.0,3,4.0,2,6.93,33.79518072289157,2
18,76,2,0,1,1,1,28,2,11,1,68,88,1,2,0,0,67.60000000000001,23.5,20,4.888888888888889,1,3.1,2,13.68,59.7269076305221,2
18,76,2,1,2,1,1,28,2,11,1,68,88,1,2,0,0,77.60000000000001,23.5,20,4.888888888888889,2,3.1,4,13.68,68.56224899598395,2
17,61,1,0,2,1,0,28,2,10,1,62,69,0,2,2,0,59.2,22.0,7,4.0588235294117645,1,2.0,2,10.37,41.01204819277109,2
17,61,2,1,0,1,0,28,2,10,1,62,69,0,2,2,0,69.2,22.0,7,4.0588235294117645,0,2.0,0,10.37,47.939759036144586,2
17,61,1,0,0,1,0,28,2,10,1,62,69,0,2,2,0,59.2,22.0,7,4.0588235294117645,-1,2.0,0,10.37,41.01204819277109,2
17,96,1,1,1,1,1,27,0,6,0,100,68,1,1,2,0,88.4,20.0,-32,4.0,1,2.6,1,16.32,60.353413654618485,2
17,96,1,1,1,1,1,23,3,13,1,55,95,1,0,0,0,80.4,23.5,40,5.588235294117647,2,3.3,1,16.32,76.68674698795182,2
17,96,1,1,1,1,1,25,0,15,0,69,70,0,1,1,0,76.0,24.5,1,4.117647058823529,1,2.5,1,16.32,53.4136546184739,2
17,96,2,1,1,1,1,27,0,6,0,100,68,1,1,2,0,88.4,20.0,-32,4.0,2,2.6,2,16.32,60.353413654618485,2
17,96,2,1,1,1,1,23,3,13,1,55,95,1,0,0,0,80.4,23.5,40,5.588235294117647,3,3.3,2,16.32,76.68674698795182,2
17,96,2,1,1,1,1,25,0,15,0,69,70,0,1,1,0,76.0,24.5,1,4.117647058823529,2,2.5,2,16.32,53.4136546184739,2
17,96,1,1,0,1,1,27,0,6,0,100,68,1,1,2,0,88.4,20.0,-32,4.0,0,2.6,0,16.32,60.353413654618485,2
17,96,1,1,0,1,1,23,3,13,1,55,95,1,0,0,0,80.4,23.5,40,5.588235294117647,1,3.3,0,16.32,76.68674698795182,2
17,96,1,1,0,1,1,25,0,15,0,69,70,0,1,1,0,76.0,24.5,1,4.117647058823529,0,2.5,0,16.32,53.4136546184739,2
17,96,1,0,0,1,1,27,0,6,0,100,68,1,1,2,0,78.4,20.0,-32,4.0,0,2.6,0,16.32,53.526104417670695,2
17,96,1,0,0,1,1,23,3,13,1,55,95,1,0,0,0,70.4,23.5,40,5.588235294117647,1,3.3,0,16.32,67.14859437751005,2
17,96,1,0,0,1,1,25,0,15,0,69,70,0,1,1,0,66.0,24.5,1,4.117647058823529,0,2.5,0,16.32,46.385542168674704,2
14,84,1,0,1,1,1,18,3,2,1,84,80,0,1,1,0,77.2,15.0,-4,5.714285714285714,1,1.2,1,11.76,62.00803212851406,2
14,84,1,1,1,1,1,18,3,2,1,84,80,0,1,1,0,87.2,15.0,-4,5.714285714285714,1,1.2,1,11.76,70.04016064257029,2
14,84,2,0,0,1,1,18,3,2,1,84,80,0,1,1,0,77.2,15.0,-4,5.714285714285714,1,1.2,0,11.76,62.00803212851406,2
14,84,1,0,0,1,1,18,3,2,1,84,80,0,1,1,0,77.2,15.0,-4,5.714285714285714,0,1.2,0,11.76,62.00803212851406,2
13,97,2,0,1,1,0,28,3,12,1,88,99,0,0,0,0,84.0,19.0,11,7.615384615384615,3,2.2,2,12.61,83.49397590361447,2
13,97,2,0,1,1,0,25,3,13,1,100,73,1,0,1,0,88.80000000000001,19.5,-27,5.615384615384615,3,3.3,2,12.61,65.0843373493976,2
13,97,2,0,1,1,0,19,2,13,0,56,87,1,2,0,0,61.2,19.5,31,6.6923076923076925,1,3.3,2,12.61,53.457831325301214,2
13,97,1,0,2,1,0,28,3,12,1,88,99,0,0,0,0,84.0,19.0,11,7.615384615384615,3,2.2,2,12.61,83.49397590361447,2
13,97,1,0,2,1,0,25,3,13,1,100,73,1,0,1,0,88.80000000000001,19.5,-27,5.615384615384615,3,3.3,2,12.61,65.0843373493976,2
13,97,1,0,2,1,0,19,2,13,0,56,87,1,2,0,0,61.2,19.5,31,6.6923076923076925,1,3.3,2,12.61,53.457831325301214,2
13,97,1,1,1,1,0,28,3,12,1,88,99,0,0,0,0,94.0,19.0,11,7.615384615384615,2,2.2,1,12.61,93.43373493975905,2
13,97,1,1,1,1,0,25,3,13,1,100,73,1,0,1,0,98.80000000000001,19.5,-27,5.615384615384615,2,3.3,1,12.61,72.4136546184739,2
13,97,1,1,1,1,0,19,2,13,0,56,87,1,2,0,0,71.2,19.5,31,6.6923076923076925,0,3.3,1,12.61,62.19277108433736,2
13,97,2,1,0,1,0,28,3,12,1,88,99,0,0,0,0,94.0,19.0,11,7.615384615384615,2,2.2,0,12.61,93.43373493975905,2
13,97,2,1,0,1,0,25,3,13,1,100,73,1,0,1,0,98.80000000000001,19.5,-27,5.615384615384615,2,3.3,0,12.61,72.4136546184739,2
13,97,2,1,0,1,0,19,2,13,0,56,87,1,2,0,0,71.2,19.5,31,6.6923076923076925,0,3.3,0,12.61,62.19277108433736,2
16,88,1,0,1,1,1,24,0,13,1,99,69,1,2,2,0,84.80000000000001,22.5,-30,4.3125,0,3.3,1,14.08,58.74698795180724,2
16,88,2,1,2,1,1,24,0,13,1,99,69,1,2,2,0,94.80000000000001,22.5,-30,4.3125,2,3.3,4,14.08,65.67469879518073,2
17,68,1,1,2,1,1,19,1,18,1,52,74,1,2,1,0,68.0,26.0,22,4.352941176470588,1,3.8,2,11.56,50.52208835341366,2
17,68,2,0,1,1,1,19,1,18,1,52,74,1,2,1,0,58.0,26.0,22,4.352941176470588,1,3.8,2,11.56,43.092369477911646,2
17,68,2,1,1,1,1,19,1,18,1,52,74,1,2,1,0,68.0,26.0,22,4.352941176470588,1,3.8,2,11.56,50.52208835341366,2
17,68,0,1,1,1,1,19,1,18,1,52,74,1,2,1,0,68.0,26.0,22,4.352941176470588,-1,3.8,0,11.56,50.52208835341366,2
17,68,1,0,1,1,1,19,1,18,1,52,74,1,2,1,0,58.0,26.0,22,4.352941176470588,0,3.8,1,11.56,43.092369477911646,2
17,68,2,1,2,1,1,19,1,18,1,52,74,1,2,1,0,68.0,26.0,22,4.352941176470588,2,3.8,4,11.56,50.52208835341366,2
11,85,0,1,0,1,1,29,3,13,1,78,90,1,2,0,0,85.2,17.5,12,8.181818181818182,-2,3.3,0,9.35,76.98795180722892,2
11,85,0,1,0,1,1,29,1,5,1,60,44,1,2,3,0,78.0,13.5,-16,4.0,-2,2.5,0,9.35,34.45783132530121,2
11,85,1,0,0,1,1,29,3,13,1,78,90,1,2,0,0,75.2,17.5,12,8.181818181818182,-1,3.3,0,9.35,67.95180722891567,2
11,85,1,0,0,1,1,29,1,5,1,60,44,1,2,3,0,68.0,13.5,-16,4.0,-1,2.5,0,9.35,30.040160642570285,2
11,85,0,1,2,1,1,29,3,13,1,78,90,1,2,0,0,85.2,17.5,12,8.181818181818182,0,3.3,0,9.35,76.98795180722892,2
11,85,0,1,2,1,1,29,1,5,1,60,44,1,2,3,0,78.0,13.5,-16,4.0,0,2.5,0,9.35,34.45783132530121,2
16,91,1,0,2,1,0,25,2,17,1,84,63,1,2,2,0,80.0,24.5,-21,3.9375,1,3.7,2,14.56,50.602409638554214,2
16,91,1,0,2,1,0,21,0,20,0,60,59,0,0,2,0,60.4,26.0,-1,3.6875,3,3.0,2,14.56,35.77911646586345,2
16,91,1,0,2,1,0,25,3,15,1,92,56,1,0,2,0,83.2,23.5,-36,3.5,3,3.5,2,14.56,46.77911646586346,2
16,91,1,0,2,1,0,27,0,11,1,100,57,1,1,2,0,86.4,21.5,-43,3.5625,2,3.1,2,14.56,49.445783132530124,2
16,91,1,0,2,1,0,27,0,14,1,57,55,1,2,2,0,69.2,23.0,-2,3.4375,1,3.4000000000000004,2,14.56,38.212851405622494,2
16,91,1,1,1,1,0,25,2,17,1,84,63,1,2,2,0,90.0,24.5,-21,3.9375,0,3.7,1,14.56,56.9277108433735,2
16,91,1,1,1,1,0,21,0,20,0,60,59,0,0,2,0,70.4,26.0,-1,3.6875,2,3.0,1,14.56,41.70281124497993,2
16,91,1,1,1,1,0,27,0,14,1,57,55,1,2,2,0,79.2,23.0,-2,3.4375,0,3.4000000000000004,1,14.56,43.73493975903615,2
16,91,0,0,0,1,0,25,2,17,1,84,63,1,2,2,0,80.0,24.5,-21,3.9375,-2,3.7,0,14.56,50.602409638554214,2
16,91,0,0,0,1,0,21,0,20,0,60,59,0,0,2,0,60.4,26.0,-1,3.6875,0,3.0,0,14.56,35.77911646586345,2
16,91,0,0,0,1,0,25,3,15,1,92,56,1,0,2,0,83.2,23.5,-36,3.5,0,3.5,0,14.56,46.77911646586346,2
16,91,0,0,0,1,0,27,0,11,1,100,57,1,1,2,0,86.4,21.5,-43,3.5625,-1,3.1,0,14.56,49.445783132530124,2
16,91,0,0,0,1,0,27,0,14,1,57,55,1,2,2,0,69.2,23.0,-2,3.4375,-2,3.4000000000000004,0,14.56,38.212851405622494,2
16,91,1,1,2,1,0,25,2,17,1,84,63,1,2,2,0,90.0,24.5,-21,3.9375,1,3.7,2,14.56,56.9277108433735,2
16,91,1,1,2,1,0,21,0,20,0,60,59,0,0,2,0,70.4,26.0,-1,3.6875,3,3.0,2,14.56,41.70281124497993,2
16,91,1,1,2,1,0,27,0,14,1,57,55,1,2,2,0,79.2,23.0,-2,3.4375,1,3.4000000000000004,2,14.56,43.73493975903615,2
18,73,1,1,0,1,1,29,1,14,1,67,76,1,2,1,0,76.0,25.0,9,4.222222222222222,-1,3.4000000000000004,0,13.14,57.99196787148595,2
18,73,2,1,0,1,1,29,1,14,1,67,76,1,2,1,0,76.0,25.0,9,4.222222222222222,0,3.4000000000000004,0,13.14,57.99196787148595,2
12,87,1,1,0,1,1,29,3,20,1,98,73,0,2,1,0,94.0,22.0,-25,6.083333333333333,-1,3.0,0,10.44,68.89558232931728,2
12,87,1,1,0,1,1,23,0,20,1,59,83,1,0,1,0,78.4,22.0,24,6.916666666666667,1,4.0,0,10.44,65.33333333333334,2
16,85,1,0,2,1,1,25,0,19,0,72,74,0,2,1,0,62.8,25.5,2,4.625,1,2.9000000000000004,2,13.6,46.658634538152604,2
16,85,1,0,2,1,1,28,0,14,1,71,70,0,1,1,0,72.4,23.0,-1,4.375,2,2.4000000000000004,2,13.6,50.88353413654619,2
16,85,2,1,2,1,1,25,0,19,0,72,74,0,2,1,0,72.8,25.5,2,4.625,2,2.9000000000000004,4,13.6,54.088353413654616,2
16,85,2,1,2,1,1,28,0,14,1,71,70,0,1,1,0,82.4,23.0,-1,4.375,3,2.4000000000000004,4,13.6,57.911646586345384,2
16,85,0,0,0,1,1,25,0,19,0,72,74,0,2,1,0,62.8,25.5,2,4.625,-2,2.9000000000000004,0,13.6,46.658634538152604,2
16,85,0,0,0,1,1,28,0,14,1,71,70,0,1,1,0,72.4,23.0,-1,4.375,-1,2.4000000000000004,0,13.6,50.88353413654619,2
16,85,0,1,0,1,1,25,0,19,0,72,74,0,2,1,0,72.8,25.5,2,4.625,-2,2.9000000000000004,0,13.6,54.088353413654616,2
16,85,0,1,0,1,1,28,0,14,1,71,70,0,1,1,0,82.4,23.0,-1,4.375,-1,2.4000000000000004,0,13.6,57.911646586345384,2
17,81,2,0,1,1,1,21,1,17,1,89,64,1,1,2,0,78.0,25.5,-25,3.764705882352941,2,3.7,2,13.770000000000001,50.12048192771085,2
17,81,0,1,0,1,1,21,1,17,1,89,64,1,1,2,0,88.0,25.5,-25,3.764705882352941,-1,3.7,0,13.770000000000001,56.54618473895582,2
17,81,1,1,1,1,1,21,1,17,1,89,64,1,1,2,0,88.0,25.5,-25,3.764705882352941,1,3.7,1,13.770000000000001,56.54618473895582,2
17,81,1,1,0,1,1,21,1,17,1,89,64,1,1,2,0,88.0,25.5,-25,3.764705882352941,0,3.7,0,13.770000000000001,56.54618473895582,2
17,81,1,0,1,1,1,21,1,17,1,89,64,1,1,2,0,78.0,25.5,-25,3.764705882352941,1,3.7,1,13.770000000000001,50.12048192771085,2
17,81,0,1,2,1,1,21,1,17,1,89,64,1,1,2,0,88.0,25.5,-25,3.764705882352941,1,3.7,0,13.770000000000001,56.54618473895582,2
17,81,1,0,2,1,1,21,1,17,1,89,64,1,1,2,0,78.0,25.5,-25,3.764705882352941,2,3.7,2,13.770000000000001,50.12048192771085,2
18,82,1,0,0,1,0,19,2,7,0,70,79,0,1,1,0,60.800000000000004,21.5,9,4.388888888888889,0,1.7000000000000002,0,14.76,48.22489959839358,2
18,82,1,0,1,1,0,19,2,7,0,70,79,0,1,1,0,60.800000000000004,21.5,9,4.388888888888889,1,1.7000000000000002,1,14.76,48.22489959839358,2
18,82,0,0,0,1,0,19,2,7,0,70,79,0,1,1,0,60.800000000000004,21.5,9,4.388888888888889,-1,1.7000000000000002,0,14.76,48.22489959839358,2
18,82,1,1,2,1,0,19,2,7,0,70,79,0,1,1,0,70.80000000000001,21.5,9,4.388888888888889,2,1.7000000000000002,2,14.76,56.15662650602411,2
15,69,1,1,1,1,0,26,0,18,1,66,46,1,2,3,0,74.0,24.0,-20,3.066666666666667,0,3.8,1,10.35,34.17670682730924,2
15,69,1,1,1,1,0,29,3,18,1,80,81,1,1,1,0,79.6,24.0,1,5.4,1,3.8,1,10.35,64.73493975903614,2
15,69,1,1,1,1,0,18,1,16,0,86,74,0,1,1,0,72.0,23.0,-12,4.933333333333334,1,2.6,1,10.35,53.493975903614455,2
15,69,1,1,1,1,0,22,2,3,1,73,93,1,1,0,0,76.80000000000001,16.5,20,6.2,1,2.3,1,10.35,71.71084337349399,2
15,69,1,1,1,1,0,26,3,7,1,65,46,1,2,3,0,73.6,18.5,-19,3.066666666666667,0,2.7,1,10.35,33.99196787148594,2
15,69,1,1,1,1,0,23,0,0,0,51,82,1,2,1,0,58.0,15.0,31,5.466666666666667,0,2.0,1,10.35,47.75100401606426,2
15,69,1,1,2,1,0,26,0,18,1,66,46,1,2,3,0,74.0,24.0,-20,3.066666666666667,1,3.8,2,10.35,34.17670682730924,2
15,69,1,1,2,1,0,29,3,18,1,80,81,1,1,1,0,79.6,24.0,1,5.4,2,3.8,2,10.35,64.73493975903614,2
15,69,1,1,2,1,0,18,1,16,0,86,74,0,1,1,0,72.0,23.0,-12,4.933333333333334,2,2.6,2,10.35,53.493975903614455,2
15,69,1,1,2,1,0,22,2,3,1,73,93,1,1,0,0,76.80000000000001,16.5,20,6.2,2,2.3,2,10.35,71.71084337349399,2
15,69,1,1,2,1,0,26,3,7,1,65,46,1,2,3,0,73.6,18.5,-19,3.066666666666667,1,2.7,2,10.35,33.99196787148594,2
15,69,1,1,2,1,0,23,0,0,0,51,82,1,2,1,0,58.0,15.0,31,5.466666666666667,1,2.0,2,10.35,47.75100401606426,2
15,69,0,0,0,1,0,26,0,18,1,66,46,1,2,3,0,64.0,24.0,-20,3.066666666666667,-2,3.8,0,10.35,29.558232931726906,2
15,69,0,0,0,1,0,29,3,18,1,80,81,1,1,1,0,69.6,24.0,1,5.4,-1,3.8,0,10.35,56.60240963855422,2
15,69,0,0,0,1,0,18,1,16,0,86,74,0,1,1,0,62.0,23.0,-12,4.933333333333334,-1,2.6,0,10.35,46.06425702811246,2
15,69,0,0,0,1,0,22,2,3,1,73,93,1,1,0,0,66.80000000000001,16.5,20,6.2,-1,2.3,0,10.35,62.37349397590363,2
15,69,0,0,0,1,0,26,3,7,1,65,46,1,2,3,0,63.6,18.5,-19,3.066666666666667,-2,2.7,0,10.35,29.373493975903617,2
15,69,0,0,0,1,0,23,0,0,0,51,82,1,2,1,0,48.0,15.0,31,5.466666666666667,-2,2.0,0,10.35,39.51807228915663,2
18,82,1,1,0,1,1,28,3,7,0,75,75,0,0,1,0,72.80000000000001,21.5,0,4.166666666666667,1,1.7000000000000002,0,14.76,54.81927710843375,2
18,82,0,1,1,1,1,28,3,7,0,75,75,0,0,1,0,72.80000000000001,21.5,0,4.166666666666667,1,1.7000000000000002,0,14.76,54.81927710843375,2
18,82,1,1,2,1,1,28,3,7,0,75,75,0,0,1,0,72.80000000000001,21.5,0,4.166666666666667,3,1.7000000000000002,2,14.76,54.81927710843375,2
18,82,2,0,1,1,1,28,3,7,0,75,75,0,0,1,0,62.800000000000004,21.5,0,4.166666666666667,3,1.7000000000000002,2,14.76,47.28915662650603,2
18,82,0,1,2,1,1,28,3,7,0,75,75,0,0,1,0,72.80000000000001,21.5,0,4.166666666666667,2,1.7000000000000002,0,14.76,54.81927710843375,2
18,82,1,1,1,1,1,28,3,7,0,75,75,0,0,1,0,72.80000000000001,21.5,0,4.166666666666667,2,1.7000000000000002,1,14.76,54.81927710843375,2
12,95,1,0,2,1,1,27,0,7,1,91,54,1,2,3,0,84.4,15.5,-37,4.5,1,2.7,2,11.399999999999999,45.75903614457832,2
12,95,1,0,2,1,1,25,3,12,1,90,60,1,2,2,0,84.0,18.0,-30,5.0,1,3.2,2,11.399999999999999,50.60240963855422,2
12,95,2,1,1,1,1,27,0,7,1,91,54,1,2,3,0,94.4,15.5,-37,4.5,1,2.7,2,11.399999999999999,51.18072289156627,2
12,95,2,1,1,1,1,25,3,12,1,90,60,1,2,2,0,94.0,18.0,-30,5.0,1,3.2,2,11.399999999999999,56.62650602409639,2
12,95,1,1,2,1,1,27,0,7,1,91,54,1,2,3,0,94.4,15.5,-37,4.5,1,2.7,2,11.399999999999999,51.18072289156627,2
12,95,1,1,2,1,1,25,3,12,1,90,60,1,2,2,0,94.0,18.0,-30,5.0,1,3.2,2,11.399999999999999,56.62650602409639,2
12,95,1,0,1,1,1,27,0,7,1,91,54,1,2,3,0,84.4,15.5,-37,4.5,0,2.7,1,11.399999999999999,45.75903614457832,2
12,95,1,0,1,1,1,25,3,12,1,90,60,1,2,2,0,84.0,18.0,-30,5.0,0,3.2,1,11.399999999999999,50.60240963855422,2
18,71,0,1,0,1,1,22,1,2,0,68,79,0,0,1,0,65.60000000000001,19.0,11,4.388888888888889,0,1.2,0,12.78,52.03212851405623,2
18,71,2,1,1,1,1,22,1,2,0,68,79,0,0,1,0,65.60000000000001,19.0,11,4.388888888888889,3,1.2,2,12.78,52.03212851405623,2
18,71,1,1,1,1,1,22,1,2,0,68,79,0,0,1,0,65.60000000000001,19.0,11,4.388888888888889,2,1.2,1,12.78,52.03212851405623,2
18,71,1,0,1,1,1,22,1,2,0,68,79,0,0,1,0,55.60000000000001,19.0,11,4.388888888888889,2,1.2,1,12.78,44.10040160642571,2
17,67,2,1,2,1,1,27,0,1,1,79,68,1,2,2,0,78.4,17.5,-11,4.0,2,2.1,4,11.39,53.526104417670695,2
17,67,1,1,1,1,1,27,0,1,1,79,68,1,2,2,0,78.4,17.5,-11,4.0,0,2.1,1,11.39,53.526104417670695,2
17,67,2,1,1,1,1,27,0,1,1,79,68,1,2,2,0,78.4,17.5,-11,4.0,1,2.1,2,11.39,53.526104417670695,2
17,67,1,0,2,1,1,27,0,1,1,79,68,1,2,2,0,68.4,17.5,-11,4.0,1,2.1,2,11.39,46.6987951807229,2
17,67,0,0,1,1,1,27,0,1,1,79,68,1,2,2,0,68.4,17.5,-11,4.0,-1,2.1,0,11.39,46.6987951807229,2
17,67,0,0,2,1,1,27,0,1,1,79,68,1,2,2,0,68.4,17.5,-11,4.0,0,2.1,0,11.39,46.6987951807229,2
14,74,2,1,2,1,0,20,1,3,0,89,61,0,0,2,0,75.2,15.5,-28,4.357142857142857,4,1.3,4,10.36,46.0562248995984,2
14,74,2,1,2,1,0,27,1,18,1,73,63,1,1,2,0,78.80000000000001,23.0,-10,4.5,3,3.8,4,10.36,49.84337349397592,2
14,74,1,0,2,1,0,20,1,3,0,89,61,0,0,2,0,65.2,15.5,-28,4.357142857142857,3,1.3,2,10.36,39.93172690763053,2
14,74,1,0,2,1,0,27,1,18,1,73,63,1,1,2,0,68.80000000000001,23.0,-10,4.5,2,3.8,2,10.36,43.518072289156635,2
16,75,1,1,1,1,0,26,0,9,0,81,75,0,2,1,0,72.4,20.5,-6,4.6875,0,1.9,1,12.0,54.51807228915663,2
16,75,1,1,1,1,0,18,0,9,1,54,88,1,2,0,0,71.6,20.5,34,5.5,0,2.9,1,12.0,63.261044176706825,2
16,75,0,1,1,1,0,26,0,9,0,81,75,0,2,1,0,72.4,20.5,-6,4.6875,-1,1.9,0,12.0,54.51807228915663,2
16,75,0,1,1,1,0,18,0,9,1,54,88,1,2,0,0,71.6,20.5,34,5.5,-1,2.9,0,12.0,63.261044176706825,2
16,75,0,1,2,1,0,26,0,9,0,81,75,0,2,1,0,72.4,20.5,-6,4.6875,0,1.9,0,12.0,54.51807228915663,2
16,75,0,1,2,1,0,18,0,9,1,54,88,1,2,0,0,71.6,20.5,34,5.5,0,2.9,0,12.0,63.261044176706825,2
11,64,1,1,0,1,1,21,3,14,1,53,82,1,1,1,0,66.80000000000001,18.0,29,7.454545454545454,0,3.4000000000000004,0,7.04,54.995983935742984,2
11,64,1,1,0,1,1,19,2,13,1,83,69,1,2,2,0,78.80000000000001,17.5,-14,6.2727272727272725,-1,3.3,0,7.04,54.590361445783145,2
11,64,1,1,0,1,1,20,0,3,0,97,82,1,0,1,1,74.4,12.5,-15,7.454545454545454,1,2.3,0,7.04,61.25301204819278,2
11,64,1,1,1,1,1,21,3,14,1,53,82,1,1,1,0,66.80000000000001,18.0,29,7.454545454545454,1,3.4000000000000004,1,7.04,54.995983935742984,2
11,64,1,1,1,1,1,19,2,13,1,83,69,1,2,2,0,78.80000000000001,17.5,-14,6.2727272727272725,0,3.3,1,7.04,54.590361445783145,2
11,64,1,1,1,1,1,20,0,3,0,97,82,1,0,1,1,74.4,12.5,-15,7.454545454545454,2,2.3,1,7.04,61.25301204819278,2
11,64,1,0,0,1,1,21,3,14,1,53,82,1,1,1,0,56.800000000000004,18.0,29,7.454545454545454,0,3.4000000000000004,0,7.04,46.76305220883535,2
11,64,1,0,0,1,1,19,2,13,1,83,69,1,2,2,0,68.80000000000001,17.5,-14,6.2727272727272725,-1,3.3,0,7.04,47.66265060240965,2
11,64,1,0,0,1,1,20,0,3,0,97,82,1,0,1,1,64.4,12.5,-15,7.454545454545454,1,2.3,0,7.04,53.02008032128514,2
7,77,1,0,1,1,1,25,0,5,1,82,41,1,1,3,0,73.60000000000001,9.5,-41,5.857142857142857,1,2.5,1,5.390000000000001,30.297188755020084,2
7,77,1,0,1,1,1,27,3,8,0,74,70,1,0,1,0,60.400000000000006,11.0,-4,10.0,2,2.8,1,5.390000000000001,42.449799196787154,2
17,98,0,1,1,1,0,28,3,0,0,80,92,1,1,0,0,81.2,17.0,12,5.411764705882353,0,2.0,0,16.66,75.00401606425703,2
17,98,0,1,1,1,0,25,0,3,1,76,84,0,2,1,0,89.60000000000001,18.5,8,4.9411764705882355,-1,1.3,0,16.66,75.56626506024097,2
17,98,0,1,0,1,0,28,3,0,0,80,92,1,1,0,0,81.2,17.0,12,5.411764705882353,-1,2.0,0,16.66,75.00401606425703,2
17,98,0,1,0,1,0,25,0,3,1,76,84,0,2,1,0,89.60000000000001,18.5,8,4.9411764705882355,-2,1.3,0,16.66,75.56626506024097,2
17,98,1,0,1,1,0,28,3,0,0,80,92,1,1,0,0,71.2,17.0,12,5.411764705882353,1,2.0,1,16.66,65.76706827309238,2
17,98,1,0,1,1,0,25,0,3,1,76,84,0,2,1,0,79.60000000000001,18.5,8,4.9411764705882355,0,1.3,1,16.66,67.13253012048195,2
17,98,1,0,0,1,0,28,3,0,0,80,92,1,1,0,0,71.2,17.0,12,5.411764705882353,0,2.0,0,16.66,65.76706827309238,2
17,98,1,0,0,1,0,25,0,3,1,76,84,0,2,1,0,79.60000000000001,18.5,8,4.9411764705882355,-1,1.3,0,16.66,67.13253012048195,2
14,90,1,1,1,1,1,24,1,17,0,91,63,0,0,2,0,82.4,22.5,-28,4.5,2,2.7,1,12.6,52.12048192771085,2
14,90,1,1,1,1,1,23,2,4,0,62,66,0,2,2,0,70.8,16.0,4,4.714285714285714,0,1.4,1,12.6,46.91566265060241,2
14,90,2,1,1,1,1,24,1,17,0,91,63,0,0,2,0,82.4,22.5,-28,4.5,3,2.7,2,12.6,52.12048192771085,2
14,90,2,1,1,1,1,23,2,4,0,62,66,0,2,2,0,70.8,16.0,4,4.714285714285714,1,1.4,2,12.6,46.91566265060241,2
16,99,2,0,2,1,1,20,0,0,1,96,57,1,2,2,0,88.0,16.0,-39,3.5625,2,2.0,4,15.84,50.36144578313253,2
16,99,2,0,2,1,1,19,0,2,1,93,64,1,1,2,0,86.80000000000001,17.0,-29,4.0,3,2.2,4,15.84,55.77510040160644,2
16,99,2,0,2,1,1,26,3,16,1,81,73,1,2,1,0,82.0,24.0,-8,4.5625,2,3.6,4,15.84,60.100401606425706,2
16,99,1,1,2,1,1,20,0,0,1,96,57,1,2,2,0,98.0,16.0,-39,3.5625,1,2.0,2,15.84,56.08433734939759,2
16,99,1,1,2,1,1,19,0,2,1,93,64,1,1,2,0,96.80000000000001,17.0,-29,4.0,2,2.2,2,15.84,62.20080321285142,2
16,99,1,1,2,1,1,26,3,16,1,81,73,1,2,1,0,92.0,24.0,-8,4.5625,1,3.6,2,15.84,67.42971887550202,2
16,99,2,1,1,1,1,20,0,0,1,96,57,1,2,2,0,98.0,16.0,-39,3.5625,1,2.0,2,15.84,56.08433734939759,2
16,99,2,1,1,1,1,19,0,2,1,93,64,1,1,2,0,96.80000000000001,17.0,-29,4.0,2,2.2,2,15.84,62.20080321285142,2
16,99,2,1,1,1,1,26,3,16,1,81,73,1,2,1,0,92.0,24.0,-8,4.5625,1,3.6,2,15.84,67.42971887550202,2
19,87,0,1,0,1,0,22,1,15,1,77,79,0,2,1,0,85.60000000000001,26.5,2,4.157894736842105,-2,2.5,0,16.53,67.89558232931728,2
19,87,0,1,0,1,0,20,1,6,1,88,94,0,2,0,0,90.0,22.0,6,4.947368421052632,-2,1.6,0,16.53,84.93975903614458,2
19,87,1,0,0,1,0,22,1,15,1,77,79,0,2,1,0,75.60000000000001,26.5,2,4.157894736842105,-1,2.5,0,16.53,59.96385542168676,2
19,87,1,0,0,1,0,20,1,6,1,88,94,0,2,0,0,80.0,22.0,6,4.947368421052632,-1,1.6,0,16.53,75.50200803212851,2
19,87,1,0,1,1,0,22,1,15,1,77,79,0,2,1,0,75.60000000000001,26.5,2,4.157894736842105,0,2.5,1,16.53,59.96385542168676,2
19,87,1,0,1,1,0,20,1,6,1,88,94,0,2,0,0,80.0,22.0,6,4.947368421052632,0,1.6,1,16.53,75.50200803212851,2
19,87,1,1,1,1,0,22,1,15,1,77,79,0,2,1,0,85.60000000000001,26.5,2,4.157894736842105,0,2.5,1,16.53,67.89558232931728,2
19,87,1,1,1,1,0,20,1,6,1,88,94,0,2,0,0,90.0,22.0,6,4.947368421052632,0,1.6,1,16.53,84.93975903614458,2
12,94,2,1,0,1,0,25,1,7,1,79,81,1,1,1,0,89.2,15.5,2,6.75,1,2.7,0,11.28,72.5421686746988,2
12,94,1,1,1,1,0,25,1,7,1,79,81,1,1,1,0,89.2,15.5,2,6.75,1,2.7,1,11.28,72.5421686746988,2
19,63,2,1,1,1,0,27,0,10,0,54,86,0,2,0,0,56.800000000000004,24.0,32,4.526315789473684,1,2.0,2,11.97,49.044176706827315,2
19,63,1,1,0,1,0,27,0,10,0,54,86,0,2,0,0,56.800000000000004,24.0,32,4.526315789473684,-1,2.0,0,11.97,49.044176706827315,2
11,87,1,0,2,1,1,28,2,10,0,82,86,0,2,0,0,67.60000000000001,16.0,4,7.818181818181818,1,2.0,2,9.57,58.3694779116466,2
11,87,1,0,2,1,1,21,2,6,0,100,50,1,1,3,0,74.80000000000001,14.0,-50,4.545454545454546,2,2.6,2,9.57,37.55020080321286,2
21,81,1,0,1,1,1,23,3,10,1,64,98,1,0,0,0,68.0,26.0,34,4.666666666666667,2,3.0,1,17.01,66.90763052208835,2
16,68,1,1,2,1,0,24,3,17,1,61,60,1,2,2,0,71.60000000000001,24.5,-1,3.75,1,3.7,2,10.88,43.13253012048194,2
16,68,1,1,1,1,0,24,3,17,1,61,60,1,2,2,0,71.60000000000001,24.5,-1,3.75,0,3.7,1,10.88,43.13253012048194,2
16,68,2,0,2,1,0,24,3,17,1,61,60,1,2,2,0,61.60000000000001,24.5,-1,3.75,2,3.7,4,10.88,37.108433734939766,2
9,80,2,0,0,1,0,21,3,7,1,75,78,1,2,1,0,72.0,12.5,3,8.666666666666666,0,2.7,0,7.2,56.3855421686747,2
9,80,2,0,0,1,0,26,2,20,0,100,81,1,2,1,0,72.0,19.0,-19,9.0,0,4.0,0,7.2,58.554216867469876,2
9,80,2,0,0,1,0,29,1,5,0,71,93,0,1,0,0,60.400000000000006,11.5,22,10.333333333333334,1,1.5,0,7.2,56.39759036144579,2
9,80,0,1,0,1,0,21,3,7,1,75,78,1,2,1,0,82.0,12.5,3,8.666666666666666,-2,2.7,0,7.2,64.21686746987952,2
9,80,0,1,0,1,0,26,2,20,0,100,81,1,2,1,0,82.0,19.0,-19,9.0,-2,4.0,0,7.2,66.6867469879518,2
9,80,0,1,0,1,0,29,1,5,0,71,93,0,1,0,0,70.4,11.5,22,10.333333333333334,-1,1.5,0,7.2,65.73493975903615,2
5,92,1,1,1,1,0,21,3,18,1,54,44,1,0,3,0,78.4,14.0,-10,8.8,2,3.8,1,4.6000000000000005,34.634538152610446,2
10,92,2,1,0,1,0,21,2,13,0,76,56,0,0,2,0,77.2,16.5,-20,5.6,2,2.3,0,9.200000000000001,43.405622489959846,2
10,92,1,0,2,1,0,21,2,13,0,76,56,0,0,2,0,67.2,16.5,-20,5.6,3,2.3,2,9.200000000000001,37.78313253012048,2
10,92,0,1,2,1,0,21,2,13,0,76,56,0,0,2,0,77.2,16.5,-20,5.6,2,2.3,0,9.200000000000001,43.405622489959846,2
8,72,1,1,1,1,0,29,1,6,0,72,85,1,2,0,0,67.6,11.0,13,10.625,0,2.6,1,5.76,57.69076305220884,2
8,72,1,1,1,1,0,23,3,16,1,68,54,1,2,3,0,76.0,16.0,-14,6.75,0,3.6,1,5.76,41.204819277108435,2
8,72,1,1,1,1,0,28,0,12,1,60,43,1,2,3,0,72.8,14.0,-17,5.375,0,3.2,1,5.76,31.429718875502008,2
8,72,1,1,1,1,0,21,0,1,0,90,79,1,2,1,0,74.8,8.5,-11,9.875,0,2.1,1,5.76,59.329317269076306,2
8,72,1,1,1,1,0,25,0,0,1,81,98,0,0,0,0,81.2,8.0,17,12.25,2,1.0,1,5.76,79.89558232931728,2
19,83,1,0,2,1,1,22,0,8,0,66,86,1,1,0,0,59.60000000000001,23.0,20,4.526315789473684,2,2.8,2,15.77,51.461847389558244,2
19,83,1,0,2,1,1,23,0,18,1,91,78,1,1,1,0,79.6,28.0,-13,4.105263157894737,2,3.8,2,15.77,62.33734939759036,2
19,83,0,0,1,1,1,22,0,8,0,66,86,1,1,0,0,59.60000000000001,23.0,20,4.526315789473684,0,2.8,0,15.77,51.461847389558244,2
19,83,0,0,1,1,1,23,0,18,1,91,78,1,1,1,0,79.6,28.0,-13,4.105263157894737,0,3.8,0,15.77,62.33734939759036,2
19,83,0,1,1,1,1,22,0,8,0,66,86,1,1,0,0,69.60000000000001,23.0,20,4.526315789473684,0,2.8,0,15.77,60.09638554216869,2
19,83,0,1,1,1,1,23,0,18,1,91,78,1,1,1,0,89.6,28.0,-13,4.105263157894737,0,3.8,0,15.77,70.16867469879517,2
18,95,2,0,1,1,0,27,2,5,0,76,94,1,1,0,0,68.4,20.5,18,5.222222222222222,2,2.5,2,17.099999999999998,64.55421686746989,2
18,95,2,1,0,1,0,27,2,5,0,76,94,1,1,0,0,78.4,20.5,18,5.222222222222222,1,2.5,0,17.099999999999998,73.99196787148595,2
18,95,2,1,1,1,0,27,2,5,0,76,94,1,1,0,0,78.4,20.5,18,5.222222222222222,2,2.5,2,17.099999999999998,73.99196787148595,2
18,95,1,0,1,1,0,27,2,5,0,76,94,1,1,0,0,68.4,20.5,18,5.222222222222222,1,2.5,1,17.099999999999998,64.55421686746989,2
18,95,0,1,0,1,0,27,2,5,0,76,94,1,1,0,0,78.4,20.5,18,5.222222222222222,-1,2.5,0,17.099999999999998,73.99196787148595,2
18,95,1,1,2,1,0,27,2,5,0,76,94,1,1,0,0,78.4,20.5,18,5.222222222222222,2,2.5,2,17.099999999999998,73.99196787148595,2
18,95,1,1,0,1,0,27,2,5,0,76,94,1,1,0,0,78.4,20.5,18,5.222222222222222,0,2.5,0,17.099999999999998,73.99196787148595,2
16,89,1,0,1,1,1,25,2,2,0,52,89,0,2,0,0,56.400000000000006,17.0,37,5.5625,0,1.2,1,14.24,50.397590361445786,2
16,89,1,0,1,1,1,21,2,16,1,83,69,1,1,2,0,78.80000000000001,24.0,-14,4.3125,1,3.6,1,14.24,54.590361445783145,2
16,89,1,1,2,1,1,25,2,2,0,52,89,0,2,0,0,66.4,17.0,37,5.5625,1,1.2,2,14.24,59.33333333333334,2
16,89,1,1,2,1,1,21,2,16,1,83,69,1,1,2,0,88.80000000000001,24.0,-14,4.3125,2,3.6,2,14.24,61.51807228915664,2
16,89,1,1,0,1,1,25,2,2,0,52,89,0,2,0,0,66.4,17.0,37,5.5625,-1,1.2,0,14.24,59.33333333333334,2
16,89,1,1,0,1,1,21,2,16,1,83,69,1,1,2,0,88.80000000000001,24.0,-14,4.3125,0,3.6,0,14.24,61.51807228915664,2
16,72,1,1,0,1,1,20,2,7,1,79,88,1,0,0,0,80.4,19.5,9,5.5,1,2.7,0,11.52,71.03614457831327,2
16,72,1,1,0,1,1,19,3,1,1,82,73,1,0,1,0,81.60000000000001,16.5,-9,4.5625,1,2.1,0,11.52,59.807228915662655,2
16,72,1,1,0,1,1,28,0,3,0,67,56,1,1,2,0,65.6,17.5,-11,3.5,0,2.3,0,11.52,36.88353413654618,2
16,72,2,0,0,1,1,20,2,7,1,79,88,1,0,0,0,70.4,19.5,9,5.5,2,2.7,0,11.52,62.20080321285142,2
16,72,2,0,0,1,1,19,3,1,1,82,73,1,0,1,0,71.60000000000001,16.5,-9,4.5625,2,2.1,0,11.52,52.47791164658636,2
16,72,2,0,0,1,1,28,0,3,0,67,56,1,1,2,0,55.6,17.5,-11,3.5,1,2.3,0,11.52,31.261044176706832,2
16,72,2,0,0,1,1,23,2,0,1,85,52,1,2,3,0,72.8,16.0,-33,3.25,0,2.0,0,11.52,38.00803212851405,2
16,72,1,1,2,1,1,20,2,7,1,79,88,1,0,0,0,80.4,19.5,9,5.5,3,2.7,2,11.52,71.03614457831327,2
16,72,1,1,2,1,1,19,3,1,1,82,73,1,0,1,0,81.60000000000001,16.5,-9,4.5625,3,2.1,2,11.52,59.807228915662655,2
16,72,1,1,2,1,1,28,0,3,0,67,56,1,1,2,0,65.6,17.5,-11,3.5,2,2.3,2,11.52,36.88353413654618,2
16,72,1,1,2,1,1,23,2,0,1,85,52,1,2,3,0,82.8,16.0,-33,3.25,1,2.0,2,11.52,43.2289156626506,2
16,72,2,0,1,1,1,20,2,7,1,79,88,1,0,0,0,70.4,19.5,9,5.5,3,2.7,2,11.52,62.20080321285142,2
16,72,2,0,1,1,1,19,3,1,1,82,73,1,0,1,0,71.60000000000001,16.5,-9,4.5625,3,2.1,2,11.52,52.47791164658636,2
16,72,2,0,1,1,1,28,0,3,0,67,56,1,1,2,0,55.6,17.5,-11,3.5,2,2.3,2,11.52,31.261044176706832,2
16,72,2,0,1,1,1,23,2,0,1,85,52,1,2,3,0,72.8,16.0,-33,3.25,1,2.0,2,11.52,38.00803212851405,2
16,69,2,1,1,1,0,21,3,15,1,77,85,1,2,0,0,78.4,23.5,8,5.3125,1,3.5,2,11.04,66.90763052208837,2
18,97,1,0,0,1,0,29,3,18,0,72,73,1,2,1,0,67.60000000000001,27.0,1,4.055555555555555,-1,3.8,0,17.46,49.54618473895583,2
18,97,2,0,0,1,0,29,3,18,0,72,73,1,2,1,0,67.60000000000001,27.0,1,4.055555555555555,0,3.8,0,17.46,49.54618473895583,2
18,97,2,1,1,1,0,29,3,18,0,72,73,1,2,1,0,77.60000000000001,27.0,1,4.055555555555555,1,3.8,2,17.46,56.875502008032136,2
18,97,0,0,1,1,0,29,3,18,0,72,73,1,2,1,0,67.60000000000001,27.0,1,4.055555555555555,-1,3.8,0,17.46,49.54618473895583,2
10,82,1,0,0,1,1,28,1,6,0,57,69,0,1,2,0,55.60000000000001,13.0,12,6.9,0,1.6,0,8.2,38.518072289156635,2
10,82,1,0,0,1,1,28,3,5,0,66,76,1,2,1,0,59.2,12.5,10,7.6,-1,2.5,0,8.2,45.172690763052216,2
13,71,2,0,0,1,1,22,1,8,0,56,96,1,2,0,0,50.800000000000004,17.0,40,7.384615384615385,0,2.8,0,9.23,48.96385542168676,2
13,71,2,0,0,1,1,29,3,12,0,57,51,1,2,3,0,51.2,19.0,-6,3.923076923076923,0,3.2,0,9.23,26.21686746987952,2
13,71,1,1,1,1,1,22,1,8,0,56,96,1,2,0,0,60.800000000000004,17.0,40,7.384615384615385,0,2.8,1,9.23,58.60240963855422,2
13,71,1,1,1,1,1,29,3,12,0,57,51,1,2,3,0,61.2,19.0,-6,3.923076923076923,0,3.2,1,9.23,31.337349397590366,2
13,71,1,0,1,1,1,22,1,8,0,56,96,1,2,0,0,50.800000000000004,17.0,40,7.384615384615385,0,2.8,1,9.23,48.96385542168676,2
13,71,1,0,1,1,1,29,3,12,0,57,51,1,2,3,0,51.2,19.0,-6,3.923076923076923,0,3.2,1,9.23,26.21686746987952,2
13,71,0,0,0,1,1,22,1,8,0,56,96,1,2,0,0,50.800000000000004,17.0,40,7.384615384615385,-2,2.8,0,9.23,48.96385542168676,2
13,71,0,0,0,1,1,29,3,12,0,57,51,1,2,3,0,51.2,19.0,-6,3.923076923076923,-2,3.2,0,9.23,26.21686746987952,2
11,69,1,0,1,1,1,19,0,5,1,76,97,0,2,0,0,68.0,13.5,21,8.818181818181818,0,1.5,1,7.59,66.22489959839358,2
11,69,1,1,0,1,1,19,0,5,1,76,97,0,2,0,0,78.0,13.5,21,8.818181818181818,-1,1.5,0,7.59,75.96385542168676,2
16,62,1,0,2,1,0,21,1,5,1,63,56,1,2,2,0,60.0,18.5,-7,3.5,1,2.5,2,9.92,33.734939759036145,2
16,62,1,0,0,1,0,21,1,5,1,63,56,1,2,2,0,60.0,18.5,-7,3.5,-1,2.5,0,9.92,33.734939759036145,2
16,62,1,0,1,1,0,21,1,5,1,63,56,1,2,2,0,60.0,18.5,-7,3.5,0,2.5,1,9.92,33.734939759036145,2
16,62,0,0,2,1,0,21,1,5,1,63,56,1,2,2,0,60.0,18.5,-7,3.5,0,2.5,0,9.92,33.734939759036145,2
20,99,0,1,0,1,0,27,3,14,1,61,97,0,0,0,0,84.0,27.0,36,4.85,0,2.4000000000000004,0,19.8,81.80722891566266,2
12,79,1,1,1,1,1,18,2,11,1,69,83,1,1,1,0,79.2,17.5,14,6.916666666666667,1,3.1,1,9.48,66.00000000000001,2
12,79,1,1,1,1,1,22,3,2,1,94,50,1,1,3,0,89.2,13.0,-44,4.166666666666667,1,2.2,1,9.48,44.77911646586345,2
12,79,1,0,1,1,1,18,2,11,1,69,83,1,1,1,0,69.2,17.5,14,6.916666666666667,1,3.1,1,9.48,57.66666666666667,2
12,79,1,0,1,1,1,22,3,2,1,94,50,1,1,3,0,79.2,13.0,-44,4.166666666666667,1,2.2,1,9.48,39.75903614457832,2
12,79,0,0,0,1,1,18,2,11,1,69,83,1,1,1,0,69.2,17.5,14,6.916666666666667,-1,3.1,0,9.48,57.66666666666667,2
12,79,0,0,0,1,1,22,3,2,1,94,50,1,1,3,0,79.2,13.0,-44,4.166666666666667,-1,2.2,0,9.48,39.75903614457832,2
11,97,1,1,0,1,0,21,0,19,1,75,62,1,0,2,0,88.80000000000001,20.5,-13,5.636363636363637,1,3.9000000000000004,0,10.67,55.27710843373495,2
11,97,1,1,0,1,0,25,1,19,1,52,83,1,1,1,0,79.60000000000001,20.5,31,7.545454545454546,0,3.9000000000000004,0,10.67,66.33333333333334,2
11,97,1,1,0,1,0,19,0,18,0,85,73,1,1,1,0,82.80000000000001,20.0,-12,6.636363636363637,0,3.8,0,10.67,60.686746987951814,2
11,97,1,1,0,1,0,29,2,19,1,62,80,1,2,1,0,83.60000000000001,20.5,18,7.2727272727272725,-1,3.9000000000000004,0,10.67,67.14859437751005,2
11,97,0,1,1,1,0,21,0,19,1,75,62,1,0,2,0,88.80000000000001,20.5,-13,5.636363636363637,1,3.9000000000000004,0,10.67,55.27710843373495,2
11,97,0,1,1,1,0,25,1,19,1,52,83,1,1,1,0,79.60000000000001,20.5,31,7.545454545454546,0,3.9000000000000004,0,10.67,66.33333333333334,2
11,97,0,1,1,1,0,19,0,18,0,85,73,1,1,1,0,82.80000000000001,20.0,-12,6.636363636363637,0,3.8,0,10.67,60.686746987951814,2
11,97,0,1,1,1,0,29,2,19,1,62,80,1,2,1,0,83.60000000000001,20.5,18,7.2727272727272725,-1,3.9000000000000004,0,10.67,67.14859437751005,2
11,97,1,0,2,1,0,21,0,19,1,75,62,1,0,2,0,78.80000000000001,20.5,-13,5.636363636363637,3,3.9000000000000004,2,10.67,49.052208835341375,2
11,97,1,0,2,1,0,25,1,19,1,52,83,1,1,1,0,69.60000000000001,20.5,31,7.545454545454546,2,3.9000000000000004,2,10.67,58.000000000000014,2
11,97,1,0,2,1,0,19,0,18,0,85,73,1,1,1,0,72.80000000000001,20.0,-12,6.636363636363637,2,3.8,2,10.67,53.357429718875515,2
11,97,1,0,2,1,0,29,2,19,1,62,80,1,2,1,0,73.60000000000001,20.5,18,7.2727272727272725,1,3.9000000000000004,2,10.67,59.116465863453826,2
18,88,2,1,0,1,0,27,1,3,1,89,90,1,2,0,0,90.80000000000001,19.5,1,5.0,0,2.3,0,15.84,82.04819277108435,2
18,88,1,0,0,1,0,27,1,3,1,89,90,1,2,0,0,80.80000000000001,19.5,1,5.0,-1,2.3,0,15.84,73.0120481927711,2
18,88,0,1,1,1,0,27,1,3,1,89,90,1,2,0,0,90.80000000000001,19.5,1,5.0,-1,2.3,0,15.84,82.04819277108435,2
18,88,1,0,1,1,0,27,1,3,1,89,90,1,2,0,0,80.80000000000001,19.5,1,5.0,0,2.3,1,15.84,73.0120481927711,2
20,85,2,0,1,1,0,19,1,0,1,89,95,0,2,0,0,79.6,20.0,6,4.75,1,1.0,2,17.0,75.92369477911646,2
8,67,1,1,0,1,0,29,1,19,1,68,55,0,2,2,0,74.0,17.5,-13,6.875,-1,2.9000000000000004,0,5.36,40.863453815261046,2
8,67,1,1,0,1,0,29,1,19,1,72,44,1,0,3,0,75.6,17.5,-28,5.5,1,3.9000000000000004,0,5.36,33.397590361445786,2
14,77,2,0,1,1,0,21,1,5,0,68,92,1,0,0,0,58.0,16.5,24,6.571428571428571,3,2.5,2,10.780000000000001,53.574297188755025,2
14,77,2,0,1,1,0,20,1,13,1,77,97,1,2,0,0,71.6,20.5,20,6.928571428571429,1,3.3,2,10.780000000000001,69.73092369477911,2
14,77,2,0,1,1,0,18,2,20,1,67,69,1,2,2,0,67.6,24.0,2,4.928571428571429,1,4.0,2,10.780000000000001,46.83132530120482,2
14,77,0,0,0,1,0,21,1,5,0,68,92,1,0,0,0,58.0,16.5,24,6.571428571428571,0,2.5,0,10.780000000000001,53.574297188755025,2
14,77,0,0,0,1,0,20,1,13,1,77,97,1,2,0,0,71.6,20.5,20,6.928571428571429,-2,3.3,0,10.780000000000001,69.73092369477911,2
14,77,0,0,0,1,0,18,2,20,1,67,69,1,2,2,0,67.6,24.0,2,4.928571428571429,-2,4.0,0,10.780000000000001,46.83132530120482,2
14,77,1,1,0,1,0,21,1,5,0,68,92,1,0,0,0,68.0,16.5,24,6.571428571428571,1,2.5,0,10.780000000000001,62.811244979919685,2
14,77,1,1,0,1,0,20,1,13,1,77,97,1,2,0,0,81.6,20.5,20,6.928571428571429,-1,3.3,0,10.780000000000001,79.46987951807229,2
14,77,1,1,0,1,0,18,2,20,1,67,69,1,2,2,0,77.6,24.0,2,4.928571428571429,-1,4.0,0,10.780000000000001,53.75903614457832,2
16,98,0,1,1,1,1,23,0,1,1,79,59,1,2,2,0,90.80000000000001,16.5,-20,3.6875,-1,2.1,0,15.68,53.78714859437752,2
16,98,0,1,1,1,1,18,3,19,0,73,80,0,1,1,0,78.4,25.5,7,5.0,0,2.9000000000000004,0,15.68,62.97188755020081,2
16,98,0,1,1,1,1,24,0,16,0,65,67,0,1,2,0,75.2,24.0,2,4.1875,0,2.6,0,15.68,50.58634538152611,2
16,98,0,1,1,1,1,27,0,0,1,84,99,1,2,0,0,92.80000000000001,16.0,15,6.1875,-1,2.0,0,15.68,92.2409638554217,2
16,98,0,0,0,1,1,23,0,1,1,79,59,1,2,2,0,80.80000000000001,16.5,-20,3.6875,-2,2.1,0,15.68,47.86345381526105,2
16,98,0,0,0,1,1,18,3,19,0,73,80,0,1,1,0,68.4,25.5,7,5.0,-1,2.9000000000000004,0,15.68,54.939759036144586,2
16,98,0,0,0,1,1,24,0,16,0,65,67,0,1,2,0,65.2,24.0,2,4.1875,-1,2.6,0,15.68,43.859437751004016,2
16,98,0,0,0,1,1,27,0,0,1,84,99,1,2,0,0,82.80000000000001,16.0,15,6.1875,-2,2.0,0,15.68,82.30120481927712,2
16,98,1,1,0,1,1,23,0,1,1,79,59,1,2,2,0,90.80000000000001,16.5,-20,3.6875,-1,2.1,0,15.68,53.78714859437752,2
16,98,1,1,0,1,1,28,0,11,0,63,43,1,2,3,0,74.4,21.5,-20,2.6875,-1,3.1,0,15.68,32.12048192771085,2
16,98,1,1,0,1,1,18,3,19,0,73,80,0,1,1,0,78.4,25.5,7,5.0,0,2.9000000000000004,0,15.68,62.97188755020081,2
16,98,1,1,0,1,1,24,0,16,0,65,67,0,1,2,0,75.2,24.0,2,4.1875,0,2.6,0,15.68,50.58634538152611,2
16,98,1,1,0,1,1,27,0,0,1,84,99,1,2,0,0,92.80000000000001,16.0,15,6.1875,-1,2.0,0,15.68,92.2409638554217,2
13,88,0,1,0,1,0,25,2,20,1,95,82,1,0,1,0,93.2,23.0,-13,6.3076923076923075,0,4.0,0,11.44,76.73092369477912,2
13,88,1,0,0,1,0,25,2,20,1,95,82,1,0,1,0,83.2,23.0,-13,6.3076923076923075,1,4.0,0,11.44,68.49799196787149,2
13,88,1,1,1,1,0,25,2,20,1,95,82,1,0,1,0,93.2,23.0,-13,6.3076923076923075,2,4.0,1,11.44,76.73092369477912,2
13,88,1,1,2,1,0,25,2,20,1,95,82,1,0,1,0,93.2,23.0,-13,6.3076923076923075,3,4.0,2,11.44,76.73092369477912,2
13,68,1,1,1,1,1,19,2,10,0,78,60,1,2,2,0,68.4,18.0,-18,4.615384615384615,0,3.0,1,8.84,41.20481927710844,2
13,68,1,1,1,1,1,25,0,9,0,88,54,1,1,3,0,72.4,17.5,-34,4.153846153846154,1,2.9,1,8.84,39.25301204819277,2
13,68,1,1,1,1,1,27,3,17,0,93,90,1,2,0,0,74.4,21.5,-3,6.923076923076923,0,3.7,1,8.84,67.2289156626506,2
13,68,0,1,1,1,1,19,2,10,0,78,60,1,2,2,0,68.4,18.0,-18,4.615384615384615,-1,3.0,0,8.84,41.20481927710844,2
13,68,0,1,1,1,1,25,0,9,0,88,54,1,1,3,0,72.4,17.5,-34,4.153846153846154,0,2.9,0,8.84,39.25301204819277,2
13,68,0,1,1,1,1,27,3,17,0,93,90,1,2,0,0,74.4,21.5,-3,6.923076923076923,-1,3.7,0,8.84,67.2289156626506,2
13,64,0,1,1,1,1,21,1,11,1,72,92,0,2,0,0,74.4,18.5,20,7.076923076923077,-1,2.1,0,8.32,68.72289156626506,2
13,64,2,1,0,1,1,21,1,11,1,72,92,0,2,0,0,74.4,18.5,20,7.076923076923077,0,2.1,0,8.32,68.72289156626506,2
13,64,0,1,2,1,1,21,1,11,1,72,92,0,2,0,0,74.4,18.5,20,7.076923076923077,0,2.1,0,8.32,68.72289156626506,2
13,64,2,1,1,1,1,21,1,11,1,72,92,0,2,0,0,74.4,18.5,20,7.076923076923077,1,2.1,2,8.32,68.72289156626506,2
18,63,2,0,1,1,0,21,0,18,1,85,87,0,1,0,0,69.2,27.0,2,4.833333333333333,2,2.8,2,11.34,60.44578313253013,2
18,63,0,0,1,1,0,21,0,18,1,85,87,0,1,0,0,69.2,27.0,2,4.833333333333333,0,2.8,0,11.34,60.44578313253013,2
18,63,2,1,1,1,0,21,0,18,1,85,87,0,1,0,0,79.2,27.0,2,4.833333333333333,2,2.8,2,11.34,69.18072289156628,2
18,63,1,1,0,1,0,21,0,18,1,85,87,0,1,0,0,79.2,27.0,2,4.833333333333333,0,2.8,0,11.34,69.18072289156628,2
20,78,1,0,0,1,0,19,1,10,0,51,88,1,0,0,0,51.60000000000001,25.0,37,4.4,1,3.0,0,15.600000000000001,45.590361445783145,2
20,78,2,1,1,1,0,19,1,10,0,51,88,1,0,0,0,61.60000000000001,25.0,37,4.4,3,3.0,2,15.600000000000001,54.42570281124499,2
20,78,0,0,1,1,0,19,1,10,0,51,88,1,0,0,0,51.60000000000001,25.0,37,4.4,1,3.0,0,15.600000000000001,45.590361445783145,2
13,85,0,1,1,1,0,27,0,2,1,75,82,0,2,1,0,84.0,14.0,7,6.3076923076923075,-1,1.2,0,11.049999999999999,69.1566265060241,2
13,85,0,1,1,1,0,28,1,18,1,75,53,0,1,3,0,84.0,22.0,-22,4.076923076923077,0,2.8,0,11.049999999999999,44.6987951807229,2
13,85,2,1,1,1,0,27,0,2,1,75,82,0,2,1,0,84.0,14.0,7,6.3076923076923075,1,1.2,2,11.049999999999999,69.1566265060241,2
13,85,2,1,1,1,0,28,1,18,1,75,53,0,1,3,0,84.0,22.0,-22,4.076923076923077,2,2.8,2,11.049999999999999,44.6987951807229,2
13,85,2,1,2,1,0,27,0,2,1,75,82,0,2,1,0,84.0,14.0,7,6.3076923076923075,2,1.2,4,11.049999999999999,69.1566265060241,2
13,85,2,1,2,1,0,28,1,18,1,75,53,0,1,3,0,84.0,22.0,-22,4.076923076923077,3,2.8,4,11.049999999999999,44.6987951807229,2
14,67,2,0,0,1,0,26,1,16,1,89,73,1,1,1,0,72.4,22.0,-16,5.214285714285714,1,3.6,0,9.38,53.06425702811245,2
14,67,2,0,0,1,0,19,1,2,0,91,77,1,2,1,0,63.2,15.0,-14,5.5,0,2.2,0,9.38,48.85943775100402,2
14,67,2,0,0,1,0,29,0,19,1,78,77,1,2,1,0,68.0,23.5,-1,5.5,0,3.9000000000000004,0,9.38,52.570281124497996,2
14,67,2,0,0,1,0,21,0,13,1,75,86,1,2,0,0,66.8,20.5,11,6.142857142857143,0,3.3,0,9.38,57.678714859437754,2
14,67,2,0,0,1,0,29,1,15,1,78,82,1,0,1,0,68.0,21.5,4,5.857142857142857,2,3.5,0,9.38,55.983935742971894,2
14,67,0,0,1,1,0,26,1,16,1,89,73,1,1,1,0,72.4,22.0,-16,5.214285714285714,0,3.6,0,9.38,53.06425702811245,2
14,67,0,0,1,1,0,19,1,2,0,91,77,1,2,1,0,63.2,15.0,-14,5.5,-1,2.2,0,9.38,48.85943775100402,2
14,67,0,0,1,1,0,29,0,19,1,78,77,1,2,1,0,68.0,23.5,-1,5.5,-1,3.9000000000000004,0,9.38,52.570281124497996,2
14,67,0,0,1,1,0,21,0,13,1,75,86,1,2,0,0,66.8,20.5,11,6.142857142857143,-1,3.3,0,9.38,57.678714859437754,2
14,67,0,0,1,1,0,29,1,15,1,78,82,1,0,1,0,68.0,21.5,4,5.857142857142857,1,3.5,0,9.38,55.983935742971894,2
14,67,0,1,0,1,0,26,1,16,1,89,73,1,1,1,0,82.4,22.0,-16,5.214285714285714,-1,3.6,0,9.38,60.39357429718876,2
14,67,0,1,0,1,0,19,1,2,0,91,77,1,2,1,0,73.2,15.0,-14,5.5,-2,2.2,0,9.38,56.59036144578314,2
14,67,0,1,0,1,0,29,0,19,1,78,77,1,2,1,0,78.0,23.5,-1,5.5,-2,3.9000000000000004,0,9.38,60.30120481927712,2
14,67,0,1,0,1,0,21,0,13,1,75,86,1,2,0,0,76.8,20.5,11,6.142857142857143,-2,3.3,0,9.38,66.3132530120482,2
14,67,0,1,0,1,0,29,1,15,1,78,82,1,0,1,0,78.0,21.5,4,5.857142857142857,0,3.5,0,9.38,64.21686746987953,2
7,74,2,0,2,1,1,26,3,13,1,61,52,1,1,3,0,64.0,13.5,-9,7.428571428571429,3,3.3,4,5.18,33.4136546184739,2
7,74,1,0,2,1,1,26,3,13,1,61,52,1,1,3,0,64.0,13.5,-9,7.428571428571429,2,3.3,2,5.18,33.4136546184739,2
16,74,0,0,2,1,0,18,0,15,1,72,93,0,1,0,0,68.4,23.5,21,5.8125,1,2.5,0,11.84,63.86746987951808,2
16,74,1,1,0,1,0,18,0,15,1,72,93,0,1,0,0,78.4,23.5,21,5.8125,0,2.5,0,11.84,73.20481927710844,2
16,74,2,1,1,1,0,18,0,15,1,72,93,0,1,0,0,78.4,23.5,21,5.8125,2,2.5,2,11.84,73.20481927710844,2
16,74,2,1,0,1,0,18,0,15,1,72,93,0,1,0,0,78.4,23.5,21,5.8125,1,2.5,0,11.84,73.20481927710844,2
16,74,0,1,1,1,0,18,0,15,1,72,93,0,1,0,0,78.4,23.5,21,5.8125,0,2.5,0,11.84,73.20481927710844,2
16,74,1,0,1,1,0,18,0,15,1,72,93,0,1,0,0,68.4,23.5,21,5.8125,1,2.5,1,11.84,63.86746987951808,2
12,79,2,0,1,1,0,26,3,8,0,50,67,1,2,2,0,51.6,16.0,17,5.583333333333333,1,2.8,2,9.48,34.71084337349398,2
12,79,1,0,2,1,0,26,3,8,0,50,67,1,2,2,0,51.6,16.0,17,5.583333333333333,1,2.8,2,9.48,34.71084337349398,2
12,79,1,1,0,1,0,26,3,8,0,50,67,1,2,2,0,61.6,16.0,17,5.583333333333333,-1,2.8,0,9.48,41.437751004016064,2
16,66,0,0,0,1,1,29,3,20,0,57,70,1,0,1,0,49.2,26.0,13,4.375,0,4.0,0,10.56,34.57831325301205,2
16,66,0,0,0,1,1,26,1,13,0,82,81,0,2,1,0,59.2,22.5,-1,5.0625,-2,2.3,0,10.56,48.144578313253014,2
16,66,0,0,0,1,1,25,3,7,1,66,64,0,2,2,0,62.800000000000004,19.5,-2,4.0,-2,1.7000000000000002,0,10.56,40.35341365461848,2
16,66,1,1,1,1,1,29,3,20,0,57,70,1,0,1,0,59.2,26.0,13,4.375,2,4.0,1,10.56,41.60642570281125,2
16,66,1,1,1,1,1,26,1,13,0,82,81,0,2,1,0,69.2,22.5,-1,5.0625,0,2.3,1,10.56,56.277108433734945,2
16,66,1,1,1,1,1,25,3,7,1,66,64,0,2,2,0,72.80000000000001,19.5,-2,4.0,0,1.7000000000000002,1,10.56,46.77911646586347,2
16,66,1,0,1,1,1,29,3,20,0,57,70,1,0,1,0,49.2,26.0,13,4.375,2,4.0,1,10.56,34.57831325301205,2
16,66,1,0,1,1,1,26,1,13,0,82,81,0,2,1,0,59.2,22.5,-1,5.0625,0,2.3,1,10.56,48.144578313253014,2
16,66,1,0,1,1,1,25,3,7,1,66,64,0,2,2,0,62.800000000000004,19.5,-2,4.0,0,1.7000000000000002,1,10.56,40.35341365461848,2
16,66,1,1,0,1,1,29,3,20,0,57,70,1,0,1,0,59.2,26.0,13,4.375,1,4.0,0,10.56,41.60642570281125,2
16,66,1,1,0,1,1,26,1,13,0,82,81,0,2,1,0,69.2,22.5,-1,5.0625,-1,2.3,0,10.56,56.277108433734945,2
16,66,1,1,0,1,1,25,3,7,1,66,64,0,2,2,0,72.80000000000001,19.5,-2,4.0,-1,1.7000000000000002,0,10.56,46.77911646586347,2
16,66,2,0,1,1,1,29,3,20,0,57,70,1,0,1,0,49.2,26.0,13,4.375,3,4.0,2,10.56,34.57831325301205,2
16,66,2,0,1,1,1,26,1,13,0,82,81,0,2,1,0,59.2,22.5,-1,5.0625,1,2.3,2,10.56,48.144578313253014,2
16,66,2,0,1,1,1,25,3,7,1,66,64,0,2,2,0,62.800000000000004,19.5,-2,4.0,1,1.7000000000000002,2,10.56,40.35341365461848,2
16,66,1,1,2,1,1,29,3,20,0,57,70,1,0,1,0,59.2,26.0,13,4.375,3,4.0,2,10.56,41.60642570281125,2
16,66,1,1,2,1,1,26,1,13,0,82,81,0,2,1,0,69.2,22.5,-1,5.0625,1,2.3,2,10.56,56.277108433734945,2
16,66,1,1,2,1,1,25,3,7,1,66,64,0,2,2,0,72.80000000000001,19.5,-2,4.0,1,1.7000000000000002,2,10.56,46.77911646586347,2
5,65,2,1,0,1,1,28,0,16,0,62,100,1,0,0,1,60.8,13.0,38,20.0,2,3.6,0,3.25,61.044176706827315,2
5,65,2,1,0,1,1,19,2,19,1,55,83,1,1,1,0,68.0,14.5,28,16.6,1,3.9000000000000004,0,3.25,56.66666666666667,2
5,65,2,1,0,1,1,21,3,8,1,90,40,0,2,3,0,82.0,9.0,-50,8.0,0,1.8,0,3.25,32.93172690763052,2
5,65,2,0,1,1,1,28,0,16,0,62,100,1,0,0,1,50.8,13.0,38,20.0,3,3.6,2,3.25,51.00401606425703,2
5,65,2,0,1,1,1,19,2,19,1,55,83,1,1,1,0,58.0,14.5,28,16.6,2,3.9000000000000004,2,3.25,48.333333333333336,2
5,65,2,0,1,1,1,21,3,8,1,90,40,0,2,3,0,72.0,9.0,-50,8.0,1,1.8,2,3.25,28.91566265060241,2
12,89,1,1,1,1,1,23,3,9,0,65,42,1,2,3,0,71.6,16.5,-23,3.5,0,2.9,1,10.68,30.19277108433735,2
12,89,1,1,1,1,1,29,0,11,1,93,92,1,1,0,0,92.80000000000001,17.5,-1,7.666666666666667,1,3.1,1,10.68,85.71887550200805,2
12,89,1,1,1,1,1,19,2,19,1,88,96,0,1,0,0,90.80000000000001,21.5,8,8.0,1,2.9000000000000004,1,10.68,87.51807228915663,2
12,89,1,1,1,1,1,29,1,14,0,58,41,1,2,3,0,68.80000000000001,19.0,-17,3.4166666666666665,0,3.4000000000000004,1,10.68,28.321285140562257,2
12,89,1,1,1,1,1,27,2,18,1,55,83,1,2,1,0,77.6,21.0,28,6.916666666666667,0,3.8,1,10.68,64.66666666666667,2
12,89,0,1,0,1,1,23,3,9,0,65,42,1,2,3,0,71.6,16.5,-23,3.5,-2,2.9,0,10.68,30.19277108433735,2
12,89,0,1,0,1,1,29,0,11,1,93,92,1,1,0,0,92.80000000000001,17.5,-1,7.666666666666667,-1,3.1,0,10.68,85.71887550200805,2
12,89,0,1,0,1,1,19,2,19,1,88,96,0,1,0,0,90.80000000000001,21.5,8,8.0,-1,2.9000000000000004,0,10.68,87.51807228915663,2
12,89,0,1,0,1,1,29,1,14,0,58,41,1,2,3,0,68.80000000000001,19.0,-17,3.4166666666666665,-2,3.4000000000000004,0,10.68,28.321285140562257,2
12,89,0,1,0,1,1,27,2,18,1,55,83,1,2,1,0,77.6,21.0,28,6.916666666666667,-2,3.8,0,10.68,64.66666666666667,2
12,89,0,1,1,1,1,23,3,9,0,65,42,1,2,3,0,71.6,16.5,-23,3.5,-1,2.9,0,10.68,30.19277108433735,2
12,89,0,1,1,1,1,29,0,11,1,93,92,1,1,0,0,92.80000000000001,17.5,-1,7.666666666666667,0,3.1,0,10.68,85.71887550200805,2
12,89,0,1,1,1,1,19,2,19,1,88,96,0,1,0,0,90.80000000000001,21.5,8,8.0,0,2.9000000000000004,0,10.68,87.51807228915663,2
12,89,0,1,1,1,1,29,1,14,0,58,41,1,2,3,0,68.80000000000001,19.0,-17,3.4166666666666665,-1,3.4000000000000004,0,10.68,28.321285140562257,2
12,89,0,1,1,1,1,27,2,18,1,55,83,1,2,1,0,77.6,21.0,28,6.916666666666667,-1,3.8,0,10.68,64.66666666666667,2
10,85,1,1,0,1,1,25,1,2,1,59,68,0,2,2,0,77.6,11.0,9,6.8,-1,1.2,0,8.5,52.979919678714865,2
10,85,0,1,2,1,1,25,1,2,1,59,68,0,2,2,0,77.6,11.0,9,6.8,0,1.2,0,8.5,52.979919678714865,2
15,75,2,1,2,1,0,23,0,18,0,56,87,0,0,0,0,62.400000000000006,24.0,31,5.8,4,2.8,4,11.25,54.50602409638555,2
15,75,1,1,1,1,0,23,0,18,0,56,87,0,0,0,0,62.400000000000006,24.0,31,5.8,2,2.8,1,11.25,54.50602409638555,2
15,75,2,0,0,1,0,23,0,18,0,56,87,0,0,0,0,52.400000000000006,24.0,31,5.8,2,2.8,0,11.25,45.77108433734941,2
18,74,1,0,2,1,0,27,1,18,0,53,82,0,2,1,0,50.800000000000004,27.0,29,4.555555555555555,1,2.8,2,13.32,41.823293172690775,2
18,74,0,0,2,1,0,27,1,18,0,53,82,0,2,1,0,50.800000000000004,27.0,29,4.555555555555555,0,2.8,0,13.32,41.823293172690775,2
18,74,2,1,1,1,0,27,1,18,0,53,82,0,2,1,0,60.800000000000004,27.0,29,4.555555555555555,1,2.8,2,13.32,50.0562248995984,2
18,74,1,0,1,1,0,27,1,18,0,53,82,0,2,1,0,50.800000000000004,27.0,29,4.555555555555555,0,2.8,1,13.32,41.823293172690775,2
10,85,1,1,0,1,0,27,3,14,1,55,85,1,1,0,0,76.0,17.0,30,8.5,0,3.4000000000000004,0,8.5,64.85943775100402,2
10,85,1,1,1,1,0,27,3,14,1,55,85,1,1,0,0,76.0,17.0,30,8.5,1,3.4000000000000004,1,8.5,64.85943775100402,2
10,85,2,1,1,1,0,27,3,14,1,55,85,1,1,0,0,76.0,17.0,30,8.5,2,3.4000000000000004,2,8.5,64.85943775100402,2
14,75,0,1,0,1,0,20,1,13,1,88,68,1,1,2,0,85.2,20.5,-20,4.857142857142857,-1,3.3,0,10.5,58.168674698795186,2
14,75,0,0,1,1,0,20,1,13,1,88,68,1,1,2,0,75.2,20.5,-20,4.857142857142857,0,3.3,0,10.5,51.341365461847396,2
14,69,2,0,2,1,1,20,3,5,1,97,63,1,0,2,0,76.4,16.5,-34,4.5,4,2.5,4,9.66,48.32530120481928,2
14,69,2,0,2,1,1,18,2,20,0,61,49,1,1,3,0,52.0,24.0,-12,3.5,3,4.0,4,9.66,25.582329317269078,2
14,69,1,0,1,1,1,20,3,5,1,97,63,1,0,2,0,76.4,16.5,-34,4.5,2,2.5,1,9.66,48.32530120481928,2
14,69,1,0,1,1,1,18,2,20,0,61,49,1,1,3,0,52.0,24.0,-12,3.5,1,4.0,1,9.66,25.582329317269078,2
10,98,1,1,1,1,1,28,0,1,1,83,89,1,0,0,0,92.4,10.5,6,8.9,2,2.1,1,9.8,82.56626506024098,2
10,98,1,1,1,1,1,25,2,1,0,50,100,1,2,0,0,69.2,10.5,50,10.0,0,2.1,1,9.8,69.47791164658635,2
10,98,1,1,1,1,1,27,3,5,0,71,87,1,2,0,0,77.60000000000001,12.5,16,8.7,0,2.5,1,9.8,67.7831325301205,2
10,98,1,1,1,1,1,20,0,8,1,81,42,0,2,3,0,91.6,14.0,-39,4.2,0,1.8,1,9.8,38.626506024096386,2
10,98,1,1,1,1,1,24,0,14,0,95,61,1,0,2,0,87.2,17.0,-34,6.1,2,3.4000000000000004,1,9.8,53.405622489959846,2
10,98,2,0,0,1,1,28,0,1,1,83,89,1,0,0,0,82.4,10.5,6,8.9,2,2.1,0,9.8,73.63052208835342,2
10,98,2,0,0,1,1,25,2,1,0,50,100,1,2,0,0,59.2,10.5,50,10.0,0,2.1,0,9.8,59.43775100401607,2
10,98,2,0,0,1,1,27,3,5,0,71,87,1,2,0,0,67.60000000000001,12.5,16,8.7,0,2.5,0,9.8,59.048192771084345,2
10,98,2,0,0,1,1,20,0,8,1,81,42,0,2,3,0,81.6,14.0,-39,4.2,0,1.8,0,9.8,34.40963855421687,2
10,98,2,0,0,1,1,24,0,14,0,95,61,1,0,2,0,77.2,17.0,-34,6.1,2,3.4000000000000004,0,9.8,47.281124497991975,2
20,75,0,1,1,1,1,26,0,20,0,90,96,1,1,0,0,76.0,30.0,6,4.8,0,4.0,0,15.0,73.25301204819277,2
20,75,1,0,2,1,1,26,0,20,0,90,96,1,1,0,0,66.0,30.0,6,4.8,2,4.0,2,15.0,63.6144578313253,2
20,75,2,1,2,1,1,26,0,20,0,90,96,1,1,0,0,76.0,30.0,6,4.8,3,4.0,4,15.0,73.25301204819277,2
20,75,2,0,1,1,1,26,0,20,0,90,96,1,1,0,0,66.0,30.0,6,4.8,2,4.0,2,15.0,63.6144578313253,2
20,75,1,0,1,1,1,26,0,20,0,90,96,1,1,0,0,66.0,30.0,6,4.8,1,4.0,1,15.0,63.6144578313253,2
16,80,2,1,0,1,0,23,2,13,1,89,98,1,2,0,0,87.6,22.5,9,6.125,0,3.3,0,12.8,86.19277108433734,2
16,80,2,1,0,1,0,19,1,1,1,94,89,1,2,0,0,89.6,16.5,-5,5.5625,0,2.1,0,12.8,80.06425702811245,2
16,80,0,0,0,1,0,23,2,13,1,89,98,1,2,0,0,77.6,22.5,9,6.125,-2,3.3,0,12.8,76.35341365461848,2
16,80,0,0,0,1,0,19,1,1,1,94,89,1,2,0,0,79.6,16.5,-5,5.5625,-2,2.1,0,12.8,71.1285140562249,2
12,70,2,0,1,1,1,19,2,0,1,95,40,0,2,3,0,76.0,12.0,-55,3.3333333333333335,1,1.0,2,8.399999999999999,30.522088353413658,2
12,70,2,0,1,1,1,22,2,7,1,56,47,1,2,3,0,60.400000000000006,15.5,-9,3.9166666666666665,1,2.7,2,8.399999999999999,28.50200803212852,2
12,70,2,1,1,1,1,19,2,0,1,95,40,0,2,3,0,86.0,12.0,-55,3.3333333333333335,1,1.0,2,8.399999999999999,34.53815261044177,2
12,70,2,1,1,1,1,22,2,7,1,56,47,1,2,3,0,70.4,15.5,-9,3.9166666666666665,1,2.7,2,8.399999999999999,33.220883534136554,2
12,70,1,1,0,1,1,19,2,0,1,95,40,0,2,3,0,86.0,12.0,-55,3.3333333333333335,-1,1.0,0,8.399999999999999,34.53815261044177,2
12,70,1,1,0,1,1,22,2,7,1,56,47,1,2,3,0,70.4,15.5,-9,3.9166666666666665,-1,2.7,0,8.399999999999999,33.220883534136554,2
12,70,2,0,2,1,1,19,2,0,1,95,40,0,2,3,0,76.0,12.0,-55,3.3333333333333335,2,1.0,4,8.399999999999999,30.522088353413658,2
12,70,2,0,2,1,1,22,2,7,1,56,47,1,2,3,0,60.400000000000006,15.5,-9,3.9166666666666665,2,2.7,4,8.399999999999999,28.50200803212852,2
13,61,0,1,1,1,1,21,3,20,1,99,72,1,2,1,1,84.0,23.0,-27,5.538461538461538,-1,4.0,0,7.93,60.72289156626506,2
13,61,0,1,1,1,1,21,2,19,0,55,69,0,2,2,0,56.400000000000006,22.5,14,5.3076923076923075,-1,2.9000000000000004,0,7.93,39.07228915662651,2
18,86,0,1,0,1,1,21,2,9,0,62,84,1,2,1,0,69.2,22.5,22,4.666666666666667,-2,2.9,0,15.48,58.36144578313254,2
18,86,1,0,1,1,1,21,2,9,0,62,84,1,2,1,0,59.2,22.5,22,4.666666666666667,0,2.9,1,15.48,49.9277108433735,2
18,86,1,1,1,1,1,21,2,9,0,62,84,1,2,1,0,69.2,22.5,22,4.666666666666667,0,2.9,1,15.48,58.36144578313254,2
18,86,1,0,2,1,1,21,2,9,0,62,84,1,2,1,0,59.2,22.5,22,4.666666666666667,1,2.9,2,15.48,49.9277108433735,2
18,86,1,0,0,1,1,21,2,9,0,62,84,1,2,1,0,59.2,22.5,22,4.666666666666667,-1,2.9,0,15.48,49.9277108433735,2
15,68,1,1,0,1,0,25,2,1,1,69,66,0,1,2,0,74.80000000000001,15.5,-3,4.4,0,1.1,0,10.200000000000001,49.56626506024097,2
15,68,1,1,0,1,0,25,2,1,0,72,84,1,1,1,0,66.0,15.5,12,5.6,0,2.1,0,10.200000000000001,55.66265060240964,2
15,68,1,1,0,1,0,21,1,4,1,97,89,0,2,0,0,86.0,17.0,-8,5.933333333333334,-1,1.4,0,10.200000000000001,76.84738955823293,2
15,68,1,1,0,1,0,23,1,20,1,98,92,1,2,0,0,86.4,25.0,-6,6.133333333333334,-1,4.0,0,10.200000000000001,79.80722891566266,2
15,68,1,1,0,1,0,24,2,20,1,71,89,1,2,0,0,75.60000000000001,25.0,18,5.933333333333334,-1,4.0,0,10.200000000000001,67.55421686746989,2
15,68,1,1,1,1,0,25,2,1,1,69,66,0,1,2,0,74.80000000000001,15.5,-3,4.4,1,1.1,1,10.200000000000001,49.56626506024097,2
15,68,1,1,1,1,0,25,2,1,0,72,84,1,1,1,0,66.0,15.5,12,5.6,1,2.1,1,10.200000000000001,55.66265060240964,2
15,68,1,1,1,1,0,21,1,4,1,97,89,0,2,0,0,86.0,17.0,-8,5.933333333333334,0,1.4,1,10.200000000000001,76.84738955823293,2
15,68,1,1,1,1,0,23,1,20,1,98,92,1,2,0,0,86.4,25.0,-6,6.133333333333334,0,4.0,1,10.200000000000001,79.80722891566266,2
15,68,1,1,1,1,0,24,2,20,1,71,89,1,2,0,0,75.60000000000001,25.0,18,5.933333333333334,0,4.0,1,10.200000000000001,67.55421686746989,2
15,68,1,0,0,1,0,25,2,1,1,69,66,0,1,2,0,64.80000000000001,15.5,-3,4.4,0,1.1,0,10.200000000000001,42.939759036144586,2
15,68,1,0,0,1,0,25,2,1,0,72,84,1,1,1,0,56.0,15.5,12,5.6,0,2.1,0,10.200000000000001,47.2289156626506,2
15,68,1,0,0,1,0,21,1,4,1,97,89,0,2,0,0,76.0,17.0,-8,5.933333333333334,-1,1.4,0,10.200000000000001,67.91164658634538,2
15,68,1,0,0,1,0,23,1,20,1,98,92,1,2,0,0,76.4,25.0,-6,6.133333333333334,-1,4.0,0,10.200000000000001,70.570281124498,2
15,68,1,0,0,1,0,24,2,20,1,71,89,1,2,0,0,65.60000000000001,25.0,18,5.933333333333334,-1,4.0,0,10.200000000000001,58.61847389558233,2
15,68,2,0,2,1,0,25,2,1,1,69,66,0,1,2,0,64.80000000000001,15.5,-3,4.4,3,1.1,4,10.200000000000001,42.939759036144586,2
15,68,2,0,2,1,0,25,2,1,0,72,84,1,1,1,0,56.0,15.5,12,5.6,3,2.1,4,10.200000000000001,47.2289156626506,2
15,68,2,0,2,1,0,21,1,4,1,97,89,0,2,0,0,76.0,17.0,-8,5.933333333333334,2,1.4,4,10.200000000000001,67.91164658634538,2
15,68,2,0,2,1,0,23,1,20,1,98,92,1,2,0,0,76.4,25.0,-6,6.133333333333334,2,4.0,4,10.200000000000001,70.570281124498,2
15,68,2,0,2,1,0,24,2,20,1,71,89,1,2,0,0,65.60000000000001,25.0,18,5.933333333333334,2,4.0,4,10.200000000000001,58.61847389558233,2
15,68,1,0,1,1,0,25,2,1,1,69,66,0,1,2,0,64.80000000000001,15.5,-3,4.4,1,1.1,1,10.200000000000001,42.939759036144586,2
15,68,1,0,1,1,0,25,2,1,0,72,84,1,1,1,0,56.0,15.5,12,5.6,1,2.1,1,10.200000000000001,47.2289156626506,2
15,68,1,0,1,1,0,21,1,4,1,97,89,0,2,0,0,76.0,17.0,-8,5.933333333333334,0,1.4,1,10.200000000000001,67.91164658634538,2
15,68,1,0,1,1,0,23,1,20,1,98,92,1,2,0,0,76.4,25.0,-6,6.133333333333334,0,4.0,1,10.200000000000001,70.570281124498,2
15,68,1,0,1,1,0,24,2,20,1,71,89,1,2,0,0,65.60000000000001,25.0,18,5.933333333333334,0,4.0,1,10.200000000000001,58.61847389558233,2
19,98,1,1,1,1,1,22,0,19,1,86,100,1,2,0,0,93.6,28.5,14,5.2631578947368425,0,3.9000000000000004,1,18.62,93.97590361445783,2
19,98,0,1,1,1,1,22,0,19,1,86,100,1,2,0,0,93.6,28.5,14,5.2631578947368425,-1,3.9000000000000004,0,18.62,93.97590361445783,2
19,98,2,1,1,1,1,22,0,19,1,86,100,1,2,0,0,93.6,28.5,14,5.2631578947368425,1,3.9000000000000004,2,18.62,93.97590361445783,2
19,98,2,1,2,1,1,22,0,19,1,86,100,1,2,0,0,93.6,28.5,14,5.2631578947368425,2,3.9000000000000004,4,18.62,93.97590361445783,2
12,63,2,0,0,1,1,18,3,4,0,54,68,1,0,2,0,46.800000000000004,14.0,14,5.666666666666667,2,2.4,0,7.5600000000000005,31.95180722891567,2
12,63,2,0,0,1,1,24,2,7,1,75,71,1,1,1,0,65.2,15.5,-4,5.916666666666667,1,2.7,0,7.5600000000000005,46.47791164658635,2
12,63,1,0,0,1,1,18,3,4,0,54,68,1,0,2,0,46.800000000000004,14.0,14,5.666666666666667,1,2.4,0,7.5600000000000005,31.95180722891567,2
12,63,1,0,0,1,1,24,2,7,1,75,71,1,1,1,0,65.2,15.5,-4,5.916666666666667,0,2.7,0,7.5600000000000005,46.47791164658635,2
19,76,2,1,1,1,0,24,1,14,1,63,80,1,1,1,0,75.60000000000001,26.0,17,4.2105263157894735,2,3.4000000000000004,2,14.44,60.72289156626507,2
19,76,1,1,1,1,0,24,1,14,1,63,80,1,1,1,0,75.60000000000001,26.0,17,4.2105263157894735,1,3.4000000000000004,1,14.44,60.72289156626507,2
19,76,2,0,0,1,0,24,1,14,1,63,80,1,1,1,0,65.60000000000001,26.0,17,4.2105263157894735,1,3.4000000000000004,0,14.44,52.690763052208844,2
19,76,0,1,1,1,0,24,1,14,1,63,80,1,1,1,0,75.60000000000001,26.0,17,4.2105263157894735,0,3.4000000000000004,0,14.44,60.72289156626507,2
19,76,2,1,0,1,0,24,1,14,1,63,80,1,1,1,0,75.60000000000001,26.0,17,4.2105263157894735,1,3.4000000000000004,0,14.44,60.72289156626507,2
19,76,0,1,0,1,0,24,1,14,1,63,80,1,1,1,0,75.60000000000001,26.0,17,4.2105263157894735,-1,3.4000000000000004,0,14.44,60.72289156626507,2
15,75,2,1,2,1,1,20,3,16,0,87,48,0,2,3,0,74.80000000000001,23.0,-39,3.2,2,2.6,4,11.25,36.048192771084345,2
15,75,2,1,2,1,1,27,1,7,1,85,77,1,1,1,0,84.0,18.5,-8,5.133333333333334,3,2.7,4,11.25,64.93975903614458,2
15,75,1,0,1,1,1,20,3,16,0,87,48,0,2,3,0,64.80000000000001,23.0,-39,3.2,0,2.6,1,11.25,31.228915662650607,2
15,75,1,0,1,1,1,27,1,7,1,85,77,1,1,1,0,74.0,18.5,-8,5.133333333333334,1,2.7,1,11.25,57.208835341365464,2
17,95,2,0,1,1,0,29,1,1,1,66,94,0,2,0,0,74.4,17.5,28,5.529411764705882,1,1.1,2,16.15,70.21686746987953,2
17,95,2,0,1,1,0,25,0,10,0,74,81,0,2,1,0,67.6,22.0,7,4.764705882352941,1,2.0,2,16.15,54.975903614457835,2
17,95,2,0,1,1,0,22,3,18,0,71,88,1,2,0,0,66.4,26.0,17,5.176470588235294,1,3.8,2,16.15,58.66666666666667,2
17,95,1,0,0,1,0,29,1,1,1,66,94,0,2,0,0,74.4,17.5,28,5.529411764705882,-1,1.1,0,16.15,70.21686746987953,2
17,95,1,0,0,1,0,25,0,10,0,74,81,0,2,1,0,67.6,22.0,7,4.764705882352941,-1,2.0,0,16.15,54.975903614457835,2
17,95,1,0,0,1,0,22,3,18,0,71,88,1,2,0,0,66.4,26.0,17,5.176470588235294,-1,3.8,0,16.15,58.66666666666667,2
18,66,1,0,1,1,0,19,2,19,1,58,83,0,1,1,0,59.60000000000001,27.5,25,4.611111111111111,1,2.9000000000000004,1,11.88,49.66666666666668,2
18,66,1,0,1,1,0,22,1,14,0,82,83,1,1,1,0,59.2,25.0,1,4.611111111111111,1,3.4000000000000004,1,11.88,49.333333333333336,2
18,66,2,1,1,1,0,19,2,19,1,58,83,0,1,1,0,69.60000000000001,27.5,25,4.611111111111111,2,2.9000000000000004,2,11.88,58.000000000000014,2
18,66,2,1,1,1,0,22,1,14,0,82,83,1,1,1,0,69.2,25.0,1,4.611111111111111,2,3.4000000000000004,2,11.88,57.66666666666667,2
18,66,1,1,1,1,0,19,2,19,1,58,83,0,1,1,0,69.60000000000001,27.5,25,4.611111111111111,1,2.9000000000000004,1,11.88,58.000000000000014,2
18,66,1,1,1,1,0,22,1,14,0,82,83,1,1,1,0,69.2,25.0,1,4.611111111111111,1,3.4000000000000004,1,11.88,57.66666666666667,2
18,66,2,0,1,1,0,19,2,19,1,58,83,0,1,1,0,59.60000000000001,27.5,25,4.611111111111111,2,2.9000000000000004,2,11.88,49.66666666666668,2
18,66,2,0,1,1,0,22,1,14,0,82,83,1,1,1,0,59.2,25.0,1,4.611111111111111,2,3.4000000000000004,2,11.88,49.333333333333336,2
17,64,1,0,1,1,0,25,1,11,1,66,86,1,1,0,0,62.0,22.5,20,5.0588235294117645,1,3.1,1,10.88,53.53413654618475,2
17,64,1,0,1,1,0,20,1,6,1,84,54,1,0,3,0,69.2,20.0,-30,3.176470588235294,2,2.6,1,10.88,37.518072289156635,2
17,64,2,0,1,1,0,25,1,11,1,66,86,1,1,0,0,62.0,22.5,20,5.0588235294117645,2,3.1,2,10.88,53.53413654618475,2
17,64,2,0,1,1,0,20,1,6,1,84,54,1,0,3,0,69.2,20.0,-30,3.176470588235294,3,2.6,2,10.88,37.518072289156635,2
17,64,0,1,0,1,0,25,1,11,1,66,86,1,1,0,0,72.0,22.5,20,5.0588235294117645,-1,3.1,0,10.88,62.16867469879518,2
17,64,0,1,0,1,0,20,1,6,1,84,54,1,0,3,0,79.2,20.0,-30,3.176470588235294,0,2.6,0,10.88,42.939759036144586,2
17,64,0,1,1,1,0,25,1,11,1,66,86,1,1,0,0,72.0,22.5,20,5.0588235294117645,0,3.1,0,10.88,62.16867469879518,2
17,64,0,1,1,1,0,20,1,6,1,84,54,1,0,3,0,79.2,20.0,-30,3.176470588235294,1,2.6,0,10.88,42.939759036144586,2
15,61,2,1,1,1,1,26,1,7,0,100,85,1,2,0,1,74.4,18.5,-15,5.666666666666667,1,2.7,2,9.15,63.49397590361446,2
15,61,1,0,1,1,1,26,1,7,0,100,85,1,2,0,1,64.4,18.5,-15,5.666666666666667,0,2.7,1,9.15,54.95983935742972,2
15,61,0,1,1,1,1,26,1,7,0,100,85,1,2,0,1,74.4,18.5,-15,5.666666666666667,-1,2.7,0,9.15,63.49397590361446,2
15,61,1,0,2,1,1,26,1,7,0,100,85,1,2,0,1,64.4,18.5,-15,5.666666666666667,1,2.7,2,9.15,54.95983935742972,2
8,73,1,1,2,1,1,26,1,12,1,75,93,1,2,0,0,79.2,14.0,18,11.625,1,3.2,2,5.84,73.95180722891567,2
8,73,2,1,1,1,1,26,1,12,1,75,93,1,2,0,0,79.2,14.0,18,11.625,1,3.2,2,5.84,73.95180722891567,2
8,73,2,0,2,1,1,26,1,12,1,75,93,1,2,0,0,69.2,14.0,18,11.625,2,3.2,4,5.84,64.61445783132531,2
8,73,2,1,0,1,1,26,1,12,1,75,93,1,2,0,0,79.2,14.0,18,11.625,0,3.2,0,5.84,73.95180722891567,2
13,87,1,1,0,1,1,26,1,10,1,83,85,1,1,0,0,88.0,18.0,2,6.538461538461538,0,3.0,0,11.31,75.1004016064257,2
13,87,1,1,0,1,1,21,0,13,1,80,65,1,2,2,0,86.80000000000001,19.5,-15,5.0,-1,3.3,0,11.31,56.646586345381536,2
20,68,1,0,2,1,0,27,3,8,0,67,95,1,1,0,0,54.0,24.0,28,4.75,2,2.8,2,13.600000000000001,51.50602409638555,2
20,68,1,0,2,1,0,23,0,0,1,84,97,1,2,0,0,70.80000000000001,20.0,13,4.85,1,2.0,2,13.600000000000001,68.95180722891568,2
20,68,1,1,0,1,0,27,3,8,0,67,95,1,1,0,0,64.0,24.0,28,4.75,0,2.8,0,13.600000000000001,61.04417670682731,2
20,68,1,1,0,1,0,23,0,0,1,84,97,1,2,0,0,80.80000000000001,20.0,13,4.85,-1,2.0,0,13.600000000000001,78.69076305220885,2
20,68,0,1,2,1,0,27,3,8,0,67,95,1,1,0,0,64.0,24.0,28,4.75,1,2.8,0,13.600000000000001,61.04417670682731,2
20,68,0,1,2,1,0,23,0,0,1,84,97,1,2,0,0,80.80000000000001,20.0,13,4.85,0,2.0,0,13.600000000000001,78.69076305220885,2
20,68,1,1,2,1,0,27,3,8,0,67,95,1,1,0,0,64.0,24.0,28,4.75,2,2.8,2,13.600000000000001,61.04417670682731,2
20,68,1,1,2,1,0,23,0,0,1,84,97,1,2,0,0,80.80000000000001,20.0,13,4.85,1,2.0,2,13.600000000000001,78.69076305220885,2
20,68,1,1,1,1,0,27,3,8,0,67,95,1,1,0,0,64.0,24.0,28,4.75,1,2.8,1,13.600000000000001,61.04417670682731,2
20,68,1,1,1,1,0,23,0,0,1,84,97,1,2,0,0,80.80000000000001,20.0,13,4.85,0,2.0,1,13.600000000000001,78.69076305220885,2
20,68,2,1,1,1,0,27,3,8,0,67,95,1,1,0,0,64.0,24.0,28,4.75,2,2.8,2,13.600000000000001,61.04417670682731,2
20,68,2,1,1,1,0,23,0,0,1,84,97,1,2,0,0,80.80000000000001,20.0,13,4.85,1,2.0,2,13.600000000000001,78.69076305220885,2
20,68,2,0,0,1,0,27,3,8,0,67,95,1,1,0,0,54.0,24.0,28,4.75,1,2.8,0,13.600000000000001,51.50602409638555,2
20,68,2,0,0,1,0,23,0,0,1,84,97,1,2,0,0,70.80000000000001,20.0,13,4.85,0,2.0,0,13.600000000000001,68.95180722891568,2
12,83,0,1,1,1,0,28,1,2,0,71,58,1,2,2,0,71.60000000000001,13.0,-13,4.833333333333333,-1,2.2,0,9.959999999999999,41.694779116465874,2
12,83,1,0,1,1,0,28,1,2,0,71,58,1,2,2,0,61.60000000000001,13.0,-13,4.833333333333333,0,2.2,1,9.959999999999999,35.871485943775106,2
12,83,1,1,0,1,0,28,1,2,0,71,58,1,2,2,0,71.60000000000001,13.0,-13,4.833333333333333,-1,2.2,0,9.959999999999999,41.694779116465874,2
15,68,1,1,2,1,1,27,3,4,1,73,46,1,1,3,0,76.4,17.0,-27,3.066666666666667,2,2.4,2,10.200000000000001,35.285140562249,2
15,68,1,1,1,1,1,27,3,4,1,73,46,1,1,3,0,76.4,17.0,-27,3.066666666666667,1,2.4,1,10.200000000000001,35.285140562249,2
16,86,1,1,1,1,0,25,2,17,1,60,89,0,0,0,0,78.4,24.5,29,5.5625,2,2.7,1,13.76,70.0562248995984,2
16,86,1,1,1,1,0,23,3,8,1,54,84,1,2,1,0,76.0,20.0,30,5.25,0,2.8,1,13.76,64.09638554216868,2
16,86,1,1,0,1,0,25,2,17,1,60,89,0,0,0,0,78.4,24.5,29,5.5625,1,2.7,0,13.76,70.0562248995984,2
16,86,1,1,0,1,0,23,3,8,1,54,84,1,2,1,0,76.0,20.0,30,5.25,-1,2.8,0,13.76,64.09638554216868,2
16,86,0,1,0,1,0,25,2,17,1,60,89,0,0,0,0,78.4,24.5,29,5.5625,0,2.7,0,13.76,70.0562248995984,2
16,86,0,1,0,1,0,23,3,8,1,54,84,1,2,1,0,76.0,20.0,30,5.25,-2,2.8,0,13.76,64.09638554216868,2
16,86,2,1,0,1,0,25,2,17,1,60,89,0,0,0,0,78.4,24.5,29,5.5625,2,2.7,0,13.76,70.0562248995984,2
16,86,2,1,0,1,0,23,3,8,1,54,84,1,2,1,0,76.0,20.0,30,5.25,0,2.8,0,13.76,64.09638554216868,2
18,62,1,1,1,1,1,26,1,3,1,67,70,1,1,1,0,71.6,19.5,3,3.888888888888889,1,2.3,1,11.16,50.321285140562246,2
18,62,2,0,0,1,1,26,1,3,1,67,70,1,1,1,0,61.6,19.5,3,3.888888888888889,1,2.3,0,11.16,43.29317269076306,2
9,98,1,0,1,1,1,27,0,2,1,89,55,1,0,2,0,84.80000000000001,10.0,-34,6.111111111111111,2,2.2,1,8.82,46.8273092369478,2
9,98,1,0,1,1,1,18,1,19,1,68,65,1,0,2,0,76.4,18.5,-3,7.222222222222222,2,3.9000000000000004,1,8.82,49.85943775100402,2
9,98,1,0,1,1,1,21,2,16,0,67,65,0,1,2,0,66.0,17.0,-2,7.222222222222222,1,2.6,1,8.82,43.07228915662651,2
9,98,1,0,0,1,1,27,0,2,1,89,55,1,0,2,0,84.80000000000001,10.0,-34,6.111111111111111,1,2.2,0,8.82,46.8273092369478,2
9,98,1,0,0,1,1,18,1,19,1,68,65,1,0,2,0,76.4,18.5,-3,7.222222222222222,1,3.9000000000000004,0,8.82,49.85943775100402,2
9,98,1,0,0,1,1,21,2,16,0,67,65,0,1,2,0,66.0,17.0,-2,7.222222222222222,0,2.6,0,8.82,43.07228915662651,2
9,98,2,0,1,1,1,27,0,2,1,89,55,1,0,2,0,84.80000000000001,10.0,-34,6.111111111111111,3,2.2,2,8.82,46.8273092369478,2
9,98,2,0,1,1,1,18,1,19,1,68,65,1,0,2,0,76.4,18.5,-3,7.222222222222222,3,3.9000000000000004,2,8.82,49.85943775100402,2
9,98,2,0,1,1,1,21,2,16,0,67,65,0,1,2,0,66.0,17.0,-2,7.222222222222222,2,2.6,2,8.82,43.07228915662651,2
9,98,1,1,1,1,1,27,0,2,1,89,55,1,0,2,0,94.80000000000001,10.0,-34,6.111111111111111,2,2.2,1,8.82,52.349397590361455,2
9,98,1,1,1,1,1,18,1,19,1,68,65,1,0,2,0,86.4,18.5,-3,7.222222222222222,2,3.9000000000000004,1,8.82,56.385542168674704,2
9,98,1,1,1,1,1,21,2,16,0,67,65,0,1,2,0,76.0,17.0,-2,7.222222222222222,1,2.6,1,8.82,49.59839357429719,2
13,80,2,1,2,1,0,20,0,13,0,82,75,1,2,1,0,74.80000000000001,19.5,-7,5.769230769230769,2,3.3,4,10.4,56.32530120481928,2
13,80,2,1,2,1,0,27,3,13,0,67,62,1,1,2,0,68.8,19.5,-5,4.769230769230769,3,3.3,4,10.4,42.82730923694779,2
13,80,2,1,2,1,0,24,0,7,1,56,52,1,0,3,0,74.4,16.5,-4,4.0,4,2.7,4,10.4,38.84337349397591,2
13,80,2,1,2,1,0,22,2,1,1,84,46,1,2,3,0,85.6,13.5,-38,3.5384615384615383,2,2.1,4,10.4,39.53413654618474,2
13,80,2,1,2,1,0,19,3,3,0,82,44,1,0,3,0,74.80000000000001,14.5,-38,3.3846153846153846,4,2.3,4,10.4,33.044176706827315,2
13,80,2,1,2,1,0,29,3,5,1,98,79,1,1,1,0,91.2,15.5,-19,6.076923076923077,3,2.5,4,10.4,72.33734939759037,2
13,80,1,1,2,1,0,20,0,13,0,82,75,1,2,1,0,74.80000000000001,19.5,-7,5.769230769230769,1,3.3,2,10.4,56.32530120481928,2
13,80,1,1,2,1,0,27,3,13,0,67,62,1,1,2,0,68.8,19.5,-5,4.769230769230769,2,3.3,2,10.4,42.82730923694779,2
13,80,1,1,2,1,0,24,0,7,1,56,52,1,0,3,0,74.4,16.5,-4,4.0,3,2.7,2,10.4,38.84337349397591,2
13,80,1,1,2,1,0,22,2,1,1,84,46,1,2,3,0,85.6,13.5,-38,3.5384615384615383,1,2.1,2,10.4,39.53413654618474,2
13,80,1,1,2,1,0,19,3,3,0,82,44,1,0,3,0,74.80000000000001,14.5,-38,3.3846153846153846,3,2.3,2,10.4,33.044176706827315,2
13,80,1,1,2,1,0,29,3,5,1,98,79,1,1,1,0,91.2,15.5,-19,6.076923076923077,2,2.5,2,10.4,72.33734939759037,2
13,80,1,0,1,1,0,20,0,13,0,82,75,1,2,1,0,64.80000000000001,19.5,-7,5.769230769230769,0,3.3,1,10.4,48.79518072289157,2
13,80,1,0,1,1,0,27,3,13,0,67,62,1,1,2,0,58.8,19.5,-5,4.769230769230769,1,3.3,1,10.4,36.60240963855422,2
13,80,1,0,1,1,0,24,0,7,1,56,52,1,0,3,0,64.4,16.5,-4,4.0,2,2.7,1,10.4,33.622489959839356,2
13,80,1,0,1,1,0,22,2,1,1,84,46,1,2,3,0,75.6,13.5,-38,3.5384615384615383,0,2.1,1,10.4,34.91566265060241,2
13,80,1,0,1,1,0,19,3,3,0,82,44,1,0,3,0,64.80000000000001,14.5,-38,3.3846153846153846,2,2.3,1,10.4,28.62650602409639,2
13,80,1,0,1,1,0,29,3,5,1,98,79,1,1,1,0,81.2,15.5,-19,6.076923076923077,1,2.5,1,10.4,64.40562248995984,2
7,73,1,1,1,1,0,27,2,0,0,69,68,1,0,2,0,66.80000000000001,7.0,-1,9.714285714285714,2,2.0,1,5.109999999999999,45.60642570281125,2
7,73,1,1,1,1,0,29,2,2,1,92,40,0,2,3,0,86.0,8.0,-52,5.714285714285714,0,1.2,1,5.109999999999999,34.53815261044177,2
7,73,1,1,1,1,0,29,0,18,1,88,99,1,0,0,1,84.4,16.0,11,14.142857142857142,2,3.8,1,5.109999999999999,83.89156626506025,2
7,73,1,1,1,1,0,21,1,15,1,65,58,0,1,2,0,75.2,14.5,-7,8.285714285714286,1,2.5,1,5.109999999999999,43.79116465863454,2
7,73,1,1,1,1,0,21,1,5,1,60,76,1,0,1,0,73.2,9.5,16,10.857142857142858,2,2.5,1,5.109999999999999,55.85542168674699,2
16,99,1,1,0,1,0,19,0,0,1,55,57,0,2,2,0,81.6,16.0,2,3.5625,-1,1.0,0,15.84,46.69879518072289,2
16,99,2,1,2,1,0,19,0,0,1,55,57,0,2,2,0,81.6,16.0,2,3.5625,2,1.0,4,15.84,46.69879518072289,2
16,99,1,0,0,1,0,19,0,0,1,55,57,0,2,2,0,71.6,16.0,2,3.5625,-1,1.0,0,15.84,40.97590361445783,2
16,99,1,1,1,1,0,19,0,0,1,55,57,0,2,2,0,81.6,16.0,2,3.5625,0,1.0,1,15.84,46.69879518072289,2
15,82,2,1,1,1,1,22,2,1,1,97,55,1,2,2,0,91.60000000000001,15.5,-42,3.6666666666666665,1,2.1,2,12.299999999999999,50.582329317269085,2
15,82,2,1,1,1,1,26,1,14,1,80,51,1,1,3,0,84.80000000000001,22.0,-29,3.4,2,3.4000000000000004,2,12.299999999999999,43.42168674698796,2
15,82,2,1,1,1,1,24,1,15,1,67,90,0,2,0,0,79.60000000000001,22.5,23,6.0,1,2.5,2,12.299999999999999,71.9277108433735,2
15,82,2,1,1,1,1,27,3,17,0,75,90,1,1,0,0,72.80000000000001,23.5,15,6.0,2,3.7,2,12.299999999999999,65.7831325301205,2
16,74,2,1,0,1,1,19,3,1,0,61,66,1,2,2,0,64.0,16.5,5,4.125,0,2.1,0,11.84,42.40963855421687,2
16,74,2,1,0,1,1,28,0,13,1,82,68,1,0,2,0,82.4,22.5,-14,4.25,2,3.3,0,11.84,56.2570281124498,2
16,74,2,0,0,1,1,19,3,1,0,61,66,1,2,2,0,54.0,16.5,5,4.125,0,2.1,0,11.84,35.78313253012049,2
16,74,2,0,0,1,1,28,0,13,1,82,68,1,0,2,0,72.4,22.5,-14,4.25,2,3.3,0,11.84,49.42971887550201,2
16,74,2,0,1,1,1,19,3,1,0,61,66,1,2,2,0,54.0,16.5,5,4.125,1,2.1,2,11.84,35.78313253012049,2
16,74,2,0,1,1,1,28,0,13,1,82,68,1,0,2,0,72.4,22.5,-14,4.25,3,3.3,2,11.84,49.42971887550201,2
19,82,2,1,1,1,1,29,1,18,1,86,76,0,2,1,0,87.2,28.0,-10,4.0,1,2.8,2,15.579999999999998,66.53815261044177,2
19,82,2,1,1,1,1,18,0,5,1,68,90,0,1,0,0,80.0,21.5,22,4.7368421052631575,2,1.5,2,15.579999999999998,72.28915662650603,2
19,82,0,0,1,1,1,18,0,5,1,68,90,0,1,0,0,70.0,21.5,22,4.7368421052631575,0,1.5,0,15.579999999999998,63.25301204819278,2
19,82,1,0,0,1,1,18,0,5,1,68,90,0,1,0,0,70.0,21.5,22,4.7368421052631575,0,1.5,0,15.579999999999998,63.25301204819278,2
19,82,1,0,1,1,1,18,0,5,1,68,90,0,1,0,0,70.0,21.5,22,4.7368421052631575,1,1.5,1,15.579999999999998,63.25301204819278,2
8,80,0,0,2,1,0,23,1,4,1,67,43,1,2,3,0,68.8,10.0,-24,5.375,0,2.4,0,6.4,29.702811244979923,2
19,71,2,0,2,1,0,23,1,3,1,73,77,1,2,1,0,67.60000000000001,20.5,4,4.052631578947368,2,2.3,4,13.489999999999998,52.26104417670684,2
19,71,1,1,1,1,0,23,1,3,1,73,77,1,2,1,0,77.60000000000001,20.5,4,4.052631578947368,0,2.3,1,13.489999999999998,59.991967871485954,2
19,71,1,1,0,1,0,23,1,3,1,73,77,1,2,1,0,77.60000000000001,20.5,4,4.052631578947368,-1,2.3,0,13.489999999999998,59.991967871485954,2
19,71,2,1,0,1,0,23,1,3,1,73,77,1,2,1,0,77.60000000000001,20.5,4,4.052631578947368,0,2.3,0,13.489999999999998,59.991967871485954,2
13,67,1,1,2,1,1,19,1,12,0,78,62,0,2,2,0,68.0,19.0,-16,4.769230769230769,1,2.2,2,8.71,42.329317269076306,2
13,67,1,1,2,1,1,26,0,19,1,77,52,1,1,3,0,77.6,22.5,-25,4.0,2,3.9000000000000004,2,8.71,40.5140562248996,2
13,67,1,1,2,1,1,26,0,2,0,50,54,1,1,3,0,56.8,14.0,4,4.153846153846154,2,2.2,2,8.71,30.795180722891565,2
13,67,1,1,1,1,1,19,1,12,0,78,62,0,2,2,0,68.0,19.0,-16,4.769230769230769,0,2.2,1,8.71,42.329317269076306,2
13,67,1,1,1,1,1,26,0,19,1,77,52,1,1,3,0,77.6,22.5,-25,4.0,1,3.9000000000000004,1,8.71,40.5140562248996,2
13,67,1,1,1,1,1,26,0,2,0,50,54,1,1,3,0,56.8,14.0,4,4.153846153846154,1,2.2,1,8.71,30.795180722891565,2
13,67,0,1,1,1,1,19,1,12,0,78,62,0,2,2,0,68.0,19.0,-16,4.769230769230769,-1,2.2,0,8.71,42.329317269076306,2
13,67,0,1,1,1,1,26,0,19,1,77,52,1,1,3,0,77.6,22.5,-25,4.0,0,3.9000000000000004,0,8.71,40.5140562248996,2
13,67,0,1,1,1,1,26,0,2,0,50,54,1,1,3,0,56.8,14.0,4,4.153846153846154,0,2.2,0,8.71,30.795180722891565,2
13,67,2,1,1,1,1,19,1,12,0,78,62,0,2,2,0,68.0,19.0,-16,4.769230769230769,1,2.2,2,8.71,42.329317269076306,2
13,67,2,1,1,1,1,26,0,19,1,77,52,1,1,3,0,77.6,22.5,-25,4.0,2,3.9000000000000004,2,8.71,40.5140562248996,2
13,67,2,1,1,1,1,26,0,2,0,50,54,1,1,3,0,56.8,14.0,4,4.153846153846154,2,2.2,2,8.71,30.795180722891565,2
18,68,1,0,2,1,0,25,2,11,1,80,80,1,2,1,0,69.2,23.5,0,4.444444444444445,1,3.1,2,12.24,55.582329317269085,2
18,68,1,0,2,1,0,20,1,10,0,55,79,0,1,1,0,49.2,23.0,24,4.388888888888889,2,2.0,2,12.24,39.02409638554217,2
18,68,2,0,1,1,0,25,2,11,1,80,80,1,2,1,0,69.2,23.5,0,4.444444444444445,1,3.1,2,12.24,55.582329317269085,2
18,68,2,0,1,1,0,20,1,10,0,55,79,0,1,1,0,49.2,23.0,24,4.388888888888889,2,2.0,2,12.24,39.02409638554217,2
18,67,1,0,1,1,0,27,3,0,1,57,79,0,2,1,0,59.6,18.0,22,4.388888888888889,0,1.0,1,12.06,47.273092369477915,2
18,67,1,0,1,1,0,24,0,15,1,62,85,1,2,0,0,61.6,25.5,23,4.722222222222222,0,3.5,1,12.06,52.570281124497996,2
18,67,1,0,1,1,0,27,1,9,1,61,76,0,2,1,0,61.2,22.5,15,4.222222222222222,0,1.9,1,12.06,46.6987951807229,2
18,67,2,1,0,1,0,27,3,0,1,57,79,0,2,1,0,69.6,18.0,22,4.388888888888889,0,1.0,0,12.06,55.204819277108435,2
18,67,2,1,0,1,0,24,0,15,1,62,85,1,2,0,0,71.6,25.5,23,4.722222222222222,0,3.5,0,12.06,61.10441767068273,2
18,67,2,1,0,1,0,27,1,9,1,61,76,0,2,1,0,71.2,22.5,15,4.222222222222222,0,1.9,0,12.06,54.32931726907631,2
11,84,1,1,2,1,0,27,1,6,1,75,43,1,2,3,0,83.6,14.0,-32,3.909090909090909,1,2.6,2,9.24,36.092369477911646,2
11,84,1,0,0,1,0,27,1,6,1,75,43,1,2,3,0,73.6,14.0,-32,3.909090909090909,-1,2.6,0,9.24,31.775100401606423,2
11,84,0,1,0,1,0,27,1,6,1,75,43,1,2,3,0,83.6,14.0,-32,3.909090909090909,-2,2.6,0,9.24,36.092369477911646,2
5,87,0,0,1,1,0,26,0,19,1,77,59,0,1,2,0,75.60000000000001,14.5,-18,11.8,0,2.9000000000000004,0,4.35,44.78313253012049,2
13,60,1,1,1,1,1,28,0,8,0,71,92,0,1,0,0,62.400000000000006,17.0,21,7.076923076923077,1,1.8,1,7.8,57.63855421686748,2
13,60,1,0,0,1,1,28,0,8,0,71,92,0,1,0,0,52.400000000000006,17.0,21,7.076923076923077,0,1.8,0,7.8,48.40160642570282,2
13,60,0,0,0,1,1,28,0,8,0,71,92,0,1,0,0,52.400000000000006,17.0,21,7.076923076923077,-1,1.8,0,7.8,48.40160642570282,2
13,60,1,0,2,1,1,28,0,8,0,71,92,0,1,0,0,52.400000000000006,17.0,21,7.076923076923077,2,1.8,2,7.8,48.40160642570282,2
9,61,2,1,1,1,1,25,1,3,0,70,83,1,1,1,0,62.400000000000006,10.5,13,9.222222222222221,2,2.3,2,5.49,52.000000000000014,2
17,71,2,1,0,1,0,25,2,16,1,58,69,1,2,2,0,71.60000000000001,25.0,11,4.0588235294117645,0,3.6,0,12.07,49.60240963855423,2
17,71,0,0,1,1,0,25,2,16,1,58,69,1,2,2,0,61.60000000000001,25.0,11,4.0588235294117645,-1,3.6,0,12.07,42.67469879518073,2
17,71,1,0,0,1,0,25,2,16,1,58,69,1,2,2,0,61.60000000000001,25.0,11,4.0588235294117645,-1,3.6,0,12.07,42.67469879518073,2
11,61,1,1,2,1,0,27,1,20,1,80,55,1,0,2,0,76.4,21.0,-25,5.0,3,4.0,2,6.71,42.18875502008033,2
11,61,1,1,2,1,0,19,0,10,1,53,46,0,2,3,0,65.60000000000001,16.0,-7,4.181818181818182,1,2.0,2,6.71,30.297188755020084,2
11,61,1,1,2,1,0,28,3,8,0,72,84,1,2,1,0,63.2,15.0,12,7.636363636363637,1,2.8,2,6.71,53.30120481927712,2
20,74,2,0,0,1,1,27,2,6,1,96,88,1,2,0,0,78.0,23.0,-8,4.4,0,2.6,0,14.8,68.91566265060241,2
20,74,1,1,2,1,1,27,2,6,1,96,88,1,2,0,0,88.0,23.0,-8,4.4,1,2.6,2,14.8,77.75100401606426,2
20,74,1,0,2,1,1,27,2,6,1,96,88,1,2,0,0,78.0,23.0,-8,4.4,1,2.6,2,14.8,68.91566265060241,2
20,74,1,1,1,1,1,27,2,6,1,96,88,1,2,0,0,88.0,23.0,-8,4.4,0,2.6,1,14.8,77.75100401606426,2
20,74,1,0,1,1,1,27,2,6,1,96,88,1,2,0,0,78.0,23.0,-8,4.4,0,2.6,1,14.8,68.91566265060241,2
14,91,1,1,1,1,1,26,0,16,0,86,79,1,1,1,0,80.8,22.0,-7,5.642857142857143,1,3.6,1,12.74,64.08835341365462,2
14,91,2,1,1,1,1,26,0,16,0,86,79,1,1,1,0,80.8,22.0,-7,5.642857142857143,2,3.6,2,12.74,64.08835341365462,2
14,100,1,0,0,1,1,22,0,10,1,79,56,1,1,2,0,81.6,19.0,-23,4.0,0,3.0,0,14.0,45.87951807228916,2
14,100,1,0,0,1,1,26,1,5,1,73,72,0,2,1,0,79.2,16.5,-1,5.142857142857143,-1,1.5,0,14.0,57.25301204819278,2
15,85,1,0,2,1,1,25,0,14,1,76,67,1,0,2,0,74.4,22.0,-9,4.466666666666667,3,3.4000000000000004,2,12.75,50.048192771084345,2
15,85,1,0,2,1,1,23,3,5,0,54,82,0,2,1,0,55.6,17.5,28,5.466666666666667,1,1.5,2,12.75,45.77510040160643,2
15,85,2,1,1,1,1,25,0,14,1,76,67,1,0,2,0,84.4,22.0,-9,4.466666666666667,3,3.4000000000000004,2,12.75,56.77510040160643,2
15,85,2,1,1,1,1,23,3,5,0,54,82,0,2,1,0,65.6,17.5,28,5.466666666666667,1,1.5,2,12.75,54.00803212851405,2
15,85,1,0,1,1,1,25,0,14,1,76,67,1,0,2,0,74.4,22.0,-9,4.466666666666667,2,3.4000000000000004,1,12.75,50.048192771084345,2
15,85,1,0,1,1,1,23,3,5,0,54,82,0,2,1,0,55.6,17.5,28,5.466666666666667,0,1.5,1,12.75,45.77510040160643,2
15,85,1,1,1,1,1,25,0,14,1,76,67,1,0,2,0,84.4,22.0,-9,4.466666666666667,2,3.4000000000000004,1,12.75,56.77510040160643,2
15,85,1,1,1,1,1,23,3,5,0,54,82,0,2,1,0,65.6,17.5,28,5.466666666666667,0,1.5,1,12.75,54.00803212851405,2
14,70,1,1,0,1,0,26,3,5,1,97,76,1,0,1,0,86.80000000000001,16.5,-21,5.428571428571429,1,2.5,0,9.799999999999999,66.23293172690765,2
14,70,1,1,0,1,0,25,1,10,0,67,66,0,2,2,0,64.8,19.0,-1,4.714285714285714,-1,2.0,0,9.799999999999999,42.93975903614458,2
14,70,1,1,0,1,0,25,3,19,1,81,93,1,1,0,0,80.4,23.5,12,6.642857142857143,0,3.9000000000000004,0,9.799999999999999,75.07228915662652,2
14,70,1,1,0,1,0,19,0,16,1,73,97,1,0,0,0,77.2,22.0,24,6.928571428571429,1,3.6,0,9.799999999999999,75.1847389558233,2
14,70,1,1,2,1,0,26,3,5,1,97,76,1,0,1,0,86.80000000000001,16.5,-21,5.428571428571429,3,2.5,2,9.799999999999999,66.23293172690765,2
14,70,1,1,2,1,0,25,1,10,0,67,66,0,2,2,0,64.8,19.0,-1,4.714285714285714,1,2.0,2,9.799999999999999,42.93975903614458,2
14,70,1,1,2,1,0,25,3,19,1,81,93,1,1,0,0,80.4,23.5,12,6.642857142857143,2,3.9000000000000004,2,9.799999999999999,75.07228915662652,2
14,70,1,1,2,1,0,19,0,16,1,73,97,1,0,0,0,77.2,22.0,24,6.928571428571429,3,3.6,2,9.799999999999999,75.1847389558233,2
11,97,1,1,0,1,1,28,2,5,0,51,46,1,2,3,0,69.2,13.5,-5,4.181818181818182,-1,2.5,0,10.67,31.959839357429722,2
11,97,2,1,1,1,1,28,2,5,0,51,46,1,2,3,0,69.2,13.5,-5,4.181818181818182,1,2.5,2,10.67,31.959839357429722,2
11,97,1,0,1,1,1,28,2,5,0,51,46,1,2,3,0,59.2,13.5,-5,4.181818181818182,0,2.5,1,10.67,27.341365461847392,2
18,77,2,1,1,1,0,27,2,8,0,70,95,0,2,0,0,68.8,22.0,25,5.277777777777778,1,1.8,2,13.86,65.62248995983936,2
18,77,1,1,2,1,0,27,2,8,0,70,95,0,2,0,0,68.8,22.0,25,5.277777777777778,1,1.8,2,13.86,65.62248995983936,2
18,77,1,0,0,1,0,27,2,8,0,70,95,0,2,0,0,58.8,22.0,25,5.277777777777778,-1,1.8,0,13.86,56.08433734939759,2
18,70,1,1,1,1,1,24,3,8,1,90,69,0,2,2,0,84.0,22.0,-21,3.8333333333333335,0,1.8,1,12.6,58.19277108433735,2
18,70,0,1,1,1,1,24,3,8,1,90,69,0,2,2,0,84.0,22.0,-21,3.8333333333333335,-1,1.8,0,12.6,58.19277108433735,2
18,70,2,0,1,1,1,24,3,8,1,90,69,0,2,2,0,74.0,22.0,-21,3.8333333333333335,1,1.8,2,12.6,51.265060240963855,2
15,91,1,0,0,1,0,18,3,6,1,90,81,0,0,1,0,82.4,18.0,-9,5.4,1,1.6,0,13.65,67.01204819277109,2
15,91,1,0,0,1,0,26,2,18,0,91,88,0,1,0,0,72.8,24.0,-3,5.866666666666666,0,2.8,0,13.65,64.32128514056225,2
15,91,2,0,1,1,0,18,3,6,1,90,81,0,0,1,0,82.4,18.0,-9,5.4,3,1.6,2,13.65,67.01204819277109,2
15,91,2,0,1,1,0,26,2,18,0,91,88,0,1,0,0,72.8,24.0,-3,5.866666666666666,2,2.8,2,13.65,64.32128514056225,2
15,91,0,1,0,1,0,18,3,6,1,90,81,0,0,1,0,92.4,18.0,-9,5.4,0,1.6,0,13.65,75.14457831325302,2
15,91,0,1,0,1,0,26,2,18,0,91,88,0,1,0,0,82.8,24.0,-3,5.866666666666666,-1,2.8,0,13.65,73.1566265060241,2
15,91,2,1,2,1,0,18,3,6,1,90,81,0,0,1,0,92.4,18.0,-9,5.4,4,1.6,4,13.65,75.14457831325302,2
15,91,2,1,2,1,0,26,2,18,0,91,88,0,1,0,0,82.8,24.0,-3,5.866666666666666,3,2.8,4,13.65,73.1566265060241,2
8,88,1,1,2,1,1,23,2,15,1,64,64,0,2,2,0,80.80000000000001,15.5,0,8.0,1,2.5,2,7.04,51.91967871485945,2
19,75,1,0,0,1,0,20,2,20,1,86,90,0,0,0,0,74.4,29.0,4,4.7368421052631575,1,3.0,0,14.25,67.2289156626506,2
19,75,0,0,2,1,0,20,2,20,1,86,90,0,0,0,0,74.4,29.0,4,4.7368421052631575,2,3.0,0,14.25,67.2289156626506,2
19,75,2,0,1,1,0,20,2,20,1,86,90,0,0,0,0,74.4,29.0,4,4.7368421052631575,3,3.0,2,14.25,67.2289156626506,2
19,75,2,0,0,1,0,20,2,20,1,86,90,0,0,0,0,74.4,29.0,4,4.7368421052631575,2,3.0,0,14.25,67.2289156626506,2
19,75,2,1,1,1,0,20,2,20,1,86,90,0,0,0,0,84.4,29.0,4,4.7368421052631575,3,3.0,2,14.25,76.26506024096386,2
19,75,2,1,2,1,0,20,2,20,1,86,90,0,0,0,0,84.4,29.0,4,4.7368421052631575,4,3.0,4,14.25,76.26506024096386,2
19,75,1,1,2,1,0,20,2,20,1,86,90,0,0,0,0,84.4,29.0,4,4.7368421052631575,3,3.0,2,14.25,76.26506024096386,2
9,76,1,0,1,1,1,28,0,2,0,86,97,0,1,0,0,64.8,10.0,11,10.777777777777779,1,1.2,1,6.84,63.10843373493976,2
9,76,1,0,1,1,1,19,1,16,1,95,61,1,1,2,0,78.4,17.0,-34,6.777777777777778,1,3.6,1,6.84,48.01606425702812,2
9,76,1,1,1,1,1,28,0,2,0,86,97,0,1,0,0,74.8,10.0,11,10.777777777777779,1,1.2,1,6.84,72.84738955823293,2
9,76,1,1,1,1,1,19,1,16,1,95,61,1,1,2,0,88.4,17.0,-34,6.777777777777778,1,3.6,1,6.84,54.14056224899599,2
19,62,1,1,0,1,0,28,2,20,0,90,89,0,2,0,0,70.8,29.0,-1,4.684210526315789,-1,3.0,0,11.78,63.26506024096385,2
19,62,1,1,1,1,0,28,2,20,0,90,89,0,2,0,0,70.8,29.0,-1,4.684210526315789,0,3.0,1,11.78,63.26506024096385,2
19,62,0,1,1,1,0,28,2,20,0,90,89,0,2,0,0,70.8,29.0,-1,4.684210526315789,-1,3.0,0,11.78,63.26506024096385,2
13,73,1,1,1,1,1,26,3,16,1,99,94,1,2,0,0,88.80000000000001,21.0,-5,7.230769230769231,0,3.6,1,9.49,83.80722891566268,2
13,73,1,1,1,1,1,20,2,7,1,52,64,1,2,2,0,70.0,16.5,12,4.923076923076923,0,2.7,1,9.49,44.979919678714865,2
13,73,0,0,1,1,1,26,3,16,1,99,94,1,2,0,0,78.80000000000001,21.0,-5,7.230769230769231,-1,3.6,0,9.49,74.3694779116466,2
13,73,0,0,1,1,1,20,2,7,1,52,64,1,2,2,0,60.0,16.5,12,4.923076923076923,-1,2.7,0,9.49,38.55421686746988,2
18,81,2,1,0,1,1,28,0,17,1,87,69,1,2,2,0,87.2,26.5,-18,3.8333333333333335,0,3.7,0,14.580000000000002,60.409638554216876,2
18,81,2,0,0,1,1,28,0,17,1,87,69,1,2,2,0,77.2,26.5,-18,3.8333333333333335,0,3.7,0,14.580000000000002,53.48192771084338,2
18,81,1,0,0,1,1,28,0,17,1,87,69,1,2,2,0,77.2,26.5,-18,3.8333333333333335,-1,3.7,0,14.580000000000002,53.48192771084338,2
18,81,2,1,1,1,1,28,0,17,1,87,69,1,2,2,0,87.2,26.5,-18,3.8333333333333335,1,3.7,2,14.580000000000002,60.409638554216876,2
18,81,1,0,1,1,1,28,0,17,1,87,69,1,2,2,0,77.2,26.5,-18,3.8333333333333335,0,3.7,1,14.580000000000002,53.48192771084338,2
9,75,0,0,2,1,1,29,2,2,1,88,48,1,1,3,0,75.2,10.0,-40,5.333333333333333,1,2.2,0,6.75,36.24096385542169,2
11,89,1,1,1,1,0,25,2,7,0,56,50,0,0,3,0,68.0,14.5,-6,4.545454545454546,2,1.7000000000000002,1,9.790000000000001,34.13654618473896,2
11,89,1,1,1,1,0,25,3,16,1,51,91,0,2,0,0,76.0,19.0,40,8.272727272727273,0,2.6,1,9.790000000000001,69.43775100401606,2
17,63,1,0,2,1,1,20,3,20,0,83,67,0,2,2,0,58.400000000000006,27.0,-16,3.9411764705882355,1,3.0,2,10.71,39.285140562249,2
17,63,1,0,2,1,1,28,3,11,1,83,89,1,2,0,0,68.4,22.5,6,5.235294117647059,1,3.1,2,10.71,61.120481927710856,2
17,63,1,0,2,1,1,18,0,20,1,57,99,0,1,0,0,58.0,27.0,42,5.823529411764706,2,3.0,2,10.71,57.65060240963856,2
17,63,1,0,0,1,1,20,3,20,0,83,67,0,2,2,0,58.400000000000006,27.0,-16,3.9411764705882355,-1,3.0,0,10.71,39.285140562249,2
17,63,1,0,0,1,1,28,3,11,1,83,89,1,2,0,0,68.4,22.5,6,5.235294117647059,-1,3.1,0,10.71,61.120481927710856,2
17,63,1,0,0,1,1,18,0,20,1,57,99,0,1,0,0,58.0,27.0,42,5.823529411764706,0,3.0,0,10.71,57.65060240963856,2
17,63,1,1,1,1,1,20,3,20,0,83,67,0,2,2,0,68.4,27.0,-16,3.9411764705882355,0,3.0,1,10.71,46.01204819277109,2
17,63,1,1,1,1,1,25,0,14,0,81,50,0,1,3,0,67.6,24.0,-31,2.9411764705882355,1,2.4000000000000004,1,10.71,33.93574297188755,2
17,63,1,1,1,1,1,28,3,11,1,83,89,1,2,0,0,78.4,22.5,6,5.235294117647059,0,3.1,1,10.71,70.0562248995984,2
17,63,1,1,1,1,1,18,0,20,1,57,99,0,1,0,0,68.0,27.0,42,5.823529411764706,1,3.0,1,10.71,67.59036144578313,2
9,82,1,0,1,1,0,25,3,2,0,54,98,0,2,0,0,54.400000000000006,10.0,44,10.88888888888889,0,1.2,1,7.38,53.526104417670695,2
9,82,0,1,1,1,0,25,3,2,0,54,98,0,2,0,0,64.4,10.0,44,10.88888888888889,-1,1.2,0,7.38,63.36546184738956,2
14,67,1,0,1,1,1,28,2,7,0,62,60,1,0,2,0,51.6,17.5,-2,4.285714285714286,2,2.7,1,9.38,31.08433734939759,2
14,67,1,0,1,1,1,19,2,7,0,51,93,1,0,0,0,47.2,17.5,42,6.642857142857143,2,2.7,1,9.38,44.07228915662651,2
14,67,0,0,1,1,1,28,2,7,0,62,60,1,0,2,0,51.6,17.5,-2,4.285714285714286,1,2.7,0,9.38,31.08433734939759,2
14,67,0,0,1,1,1,19,2,7,0,51,93,1,0,0,0,47.2,17.5,42,6.642857142857143,1,2.7,0,9.38,44.07228915662651,2
14,67,1,1,0,1,1,28,2,7,0,62,60,1,0,2,0,61.6,17.5,-2,4.285714285714286,1,2.7,0,9.38,37.10843373493976,2
14,67,1,1,0,1,1,19,2,7,0,51,93,1,0,0,0,57.2,17.5,42,6.642857142857143,1,2.7,0,9.38,53.40963855421687,2
9,95,1,1,1,1,1,23,3,3,0,52,73,0,2,1,0,68.8,10.5,21,8.11111111111111,0,1.3,1,8.549999999999999,50.42570281124498,2
9,95,1,1,1,1,1,21,3,6,0,85,98,1,2,0,0,82.0,12.0,13,10.88888888888889,0,2.6,1,8.549999999999999,80.68273092369478,2
19,85,1,1,0,1,0,18,1,11,0,95,96,0,1,0,0,82.0,24.5,1,5.052631578947368,0,2.1,0,16.15,79.03614457831326,2
19,85,1,0,0,1,0,18,1,11,0,95,96,0,1,0,0,72.0,24.5,1,5.052631578947368,0,2.1,0,16.15,69.39759036144578,2
19,85,1,1,2,1,0,18,1,11,0,95,96,0,1,0,0,82.0,24.5,1,5.052631578947368,2,2.1,2,16.15,79.03614457831326,2
19,85,0,1,1,1,0,18,1,11,0,95,96,0,1,0,0,82.0,24.5,1,5.052631578947368,0,2.1,0,16.15,79.03614457831326,2
19,85,2,1,1,1,0,18,1,11,0,95,96,0,1,0,0,82.0,24.5,1,5.052631578947368,2,2.1,2,16.15,79.03614457831326,2
19,85,1,1,1,1,0,18,1,11,0,95,96,0,1,0,0,82.0,24.5,1,5.052631578947368,1,2.1,1,16.15,79.03614457831326,2
19,85,2,0,1,1,0,18,1,11,0,95,96,0,1,0,0,72.0,24.5,1,5.052631578947368,2,2.1,2,16.15,69.39759036144578,2
17,81,1,0,1,1,0,19,3,10,1,100,71,1,2,1,0,82.4,22.0,-29,4.176470588235294,0,3.0,1,13.770000000000001,58.738955823293175,2
17,81,2,0,2,1,0,19,3,10,1,100,71,1,2,1,0,82.4,22.0,-29,4.176470588235294,2,3.0,4,13.770000000000001,58.738955823293175,2
17,81,0,1,2,1,0,19,3,10,1,100,71,1,2,1,0,92.4,22.0,-29,4.176470588235294,0,3.0,0,13.770000000000001,65.86746987951808,2
17,81,1,0,2,1,0,19,3,10,1,100,71,1,2,1,0,82.4,22.0,-29,4.176470588235294,1,3.0,2,13.770000000000001,58.738955823293175,2
17,81,0,0,1,1,0,19,3,10,1,100,71,1,2,1,0,82.4,22.0,-29,4.176470588235294,-1,3.0,0,13.770000000000001,58.738955823293175,2
10,64,2,0,1,1,1,18,1,0,1,52,85,1,1,0,0,56.400000000000006,10.0,33,8.5,2,2.0,2,6.4,48.13253012048193,2
10,64,2,0,1,1,1,24,2,0,0,54,44,1,0,3,0,47.2,10.0,-10,4.4,3,2.0,2,6.4,20.851405622489963,2
17,100,1,0,0,1,1,29,3,16,0,81,61,0,1,2,0,72.4,25.0,-20,3.588235294117647,0,2.6,0,17.0,44.341365461847396,2
17,100,2,0,0,1,1,29,3,16,0,81,61,0,1,2,0,72.4,25.0,-20,3.588235294117647,1,2.6,0,17.0,44.341365461847396,2
17,100,2,1,0,1,1,29,3,16,0,81,61,0,1,2,0,82.4,25.0,-20,3.588235294117647,1,2.6,0,17.0,50.46586345381527,2
13,93,1,1,0,1,0,25,2,7,1,78,49,1,1,3,0,88.4,16.5,-29,3.769230769230769,0,2.7,0,12.09,43.48995983935744,2
13,93,1,1,0,1,0,29,1,9,0,82,83,0,1,1,0,80.0,17.5,1,6.384615384615385,0,1.9,0,12.09,66.66666666666667,2
13,93,1,1,0,1,0,27,0,13,0,71,48,0,1,3,0,75.60000000000001,19.5,-23,3.6923076923076925,0,2.3,0,12.09,36.43373493975904,2
13,93,1,1,0,1,0,22,0,2,1,75,47,1,2,3,0,87.2,14.0,-28,3.6153846153846154,-1,2.2,0,12.09,41.148594377510044,2
13,93,1,0,2,1,0,25,2,7,1,78,49,1,1,3,0,78.4,16.5,-29,3.769230769230769,2,2.7,2,12.09,38.570281124497996,2
13,93,1,0,2,1,0,29,1,9,0,82,83,0,1,1,0,70.0,17.5,1,6.384615384615385,2,1.9,2,12.09,58.33333333333334,2
13,93,1,0,2,1,0,27,0,13,0,71,48,0,1,3,0,65.60000000000001,19.5,-23,3.6923076923076925,2,2.3,2,12.09,31.614457831325304,2
13,93,1,0,2,1,0,22,0,2,1,75,47,1,2,3,0,77.2,14.0,-28,3.6153846153846154,1,2.2,2,12.09,36.42971887550201,2
13,93,0,0,2,1,0,25,2,7,1,78,49,1,1,3,0,78.4,16.5,-29,3.769230769230769,1,2.7,0,12.09,38.570281124497996,2
13,93,0,0,2,1,0,29,1,9,0,82,83,0,1,1,0,70.0,17.5,1,6.384615384615385,1,1.9,0,12.09,58.33333333333334,2
13,93,0,0,2,1,0,27,0,13,0,71,48,0,1,3,0,65.60000000000001,19.5,-23,3.6923076923076925,1,2.3,0,12.09,31.614457831325304,2
13,93,0,0,2,1,0,22,0,2,1,75,47,1,2,3,0,77.2,14.0,-28,3.6153846153846154,0,2.2,0,12.09,36.42971887550201,2
13,93,2,1,0,1,0,25,2,7,1,78,49,1,1,3,0,88.4,16.5,-29,3.769230769230769,1,2.7,0,12.09,43.48995983935744,2
13,93,2,1,0,1,0,29,1,9,0,82,83,0,1,1,0,80.0,17.5,1,6.384615384615385,1,1.9,0,12.09,66.66666666666667,2
13,93,2,1,0,1,0,27,0,13,0,71,48,0,1,3,0,75.60000000000001,19.5,-23,3.6923076923076925,1,2.3,0,12.09,36.43373493975904,2
13,93,2,1,0,1,0,22,0,2,1,75,47,1,2,3,0,87.2,14.0,-28,3.6153846153846154,0,2.2,0,12.09,41.148594377510044,2
17,60,1,1,1,1,1,25,1,3,1,51,81,0,2,1,0,64.4,18.5,30,4.764705882352941,0,1.3,1,10.2,52.37349397590362,2
17,60,1,1,1,1,1,18,3,1,0,93,62,1,2,2,0,71.2,17.5,-31,3.6470588235294117,0,2.1,1,10.2,44.32128514056225,2
17,60,1,1,1,1,1,26,3,4,1,69,68,0,2,2,0,71.6,19.0,-1,4.0,0,1.4,1,10.2,48.88353413654618,2
15,60,0,1,2,1,1,22,1,12,0,85,70,1,1,1,0,68.0,21.0,-15,4.666666666666667,1,3.2,0,9.0,47.79116465863454,2
15,60,0,1,2,1,1,29,3,11,1,95,97,1,2,0,1,82.0,20.5,2,6.466666666666667,0,3.1,0,9.0,79.85943775100402,2
15,60,0,1,2,1,1,18,3,8,0,70,46,0,1,3,0,62.0,19.0,-24,3.066666666666667,1,1.8,0,9.0,28.634538152610446,2
15,60,0,1,2,1,1,27,0,0,1,57,58,0,2,2,0,66.8,15.0,1,3.8666666666666667,0,1.0,0,9.0,38.8995983935743,2
15,60,2,0,0,1,1,22,1,12,0,85,70,1,1,1,0,58.0,21.0,-15,4.666666666666667,1,3.2,0,9.0,40.76305220883534,2
15,60,2,0,0,1,1,29,3,11,1,95,97,1,2,0,1,72.0,20.5,2,6.466666666666667,0,3.1,0,9.0,70.12048192771084,2
15,60,2,0,0,1,1,18,3,8,0,70,46,0,1,3,0,52.0,19.0,-24,3.066666666666667,1,1.8,0,9.0,24.016064257028116,2
15,60,2,0,0,1,1,27,0,0,1,57,58,0,2,2,0,56.8,15.0,1,3.8666666666666667,0,1.0,0,9.0,33.07630522088353,2
15,60,1,1,0,1,1,22,1,12,0,85,70,1,1,1,0,68.0,21.0,-15,4.666666666666667,0,3.2,0,9.0,47.79116465863454,2
15,60,1,1,0,1,1,29,3,11,1,95,97,1,2,0,1,82.0,20.5,2,6.466666666666667,-1,3.1,0,9.0,79.85943775100402,2
15,60,1,1,0,1,1,18,3,8,0,70,46,0,1,3,0,62.0,19.0,-24,3.066666666666667,0,1.8,0,9.0,28.634538152610446,2
15,60,1,1,0,1,1,27,0,0,1,57,58,0,2,2,0,66.8,15.0,1,3.8666666666666667,-1,1.0,0,9.0,38.8995983935743,2
15,60,0,0,1,1,1,22,1,12,0,85,70,1,1,1,0,58.0,21.0,-15,4.666666666666667,0,3.2,0,9.0,40.76305220883534,2
15,60,0,0,1,1,1,29,3,11,1,95,97,1,2,0,1,72.0,20.5,2,6.466666666666667,-1,3.1,0,9.0,70.12048192771084,2
15,60,0,0,1,1,1,18,3,8,0,70,46,0,1,3,0,52.0,19.0,-24,3.066666666666667,0,1.8,0,9.0,24.016064257028116,2
15,60,0,0,1,1,1,27,0,0,1,57,58,0,2,2,0,56.8,15.0,1,3.8666666666666667,-1,1.0,0,9.0,33.07630522088353,2
15,60,1,0,2,1,1,22,1,12,0,85,70,1,1,1,0,58.0,21.0,-15,4.666666666666667,2,3.2,2,9.0,40.76305220883534,2
15,60,1,0,2,1,1,29,3,11,1,95,97,1,2,0,1,72.0,20.5,2,6.466666666666667,1,3.1,2,9.0,70.12048192771084,2
15,60,1,0,2,1,1,18,3,8,0,70,46,0,1,3,0,52.0,19.0,-24,3.066666666666667,2,1.8,2,9.0,24.016064257028116,2
15,60,1,0,2,1,1,27,0,0,1,57,58,0,2,2,0,56.8,15.0,1,3.8666666666666667,1,1.0,2,9.0,33.07630522088353,2
11,87,1,1,1,1,0,28,2,18,0,58,65,1,2,2,0,68.0,20.0,7,5.909090909090909,0,3.8,1,9.57,44.377510040160644,2
11,87,1,1,1,1,0,29,3,12,1,56,89,1,0,0,0,77.2,17.0,33,8.090909090909092,2,3.2,1,9.57,68.9839357429719,2
11,87,1,1,1,1,0,28,0,10,1,79,89,0,0,0,0,86.4,16.0,10,8.090909090909092,2,2.0,1,9.57,77.20481927710844,2
11,87,1,0,2,1,0,28,2,18,0,58,65,1,2,2,0,58.00000000000001,20.0,7,5.909090909090909,1,3.8,2,9.57,37.85140562248997,2
11,87,1,0,2,1,0,29,3,12,1,56,89,1,0,0,0,67.2,17.0,33,8.090909090909092,3,3.2,2,9.57,60.048192771084345,2
11,87,1,0,2,1,0,28,0,10,1,79,89,0,0,0,0,76.4,16.0,10,8.090909090909092,3,2.0,2,9.57,68.26907630522089,2
17,69,1,1,0,1,1,19,3,2,0,84,75,1,2,1,0,71.2,18.0,-9,4.411764705882353,-1,2.2,0,11.729999999999999,53.61445783132531,2
17,69,2,1,1,1,1,19,3,2,0,84,75,1,2,1,0,71.2,18.0,-9,4.411764705882353,1,2.2,2,11.729999999999999,53.61445783132531,2
17,69,1,1,2,1,1,19,3,2,0,84,75,1,2,1,0,71.2,18.0,-9,4.411764705882353,1,2.2,2,11.729999999999999,53.61445783132531,2
10,89,2,1,1,1,0,18,1,9,1,74,81,1,2,1,0,85.2,14.5,7,8.1,1,2.9,2,8.9,69.28915662650603,2
15,65,1,0,0,1,0,25,1,15,0,96,90,1,0,0,1,64.4,22.5,-6,6.0,1,3.5,0,9.75,58.19277108433735,2
15,65,1,0,0,1,0,25,0,16,1,65,90,0,2,0,0,62.0,23.0,25,6.0,-1,2.6,0,9.75,56.02409638554217,2
15,65,1,0,0,1,0,21,3,1,1,86,62,0,1,2,0,70.4,15.5,-24,4.133333333333334,0,1.1,0,9.75,43.82329317269077,2
15,65,2,1,1,1,0,25,1,15,0,96,90,1,0,0,1,74.4,22.5,-6,6.0,3,3.5,2,9.75,67.2289156626506,2
15,65,2,1,1,1,0,25,0,16,1,65,90,0,2,0,0,72.0,23.0,25,6.0,1,2.6,2,9.75,65.06024096385542,2
15,65,2,1,1,1,0,21,3,1,1,86,62,0,1,2,0,80.4,15.5,-24,4.133333333333334,2,1.1,2,9.75,50.048192771084345,2
15,65,1,0,1,1,0,25,1,15,0,96,90,1,0,0,1,64.4,22.5,-6,6.0,2,3.5,1,9.75,58.19277108433735,2
15,65,1,0,1,1,0,25,0,16,1,65,90,0,2,0,0,62.0,23.0,25,6.0,0,2.6,1,9.75,56.02409638554217,2
15,65,1,0,1,1,0,21,3,1,1,86,62,0,1,2,0,70.4,15.5,-24,4.133333333333334,1,1.1,1,9.75,43.82329317269077,2
15,65,1,1,1,1,0,25,1,15,0,96,90,1,0,0,1,74.4,22.5,-6,6.0,2,3.5,1,9.75,67.2289156626506,2
15,65,1,1,1,1,0,25,0,16,1,65,90,0,2,0,0,72.0,23.0,25,6.0,0,2.6,1,9.75,65.06024096385542,2
15,65,1,1,1,1,0,21,3,1,1,86,62,0,1,2,0,80.4,15.5,-24,4.133333333333334,1,1.1,1,9.75,50.048192771084345,2
15,65,2,1,0,1,0,25,1,15,0,96,90,1,0,0,1,74.4,22.5,-6,6.0,2,3.5,0,9.75,67.2289156626506,2
15,65,2,1,0,1,0,25,0,16,1,65,90,0,2,0,0,72.0,23.0,25,6.0,0,2.6,0,9.75,65.06024096385542,2
15,65,2,1,0,1,0,21,3,1,1,86,62,0,1,2,0,80.4,15.5,-24,4.133333333333334,1,1.1,0,9.75,50.048192771084345,2
15,65,0,1,1,1,0,25,1,15,0,96,90,1,0,0,1,74.4,22.5,-6,6.0,1,3.5,0,9.75,67.2289156626506,2
15,65,0,1,1,1,0,25,0,16,1,65,90,0,2,0,0,72.0,23.0,25,6.0,-1,2.6,0,9.75,65.06024096385542,2
15,65,0,1,1,1,0,21,3,1,1,86,62,0,1,2,0,80.4,15.5,-24,4.133333333333334,0,1.1,0,9.75,50.048192771084345,2
20,62,0,0,2,1,0,21,1,1,1,64,99,0,0,0,0,60.400000000000006,20.5,35,4.95,2,1.1,0,12.4,60.03614457831326,2
20,62,1,1,1,1,0,21,1,1,1,64,99,0,0,0,0,70.4,20.5,35,4.95,2,1.1,1,12.4,69.97590361445785,2
20,62,1,0,2,1,0,21,1,1,1,64,99,0,0,0,0,60.400000000000006,20.5,35,4.95,3,1.1,2,12.4,60.03614457831326,2
18,93,2,1,1,1,1,28,3,12,0,74,73,1,2,1,0,76.80000000000001,24.0,-1,4.055555555555555,1,3.2,2,16.740000000000002,56.289156626506035,2
18,93,2,1,1,1,1,23,1,20,1,68,100,1,0,0,0,84.4,28.0,32,5.555555555555555,3,4.0,2,16.740000000000002,84.73895582329318,2
18,93,2,1,1,1,1,27,3,12,0,96,70,1,2,1,0,85.60000000000001,24.0,-26,3.888888888888889,1,3.2,2,16.740000000000002,60.160642570281134,2
18,93,2,1,1,1,1,27,0,20,0,91,94,1,2,0,0,83.6,28.0,3,5.222222222222222,1,4.0,2,16.740000000000002,78.8995983935743,2
18,93,0,1,1,1,1,28,3,12,0,74,73,1,2,1,0,76.80000000000001,24.0,-1,4.055555555555555,-1,3.2,0,16.740000000000002,56.289156626506035,2
18,93,0,1,1,1,1,23,1,20,1,68,100,1,0,0,0,84.4,28.0,32,5.555555555555555,1,4.0,0,16.740000000000002,84.73895582329318,2
18,93,0,1,1,1,1,27,0,20,0,91,94,1,2,0,0,83.6,28.0,3,5.222222222222222,-1,4.0,0,16.740000000000002,78.8995983935743,2
18,93,1,1,1,1,1,28,3,12,0,74,73,1,2,1,0,76.80000000000001,24.0,-1,4.055555555555555,0,3.2,1,16.740000000000002,56.289156626506035,2
18,93,1,1,1,1,1,23,1,20,1,68,100,1,0,0,0,84.4,28.0,32,5.555555555555555,2,4.0,1,16.740000000000002,84.73895582329318,2
18,93,1,1,1,1,1,27,3,12,0,96,70,1,2,1,0,85.60000000000001,24.0,-26,3.888888888888889,0,3.2,1,16.740000000000002,60.160642570281134,2
18,93,1,1,1,1,1,27,0,20,0,91,94,1,2,0,0,83.6,28.0,3,5.222222222222222,0,4.0,1,16.740000000000002,78.8995983935743,2
14,74,2,0,2,1,1,23,3,18,1,77,56,0,0,2,0,70.4,23.0,-21,4.0,4,2.8,4,10.36,39.582329317269085,2
14,74,1,1,2,1,1,23,3,18,1,77,56,0,0,2,0,80.4,23.0,-21,4.0,3,2.8,2,10.36,45.20481927710844,2
14,74,1,1,1,1,1,23,3,18,1,77,56,0,0,2,0,80.4,23.0,-21,4.0,2,2.8,1,10.36,45.20481927710844,2
14,74,2,1,0,1,1,23,3,18,1,77,56,0,0,2,0,80.4,23.0,-21,4.0,2,2.8,0,10.36,45.20481927710844,2
14,74,1,0,1,1,1,23,3,18,1,77,56,0,0,2,0,70.4,23.0,-21,4.0,2,2.8,1,10.36,39.582329317269085,2
6,95,1,1,1,1,0,18,2,6,1,65,40,0,0,3,0,84.0,9.0,-25,6.666666666666667,2,1.6,1,5.699999999999999,33.734939759036145,2
6,95,1,1,1,1,0,24,2,2,1,66,71,1,2,1,0,84.4,7.0,5,11.833333333333334,0,2.2,1,5.699999999999999,60.164658634538156,2
14,94,0,1,0,1,0,22,0,19,0,63,46,1,0,3,0,72.80000000000001,23.5,-17,3.2857142857142856,0,3.9000000000000004,0,13.16,33.62248995983937,2
14,94,0,1,0,1,0,22,0,10,1,60,40,1,1,3,0,81.6,19.0,-20,2.857142857142857,-1,3.0,0,13.16,32.77108433734939,2
14,94,0,1,0,1,0,25,3,1,1,74,65,1,2,2,0,87.2,14.5,-9,4.642857142857143,-2,2.1,0,13.16,56.90763052208836,2
14,94,0,1,0,1,0,22,2,4,1,53,66,1,1,2,0,78.80000000000001,16.0,13,4.714285714285714,-1,2.4,0,13.16,52.21686746987953,2
14,94,0,1,0,1,0,29,1,2,0,75,95,0,1,0,0,77.6,15.0,20,6.785714285714286,-1,1.2,0,13.16,74.01606425702812,2
14,94,2,1,1,1,0,22,0,19,0,63,46,1,0,3,0,72.80000000000001,23.5,-17,3.2857142857142856,3,3.9000000000000004,2,13.16,33.62248995983937,2
14,94,2,1,1,1,0,22,0,10,1,60,40,1,1,3,0,81.6,19.0,-20,2.857142857142857,2,3.0,2,13.16,32.77108433734939,2
14,94,2,1,1,1,0,25,3,1,1,74,65,1,2,2,0,87.2,14.5,-9,4.642857142857143,1,2.1,2,13.16,56.90763052208836,2
14,94,2,1,1,1,0,22,2,4,1,53,66,1,1,2,0,78.80000000000001,16.0,13,4.714285714285714,2,2.4,2,13.16,52.21686746987953,2
14,94,2,1,1,1,0,29,1,2,0,75,95,0,1,0,0,77.6,15.0,20,6.785714285714286,2,1.2,2,13.16,74.01606425702812,2
14,94,1,0,1,1,0,22,0,19,0,63,46,1,0,3,0,62.800000000000004,23.5,-17,3.2857142857142856,2,3.9000000000000004,1,13.16,29.00401606425703,2
14,94,1,0,1,1,0,22,0,10,1,60,40,1,1,3,0,71.6,19.0,-20,2.857142857142857,1,3.0,1,13.16,28.755020080321284,2
14,94,1,0,1,1,0,25,3,1,1,74,65,1,2,2,0,77.2,14.5,-9,4.642857142857143,0,2.1,1,13.16,50.381526104417674,2
14,94,1,0,1,1,0,22,2,4,1,53,66,1,1,2,0,68.80000000000001,16.0,13,4.714285714285714,1,2.4,1,13.16,45.590361445783145,2
14,94,1,0,1,1,0,29,1,2,0,75,95,0,1,0,0,67.6,15.0,20,6.785714285714286,1,1.2,1,13.16,64.47791164658635,2
14,94,1,1,1,1,0,22,0,19,0,63,46,1,0,3,0,72.80000000000001,23.5,-17,3.2857142857142856,2,3.9000000000000004,1,13.16,33.62248995983937,2
14,94,1,1,1,1,0,22,0,10,1,60,40,1,1,3,0,81.6,19.0,-20,2.857142857142857,1,3.0,1,13.16,32.77108433734939,2
14,94,1,1,1,1,0,25,3,1,1,74,65,1,2,2,0,87.2,14.5,-9,4.642857142857143,0,2.1,1,13.16,56.90763052208836,2
14,94,1,1,1,1,0,22,2,4,1,53,66,1,1,2,0,78.80000000000001,16.0,13,4.714285714285714,1,2.4,1,13.16,52.21686746987953,2
14,94,1,1,1,1,0,29,1,2,0,75,95,0,1,0,0,77.6,15.0,20,6.785714285714286,1,1.2,1,13.16,74.01606425702812,2
11,73,2,1,1,1,1,19,3,3,0,91,73,0,2,1,0,75.6,12.5,-18,6.636363636363637,1,1.3,2,8.03,55.40963855421687,2
11,73,2,1,1,1,1,27,3,15,1,67,88,1,1,0,0,76.0,18.5,21,8.0,2,3.5,2,8.03,67.14859437751005,2
11,89,0,1,1,1,1,21,3,8,1,72,46,0,1,3,0,84.4,15.0,-26,4.181818181818182,0,1.8,0,9.790000000000001,38.979919678714865,2
11,89,0,1,1,1,1,29,3,10,0,87,54,1,2,3,0,80.4,16.0,-33,4.909090909090909,-1,3.0,0,9.790000000000001,43.59036144578314,2
11,89,2,0,0,1,1,21,3,8,1,72,46,0,1,3,0,74.4,15.0,-26,4.181818181818182,1,1.8,0,9.790000000000001,34.36144578313253,2
11,89,2,0,0,1,1,29,3,10,0,87,54,1,2,3,0,70.4,16.0,-33,4.909090909090909,0,3.0,0,9.790000000000001,38.168674698795186,2
17,60,2,1,2,1,0,22,0,15,1,52,85,1,2,0,0,64.8,24.5,33,5.0,2,3.5,4,10.2,55.30120481927711,2
17,60,2,1,2,1,0,18,3,15,1,74,62,1,1,2,0,73.6,24.5,-12,3.6470588235294117,3,3.5,4,10.2,45.81526104417671,2
17,60,2,1,2,1,0,26,1,4,0,65,97,1,2,0,0,60.0,19.0,32,5.705882352941177,2,2.4,4,10.2,58.43373493975904,2
17,60,0,0,1,1,0,22,0,15,1,52,85,1,2,0,0,54.8,24.5,33,5.0,-1,3.5,0,10.2,46.76706827309236,2
17,60,0,0,1,1,0,18,3,15,1,74,62,1,1,2,0,63.6,24.5,-12,3.6470588235294117,0,3.5,0,10.2,39.59036144578314,2
17,60,0,0,1,1,0,26,1,4,0,65,97,1,2,0,0,50.0,19.0,32,5.705882352941177,-1,2.4,0,10.2,48.69477911646587,2
17,60,0,1,1,1,0,22,0,15,1,52,85,1,2,0,0,64.8,24.5,33,5.0,-1,3.5,0,10.2,55.30120481927711,2
17,60,0,1,1,1,0,18,3,15,1,74,62,1,1,2,0,73.6,24.5,-12,3.6470588235294117,0,3.5,0,10.2,45.81526104417671,2
17,60,0,1,1,1,0,26,1,4,0,65,97,1,2,0,0,60.0,19.0,32,5.705882352941177,-1,2.4,0,10.2,58.43373493975904,2
16,96,1,0,2,1,1,19,0,9,0,59,51,1,2,3,0,62.00000000000001,20.5,-8,3.1875,1,2.9,2,15.36,31.746987951807235,2
16,96,1,0,2,1,1,29,0,7,0,64,74,0,1,1,0,64.0,19.5,10,4.625,2,1.7000000000000002,2,15.36,47.55020080321285,2
16,96,1,1,1,1,1,19,0,9,0,59,51,1,2,3,0,72.0,20.5,-8,3.1875,0,2.9,1,15.36,36.86746987951807,2
16,96,1,1,1,1,1,29,0,7,0,64,74,0,1,1,0,74.0,19.5,10,4.625,1,1.7000000000000002,1,15.36,54.979919678714865,2
16,96,1,1,2,1,1,19,0,9,0,59,51,1,2,3,0,72.0,20.5,-8,3.1875,1,2.9,2,15.36,36.86746987951807,2
16,96,1,1,2,1,1,29,0,7,0,64,74,0,1,1,0,74.0,19.5,10,4.625,2,1.7000000000000002,2,15.36,54.979919678714865,2
16,96,1,0,1,1,1,19,0,9,0,59,51,1,2,3,0,62.00000000000001,20.5,-8,3.1875,0,2.9,1,15.36,31.746987951807235,2
16,96,1,0,1,1,1,29,0,7,0,64,74,0,1,1,0,64.0,19.5,10,4.625,1,1.7000000000000002,1,15.36,47.55020080321285,2
14,96,2,1,2,1,1,27,1,1,0,88,75,1,1,1,0,83.60000000000001,14.5,-13,5.357142857142857,3,2.1,4,13.44,62.95180722891567,2
14,96,2,1,2,1,1,27,2,16,1,55,86,1,0,0,0,80.4,22.0,31,6.142857142857143,4,3.6,4,13.44,69.42168674698796,2
14,96,0,0,1,1,1,27,1,1,0,88,75,1,1,1,0,73.60000000000001,14.5,-13,5.357142857142857,0,2.1,0,13.44,55.42168674698796,2
14,96,0,0,1,1,1,27,2,16,1,55,86,1,0,0,0,70.4,22.0,31,6.142857142857143,1,3.6,0,13.44,60.78714859437752,2
14,87,1,0,1,1,0,27,0,18,1,72,85,1,1,0,0,73.60000000000001,23.0,13,6.071428571428571,1,3.8,1,12.18,62.811244979919685,2
14,87,1,0,1,1,0,27,1,11,1,73,58,0,0,2,0,74.0,19.5,-15,4.142857142857143,2,2.1,1,12.18,43.092369477911646,2
19,96,1,0,2,1,1,25,1,11,0,64,96,1,1,0,0,64.0,24.5,32,5.052631578947368,2,3.1,2,18.24,61.68674698795181,2
19,96,0,1,2,1,1,25,1,11,0,64,96,1,1,0,0,74.0,24.5,32,5.052631578947368,1,3.1,0,18.24,71.32530120481928,2
19,96,1,0,1,1,1,25,1,11,0,64,96,1,1,0,0,64.0,24.5,32,5.052631578947368,1,3.1,1,18.24,61.68674698795181,2
19,96,2,1,1,1,1,25,1,11,0,64,96,1,1,0,0,74.0,24.5,32,5.052631578947368,2,3.1,2,18.24,71.32530120481928,2
19,96,1,1,1,1,1,25,1,11,0,64,96,1,1,0,0,74.0,24.5,32,5.052631578947368,1,3.1,1,18.24,71.32530120481928,2
19,96,1,1,2,1,1,25,1,11,0,64,96,1,1,0,0,74.0,24.5,32,5.052631578947368,2,3.1,2,18.24,71.32530120481928,2
18,85,1,0,0,1,1,19,3,20,1,65,79,1,0,1,0,70.0,28.0,14,4.388888888888889,1,4.0,0,15.299999999999999,55.52208835341366,2
18,85,1,0,0,1,1,21,2,13,1,85,71,1,1,1,0,78.0,24.5,-14,3.9444444444444446,0,3.3,0,15.299999999999999,55.60240963855422,2
18,85,0,1,2,1,1,19,3,20,1,65,79,1,0,1,0,80.0,28.0,14,4.388888888888889,2,4.0,0,15.299999999999999,63.45381526104418,2
18,85,0,1,2,1,1,21,2,13,1,85,71,1,1,1,0,88.0,24.5,-14,3.9444444444444446,1,3.3,0,15.299999999999999,62.730923694779115,2
18,85,2,0,1,1,1,19,3,20,1,65,79,1,0,1,0,70.0,28.0,14,4.388888888888889,3,4.0,2,15.299999999999999,55.52208835341366,2
18,85,2,0,1,1,1,21,2,13,1,85,71,1,1,1,0,78.0,24.5,-14,3.9444444444444446,2,3.3,2,15.299999999999999,55.60240963855422,2
18,85,1,1,1,1,1,19,3,20,1,65,79,1,0,1,0,80.0,28.0,14,4.388888888888889,2,4.0,1,15.299999999999999,63.45381526104418,2
18,85,1,1,1,1,1,21,2,13,1,85,71,1,1,1,0,88.0,24.5,-14,3.9444444444444446,1,3.3,1,15.299999999999999,62.730923694779115,2
18,85,1,0,1,1,1,19,3,20,1,65,79,1,0,1,0,70.0,28.0,14,4.388888888888889,2,4.0,1,15.299999999999999,55.52208835341366,2
18,85,1,0,1,1,1,21,2,13,1,85,71,1,1,1,0,78.0,24.5,-14,3.9444444444444446,1,3.3,1,15.299999999999999,55.60240963855422,2
18,85,1,1,0,1,1,19,3,20,1,65,79,1,0,1,0,80.0,28.0,14,4.388888888888889,1,4.0,0,15.299999999999999,63.45381526104418,2
18,85,1,1,0,1,1,21,2,13,1,85,71,1,1,1,0,88.0,24.5,-14,3.9444444444444446,0,3.3,0,15.299999999999999,62.730923694779115,2
7,96,2,0,1,1,1,23,3,19,1,93,71,1,2,1,0,85.60000000000001,16.5,-22,10.142857142857142,1,3.9000000000000004,2,6.72,61.02008032128515,2
7,96,2,0,1,1,1,28,2,1,0,73,40,0,1,3,0,67.60000000000001,7.5,-33,5.714285714285714,2,1.1,2,6.72,27.148594377510044,2
7,96,0,0,1,1,1,23,3,19,1,93,71,1,2,1,0,85.60000000000001,16.5,-22,10.142857142857142,-1,3.9000000000000004,0,6.72,61.02008032128515,2
7,96,0,0,1,1,1,28,2,1,0,73,40,0,1,3,0,67.60000000000001,7.5,-33,5.714285714285714,0,1.1,0,6.72,27.148594377510044,2
16,76,1,1,0,1,0,21,2,16,1,65,65,0,0,2,0,76.4,24.0,0,4.0625,1,2.6,0,12.16,49.85943775100402,2
16,76,1,1,0,1,0,25,1,3,1,68,66,1,2,2,0,77.60000000000001,17.5,-2,4.125,-1,2.3,0,12.16,51.42168674698796,2
16,76,1,0,0,1,0,21,2,16,1,65,65,0,0,2,0,66.4,24.0,0,4.0625,1,2.6,0,12.16,43.333333333333336,2
16,76,1,0,0,1,0,25,1,3,1,68,66,1,2,2,0,67.60000000000001,17.5,-2,4.125,-1,2.3,0,12.16,44.79518072289157,2
16,76,2,1,2,1,0,21,2,16,1,65,65,0,0,2,0,76.4,24.0,0,4.0625,4,2.6,4,12.16,49.85943775100402,2
16,76,2,1,2,1,0,25,1,3,1,68,66,1,2,2,0,77.60000000000001,17.5,-2,4.125,2,2.3,4,12.16,51.42168674698796,2
16,76,1,1,1,1,0,21,2,16,1,65,65,0,0,2,0,76.4,24.0,0,4.0625,2,2.6,1,12.16,49.85943775100402,2
16,76,1,1,1,1,0,25,1,3,1,68,66,1,2,2,0,77.60000000000001,17.5,-2,4.125,0,2.3,1,12.16,51.42168674698796,2
16,76,1,0,1,1,0,21,2,16,1,65,65,0,0,2,0,66.4,24.0,0,4.0625,2,2.6,1,12.16,43.333333333333336,2
16,76,1,0,1,1,0,25,1,3,1,68,66,1,2,2,0,67.60000000000001,17.5,-2,4.125,0,2.3,1,12.16,44.79518072289157,2
14,78,2,1,0,1,0,28,3,4,0,82,70,1,1,1,0,74.0,16.0,-12,5.0,1,2.4,0,10.92,52.00803212851406,2
14,78,1,1,1,1,0,28,3,4,0,82,70,1,1,1,0,74.0,16.0,-12,5.0,1,2.4,1,10.92,52.00803212851406,2
14,78,1,1,2,1,0,28,3,4,0,82,70,1,1,1,0,74.0,16.0,-12,5.0,2,2.4,2,10.92,52.00803212851406,2
14,78,2,1,1,1,0,28,3,4,0,82,70,1,1,1,0,74.0,16.0,-12,5.0,2,2.4,2,10.92,52.00803212851406,2
14,78,1,0,0,1,0,28,3,4,0,82,70,1,1,1,0,64.0,16.0,-12,5.0,0,2.4,0,10.92,44.97991967871486,2
18,62,0,1,1,1,0,19,3,18,0,65,70,1,2,1,0,60.8,27.0,5,3.888888888888889,-1,3.8,0,11.16,42.73092369477912,2
18,62,0,1,1,1,0,18,0,20,0,63,97,1,2,0,0,60.0,28.0,34,5.388888888888889,-1,4.0,0,11.16,58.43373493975904,2
18,62,1,1,1,1,0,19,3,18,0,65,70,1,2,1,0,60.8,27.0,5,3.888888888888889,0,3.8,1,11.16,42.73092369477912,2
18,62,1,1,1,1,0,18,0,20,0,63,97,1,2,0,0,60.0,28.0,34,5.388888888888889,0,4.0,1,11.16,58.43373493975904,2
18,62,2,1,1,1,0,19,3,18,0,65,70,1,2,1,0,60.8,27.0,5,3.888888888888889,1,3.8,2,11.16,42.73092369477912,2
18,62,2,1,1,1,0,18,0,20,0,63,97,1,2,0,0,60.0,28.0,34,5.388888888888889,1,4.0,2,11.16,58.43373493975904,2
18,86,1,1,1,1,0,19,0,12,1,83,96,0,2,0,0,87.6,24.0,13,5.333333333333333,0,2.2,1,15.48,84.43373493975903,2
18,86,0,1,0,1,0,19,0,12,1,83,96,0,2,0,0,87.6,24.0,13,5.333333333333333,-2,2.2,0,15.48,84.43373493975903,2
13,99,1,0,0,1,0,24,1,3,1,64,45,0,2,3,0,75.2,14.5,-19,3.4615384615384617,-1,1.3,0,12.87,33.975903614457835,2
13,99,1,1,0,1,0,24,1,3,1,64,45,0,2,3,0,85.2,14.5,-19,3.4615384615384617,-1,1.3,0,12.87,38.49397590361446,2
13,99,0,0,1,1,0,24,1,3,1,64,45,0,2,3,0,75.2,14.5,-19,3.4615384615384617,-1,1.3,0,12.87,33.975903614457835,2
16,77,1,1,2,1,0,26,2,6,1,97,65,0,2,2,0,89.60000000000001,19.0,-32,4.0625,1,1.6,2,12.32,58.47389558232932,2
16,77,1,1,2,1,0,20,3,7,1,57,56,1,0,2,0,73.6,19.5,-1,3.5,3,2.7,2,12.32,41.38152610441767,2
16,77,1,1,2,1,0,27,0,18,1,60,90,0,1,0,0,74.8,25.0,30,5.625,2,2.8,2,12.32,67.59036144578313,2
16,77,2,1,0,1,0,26,2,6,1,97,65,0,2,2,0,89.60000000000001,19.0,-32,4.0625,0,1.6,0,12.32,58.47389558232932,2
16,77,2,1,0,1,0,20,3,7,1,57,56,1,0,2,0,73.6,19.5,-1,3.5,2,2.7,0,12.32,41.38152610441767,2
16,77,2,1,0,1,0,27,0,18,1,60,90,0,1,0,0,74.8,25.0,30,5.625,1,2.8,0,12.32,67.59036144578313,2
16,77,2,1,1,1,0,26,2,6,1,97,65,0,2,2,0,89.60000000000001,19.0,-32,4.0625,1,1.6,2,12.32,58.47389558232932,2
16,77,2,1,1,1,0,20,3,7,1,57,56,1,0,2,0,73.6,19.5,-1,3.5,3,2.7,2,12.32,41.38152610441767,2
16,77,2,1,1,1,0,27,0,18,1,60,90,0,1,0,0,74.8,25.0,30,5.625,2,2.8,2,12.32,67.59036144578313,2
16,77,0,1,0,1,0,26,2,6,1,97,65,0,2,2,0,89.60000000000001,19.0,-32,4.0625,-2,1.6,0,12.32,58.47389558232932,2
16,77,0,1,0,1,0,20,3,7,1,57,56,1,0,2,0,73.6,19.5,-1,3.5,0,2.7,0,12.32,41.38152610441767,2
16,77,0,1,0,1,0,27,0,18,1,60,90,0,1,0,0,74.8,25.0,30,5.625,-1,2.8,0,12.32,67.59036144578313,2
16,77,0,0,1,1,0,26,2,6,1,97,65,0,2,2,0,79.60000000000001,19.0,-32,4.0625,-1,1.6,0,12.32,51.947791164658646,2
16,77,0,0,1,1,0,20,3,7,1,57,56,1,0,2,0,63.6,19.5,-1,3.5,1,2.7,0,12.32,35.75903614457832,2
16,77,0,0,1,1,0,27,0,18,1,60,90,0,1,0,0,64.8,25.0,30,5.625,0,2.8,0,12.32,58.554216867469876,2
7,99,1,1,1,1,1,24,1,15,0,76,62,1,2,2,0,80.0,14.5,-14,8.857142857142858,0,3.5,1,6.93,49.799196787148595,2
7,99,1,1,1,1,1,25,0,9,0,61,77,1,2,1,0,74.0,11.5,16,11.0,0,2.9,1,6.93,57.208835341365464,2
7,99,1,1,1,1,1,18,3,5,0,71,100,1,0,0,1,78.0,9.5,29,14.285714285714286,2,2.5,1,6.93,78.31325301204821,2
19,61,1,0,0,1,1,21,3,13,0,59,85,1,2,0,0,48.0,25.5,26,4.473684210526316,-1,3.3,0,11.59,40.96385542168675,2
19,61,1,0,0,1,1,29,3,11,1,54,100,1,1,0,0,56.0,24.5,46,5.2631578947368425,0,3.1,0,11.59,56.22489959839358,2
19,61,2,1,0,1,1,21,3,13,0,59,85,1,2,0,0,58.0,25.5,26,4.473684210526316,0,3.3,0,11.59,49.497991967871485,2
19,61,2,1,0,1,1,29,3,11,1,54,100,1,1,0,0,66.0,24.5,46,5.2631578947368425,1,3.1,0,11.59,66.26506024096386,2
19,61,2,1,2,1,1,21,3,13,0,59,85,1,2,0,0,58.0,25.5,26,4.473684210526316,2,3.3,4,11.59,49.497991967871485,2
19,61,2,1,2,1,1,29,3,11,1,54,100,1,1,0,0,66.0,24.5,46,5.2631578947368425,3,3.1,4,11.59,66.26506024096386,2
19,61,1,0,1,1,1,21,3,13,0,59,85,1,2,0,0,48.0,25.5,26,4.473684210526316,0,3.3,1,11.59,40.96385542168675,2
19,61,1,0,1,1,1,29,3,11,1,54,100,1,1,0,0,56.0,24.5,46,5.2631578947368425,1,3.1,1,11.59,56.22489959839358,2
19,61,2,0,0,1,1,21,3,13,0,59,85,1,2,0,0,48.0,25.5,26,4.473684210526316,0,3.3,0,11.59,40.96385542168675,2
19,61,2,0,0,1,1,29,3,11,1,54,100,1,1,0,0,56.0,24.5,46,5.2631578947368425,1,3.1,0,11.59,56.22489959839358,2
18,70,1,1,0,1,0,27,3,16,1,81,88,1,2,0,0,80.4,26.0,7,4.888888888888889,-1,3.6,0,12.6,71.03614457831327,2
18,70,0,0,1,1,0,27,3,16,1,81,88,1,2,0,0,70.4,26.0,7,4.888888888888889,-1,3.6,0,12.6,62.20080321285142,2
18,70,1,0,1,1,0,27,3,16,1,81,88,1,2,0,0,70.4,26.0,7,4.888888888888889,0,3.6,1,12.6,62.20080321285142,2
10,93,1,0,1,1,1,26,3,1,0,73,45,1,2,3,0,66.4,10.5,-28,4.5,0,2.1,1,9.3,30.000000000000004,2
10,93,1,0,1,1,1,26,3,17,1,82,66,1,0,2,0,80.0,18.5,-16,6.6,2,3.7,1,9.3,53.01204819277108,2
19,69,0,0,1,1,0,19,2,4,0,79,100,1,2,0,0,59.2,21.0,21,5.2631578947368425,-1,2.4,0,13.11,59.43775100401607,2
19,69,0,1,1,1,0,19,2,4,0,79,100,1,2,0,0,69.2,21.0,21,5.2631578947368425,-1,2.4,0,13.11,69.47791164658635,2
19,69,1,1,0,1,0,19,2,4,0,79,100,1,2,0,0,69.2,21.0,21,5.2631578947368425,-1,2.4,0,13.11,69.47791164658635,2
19,69,1,1,1,1,0,19,2,4,0,79,100,1,2,0,0,69.2,21.0,21,5.2631578947368425,0,2.4,1,13.11,69.47791164658635,2
19,69,2,1,0,1,0,19,2,4,0,79,100,1,2,0,0,69.2,21.0,21,5.2631578947368425,0,2.4,0,13.11,69.47791164658635,2
14,62,1,1,1,1,0,26,3,19,0,53,48,1,1,3,0,56.0,23.5,-5,3.4285714285714284,1,3.9000000000000004,1,8.68,26.987951807228917,2
14,62,1,1,1,1,0,23,0,5,0,92,91,1,2,0,0,71.60000000000001,16.5,-1,6.5,0,2.5,1,8.68,65.41767068273094,2
14,62,2,1,1,1,0,26,3,19,0,53,48,1,1,3,0,56.0,23.5,-5,3.4285714285714284,2,3.9000000000000004,2,8.68,26.987951807228917,2
14,62,2,1,1,1,0,23,0,5,0,92,91,1,2,0,0,71.60000000000001,16.5,-1,6.5,1,2.5,2,8.68,65.41767068273094,2
14,62,2,1,0,1,0,26,3,19,0,53,48,1,1,3,0,56.0,23.5,-5,3.4285714285714284,1,3.9000000000000004,0,8.68,26.987951807228917,2
14,62,2,1,0,1,0,23,0,5,0,92,91,1,2,0,0,71.60000000000001,16.5,-1,6.5,0,2.5,0,8.68,65.41767068273094,2
9,76,1,1,1,1,0,25,3,19,1,99,68,1,2,2,0,90.0,18.5,-31,7.555555555555555,0,3.9000000000000004,1,6.84,61.445783132530124,2
9,76,1,1,1,1,0,29,3,0,0,81,52,1,1,3,0,72.8,9.0,-29,5.777777777777778,1,2.0,1,6.84,38.00803212851405,2
9,76,1,1,1,1,0,25,3,7,0,52,47,0,2,3,0,61.2,12.5,-5,5.222222222222222,0,1.7000000000000002,1,6.84,28.879518072289162,2
16,97,1,0,1,1,0,18,1,14,1,60,93,1,1,0,0,72.80000000000001,23.0,33,5.8125,1,3.4000000000000004,1,15.52,67.97590361445785,2
16,97,1,0,1,1,0,24,1,5,1,53,74,0,1,1,0,70.0,18.5,21,4.625,1,1.5,1,15.52,52.00803212851406,2
16,97,1,0,1,1,0,24,0,11,1,97,61,1,2,2,0,87.60000000000001,21.5,-36,3.8125,0,3.1,1,15.52,53.650602409638566,2
12,65,1,0,1,1,0,21,3,10,1,54,80,0,1,1,0,57.6,17.0,26,6.666666666666667,1,2.0,1,7.800000000000001,46.26506024096386,2
12,65,1,0,1,1,0,27,3,6,0,67,54,1,1,3,0,52.8,15.0,-13,4.5,1,2.6,1,7.800000000000001,28.626506024096386,2
12,65,2,1,1,1,0,21,3,10,1,54,80,0,1,1,0,67.6,17.0,26,6.666666666666667,2,2.0,2,7.800000000000001,54.29718875502008,2
12,65,2,1,1,1,0,27,3,6,0,67,54,1,1,3,0,62.8,15.0,-13,4.5,2,2.6,2,7.800000000000001,34.04819277108434,2
12,65,1,1,1,1,0,21,3,10,1,54,80,0,1,1,0,67.6,17.0,26,6.666666666666667,1,2.0,1,7.800000000000001,54.29718875502008,2
12,65,1,1,1,1,0,27,3,6,0,67,54,1,1,3,0,62.8,15.0,-13,4.5,1,2.6,1,7.800000000000001,34.04819277108434,2
12,65,0,1,1,1,0,21,3,10,1,54,80,0,1,1,0,67.6,17.0,26,6.666666666666667,0,2.0,0,7.800000000000001,54.29718875502008,2
12,65,0,1,1,1,0,27,3,6,0,67,54,1,1,3,0,62.8,15.0,-13,4.5,0,2.6,0,7.800000000000001,34.04819277108434,2
16,78,0,1,2,1,0,19,1,7,1,91,93,1,0,0,0,87.6,19.5,2,5.8125,2,2.7,0,12.48,81.79518072289156,2
16,78,2,0,0,1,0,19,1,7,1,91,93,1,0,0,0,77.6,19.5,2,5.8125,2,2.7,0,12.48,72.45783132530121,2
16,78,2,0,1,1,0,19,1,7,1,91,93,1,0,0,0,77.6,19.5,2,5.8125,3,2.7,2,12.48,72.45783132530121,2
16,78,1,0,2,1,0,19,1,7,1,91,93,1,0,0,0,77.6,19.5,2,5.8125,3,2.7,2,12.48,72.45783132530121,2
16,78,1,1,1,1,0,19,1,7,1,91,93,1,0,0,0,87.6,19.5,2,5.8125,2,2.7,1,12.48,81.79518072289156,2
12,81,2,1,0,1,0,21,0,12,1,67,88,1,0,0,0,79.2,18.0,21,7.333333333333333,2,3.2,0,9.72,69.97590361445785,2
12,81,2,0,0,1,0,21,0,12,1,67,88,1,0,0,0,69.2,18.0,21,7.333333333333333,2,3.2,0,9.72,61.14056224899599,2
9,87,1,0,1,1,0,24,1,11,0,88,95,0,2,0,0,70.0,14.5,7,10.555555555555555,0,2.1,1,7.83,66.76706827309238,2
9,87,1,0,1,1,0,26,2,16,0,86,41,1,1,3,0,69.2,17.0,-45,4.555555555555555,1,3.6,1,7.83,28.485943775100406,2
9,87,1,0,1,1,0,27,1,14,0,87,92,1,1,0,0,69.60000000000001,16.0,5,10.222222222222221,1,3.4000000000000004,1,7.83,64.28915662650604,2
9,87,1,0,1,1,0,28,0,19,1,79,65,1,1,2,0,76.4,18.5,-14,7.222222222222222,1,3.9000000000000004,1,7.83,49.85943775100402,2
9,87,1,0,1,1,0,23,1,17,0,56,83,1,2,1,0,57.2,17.5,27,9.222222222222221,0,3.7,1,7.83,47.66666666666667,2
9,87,1,1,1,1,0,24,1,11,0,88,95,0,2,0,0,80.0,14.5,7,10.555555555555555,0,2.1,1,7.83,76.30522088353413,2
9,87,1,1,1,1,0,26,2,16,0,86,41,1,1,3,0,79.2,17.0,-45,4.555555555555555,1,3.6,1,7.83,32.60240963855422,2
9,87,1,1,1,1,0,27,1,14,0,87,92,1,1,0,0,79.60000000000001,16.0,5,10.222222222222221,1,3.4000000000000004,1,7.83,73.5261044176707,2
9,87,1,1,1,1,0,28,0,19,1,79,65,1,1,2,0,86.4,18.5,-14,7.222222222222222,1,3.9000000000000004,1,7.83,56.385542168674704,2
9,87,1,1,1,1,0,23,1,17,0,56,83,1,2,1,0,67.2,17.5,27,9.222222222222221,0,3.7,1,7.83,56.00000000000001,2
16,61,1,1,0,1,0,23,1,11,1,51,65,0,2,2,0,64.80000000000001,21.5,14,4.0625,-1,2.1,0,9.76,42.28915662650603,2
16,61,1,1,0,1,0,24,3,1,0,91,50,1,2,3,0,70.8,16.5,-41,3.125,-1,2.1,0,9.76,35.54216867469879,2
16,61,1,0,0,1,0,23,1,11,1,51,65,0,2,2,0,54.800000000000004,21.5,14,4.0625,-1,2.1,0,9.76,35.76305220883535,2
16,61,1,0,0,1,0,24,3,1,0,91,50,1,2,3,0,60.8,16.5,-41,3.125,-1,2.1,0,9.76,30.522088353413658,2
16,61,2,1,1,1,0,23,1,11,1,51,65,0,2,2,0,64.80000000000001,21.5,14,4.0625,1,2.1,2,9.76,42.28915662650603,2
16,61,2,1,1,1,0,24,3,1,0,91,50,1,2,3,0,70.8,16.5,-41,3.125,1,2.1,2,9.76,35.54216867469879,2
16,61,1,1,1,1,0,23,1,11,1,51,65,0,2,2,0,64.80000000000001,21.5,14,4.0625,0,2.1,1,9.76,42.28915662650603,2
16,61,1,1,1,1,0,24,3,1,0,91,50,1,2,3,0,70.8,16.5,-41,3.125,0,2.1,1,9.76,35.54216867469879,2
16,61,0,0,1,1,0,23,1,11,1,51,65,0,2,2,0,54.800000000000004,21.5,14,4.0625,-1,2.1,0,9.76,35.76305220883535,2
16,61,0,0,1,1,0,24,3,1,0,91,50,1,2,3,0,60.8,16.5,-41,3.125,-1,2.1,0,9.76,30.522088353413658,2
11,96,2,0,2,1,1,22,1,11,0,50,74,1,2,1,0,58.400000000000006,16.5,24,6.7272727272727275,2,3.1,4,10.559999999999999,43.38955823293173,2
11,96,2,0,2,1,1,27,3,1,0,100,82,1,1,1,0,78.4,11.5,-18,7.454545454545454,3,2.1,4,10.559999999999999,64.54618473895583,2
11,96,2,0,2,1,1,18,1,3,0,88,98,1,2,0,0,73.60000000000001,12.5,10,8.909090909090908,2,2.3,4,10.559999999999999,72.41767068273093,2
11,96,2,0,2,1,1,27,2,1,0,53,67,1,0,2,0,59.60000000000001,11.5,14,6.090909090909091,4,2.1,4,10.559999999999999,40.09236947791165,2
11,96,2,0,2,1,1,27,2,13,0,81,44,0,1,3,0,70.80000000000001,17.5,-37,4.0,3,2.3,4,10.559999999999999,31.27710843373495,2
11,96,2,0,1,1,1,22,1,11,0,50,74,1,2,1,0,58.400000000000006,16.5,24,6.7272727272727275,1,3.1,2,10.559999999999999,43.38955823293173,2
11,96,2,0,1,1,1,27,3,1,0,100,82,1,1,1,0,78.4,11.5,-18,7.454545454545454,2,2.1,2,10.559999999999999,64.54618473895583,2
11,96,2,0,1,1,1,18,1,3,0,88,98,1,2,0,0,73.60000000000001,12.5,10,8.909090909090908,1,2.3,2,10.559999999999999,72.41767068273093,2
11,96,2,0,1,1,1,27,2,1,0,53,67,1,0,2,0,59.60000000000001,11.5,14,6.090909090909091,3,2.1,2,10.559999999999999,40.09236947791165,2
11,96,2,0,1,1,1,27,2,13,0,81,44,0,1,3,0,70.80000000000001,17.5,-37,4.0,2,2.3,2,10.559999999999999,31.27710843373495,2
9,69,1,1,2,1,0,28,0,5,0,83,64,1,2,2,0,70.80000000000001,11.5,-19,7.111111111111111,1,2.5,2,6.209999999999999,45.49397590361447,2
9,69,1,1,2,1,0,21,3,18,0,58,64,1,2,2,0,60.800000000000004,18.0,6,7.111111111111111,1,3.8,2,6.209999999999999,39.06827309236948,2
10,97,2,0,2,1,0,24,3,20,1,63,42,1,1,3,0,74.0,20.0,-21,4.2,3,4.0,4,9.7,31.204819277108435,2
10,97,2,0,2,1,0,24,1,16,1,66,75,1,0,1,0,75.2,18.0,9,7.5,4,3.6,4,9.7,56.62650602409639,2
10,97,1,0,1,1,0,24,3,20,1,63,42,1,1,3,0,74.0,20.0,-21,4.2,1,4.0,1,9.7,31.204819277108435,2
10,97,1,0,1,1,0,24,1,16,1,66,75,1,0,1,0,75.2,18.0,9,7.5,2,3.6,1,9.7,56.62650602409639,2
7,92,1,0,2,1,1,18,2,3,1,58,91,1,2,0,1,70.0,8.5,33,13.0,1,2.3,2,6.44,63.9558232931727,2
9,73,1,1,0,1,1,21,1,15,1,85,89,1,1,0,0,83.2,16.5,4,9.88888888888889,0,3.5,0,6.57,74.34538152610442,2
9,73,1,1,0,1,1,18,1,5,1,90,64,1,2,2,0,85.2,11.5,-26,7.111111111111111,-1,2.5,0,6.57,54.746987951807235,2
9,73,1,1,0,1,1,25,3,5,0,65,56,0,0,2,0,65.2,11.5,-9,6.222222222222222,1,1.5,0,6.57,36.65863453815261,2
15,73,1,0,2,1,0,27,2,8,0,72,76,0,2,1,0,58.0,19.0,4,5.066666666666666,1,1.8,2,10.95,44.2570281124498,2
15,73,1,0,2,1,0,20,2,17,1,80,61,1,2,2,0,71.2,23.5,-19,4.066666666666666,1,3.7,2,10.95,43.60642570281125,2
15,73,2,0,1,1,0,27,2,8,0,72,76,0,2,1,0,58.0,19.0,4,5.066666666666666,1,1.8,2,10.95,44.2570281124498,2
15,73,2,0,1,1,0,20,2,17,1,80,61,1,2,2,0,71.2,23.5,-19,4.066666666666666,1,3.7,2,10.95,43.60642570281125,2
15,73,1,0,1,1,0,27,2,8,0,72,76,0,2,1,0,58.0,19.0,4,5.066666666666666,0,1.8,1,10.95,44.2570281124498,2
15,73,1,0,1,1,0,20,2,17,1,80,61,1,2,2,0,71.2,23.5,-19,4.066666666666666,0,3.7,1,10.95,43.60642570281125,2
15,73,1,1,2,1,0,27,2,8,0,72,76,0,2,1,0,68.0,19.0,4,5.066666666666666,1,1.8,2,10.95,51.88755020080322,2
15,73,1,1,2,1,0,20,2,17,1,80,61,1,2,2,0,81.2,23.5,-19,4.066666666666666,1,3.7,2,10.95,49.73092369477912,2
13,79,0,1,2,1,1,21,3,5,1,69,61,1,1,2,0,79.2,15.5,-8,4.6923076923076925,1,2.5,0,10.27,48.50602409638555,2
13,79,2,0,1,1,1,21,3,5,1,69,61,1,1,2,0,69.2,15.5,-8,4.6923076923076925,2,2.5,2,10.27,42.381526104417674,2
13,95,1,1,1,1,0,24,3,14,0,62,78,0,2,1,0,72.8,20.0,16,6.0,0,2.4000000000000004,1,12.35,57.01204819277108,2
13,95,1,1,1,1,0,27,2,7,1,59,83,1,2,1,0,81.6,16.5,24,6.384615384615385,0,2.7,1,12.35,68.0,2
13,95,1,1,1,1,0,28,3,9,0,78,97,0,0,0,0,79.2,17.5,19,7.461538461538462,2,1.9,1,12.35,77.13253012048195,2
13,95,2,1,1,1,0,24,3,14,0,62,78,0,2,1,0,72.8,20.0,16,6.0,1,2.4000000000000004,2,12.35,57.01204819277108,2
13,95,2,1,1,1,0,27,2,7,1,59,83,1,2,1,0,81.6,16.5,24,6.384615384615385,1,2.7,2,12.35,68.0,2
13,95,2,1,1,1,0,28,3,9,0,78,97,0,0,0,0,79.2,17.5,19,7.461538461538462,3,1.9,2,12.35,77.13253012048195,2
13,95,2,1,0,1,0,24,3,14,0,62,78,0,2,1,0,72.8,20.0,16,6.0,0,2.4000000000000004,0,12.35,57.01204819277108,2
13,95,2,1,0,1,0,27,2,7,1,59,83,1,2,1,0,81.6,16.5,24,6.384615384615385,0,2.7,0,12.35,68.0,2
13,95,2,1,0,1,0,28,3,9,0,78,97,0,0,0,0,79.2,17.5,19,7.461538461538462,2,1.9,0,12.35,77.13253012048195,2
19,87,2,0,0,1,1,20,0,3,1,80,91,1,0,0,0,76.80000000000001,20.5,11,4.7894736842105265,2,2.3,0,16.53,70.1686746987952,2
19,87,2,0,0,1,1,18,1,2,1,67,98,0,1,0,0,71.60000000000001,20.0,31,5.157894736842105,1,1.2,0,16.53,70.44979919678717,2
19,87,2,0,2,1,1,20,0,3,1,80,91,1,0,0,0,76.80000000000001,20.5,11,4.7894736842105265,4,2.3,4,16.53,70.1686746987952,2
19,87,2,0,2,1,1,18,1,2,1,67,98,0,1,0,0,71.60000000000001,20.0,31,5.157894736842105,3,1.2,4,16.53,70.44979919678717,2
19,87,2,1,1,1,1,20,0,3,1,80,91,1,0,0,0,86.80000000000001,20.5,11,4.7894736842105265,3,2.3,2,16.53,79.30522088353415,2
19,87,2,1,1,1,1,18,1,2,1,67,98,0,1,0,0,81.60000000000001,20.0,31,5.157894736842105,2,1.2,2,16.53,80.28915662650603,2
19,87,1,0,2,1,1,20,0,3,1,80,91,1,0,0,0,76.80000000000001,20.5,11,4.7894736842105265,3,2.3,2,16.53,70.1686746987952,2
19,87,1,0,2,1,1,18,1,2,1,67,98,0,1,0,0,71.60000000000001,20.0,31,5.157894736842105,2,1.2,2,16.53,70.44979919678717,2
17,79,1,1,0,1,0,20,0,6,0,93,81,0,0,1,0,78.80000000000001,20.0,-12,4.764705882352941,1,1.6,0,13.43,64.0843373493976,2
17,79,1,0,0,1,0,20,0,6,0,93,81,0,0,1,0,68.80000000000001,20.0,-12,4.764705882352941,1,1.6,0,13.43,55.951807228915676,2
17,79,2,0,1,1,0,20,0,6,0,93,81,0,0,1,0,68.80000000000001,20.0,-12,4.764705882352941,3,1.6,2,13.43,55.951807228915676,2
17,79,2,0,0,1,0,20,0,6,0,93,81,0,0,1,0,68.80000000000001,20.0,-12,4.764705882352941,2,1.6,0,13.43,55.951807228915676,2
17,79,0,1,0,1,0,20,0,6,0,93,81,0,0,1,0,78.80000000000001,20.0,-12,4.764705882352941,0,1.6,0,13.43,64.0843373493976,2
17,79,2,1,1,1,0,20,0,6,0,93,81,0,0,1,0,78.80000000000001,20.0,-12,4.764705882352941,3,1.6,2,13.43,64.0843373493976,2
10,72,0,0,1,1,0,21,1,6,1,56,79,1,2,1,0,61.2,13.0,23,7.9,-1,2.6,0,7.199999999999999,48.5421686746988,2
10,72,0,0,1,1,0,29,0,0,1,97,58,1,2,2,0,77.60000000000001,10.0,-39,5.8,-1,2.0,0,7.199999999999999,45.18875502008033,2
10,72,0,0,1,1,0,18,3,2,1,85,87,1,0,0,0,72.8,11.0,2,8.7,1,2.2,0,7.199999999999999,63.59036144578313,2
10,72,0,0,1,1,0,21,0,9,1,80,41,0,2,3,0,70.8,14.5,-39,4.1,-1,1.9,0,7.199999999999999,29.14457831325301,2
10,72,0,0,1,1,0,21,1,11,0,96,85,1,0,0,0,67.2,15.5,-11,8.5,1,3.1,0,7.199999999999999,57.34939759036145,2
16,64,1,1,2,1,1,23,3,2,1,69,67,1,2,2,0,73.2,17.0,-2,4.1875,1,2.2,2,10.24,49.24096385542169,2
16,64,1,1,2,1,1,25,0,9,1,72,91,0,1,0,0,74.4,20.5,19,5.6875,2,1.9,2,10.24,67.97590361445783,2
16,64,1,1,2,1,1,29,1,17,0,98,84,1,2,1,1,74.80000000000001,24.5,-14,5.25,1,3.7,2,10.24,63.0843373493976,2
16,64,1,1,2,1,1,29,2,18,1,56,62,1,1,2,0,68.0,25.0,6,3.875,2,3.8,2,10.24,42.329317269076306,2
16,64,1,1,2,1,1,24,0,8,1,51,82,1,0,1,0,66.0,20.0,31,5.125,3,2.8,2,10.24,54.337349397590366,2
16,64,1,1,2,1,1,29,0,13,0,61,56,1,2,2,0,60.0,22.5,-5,3.5,1,3.3,2,10.24,33.734939759036145,2
16,64,0,0,1,1,1,23,3,2,1,69,67,1,2,2,0,63.2,17.0,-2,4.1875,-1,2.2,0,10.24,42.514056224899605,2
16,64,0,0,1,1,1,25,0,9,1,72,91,0,1,0,0,64.4,20.5,19,5.6875,0,1.9,0,10.24,58.83935742971888,2
16,64,0,0,1,1,1,29,1,17,0,98,84,1,2,1,1,64.80000000000001,24.5,-14,5.25,-1,3.7,0,10.24,54.650602409638566,2
16,64,0,0,1,1,1,29,2,18,1,56,62,1,1,2,0,58.0,25.0,6,3.875,0,3.8,0,10.24,36.104417670682736,2
16,64,0,0,1,1,1,24,0,8,1,51,82,1,0,1,0,56.0,20.0,31,5.125,1,2.8,0,10.24,46.10441767068273,2
16,64,0,0,1,1,1,29,0,13,0,61,56,1,2,2,0,50.0,22.5,-5,3.5,-1,3.3,0,10.24,28.11244979919679,2
16,64,1,0,1,1,1,23,3,2,1,69,67,1,2,2,0,63.2,17.0,-2,4.1875,0,2.2,1,10.24,42.514056224899605,2
16,64,1,0,1,1,1,25,0,9,1,72,91,0,1,0,0,64.4,20.5,19,5.6875,1,1.9,1,10.24,58.83935742971888,2
16,64,1,0,1,1,1,29,1,17,0,98,84,1,2,1,1,64.80000000000001,24.5,-14,5.25,0,3.7,1,10.24,54.650602409638566,2
16,64,1,0,1,1,1,29,2,18,1,56,62,1,1,2,0,58.0,25.0,6,3.875,1,3.8,1,10.24,36.104417670682736,2
16,64,1,0,1,1,1,24,0,8,1,51,82,1,0,1,0,56.0,20.0,31,5.125,2,2.8,1,10.24,46.10441767068273,2
16,64,1,0,1,1,1,29,0,13,0,61,56,1,2,2,0,50.0,22.5,-5,3.5,0,3.3,1,10.24,28.11244979919679,2
16,64,2,1,1,1,1,23,3,2,1,69,67,1,2,2,0,73.2,17.0,-2,4.1875,1,2.2,2,10.24,49.24096385542169,2
16,64,2,1,1,1,1,25,0,9,1,72,91,0,1,0,0,74.4,20.5,19,5.6875,2,1.9,2,10.24,67.97590361445783,2
16,64,2,1,1,1,1,29,1,17,0,98,84,1,2,1,1,74.80000000000001,24.5,-14,5.25,1,3.7,2,10.24,63.0843373493976,2
16,64,2,1,1,1,1,29,2,18,1,56,62,1,1,2,0,68.0,25.0,6,3.875,2,3.8,2,10.24,42.329317269076306,2
16,64,2,1,1,1,1,24,0,8,1,51,82,1,0,1,0,66.0,20.0,31,5.125,3,2.8,2,10.24,54.337349397590366,2
16,64,2,1,1,1,1,29,0,13,0,61,56,1,2,2,0,60.0,22.5,-5,3.5,1,3.3,2,10.24,33.734939759036145,2
15,85,1,1,2,1,0,24,3,9,1,95,87,0,2,0,0,92.0,19.5,-8,5.8,1,1.9,2,12.75,80.36144578313254,2
19,93,2,0,1,1,0,26,3,20,0,52,89,0,0,0,0,58.0,29.0,37,4.684210526315789,3,3.0,2,17.67,51.82730923694779,2
19,93,2,0,1,1,0,21,3,18,1,57,98,1,1,0,0,70.0,28.0,41,5.157894736842105,2,3.8,2,17.67,68.87550200803214,2
19,93,1,1,1,1,0,26,3,20,0,52,89,0,0,0,0,68.0,29.0,37,4.684210526315789,2,3.0,1,17.67,60.76305220883535,2
19,93,1,1,1,1,0,21,3,18,1,57,98,1,1,0,0,80.0,28.0,41,5.157894736842105,1,3.8,1,17.67,78.714859437751,2
19,93,2,1,0,1,0,26,3,20,0,52,89,0,0,0,0,68.0,29.0,37,4.684210526315789,2,3.0,0,17.67,60.76305220883535,2
19,93,2,1,0,1,0,21,3,18,1,57,98,1,1,0,0,80.0,28.0,41,5.157894736842105,1,3.8,0,17.67,78.714859437751,2
19,93,0,1,1,1,0,26,3,20,0,52,89,0,0,0,0,68.0,29.0,37,4.684210526315789,1,3.0,0,17.67,60.76305220883535,2
19,93,0,1,1,1,0,21,3,18,1,57,98,1,1,0,0,80.0,28.0,41,5.157894736842105,0,3.8,0,17.67,78.714859437751,2
19,93,2,0,0,1,0,26,3,20,0,52,89,0,0,0,0,58.0,29.0,37,4.684210526315789,2,3.0,0,17.67,51.82730923694779,2
19,93,2,0,0,1,0,21,3,18,1,57,98,1,1,0,0,70.0,28.0,41,5.157894736842105,1,3.8,0,17.67,68.87550200803214,2
18,60,1,1,1,1,0,25,0,14,1,83,68,0,1,2,0,77.2,25.0,-15,3.7777777777777777,1,2.4000000000000004,1,10.799999999999999,52.70682730923696,2
18,60,1,1,1,1,0,19,2,15,0,81,100,1,1,0,0,66.4,25.5,19,5.555555555555555,1,3.5,1,10.799999999999999,66.66666666666667,2
11,95,1,0,2,1,1,21,3,19,1,74,41,1,0,3,0,77.6,20.5,-33,3.727272727272727,3,3.9000000000000004,2,10.45,31.94377510040161,2
11,95,1,0,2,1,1,29,1,16,1,68,58,1,2,2,0,75.2,19.0,-10,5.2727272727272725,1,3.6,2,10.45,43.79116465863454,2
11,95,1,1,2,1,1,21,3,19,1,74,41,1,0,3,0,87.6,20.5,-33,3.727272727272727,3,3.9000000000000004,2,10.45,36.06024096385542,2
11,95,1,1,2,1,1,29,1,16,1,68,58,1,2,2,0,85.2,19.0,-10,5.2727272727272725,1,3.6,2,10.45,49.6144578313253,2
11,95,1,1,0,1,1,21,3,19,1,74,41,1,0,3,0,87.6,20.5,-33,3.727272727272727,1,3.9000000000000004,0,10.45,36.06024096385542,2
11,95,1,1,0,1,1,29,1,16,1,68,58,1,2,2,0,85.2,19.0,-10,5.2727272727272725,-1,3.6,0,10.45,49.6144578313253,2
13,74,0,1,2,1,0,27,3,11,1,97,61,1,2,2,0,88.4,18.5,-36,4.6923076923076925,0,3.1,0,9.62,54.14056224899599,2
13,74,2,1,0,1,0,27,3,11,1,97,61,1,2,2,0,88.4,18.5,-36,4.6923076923076925,0,3.1,0,9.62,54.14056224899599,2
17,89,1,1,2,1,0,26,2,14,0,56,97,1,2,0,0,68.0,24.0,41,5.705882352941177,1,3.4000000000000004,2,15.13,66.22489959839358,2
17,89,1,0,1,1,0,26,2,14,0,56,97,1,2,0,0,58.0,24.0,41,5.705882352941177,0,3.4000000000000004,1,15.13,56.4859437751004,2
17,89,1,1,1,1,0,26,2,14,0,56,97,1,2,0,0,68.0,24.0,41,5.705882352941177,0,3.4000000000000004,1,15.13,66.22489959839358,2
16,69,1,1,1,1,1,18,2,16,1,62,64,1,2,2,0,72.4,24.0,2,4.0,0,3.6,1,11.04,46.52208835341366,2
16,69,1,1,1,1,1,20,0,12,1,80,56,1,2,2,0,79.6,22.0,-24,3.5,0,3.2,1,11.04,44.75502008032128,2
16,69,2,1,1,1,1,18,2,16,1,62,64,1,2,2,0,72.4,24.0,2,4.0,1,3.6,2,11.04,46.52208835341366,2
16,69,2,1,1,1,1,20,0,12,1,80,56,1,2,2,0,79.6,22.0,-24,3.5,1,3.2,2,11.04,44.75502008032128,2
16,69,1,0,0,1,1,18,2,16,1,62,64,1,2,2,0,62.400000000000006,24.0,2,4.0,-1,3.6,0,11.04,40.09638554216868,2
16,69,1,0,0,1,1,20,0,12,1,80,56,1,2,2,0,69.6,22.0,-24,3.5,-1,3.2,0,11.04,39.13253012048193,2
8,99,2,1,2,1,1,23,1,2,0,71,66,1,0,2,0,78.0,9.0,-5,8.25,4,2.2,4,7.92,51.686746987951814,2
8,99,2,1,2,1,1,18,2,13,0,53,54,1,2,3,0,70.80000000000001,14.5,1,6.75,2,3.3,4,7.92,38.38554216867471,2
8,99,2,1,2,1,1,22,0,6,0,59,52,1,2,3,0,73.2,11.0,-7,6.5,2,2.6,4,7.92,38.21686746987952,2
8,99,2,1,2,1,1,27,3,13,0,82,44,1,2,3,0,82.4,14.5,-38,5.5,2,3.3,4,7.92,36.401606425702816,2
13,82,1,0,2,1,1,22,3,8,1,79,87,1,2,0,0,74.4,17.0,8,6.6923076923076925,1,2.8,2,10.66,64.98795180722892,2
13,82,2,0,0,1,1,22,3,8,1,79,87,1,2,0,0,74.4,17.0,8,6.6923076923076925,0,2.8,0,10.66,64.98795180722892,2
11,70,2,0,2,1,1,19,2,4,0,58,92,1,2,0,0,51.2,13.0,34,8.363636363636363,2,2.4,4,7.699999999999999,47.29317269076306,2
11,70,2,0,2,1,1,18,3,14,1,84,64,1,2,2,0,71.6,18.0,-20,5.818181818181818,2,3.4000000000000004,4,7.699999999999999,46.00803212851405,2
11,70,2,0,2,1,1,18,0,6,0,52,93,0,1,0,0,48.8,14.0,41,8.454545454545455,3,1.6,4,7.699999999999999,45.566265060240966,2
18,83,0,0,1,1,0,22,3,18,0,92,99,0,2,0,0,70.0,27.0,7,5.5,-1,2.8,0,14.94,69.57831325301206,2
18,83,1,0,1,1,0,22,3,18,0,92,99,0,2,0,0,70.0,27.0,7,5.5,0,2.8,1,14.94,69.57831325301206,2
18,83,2,0,0,1,0,22,3,18,0,92,99,0,2,0,0,70.0,27.0,7,5.5,0,2.8,0,14.94,69.57831325301206,2
20,77,0,0,1,1,1,24,1,9,0,84,100,1,2,0,0,64.4,24.5,16,5.0,-1,2.9,0,15.4,64.65863453815261,2
20,77,1,0,1,1,1,24,1,9,0,84,100,1,2,0,0,64.4,24.5,16,5.0,0,2.9,1,15.4,64.65863453815261,2
20,77,2,1,2,1,1,24,1,9,0,84,100,1,2,0,0,74.4,24.5,16,5.0,2,2.9,4,15.4,74.6987951807229,2
20,77,0,1,2,1,1,24,1,9,0,84,100,1,2,0,0,74.4,24.5,16,5.0,0,2.9,0,15.4,74.6987951807229,2
20,77,2,0,1,1,1,24,1,9,0,84,100,1,2,0,0,64.4,24.5,16,5.0,1,2.9,2,15.4,64.65863453815261,2
9,65,2,1,1,1,0,27,2,17,0,55,56,1,2,2,0,58.0,17.5,1,6.222222222222222,1,3.7,2,5.8500000000000005,32.610441767068274,2
9,65,2,1,1,1,0,24,2,5,1,60,81,1,1,1,0,70.0,11.5,21,9.0,2,2.5,2,5.8500000000000005,56.927710843373504,2
9,65,2,1,1,1,0,19,0,9,1,56,61,0,2,2,0,68.4,13.5,5,6.777777777777778,1,1.9,2,5.8500000000000005,41.89156626506025,2
9,65,2,1,1,1,0,19,3,12,0,91,57,1,2,2,0,72.4,15.0,-34,6.333333333333333,1,3.2,2,5.8500000000000005,41.43373493975904,2
9,65,2,1,1,1,0,23,0,16,0,63,43,1,2,3,0,61.2,17.0,-20,4.777777777777778,1,3.6,2,5.8500000000000005,26.421686746987955,2
9,65,2,1,1,1,0,27,3,0,1,61,64,0,0,2,0,70.4,9.0,3,7.111111111111111,3,1.0,2,5.8500000000000005,45.23694779116467,2
9,65,2,1,1,1,0,23,2,2,1,54,99,0,1,0,0,67.6,10.0,45,11.0,2,1.2,2,5.8500000000000005,67.19277108433735,2
15,99,1,1,1,1,1,27,0,2,1,89,81,1,2,1,0,95.2,16.0,-8,5.4,0,2.2,1,14.85,77.42168674698796,2
15,99,1,1,1,1,1,29,0,10,1,61,48,1,1,3,0,84.0,20.0,-13,3.2,1,3.0,1,14.85,40.48192771084338,2
15,99,1,1,1,1,1,21,1,13,1,62,61,0,0,2,0,84.4,21.5,-1,4.066666666666666,2,2.3,1,14.85,51.690763052208844,2
15,99,2,1,2,1,1,27,0,2,1,89,81,1,2,1,0,95.2,16.0,-8,5.4,2,2.2,4,14.85,77.42168674698796,2
15,99,2,1,2,1,1,29,0,10,1,61,48,1,1,3,0,84.0,20.0,-13,3.2,3,3.0,4,14.85,40.48192771084338,2
15,99,2,1,2,1,1,21,1,13,1,62,61,0,0,2,0,84.4,21.5,-1,4.066666666666666,4,2.3,4,14.85,51.690763052208844,2
15,99,1,1,0,1,1,27,0,2,1,89,81,1,2,1,0,95.2,16.0,-8,5.4,-1,2.2,0,14.85,77.42168674698796,2
15,99,1,1,0,1,1,29,0,10,1,61,48,1,1,3,0,84.0,20.0,-13,3.2,0,3.0,0,14.85,40.48192771084338,2
15,99,1,1,0,1,1,21,1,13,1,62,61,0,0,2,0,84.4,21.5,-1,4.066666666666666,1,2.3,0,14.85,51.690763052208844,2
15,99,1,0,0,1,1,27,0,2,1,89,81,1,2,1,0,85.2,16.0,-8,5.4,-1,2.2,0,14.85,69.28915662650603,2
15,99,1,0,0,1,1,29,0,10,1,61,48,1,1,3,0,74.0,20.0,-13,3.2,0,3.0,0,14.85,35.66265060240964,2
15,99,1,0,0,1,1,21,1,13,1,62,61,0,0,2,0,74.4,21.5,-1,4.066666666666666,1,2.3,0,14.85,45.566265060240966,2
19,82,1,0,1,1,0,26,1,7,0,72,83,1,1,1,0,61.60000000000001,22.5,11,4.368421052631579,1,2.7,1,15.579999999999998,51.33333333333334,2
19,82,1,1,2,1,0,26,1,7,0,72,83,1,1,1,0,71.60000000000001,22.5,11,4.368421052631579,2,2.7,2,15.579999999999998,59.66666666666668,2
19,82,1,0,0,1,0,26,1,7,0,72,83,1,1,1,0,61.60000000000001,22.5,11,4.368421052631579,0,2.7,0,15.579999999999998,51.33333333333334,2
19,82,0,0,1,1,0,26,1,7,0,72,83,1,1,1,0,61.60000000000001,22.5,11,4.368421052631579,0,2.7,0,15.579999999999998,51.33333333333334,2
19,82,1,1,0,1,0,26,1,7,0,72,83,1,1,1,0,71.60000000000001,22.5,11,4.368421052631579,0,2.7,0,15.579999999999998,59.66666666666668,2
19,82,2,0,1,1,0,26,1,7,0,72,83,1,1,1,0,61.60000000000001,22.5,11,4.368421052631579,2,2.7,2,15.579999999999998,51.33333333333334,2
9,62,2,1,0,1,0,28,1,0,1,55,74,1,1,1,0,66.8,9.0,19,8.222222222222221,1,2.0,0,5.58,49.630522088353416,2
9,62,2,1,0,1,0,18,0,7,0,79,67,1,2,2,0,66.4,12.5,-12,7.444444444444445,0,2.7,0,5.58,44.66666666666667,2
10,67,1,1,1,1,1,24,0,17,0,96,98,0,2,0,0,75.2,18.5,2,9.8,0,2.7,1,6.7,73.99196787148595,2
10,67,1,1,1,1,1,24,0,9,1,78,73,0,2,1,0,78.0,14.5,-5,7.3,0,1.9,1,6.7,57.168674698795186,2
15,66,1,0,1,1,0,26,0,5,1,92,63,1,0,2,0,73.2,17.5,-29,4.2,2,2.5,1,9.9,46.30120481927711,2
15,66,1,0,1,1,0,27,0,19,1,74,48,1,2,3,0,66.0,24.5,-26,3.2,0,3.9000000000000004,1,9.9,31.80722891566265,2
15,66,1,0,1,1,0,18,0,0,0,73,55,0,2,2,0,55.60000000000001,15.0,-18,3.6666666666666665,0,1.0,1,9.9,30.70281124497993,2
15,66,2,1,2,1,0,26,0,5,1,92,63,1,0,2,0,83.2,17.5,-29,4.2,4,2.5,4,9.9,52.626506024096386,2
15,66,2,1,2,1,0,27,0,19,1,74,48,1,2,3,0,76.0,24.5,-26,3.2,2,3.9000000000000004,4,9.9,36.626506024096386,2
15,66,2,1,2,1,0,18,0,0,0,73,55,0,2,2,0,65.60000000000001,15.0,-18,3.6666666666666665,2,1.0,4,9.9,36.22489959839358,2
15,66,1,0,0,1,0,26,0,5,1,92,63,1,0,2,0,73.2,17.5,-29,4.2,1,2.5,0,9.9,46.30120481927711,2
15,66,1,0,0,1,0,27,0,19,1,74,48,1,2,3,0,66.0,24.5,-26,3.2,-1,3.9000000000000004,0,9.9,31.80722891566265,2
15,66,1,0,0,1,0,18,0,0,0,73,55,0,2,2,0,55.60000000000001,15.0,-18,3.6666666666666665,-1,1.0,0,9.9,30.70281124497993,2
8,84,2,0,1,1,1,24,3,12,0,60,100,0,1,0,0,57.6,14.0,40,12.5,2,2.2,2,6.72,57.83132530120483,2
8,84,2,0,1,1,1,27,1,19,0,80,85,1,1,0,0,65.6,17.5,5,10.625,2,3.9000000000000004,2,6.72,55.98393574297189,2
8,84,2,0,1,1,1,28,1,4,1,97,97,0,0,0,0,82.4,10.0,0,12.125,3,1.4,2,6.72,80.24899598393576,2
8,84,2,0,1,1,1,25,3,9,0,68,43,1,2,3,0,60.800000000000004,12.5,-25,5.375,1,2.9,2,6.72,26.248995983935746,2
8,84,0,1,0,1,1,24,3,12,0,60,100,0,1,0,0,67.6,14.0,40,12.5,-1,2.2,0,6.72,67.8714859437751,2
8,84,0,1,0,1,1,27,1,19,0,80,85,1,1,0,0,75.6,17.5,5,10.625,-1,3.9000000000000004,0,6.72,64.51807228915662,2
8,84,0,1,0,1,1,28,1,4,1,97,97,0,0,0,0,92.4,10.0,0,12.125,0,1.4,0,6.72,89.98795180722892,2
8,84,0,1,0,1,1,25,3,9,0,68,43,1,2,3,0,70.80000000000001,12.5,-25,5.375,-2,2.9,0,6.72,30.566265060240973,2
13,66,1,1,1,1,1,19,1,16,0,96,87,1,2,0,0,74.80000000000001,21.0,-9,6.6923076923076925,0,3.6,1,8.58,65.33734939759037,2
13,66,1,1,1,1,1,29,1,10,1,95,67,1,1,2,0,84.4,18.0,-28,5.153846153846154,1,3.0,1,8.58,56.77510040160643,2
13,66,1,1,1,1,1,23,2,0,0,60,54,1,0,3,0,60.400000000000006,13.0,-6,4.153846153846154,2,2.0,1,8.58,32.746987951807235,2
13,66,1,1,0,1,1,19,1,16,0,96,87,1,2,0,0,74.80000000000001,21.0,-9,6.6923076923076925,-1,3.6,0,8.58,65.33734939759037,2
13,66,1,1,0,1,1,29,1,10,1,95,67,1,1,2,0,84.4,18.0,-28,5.153846153846154,0,3.0,0,8.58,56.77510040160643,2
13,66,1,1,0,1,1,23,2,0,0,60,54,1,0,3,0,60.400000000000006,13.0,-6,4.153846153846154,1,2.0,0,8.58,32.746987951807235,2
13,66,2,0,0,1,1,19,1,16,0,96,87,1,2,0,0,64.80000000000001,21.0,-9,6.6923076923076925,0,3.6,0,8.58,56.60240963855423,2
13,66,2,0,0,1,1,29,1,10,1,95,67,1,1,2,0,74.4,18.0,-28,5.153846153846154,1,3.0,0,8.58,50.048192771084345,2
13,66,2,0,0,1,1,23,2,0,0,60,54,1,0,3,0,50.400000000000006,13.0,-6,4.153846153846154,2,2.0,0,8.58,27.325301204819283,2
12,71,1,1,1,1,1,20,1,8,0,67,65,1,2,2,0,65.2,16.0,-2,5.416666666666667,0,2.8,1,8.52,42.55020080321285,2
12,71,1,1,1,1,1,18,0,18,0,56,67,0,1,2,0,60.800000000000004,21.0,11,5.583333333333333,1,2.8,1,8.52,40.8995983935743,2
12,71,1,1,1,1,1,19,0,4,1,75,56,0,2,2,0,78.4,14.0,-19,4.666666666666667,0,1.4,1,8.52,44.08032128514057,2
12,71,0,0,1,1,1,20,1,8,0,67,65,1,2,2,0,55.2,16.0,-2,5.416666666666667,-1,2.8,0,8.52,36.02409638554217,2
12,71,0,0,1,1,1,18,0,18,0,56,67,0,1,2,0,50.800000000000004,21.0,11,5.583333333333333,0,2.8,0,8.52,34.172690763052216,2
12,71,0,0,1,1,1,19,0,4,1,75,56,0,2,2,0,68.4,14.0,-19,4.666666666666667,-1,1.4,0,8.52,38.457831325301214,2
12,71,1,0,1,1,1,20,1,8,0,67,65,1,2,2,0,55.2,16.0,-2,5.416666666666667,0,2.8,1,8.52,36.02409638554217,2
12,71,1,0,1,1,1,18,0,18,0,56,67,0,1,2,0,50.800000000000004,21.0,11,5.583333333333333,1,2.8,1,8.52,34.172690763052216,2
12,71,1,0,1,1,1,19,0,4,1,75,56,0,2,2,0,68.4,14.0,-19,4.666666666666667,0,1.4,1,8.52,38.457831325301214,2
5,70,2,1,1,1,1,19,0,2,1,67,76,1,2,1,0,74.8,6.0,9,15.2,1,2.2,2,3.5,57.07630522088353,2
5,70,2,1,1,1,1,28,3,2,1,58,86,1,2,0,0,71.2,6.0,28,17.2,1,2.2,2,3.5,61.47791164658636,2
5,70,2,1,1,1,1,21,3,16,0,64,79,1,1,1,0,63.6,13.0,15,15.8,2,3.6,2,3.5,50.445783132530124,2
5,70,2,1,1,1,1,22,2,13,1,95,99,1,2,0,1,86.0,11.5,4,19.8,1,3.3,2,3.5,85.48192771084338,2
5,70,2,1,1,1,1,28,3,12,0,89,97,0,1,0,1,73.6,11.0,8,19.4,2,2.2,2,3.5,71.67871485943775,2
11,92,2,1,1,1,0,27,1,4,0,51,91,1,2,0,0,67.2,13.0,40,8.272727272727273,1,2.4,2,10.120000000000001,61.397590361445786,2
11,92,1,1,2,1,0,27,1,4,0,51,91,1,2,0,0,67.2,13.0,40,8.272727272727273,1,2.4,2,10.120000000000001,61.397590361445786,2
11,92,1,0,1,1,0,27,1,4,0,51,91,1,2,0,0,57.2,13.0,40,8.272727272727273,0,2.4,1,10.120000000000001,52.26104417670683,2
17,72,2,1,0,1,0,22,2,20,0,53,93,1,0,0,0,60.0,27.0,40,5.470588235294118,2,4.0,0,12.24,56.02409638554217,2
17,72,2,1,0,1,0,21,2,16,0,64,79,0,2,1,0,64.4,25.0,15,4.647058823529412,0,2.6,0,12.24,51.08032128514056,2
17,72,1,0,0,1,0,22,2,20,0,53,93,1,0,0,0,50.0,27.0,40,5.470588235294118,1,4.0,0,12.24,46.68674698795181,2
17,72,1,0,0,1,0,21,2,16,0,64,79,0,2,1,0,54.400000000000006,25.0,15,4.647058823529412,-1,2.6,0,12.24,43.14859437751005,2
11,85,1,1,0,1,0,29,1,6,1,61,83,1,0,1,0,78.4,14.0,22,7.545454545454546,1,2.6,0,9.35,65.33333333333334,2
11,85,1,1,0,1,0,18,3,0,1,50,90,1,2,0,0,74.0,11.0,40,8.181818181818182,-1,2.0,0,9.35,66.86746987951807,2
15,69,1,0,1,1,1,24,1,19,1,96,78,1,2,1,0,76.0,24.5,-18,5.2,0,3.9000000000000004,1,10.35,59.51807228915663,2
15,69,1,0,1,1,1,23,3,16,1,56,100,1,1,0,0,60.0,23.0,44,6.666666666666667,1,3.6,1,10.35,60.24096385542169,2
15,69,2,0,0,1,1,24,1,19,1,96,78,1,2,1,0,76.0,24.5,-18,5.2,0,3.9000000000000004,0,10.35,59.51807228915663,2
15,69,2,0,0,1,1,23,3,16,1,56,100,1,1,0,0,60.0,23.0,44,6.666666666666667,1,3.6,0,10.35,60.24096385542169,2
15,69,1,1,0,1,1,24,1,19,1,96,78,1,2,1,0,86.0,24.5,-18,5.2,-1,3.9000000000000004,0,10.35,67.34939759036145,2
15,69,1,1,0,1,1,23,3,16,1,56,100,1,1,0,0,70.0,23.0,44,6.666666666666667,0,3.6,0,10.35,70.28112449799198,2
13,84,1,1,2,1,0,24,2,10,0,76,93,1,2,0,0,74.0,18.0,17,7.153846153846154,1,3.0,2,10.92,69.09638554216868,2
15,81,1,1,1,1,1,26,2,11,1,81,78,1,0,1,0,84.8,20.5,-3,5.2,2,3.1,1,12.15,66.40963855421687,2
15,81,1,1,1,1,1,29,3,5,1,85,94,0,2,0,0,86.4,17.5,9,6.266666666666667,0,1.5,1,12.15,81.54216867469881,2
15,81,1,1,1,1,1,27,1,3,0,92,83,0,1,1,0,79.2,16.5,-9,5.533333333333333,1,1.3,1,12.15,66.00000000000001,2
15,81,1,1,1,1,1,21,2,19,1,92,76,1,2,1,0,89.2,24.5,-16,5.066666666666666,0,3.9000000000000004,1,12.15,68.06425702811245,2
15,81,0,1,0,1,1,26,2,11,1,81,78,1,0,1,0,84.8,20.5,-3,5.2,0,3.1,0,12.15,66.40963855421687,2
15,81,0,1,0,1,1,29,3,5,1,85,94,0,2,0,0,86.4,17.5,9,6.266666666666667,-2,1.5,0,12.15,81.54216867469881,2
15,81,0,1,0,1,1,27,1,3,0,92,83,0,1,1,0,79.2,16.5,-9,5.533333333333333,-1,1.3,0,12.15,66.00000000000001,2
15,81,0,1,0,1,1,21,2,19,1,92,76,1,2,1,0,89.2,24.5,-16,5.066666666666666,-2,3.9000000000000004,0,12.15,68.06425702811245,2
19,71,1,0,1,1,1,29,2,5,0,53,85,0,2,0,0,49.60000000000001,21.5,32,4.473684210526316,0,1.5,1,13.489999999999998,42.32931726907632,2
19,71,2,1,2,1,1,29,2,5,0,53,85,0,2,0,0,59.60000000000001,21.5,32,4.473684210526316,2,1.5,4,13.489999999999998,50.86345381526105,2
18,77,1,1,0,1,1,29,2,6,0,78,76,1,2,1,0,72.0,21.0,-2,4.222222222222222,-1,2.6,0,13.86,54.93975903614458,2
18,77,1,0,1,1,1,29,2,6,0,78,76,1,2,1,0,62.0,21.0,-2,4.222222222222222,0,2.6,1,13.86,47.30923694779117,2
18,77,0,0,2,1,1,29,2,6,0,78,76,1,2,1,0,62.0,21.0,-2,4.222222222222222,0,2.6,0,13.86,47.30923694779117,2
18,77,1,1,1,1,1,29,2,6,0,78,76,1,2,1,0,72.0,21.0,-2,4.222222222222222,0,2.6,1,13.86,54.93975903614458,2
13,96,1,0,1,1,0,25,3,11,1,77,92,1,1,0,0,79.2,18.5,15,7.076923076923077,1,3.1,1,12.48,73.15662650602411,2
13,96,1,0,1,1,0,24,1,7,1,95,100,1,0,0,0,86.4,16.5,5,7.6923076923076925,2,2.7,1,12.48,86.74698795180724,2
13,96,1,0,1,1,0,23,1,20,1,80,54,0,1,3,0,80.4,23.0,-26,4.153846153846154,1,3.0,1,12.48,43.59036144578314,2
13,96,1,0,1,1,0,27,2,18,1,52,61,1,2,2,0,69.2,22.0,9,4.6923076923076925,0,3.8,1,12.48,42.381526104417674,2
13,96,1,0,1,1,0,25,2,0,0,86,84,0,2,1,0,72.80000000000001,13.0,-2,6.461538461538462,0,1.0,1,12.48,61.3975903614458,2
10,73,2,1,0,1,0,18,1,7,1,97,71,1,2,1,0,88.0,13.5,-26,7.1,0,2.7,0,7.3,62.730923694779115,2
10,73,2,1,0,1,0,25,2,10,0,89,87,1,1,0,0,74.80000000000001,15.0,-2,8.7,1,3.0,0,7.3,65.33734939759037,2
10,73,2,1,0,1,0,23,0,11,0,56,73,1,2,1,0,61.60000000000001,15.5,17,7.3,0,3.1,0,7.3,45.14859437751005,2
13,77,1,1,0,1,0,23,3,9,0,91,78,0,2,1,0,77.2,17.5,-13,6.0,-1,1.9,0,10.01,60.457831325301214,2
13,77,2,0,0,1,0,23,3,9,0,91,78,0,2,1,0,67.2,17.5,-13,6.0,0,1.9,0,10.01,52.62650602409639,2
15,62,2,0,1,1,1,25,2,7,0,50,90,1,1,0,0,44.8,18.5,40,6.0,2,2.7,2,9.3,40.48192771084337,2
15,62,2,0,1,1,1,28,0,19,1,67,82,1,1,1,0,61.6,24.5,15,5.466666666666667,2,3.9000000000000004,2,9.3,50.71485943775101,2
15,62,2,0,0,1,1,25,2,7,0,50,90,1,1,0,0,44.8,18.5,40,6.0,1,2.7,0,9.3,40.48192771084337,2
15,62,2,0,0,1,1,28,0,19,1,67,82,1,1,1,0,61.6,24.5,15,5.466666666666667,1,3.9000000000000004,0,9.3,50.71485943775101,2
10,94,1,1,2,1,1,21,2,0,0,60,88,0,1,0,0,71.6,10.0,28,8.8,2,1.0,2,9.399999999999999,63.261044176706825,2
10,94,0,0,1,1,1,21,2,0,0,60,88,0,1,0,0,61.6,10.0,28,8.8,0,1.0,0,9.399999999999999,54.42570281124498,2
10,94,1,0,0,1,1,21,2,0,0,60,88,0,1,0,0,61.6,10.0,28,8.8,0,1.0,0,9.399999999999999,54.42570281124498,2
10,94,2,0,1,1,1,21,2,0,0,60,88,0,1,0,0,61.6,10.0,28,8.8,2,1.0,2,9.399999999999999,54.42570281124498,2
19,85,2,0,0,1,1,27,1,15,1,100,94,1,0,0,0,84.0,26.5,-6,4.947368421052632,2,3.5,0,16.15,79.27710843373494,2
19,85,1,0,0,1,1,27,1,15,1,100,94,1,0,0,0,84.0,26.5,-6,4.947368421052632,1,3.5,0,16.15,79.27710843373494,2
19,85,1,1,2,1,1,27,1,15,1,100,94,1,0,0,0,94.0,26.5,-6,4.947368421052632,3,3.5,2,16.15,88.71485943775102,2
7,96,1,1,1,1,0,21,3,5,0,51,74,0,0,1,0,68.80000000000001,9.5,23,10.571428571428571,2,1.5,1,6.72,51.116465863453826,2
7,96,1,1,1,1,0,29,1,16,1,79,76,0,2,1,0,90.0,15.0,-3,10.857142857142858,0,2.6,1,6.72,68.67469879518073,2
11,99,0,1,1,1,1,18,0,19,0,88,73,0,1,1,0,84.80000000000001,20.5,-15,6.636363636363637,0,2.9000000000000004,0,10.89,62.15261044176708,2
11,99,1,1,2,1,1,18,0,19,0,88,73,0,1,1,0,84.80000000000001,20.5,-15,6.636363636363637,2,2.9000000000000004,2,10.89,62.15261044176708,2
18,96,0,0,1,1,1,26,0,10,1,77,97,1,2,0,0,79.2,23.0,20,5.388888888888889,-1,3.0,0,17.28,77.13253012048195,2
18,96,0,0,1,1,1,21,1,5,1,64,95,1,2,0,0,74.0,20.5,31,5.277777777777778,-1,2.5,0,17.28,70.58232931726909,2
18,96,2,0,2,1,1,26,0,10,1,77,97,1,2,0,0,79.2,23.0,20,5.388888888888889,2,3.0,4,17.28,77.13253012048195,2
18,96,2,0,2,1,1,21,1,5,1,64,95,1,2,0,0,74.0,20.5,31,5.277777777777778,2,2.5,4,17.28,70.58232931726909,2
18,96,2,1,1,1,1,26,0,10,1,77,97,1,2,0,0,89.2,23.0,20,5.388888888888889,1,3.0,2,17.28,86.8714859437751,2
18,96,2,1,1,1,1,21,1,5,1,64,95,1,2,0,0,84.0,20.5,31,5.277777777777778,1,2.5,2,17.28,80.12048192771084,2
18,96,2,1,2,1,1,26,0,10,1,77,97,1,2,0,0,89.2,23.0,20,5.388888888888889,2,3.0,4,17.28,86.8714859437751,2
18,96,2,1,2,1,1,21,1,5,1,64,95,1,2,0,0,84.0,20.5,31,5.277777777777778,2,2.5,4,17.28,80.12048192771084,2
17,65,1,1,1,1,1,23,2,17,1,73,54,1,1,3,0,75.2,25.5,-19,3.176470588235294,1,3.7,1,11.05,40.7710843373494,2
17,65,1,1,1,1,1,29,3,15,1,65,87,0,2,0,0,72.0,24.5,22,5.117647058823529,0,2.5,1,11.05,62.89156626506024,2
17,65,1,1,0,1,1,23,2,17,1,73,54,1,1,3,0,75.2,25.5,-19,3.176470588235294,0,3.7,0,11.05,40.7710843373494,2
17,65,1,1,0,1,1,29,3,15,1,65,87,0,2,0,0,72.0,24.5,22,5.117647058823529,-1,2.5,0,11.05,62.89156626506024,2
17,65,2,0,1,1,1,23,2,17,1,73,54,1,1,3,0,65.2,25.5,-19,3.176470588235294,2,3.7,2,11.05,35.34939759036145,2
17,65,2,0,1,1,1,29,3,15,1,65,87,0,2,0,0,62.0,24.5,22,5.117647058823529,1,2.5,2,11.05,54.156626506024104,2
17,65,1,0,1,1,1,23,2,17,1,73,54,1,1,3,0,65.2,25.5,-19,3.176470588235294,1,3.7,1,11.05,35.34939759036145,2
17,65,1,0,1,1,1,29,3,15,1,65,87,0,2,0,0,62.0,24.5,22,5.117647058823529,0,2.5,1,11.05,54.156626506024104,2
17,65,2,1,0,1,1,23,2,17,1,73,54,1,1,3,0,75.2,25.5,-19,3.176470588235294,1,3.7,0,11.05,40.7710843373494,2
17,65,2,1,0,1,1,29,3,15,1,65,87,0,2,0,0,72.0,24.5,22,5.117647058823529,0,2.5,0,11.05,62.89156626506024,2
10,76,1,1,1,1,0,29,2,7,1,94,86,1,0,0,0,88.0,13.5,-8,8.6,2,2.7,1,7.6,75.98393574297188,2
10,76,1,1,1,1,0,28,3,7,0,100,44,1,1,3,0,80.4,13.5,-56,4.4,1,2.7,1,7.6,35.518072289156635,2
10,76,1,1,1,1,0,19,0,12,1,53,54,1,2,3,0,71.60000000000001,16.0,1,5.4,0,3.2,1,7.6,38.819277108433745,2
10,76,0,1,0,1,0,29,2,7,1,94,86,1,0,0,0,88.0,13.5,-8,8.6,0,2.7,0,7.6,75.98393574297188,2
10,76,0,1,0,1,0,28,3,7,0,100,44,1,1,3,0,80.4,13.5,-56,4.4,-1,2.7,0,7.6,35.518072289156635,2
10,76,0,1,0,1,0,19,0,12,1,53,54,1,2,3,0,71.60000000000001,16.0,1,5.4,-2,3.2,0,7.6,38.819277108433745,2
19,74,2,1,1,1,1,20,1,18,1,85,83,1,1,1,0,83.6,28.0,-2,4.368421052631579,2,3.8,2,14.06,69.66666666666667,2
19,74,2,0,2,1,1,20,1,18,1,85,83,1,1,1,0,73.6,28.0,-2,4.368421052631579,3,3.8,4,14.06,61.33333333333333,2
19,74,1,0,2,1,1,20,1,18,1,85,83,1,1,1,0,73.6,28.0,-2,4.368421052631579,2,3.8,2,14.06,61.33333333333333,2
19,74,1,1,1,1,1,20,1,18,1,85,83,1,1,1,0,83.6,28.0,-2,4.368421052631579,1,3.8,1,14.06,69.66666666666667,2
9,65,1,0,0,1,1,18,1,11,1,79,45,0,1,3,0,67.6,14.5,-34,5.0,0,2.1,0,5.8500000000000005,30.542168674698797,2
9,65,1,0,0,1,1,27,0,9,1,96,70,0,2,1,1,74.4,13.5,-26,7.777777777777778,-1,1.9,0,5.8500000000000005,52.28915662650603,2
9,65,1,1,1,1,1,18,1,11,1,79,45,0,1,3,0,77.6,14.5,-34,5.0,1,2.1,1,5.8500000000000005,35.06024096385542,2
9,65,1,1,1,1,1,27,0,9,1,96,70,0,2,1,1,84.4,13.5,-26,7.777777777777778,0,1.9,1,5.8500000000000005,59.31726907630523,2
8,85,0,1,0,1,1,19,1,4,1,81,89,1,1,0,0,86.4,10.0,8,11.125,-1,2.4,0,6.8,77.20481927710844,2
8,85,0,1,0,1,1,24,1,2,0,64,90,0,2,0,0,69.6,9.0,26,11.25,-2,1.2,0,6.8,62.89156626506024,2
13,98,2,1,1,1,0,25,2,5,1,53,46,0,2,3,0,80.4,15.5,-7,3.5384615384615383,1,1.5,2,12.74,37.13253012048194,2
13,98,2,1,1,1,0,18,1,5,0,66,74,1,2,1,0,75.60000000000001,15.5,8,5.6923076923076925,1,2.5,2,12.74,56.168674698795186,2
13,98,0,1,1,1,0,25,2,5,1,53,46,0,2,3,0,80.4,15.5,-7,3.5384615384615383,-1,1.5,0,12.74,37.13253012048194,2
13,98,0,1,1,1,0,18,1,5,0,66,74,1,2,1,0,75.60000000000001,15.5,8,5.6923076923076925,-1,2.5,0,12.74,56.168674698795186,2
11,75,1,0,1,1,1,29,2,10,0,77,93,1,0,0,0,60.8,16.0,16,8.454545454545455,2,3.0,1,8.25,56.7710843373494,2
11,79,1,0,0,1,0,28,2,10,1,69,56,1,2,2,0,69.2,16.0,-13,5.090909090909091,-1,3.0,0,8.690000000000001,38.90763052208836,2
11,79,1,0,0,1,0,23,2,4,0,82,43,1,2,3,0,64.4,13.0,-39,3.909090909090909,-1,2.4,0,8.690000000000001,27.803212851405625,2
11,79,1,0,0,1,0,20,1,12,0,72,40,1,0,3,0,60.400000000000006,17.0,-32,3.6363636363636362,1,3.2,0,8.690000000000001,24.257028112449802,2
11,79,2,1,1,1,0,28,2,10,1,69,56,1,2,2,0,79.2,16.0,-13,5.090909090909091,1,3.0,2,8.690000000000001,44.53012048192772,2
11,79,2,1,1,1,0,23,2,4,0,82,43,1,2,3,0,74.4,13.0,-39,3.909090909090909,1,2.4,2,8.690000000000001,32.12048192771085,2
11,79,2,1,1,1,0,20,1,12,0,72,40,1,0,3,0,70.4,17.0,-32,3.6363636363636362,3,3.2,2,8.690000000000001,28.273092369477915,2
11,79,1,1,1,1,0,28,2,10,1,69,56,1,2,2,0,79.2,16.0,-13,5.090909090909091,0,3.0,1,8.690000000000001,44.53012048192772,2
11,79,1,1,1,1,0,23,2,4,0,82,43,1,2,3,0,74.4,13.0,-39,3.909090909090909,0,2.4,1,8.690000000000001,32.12048192771085,2
11,79,1,1,1,1,0,20,1,12,0,72,40,1,0,3,0,70.4,17.0,-32,3.6363636363636362,2,3.2,1,8.690000000000001,28.273092369477915,2
12,69,1,1,0,1,0,23,0,5,1,86,79,1,2,1,0,82.0,14.5,-7,6.583333333333333,-1,2.5,0,8.28,65.04016064257029,2
17,62,0,1,0,1,1,26,0,1,1,67,62,1,2,2,0,71.6,17.5,-5,3.6470588235294117,-2,2.1,0,10.54,44.57028112449799,2
17,62,1,0,2,1,1,26,0,1,1,67,62,1,2,2,0,61.6,17.5,-5,3.6470588235294117,1,2.1,2,10.54,38.34538152610442,2
17,62,1,1,1,1,1,26,0,1,1,67,62,1,2,2,0,71.6,17.5,-5,3.6470588235294117,0,2.1,1,10.54,44.57028112449799,2
20,78,1,0,1,1,1,27,3,17,1,83,100,1,1,0,0,74.4,28.5,17,5.0,1,3.7,1,15.600000000000001,74.6987951807229,2
20,78,1,0,1,1,1,18,0,3,1,77,96,1,1,0,0,72.0,21.5,19,4.8,1,2.3,1,15.600000000000001,69.39759036144578,2
20,78,1,1,0,1,1,27,3,17,1,83,100,1,1,0,0,84.4,28.5,17,5.0,0,3.7,0,15.600000000000001,84.73895582329318,2
20,78,1,1,0,1,1,18,0,3,1,77,96,1,1,0,0,82.0,21.5,19,4.8,0,2.3,0,15.600000000000001,79.03614457831326,2
20,78,1,1,1,1,1,27,3,17,1,83,100,1,1,0,0,84.4,28.5,17,5.0,1,3.7,1,15.600000000000001,84.73895582329318,2
20,78,1,1,1,1,1,18,0,3,1,77,96,1,1,0,0,82.0,21.5,19,4.8,1,2.3,1,15.600000000000001,79.03614457831326,2
20,78,1,0,2,1,1,27,3,17,1,83,100,1,1,0,0,74.4,28.5,17,5.0,2,3.7,2,15.600000000000001,74.6987951807229,2
20,78,1,0,2,1,1,18,0,3,1,77,96,1,1,0,0,72.0,21.5,19,4.8,2,2.3,2,15.600000000000001,69.39759036144578,2
16,68,2,1,1,1,1,28,3,2,1,50,96,1,2,0,0,67.2,17.0,46,6.0,1,2.2,2,10.88,64.77108433734941,2
16,68,2,1,1,1,1,24,1,15,1,60,76,0,1,1,0,71.2,23.5,16,4.75,2,2.5,2,10.88,54.32931726907631,2
16,68,2,1,1,1,1,18,0,17,1,68,46,1,1,3,0,74.4,24.5,-22,2.875,2,3.7,2,10.88,34.36144578313253,2
16,68,2,1,1,1,1,21,1,0,1,82,45,0,1,3,0,80.0,16.0,-37,2.8125,2,1.0,2,10.88,36.144578313253014,2
16,68,2,1,1,1,1,20,1,8,1,96,66,1,2,2,0,85.60000000000001,20.0,-30,4.125,1,2.8,2,10.88,56.72289156626507,2
16,68,1,0,1,1,1,28,3,2,1,50,96,1,2,0,0,57.2,17.0,46,6.0,0,2.2,1,10.88,55.13253012048193,2
16,68,1,0,1,1,1,24,1,15,1,60,76,0,1,1,0,61.2,23.5,16,4.75,1,2.5,1,10.88,46.6987951807229,2
16,68,1,0,1,1,1,21,1,0,1,82,45,0,1,3,0,70.0,16.0,-37,2.8125,1,1.0,1,10.88,31.62650602409639,2
16,68,1,0,1,1,1,20,1,8,1,96,66,1,2,2,0,75.60000000000001,20.0,-30,4.125,0,2.8,1,10.88,50.09638554216868,2
16,68,0,1,1,1,1,28,3,2,1,50,96,1,2,0,0,67.2,17.0,46,6.0,-1,2.2,0,10.88,64.77108433734941,2
16,68,0,1,1,1,1,24,1,15,1,60,76,0,1,1,0,71.2,23.5,16,4.75,0,2.5,0,10.88,54.32931726907631,2
16,68,0,1,1,1,1,18,0,17,1,68,46,1,1,3,0,74.4,24.5,-22,2.875,0,3.7,0,10.88,34.36144578313253,2
16,68,0,1,1,1,1,21,1,0,1,82,45,0,1,3,0,80.0,16.0,-37,2.8125,0,1.0,0,10.88,36.144578313253014,2
16,68,0,1,1,1,1,20,1,8,1,96,66,1,2,2,0,85.60000000000001,20.0,-30,4.125,-1,2.8,0,10.88,56.72289156626507,2
11,70,0,1,0,1,0,22,3,15,1,94,90,1,1,0,0,85.6,18.5,-4,8.181818181818182,-1,3.5,0,7.699999999999999,77.34939759036145,2
11,70,2,1,0,1,0,22,3,15,1,94,90,1,1,0,0,85.6,18.5,-4,8.181818181818182,1,3.5,0,7.699999999999999,77.34939759036145,2
11,70,1,0,1,1,0,22,3,15,1,94,90,1,1,0,0,75.6,18.5,-4,8.181818181818182,1,3.5,1,7.699999999999999,68.3132530120482,2
14,63,1,0,0,1,0,23,2,15,1,52,72,0,1,1,0,56.0,21.5,20,5.142857142857143,0,2.5,0,8.82,40.48192771084337,2
14,63,2,0,1,1,0,23,2,15,1,52,72,0,1,1,0,56.0,21.5,20,5.142857142857143,2,2.5,2,8.82,40.48192771084337,2
14,63,0,1,1,1,0,23,2,15,1,52,72,0,1,1,0,66.0,21.5,20,5.142857142857143,0,2.5,0,8.82,47.71084337349398,2
16,82,2,1,1,1,1,23,3,1,1,69,59,1,0,2,0,80.4,16.5,-10,3.6875,3,2.1,2,13.12,47.62650602409639,2
16,82,2,1,1,1,1,26,3,1,0,85,60,1,1,2,0,76.80000000000001,16.5,-25,3.75,2,2.1,2,13.12,46.26506024096386,2
16,82,2,1,1,1,1,19,2,18,1,50,81,1,2,1,0,72.80000000000001,25.0,31,5.0625,1,3.8,2,13.12,59.20481927710845,2
16,82,1,1,1,1,1,23,3,1,1,69,59,1,0,2,0,80.4,16.5,-10,3.6875,2,2.1,1,13.12,47.62650602409639,2
16,82,1,1,1,1,1,26,3,1,0,85,60,1,1,2,0,76.80000000000001,16.5,-25,3.75,1,2.1,1,13.12,46.26506024096386,2
16,82,1,1,1,1,1,19,2,18,1,50,81,1,2,1,0,72.80000000000001,25.0,31,5.0625,0,3.8,1,13.12,59.20481927710845,2
16,82,1,1,2,1,1,23,3,1,1,69,59,1,0,2,0,80.4,16.5,-10,3.6875,3,2.1,2,13.12,47.62650602409639,2
16,82,1,1,2,1,1,26,3,1,0,85,60,1,1,2,0,76.80000000000001,16.5,-25,3.75,2,2.1,2,13.12,46.26506024096386,2
16,82,1,1,2,1,1,19,2,18,1,50,81,1,2,1,0,72.80000000000001,25.0,31,5.0625,1,3.8,2,13.12,59.20481927710845,2
16,82,2,0,0,1,1,23,3,1,1,69,59,1,0,2,0,70.4,16.5,-10,3.6875,2,2.1,0,13.12,41.70281124497993,2
16,82,2,0,0,1,1,26,3,1,0,85,60,1,1,2,0,66.80000000000001,16.5,-25,3.75,1,2.1,0,13.12,40.2409638554217,2
16,82,2,0,0,1,1,19,2,18,1,50,81,1,2,1,0,62.800000000000004,25.0,31,5.0625,0,3.8,0,13.12,51.07228915662651,2
16,82,0,0,0,1,1,23,3,1,1,69,59,1,0,2,0,70.4,16.5,-10,3.6875,0,2.1,0,13.12,41.70281124497993,2
16,82,0,0,0,1,1,26,3,1,0,85,60,1,1,2,0,66.80000000000001,16.5,-25,3.75,-1,2.1,0,13.12,40.2409638554217,2
16,82,0,0,0,1,1,19,2,18,1,50,81,1,2,1,0,62.800000000000004,25.0,31,5.0625,-2,3.8,0,13.12,51.07228915662651,2
16,82,1,0,1,1,1,23,3,1,1,69,59,1,0,2,0,70.4,16.5,-10,3.6875,2,2.1,1,13.12,41.70281124497993,2
16,82,1,0,1,1,1,26,3,1,0,85,60,1,1,2,0,66.80000000000001,16.5,-25,3.75,1,2.1,1,13.12,40.2409638554217,2
16,82,1,0,1,1,1,19,2,18,1,50,81,1,2,1,0,62.800000000000004,25.0,31,5.0625,0,3.8,1,13.12,51.07228915662651,2
16,82,2,1,0,1,1,23,3,1,1,69,59,1,0,2,0,80.4,16.5,-10,3.6875,2,2.1,0,13.12,47.62650602409639,2
16,82,2,1,0,1,1,26,3,1,0,85,60,1,1,2,0,76.80000000000001,16.5,-25,3.75,1,2.1,0,13.12,46.26506024096386,2
16,82,2,1,0,1,1,19,2,18,1,50,81,1,2,1,0,72.80000000000001,25.0,31,5.0625,0,3.8,0,13.12,59.20481927710845,2
11,80,1,1,0,1,1,26,2,12,1,98,42,1,1,3,0,91.2,17.0,-56,3.8181818181818183,0,3.2,0,8.8,38.45783132530121,2
11,80,1,1,0,1,1,29,2,1,1,79,66,0,2,2,0,83.6,11.5,-13,6.0,-1,1.1,0,8.8,55.397590361445786,2
7,75,2,1,1,1,0,27,3,6,0,62,47,0,2,3,0,64.8,10.0,-15,6.714285714285714,1,1.6,2,5.25,30.57831325301205,2
7,75,2,1,1,1,0,19,2,12,0,65,40,1,1,3,0,66.0,13.0,-25,5.714285714285714,2,3.2,2,5.25,26.506024096385545,2
9,78,1,1,0,1,1,23,3,3,1,53,83,0,1,1,0,72.4,10.5,30,9.222222222222221,0,1.3,0,7.0200000000000005,60.333333333333336,2
9,78,1,1,0,1,1,25,1,8,1,64,99,0,2,0,0,76.80000000000001,13.0,35,11.0,-1,1.8,0,7.0200000000000005,76.33734939759037,2
9,78,1,1,0,1,1,22,3,11,1,62,57,0,2,2,0,76.0,14.5,-5,6.333333333333333,-1,2.1,0,7.0200000000000005,43.49397590361446,2
9,78,1,0,0,1,1,23,3,3,1,53,83,0,1,1,0,62.400000000000006,10.5,30,9.222222222222221,0,1.3,0,7.0200000000000005,52.000000000000014,2
9,78,1,0,0,1,1,25,1,8,1,64,99,0,2,0,0,66.80000000000001,13.0,35,11.0,-1,1.8,0,7.0200000000000005,66.3975903614458,2
9,78,1,0,0,1,1,22,3,11,1,62,57,0,2,2,0,66.0,14.5,-5,6.333333333333333,-1,2.1,0,7.0200000000000005,37.7710843373494,2
9,78,2,0,1,1,1,23,3,3,1,53,83,0,1,1,0,62.400000000000006,10.5,30,9.222222222222221,2,1.3,2,7.0200000000000005,52.000000000000014,2
9,78,2,0,1,1,1,25,1,8,1,64,99,0,2,0,0,66.80000000000001,13.0,35,11.0,1,1.8,2,7.0200000000000005,66.3975903614458,2
9,78,2,0,1,1,1,22,3,11,1,62,57,0,2,2,0,66.0,14.5,-5,6.333333333333333,1,2.1,2,7.0200000000000005,37.7710843373494,2
14,77,2,0,0,1,1,20,1,2,1,52,83,1,0,1,0,61.6,15.0,31,5.928571428571429,2,2.2,0,10.780000000000001,51.333333333333336,2
14,77,2,0,0,1,1,21,3,14,0,97,70,1,2,1,0,69.60000000000001,21.0,-27,5.0,0,3.4000000000000004,0,10.780000000000001,48.91566265060242,2
14,77,2,0,0,1,1,23,0,12,0,68,91,0,0,0,0,58.0,20.0,23,6.5,2,2.2,0,10.780000000000001,52.99196787148595,2
14,77,2,0,0,1,1,22,0,18,0,60,59,1,0,2,0,54.8,23.0,-1,4.214285714285714,2,3.8,0,10.780000000000001,32.46184738955823,2
14,77,1,1,1,1,1,20,1,2,1,52,83,1,0,1,0,71.6,15.0,31,5.928571428571429,2,2.2,1,10.780000000000001,59.666666666666664,2
14,77,1,1,1,1,1,21,3,14,0,97,70,1,2,1,0,79.60000000000001,21.0,-27,5.0,0,3.4000000000000004,1,10.780000000000001,55.943775100401616,2
14,77,1,1,1,1,1,23,0,12,0,68,91,0,0,0,0,68.0,20.0,23,6.5,2,2.2,1,10.780000000000001,62.1285140562249,2
14,77,1,1,1,1,1,22,0,18,0,60,59,1,0,2,0,64.8,23.0,-1,4.214285714285714,2,3.8,1,10.780000000000001,38.3855421686747,2
14,77,1,1,0,1,1,20,1,2,1,52,83,1,0,1,0,71.6,15.0,31,5.928571428571429,1,2.2,0,10.780000000000001,59.666666666666664,2
14,77,1,1,0,1,1,21,3,14,0,97,70,1,2,1,0,79.60000000000001,21.0,-27,5.0,-1,3.4000000000000004,0,10.780000000000001,55.943775100401616,2
14,77,1,1,0,1,1,23,0,12,0,68,91,0,0,0,0,68.0,20.0,23,6.5,1,2.2,0,10.780000000000001,62.1285140562249,2
14,77,1,1,0,1,1,22,0,18,0,60,59,1,0,2,0,64.8,23.0,-1,4.214285714285714,1,3.8,0,10.780000000000001,38.3855421686747,2
14,77,2,1,0,1,1,20,1,2,1,52,83,1,0,1,0,71.6,15.0,31,5.928571428571429,2,2.2,0,10.780000000000001,59.666666666666664,2
14,77,2,1,0,1,1,21,3,14,0,97,70,1,2,1,0,79.60000000000001,21.0,-27,5.0,0,3.4000000000000004,0,10.780000000000001,55.943775100401616,2
14,77,2,1,0,1,1,23,0,12,0,68,91,0,0,0,0,68.0,20.0,23,6.5,2,2.2,0,10.780000000000001,62.1285140562249,2
14,77,2,1,0,1,1,22,0,18,0,60,59,1,0,2,0,64.8,23.0,-1,4.214285714285714,2,3.8,0,10.780000000000001,38.3855421686747,2
14,77,0,0,1,1,1,20,1,2,1,52,83,1,0,1,0,61.6,15.0,31,5.928571428571429,1,2.2,0,10.780000000000001,51.333333333333336,2
14,77,0,0,1,1,1,21,3,14,0,97,70,1,2,1,0,69.60000000000001,21.0,-27,5.0,-1,3.4000000000000004,0,10.780000000000001,48.91566265060242,2
14,77,0,0,1,1,1,23,0,12,0,68,91,0,0,0,0,58.0,20.0,23,6.5,1,2.2,0,10.780000000000001,52.99196787148595,2
14,77,0,0,1,1,1,22,0,18,0,60,59,1,0,2,0,54.8,23.0,-1,4.214285714285714,1,3.8,0,10.780000000000001,32.46184738955823,2
14,77,1,0,2,1,1,20,1,2,1,52,83,1,0,1,0,61.6,15.0,31,5.928571428571429,3,2.2,2,10.780000000000001,51.333333333333336,2
14,77,1,0,2,1,1,21,3,14,0,97,70,1,2,1,0,69.60000000000001,21.0,-27,5.0,1,3.4000000000000004,2,10.780000000000001,48.91566265060242,2
14,77,1,0,2,1,1,23,0,12,0,68,91,0,0,0,0,58.0,20.0,23,6.5,3,2.2,2,10.780000000000001,52.99196787148595,2
14,77,1,0,2,1,1,22,0,18,0,60,59,1,0,2,0,54.8,23.0,-1,4.214285714285714,3,3.8,2,10.780000000000001,32.46184738955823,2
11,82,0,0,0,1,0,29,2,9,1,92,49,0,2,3,0,79.60000000000001,15.5,-43,4.454545454545454,-2,1.9,0,9.02,39.160642570281134,2
11,82,0,0,0,1,0,23,3,14,0,87,59,1,2,2,0,67.60000000000001,18.0,-28,5.363636363636363,-2,3.4000000000000004,0,9.02,40.044176706827315,2
11,82,2,0,2,1,0,29,2,9,1,92,49,0,2,3,0,79.60000000000001,15.5,-43,4.454545454545454,2,1.9,4,9.02,39.160642570281134,2
11,82,2,0,2,1,0,23,3,14,0,87,59,1,2,2,0,67.60000000000001,18.0,-28,5.363636363636363,2,3.4000000000000004,4,9.02,40.044176706827315,2
10,90,1,1,0,1,0,23,2,8,0,96,98,1,0,0,0,84.4,14.0,2,9.8,1,2.8,0,9.0,83.04417670682732,2
10,90,1,1,0,1,0,23,1,11,1,66,100,1,0,0,0,82.4,15.5,34,10.0,1,3.1,0,9.0,82.73092369477912,2
12,74,0,1,0,1,1,22,2,6,1,93,86,1,2,0,0,86.80000000000001,15.0,-7,7.166666666666667,-2,2.6,0,8.879999999999999,74.94779116465865,2
12,74,1,0,1,1,1,22,2,6,1,93,86,1,2,0,0,76.80000000000001,15.0,-7,7.166666666666667,0,2.6,1,8.879999999999999,66.31325301204821,2
12,74,1,0,2,1,1,22,2,6,1,93,86,1,2,0,0,76.80000000000001,15.0,-7,7.166666666666667,1,2.6,2,8.879999999999999,66.31325301204821,2
12,74,2,1,2,1,1,22,2,6,1,93,86,1,2,0,0,86.80000000000001,15.0,-7,7.166666666666667,2,2.6,4,8.879999999999999,74.94779116465865,2
18,79,1,1,0,1,0,22,0,14,1,91,89,1,2,0,0,88.0,25.0,-2,4.944444444444445,-1,3.4000000000000004,0,14.22,78.63453815261045,2
18,79,1,1,0,1,0,21,1,8,1,71,70,1,0,1,0,80.0,22.0,-1,3.888888888888889,1,2.8,0,14.22,56.22489959839358,2
18,79,1,1,1,1,0,22,0,14,1,91,89,1,2,0,0,88.0,25.0,-2,4.944444444444445,0,3.4000000000000004,1,14.22,78.63453815261045,2
18,79,1,1,1,1,0,21,1,8,1,71,70,1,0,1,0,80.0,22.0,-1,3.888888888888889,2,2.8,1,14.22,56.22489959839358,2
18,79,1,0,2,1,0,22,0,14,1,91,89,1,2,0,0,78.0,25.0,-2,4.944444444444445,1,3.4000000000000004,2,14.22,69.6987951807229,2
18,79,1,0,2,1,0,21,1,8,1,71,70,1,0,1,0,70.0,22.0,-1,3.888888888888889,3,2.8,2,14.22,49.19678714859438,2
18,79,2,0,0,1,0,22,0,14,1,91,89,1,2,0,0,78.0,25.0,-2,4.944444444444445,0,3.4000000000000004,0,14.22,69.6987951807229,2
18,79,2,0,0,1,0,21,1,8,1,71,70,1,0,1,0,70.0,22.0,-1,3.888888888888889,2,2.8,0,14.22,49.19678714859438,2
18,79,2,1,1,1,0,22,0,14,1,91,89,1,2,0,0,88.0,25.0,-2,4.944444444444445,1,3.4000000000000004,2,14.22,78.63453815261045,2
18,79,2,1,1,1,0,21,1,8,1,71,70,1,0,1,0,80.0,22.0,-1,3.888888888888889,3,2.8,2,14.22,56.22489959839358,2
14,88,1,1,1,1,0,20,1,5,1,64,65,1,1,2,0,80.80000000000001,16.5,1,4.642857142857143,1,2.5,1,12.32,52.73092369477913,2
14,88,1,1,1,1,0,24,2,6,1,95,55,1,2,2,0,93.2,17.0,-40,3.9285714285714284,0,2.6,1,12.32,51.46586345381527,2
18,65,1,1,1,1,0,21,0,14,1,99,81,0,1,1,1,85.6,25.0,-18,4.5,1,2.4000000000000004,1,11.700000000000001,69.6144578313253,2
18,65,2,1,0,1,0,21,0,14,1,99,81,0,1,1,1,85.6,25.0,-18,4.5,1,2.4000000000000004,0,11.700000000000001,69.6144578313253,2
12,76,0,1,1,1,0,24,3,12,0,98,46,1,2,3,0,79.60000000000001,18.0,-52,3.8333333333333335,-1,3.2,0,9.120000000000001,36.76305220883535,2
12,76,0,1,1,1,0,28,3,5,1,78,63,0,2,2,0,81.60000000000001,14.5,-15,5.25,-1,1.5,0,9.120000000000001,51.6144578313253,2
12,84,1,0,1,1,1,28,0,4,0,51,100,1,0,0,0,54.0,14.0,49,8.333333333333334,2,2.4,1,10.08,54.216867469879524,2
11,88,2,1,0,1,1,24,0,10,1,51,62,0,0,2,0,75.60000000000001,16.0,11,5.636363636363637,2,2.0,0,9.68,47.06024096385543,2
11,88,2,1,0,1,1,27,3,16,1,74,82,0,2,1,0,84.80000000000001,19.0,8,7.454545454545454,0,2.6,0,9.68,69.81526104417672,2
11,88,1,1,0,1,1,24,0,10,1,51,62,0,0,2,0,75.60000000000001,16.0,11,5.636363636363637,1,2.0,0,9.68,47.06024096385543,2
11,88,1,1,0,1,1,27,3,16,1,74,82,0,2,1,0,84.80000000000001,19.0,8,7.454545454545454,-1,2.6,0,9.68,69.81526104417672,2
12,75,1,1,2,1,0,26,2,17,1,79,86,1,2,0,0,81.6,20.5,7,7.166666666666667,1,3.7,2,9.0,70.4578313253012,2
12,75,1,1,2,1,0,26,2,2,1,54,93,1,0,0,0,71.6,13.0,39,7.75,3,2.2,2,9.0,66.85542168674698,2
12,75,2,0,0,1,0,26,2,17,1,79,86,1,2,0,0,71.6,20.5,7,7.166666666666667,0,3.7,0,9.0,61.82329317269076,2
12,75,2,0,0,1,0,26,2,2,1,54,93,1,0,0,0,61.6,13.0,39,7.75,2,2.2,0,9.0,57.51807228915663,2
20,95,2,1,0,1,1,18,3,20,1,61,92,1,0,0,0,82.4,30.0,31,4.6,2,4.0,0,19.0,76.1124497991968,2
16,72,1,0,1,1,0,29,3,15,0,68,82,1,1,1,0,56.0,23.5,14,5.125,1,3.5,1,11.52,46.10441767068273,2
16,72,1,0,1,1,0,18,0,9,0,53,97,1,1,0,0,50.0,20.5,44,6.0625,1,2.9,1,11.52,48.69477911646587,2
16,72,1,0,1,1,0,21,2,14,1,86,73,1,2,1,0,73.2,23.0,-13,4.5625,0,3.4000000000000004,1,11.52,53.65060240963856,2
17,83,1,1,0,1,1,19,2,2,1,83,94,1,2,0,0,86.4,18.0,11,5.529411764705882,-1,2.2,0,14.11,81.54216867469881,2
17,83,1,0,1,1,1,19,2,2,1,83,94,1,2,0,0,76.4,18.0,11,5.529411764705882,0,2.2,1,14.11,72.10441767068274,2
17,83,1,1,1,1,1,19,2,2,1,83,94,1,2,0,0,86.4,18.0,11,5.529411764705882,0,2.2,1,14.11,81.54216867469881,2
17,83,0,1,0,1,1,19,2,2,1,83,94,1,2,0,0,86.4,18.0,11,5.529411764705882,-2,2.2,0,14.11,81.54216867469881,2
17,83,2,0,0,1,1,19,2,2,1,83,94,1,2,0,0,76.4,18.0,11,5.529411764705882,0,2.2,0,14.11,72.10441767068274,2
17,83,1,1,2,1,1,19,2,2,1,83,94,1,2,0,0,86.4,18.0,11,5.529411764705882,1,2.2,2,14.11,81.54216867469881,2
12,81,1,1,1,1,1,23,2,16,1,78,80,1,1,1,0,83.6,20.0,2,6.666666666666667,1,3.6,1,9.72,67.14859437751004,2
12,81,1,1,1,1,1,24,2,17,0,76,74,1,2,1,0,72.8,20.5,-2,6.166666666666667,0,3.7,1,9.72,54.088353413654616,2
12,81,1,1,1,1,1,26,0,14,1,67,63,0,2,2,0,79.2,19.0,-4,5.25,0,2.4000000000000004,1,9.72,50.09638554216868,2
12,81,1,1,1,1,1,25,3,12,1,93,67,1,2,2,0,89.6,18.0,-26,5.583333333333333,0,3.2,1,9.72,60.27309236947791,2
12,81,1,0,0,1,1,23,2,16,1,78,80,1,1,1,0,73.6,20.0,2,6.666666666666667,0,3.6,0,9.72,59.11646586345381,2
12,81,1,0,0,1,1,24,2,17,0,76,74,1,2,1,0,62.8,20.5,-2,6.166666666666667,-1,3.7,0,9.72,46.658634538152604,2
12,81,1,0,0,1,1,26,0,14,1,67,63,0,2,2,0,69.2,19.0,-4,5.25,-1,2.4000000000000004,0,9.72,43.7710843373494,2
12,81,1,0,0,1,1,25,3,12,1,93,67,1,2,2,0,79.6,18.0,-26,5.583333333333333,-1,3.2,0,9.72,53.54618473895582,2
12,81,1,1,2,1,1,23,2,16,1,78,80,1,1,1,0,83.6,20.0,2,6.666666666666667,2,3.6,2,9.72,67.14859437751004,2
12,81,1,1,2,1,1,24,2,17,0,76,74,1,2,1,0,72.8,20.5,-2,6.166666666666667,1,3.7,2,9.72,54.088353413654616,2
12,81,1,1,2,1,1,26,0,14,1,67,63,0,2,2,0,79.2,19.0,-4,5.25,1,2.4000000000000004,2,9.72,50.09638554216868,2
12,81,1,1,2,1,1,25,3,12,1,93,67,1,2,2,0,89.6,18.0,-26,5.583333333333333,1,3.2,2,9.72,60.27309236947791,2
16,63,1,0,2,1,0,24,3,9,1,80,53,1,1,3,0,67.2,20.5,-27,3.3125,2,2.9,2,10.08,35.75903614457832,2
16,63,1,0,2,1,0,25,0,4,0,53,66,0,0,2,0,46.400000000000006,18.0,13,4.125,3,1.4,2,10.08,30.746987951807235,2
16,63,2,0,0,1,0,24,3,9,1,80,53,1,1,3,0,67.2,20.5,-27,3.3125,1,2.9,0,10.08,35.75903614457832,2
16,63,2,0,0,1,0,25,0,4,0,53,66,0,0,2,0,46.400000000000006,18.0,13,4.125,2,1.4,0,10.08,30.746987951807235,2
16,63,0,0,1,1,0,24,3,9,1,80,53,1,1,3,0,67.2,20.5,-27,3.3125,0,2.9,0,10.08,35.75903614457832,2
16,63,0,0,1,1,0,25,0,4,0,53,66,0,0,2,0,46.400000000000006,18.0,13,4.125,1,1.4,0,10.08,30.746987951807235,2
17,75,2,1,1,1,0,24,0,8,1,81,68,0,1,2,0,82.4,21.0,-13,4.0,2,1.8,2,12.75,56.2570281124498,2
17,75,0,0,2,1,0,24,0,8,1,81,68,0,1,2,0,72.4,21.0,-13,4.0,1,1.8,0,12.75,49.42971887550201,2
19,94,0,0,1,1,0,18,1,18,0,98,87,1,2,0,0,76.80000000000001,28.0,-11,4.578947368421052,-1,3.8,0,17.86,67.0843373493976,2
19,94,2,0,1,1,0,18,1,18,0,98,87,1,2,0,0,76.80000000000001,28.0,-11,4.578947368421052,1,3.8,2,17.86,67.0843373493976,2
19,94,1,0,1,1,0,18,1,18,0,98,87,1,2,0,0,76.80000000000001,28.0,-11,4.578947368421052,0,3.8,1,17.86,67.0843373493976,2
19,94,1,1,1,1,0,18,1,18,0,98,87,1,2,0,0,86.80000000000001,28.0,-11,4.578947368421052,0,3.8,1,17.86,75.81927710843375,2
19,94,0,1,1,1,0,18,1,18,0,98,87,1,2,0,0,86.80000000000001,28.0,-11,4.578947368421052,-1,3.8,0,17.86,75.81927710843375,2
13,71,2,1,0,1,0,19,0,1,1,76,40,0,1,3,0,78.80000000000001,13.5,-36,3.076923076923077,1,1.1,0,9.23,31.646586345381532,2
13,71,2,1,0,1,0,27,2,7,0,81,68,1,1,2,0,70.8,16.5,-13,5.230769230769231,1,2.7,0,9.23,48.33734939759036,2
13,71,2,1,2,1,0,19,0,1,1,76,40,0,1,3,0,78.80000000000001,13.5,-36,3.076923076923077,3,1.1,4,9.23,31.646586345381532,2
13,71,2,1,2,1,0,27,2,7,0,81,68,1,1,2,0,70.8,16.5,-13,5.230769230769231,3,2.7,4,9.23,48.33734939759036,2
14,61,2,0,1,1,0,29,3,4,0,80,81,0,1,1,0,56.400000000000006,16.0,1,5.785714285714286,2,1.4,2,8.54,45.867469879518076,2
14,61,2,0,1,1,0,21,1,12,1,57,86,1,1,0,0,57.2,20.0,29,6.142857142857143,2,3.2,2,8.54,49.38955823293173,2
14,61,0,1,1,1,0,29,3,4,0,80,81,0,1,1,0,66.4,16.0,1,5.785714285714286,0,1.4,0,8.54,54.00000000000001,2
14,61,0,1,1,1,0,21,1,12,1,57,86,1,1,0,0,67.2,20.0,29,6.142857142857143,0,3.2,0,8.54,58.02409638554217,2
14,61,1,0,2,1,0,29,3,4,0,80,81,0,1,1,0,56.400000000000006,16.0,1,5.785714285714286,2,1.4,2,8.54,45.867469879518076,2
14,61,1,0,2,1,0,21,1,12,1,57,86,1,1,0,0,57.2,20.0,29,6.142857142857143,2,3.2,2,8.54,49.38955823293173,2
17,90,2,0,1,1,1,21,0,8,1,75,92,1,1,0,0,76.0,21.0,17,5.411764705882353,2,2.8,2,15.3,70.20080321285141,2
17,90,1,0,0,1,1,21,0,8,1,75,92,1,1,0,0,76.0,21.0,17,5.411764705882353,0,2.8,0,15.3,70.20080321285141,2
17,90,1,0,1,1,1,21,0,8,1,75,92,1,1,0,0,76.0,21.0,17,5.411764705882353,1,2.8,1,15.3,70.20080321285141,2
13,83,1,1,1,1,0,25,1,5,1,64,92,1,2,0,0,78.80000000000001,15.5,28,7.076923076923077,0,2.5,1,10.79,72.78714859437753,2
13,83,1,1,1,1,0,19,1,11,1,66,51,0,2,3,0,79.60000000000001,18.5,-15,3.923076923076923,0,2.1,1,10.79,40.759036144578324,2
13,83,0,0,2,1,0,25,1,5,1,64,92,1,2,0,0,68.80000000000001,15.5,28,7.076923076923077,0,2.5,0,10.79,63.55020080321287,2
13,83,0,0,2,1,0,20,3,8,1,93,41,1,2,3,0,80.4,17.0,-52,3.1538461538461537,0,2.8,0,10.79,33.09638554216868,2
13,83,0,0,2,1,0,19,1,11,1,66,51,0,2,3,0,69.60000000000001,18.5,-15,3.923076923076923,0,2.1,0,10.79,35.638554216867476,2
13,83,1,0,1,1,0,25,1,5,1,64,92,1,2,0,0,68.80000000000001,15.5,28,7.076923076923077,0,2.5,1,10.79,63.55020080321287,2
13,83,1,0,1,1,0,20,3,8,1,93,41,1,2,3,0,80.4,17.0,-52,3.1538461538461537,0,2.8,1,10.79,33.09638554216868,2
13,83,1,0,1,1,0,19,1,11,1,66,51,0,2,3,0,69.60000000000001,18.5,-15,3.923076923076923,0,2.1,1,10.79,35.638554216867476,2
19,68,1,1,1,1,1,25,0,12,1,63,91,0,0,0,0,72.4,25.0,28,4.7894736842105265,2,2.2,1,12.920000000000002,66.14859437751005,2
19,68,2,1,2,1,1,25,0,12,1,63,91,0,0,0,0,72.4,25.0,28,4.7894736842105265,4,2.2,4,12.920000000000002,66.14859437751005,2
19,68,0,1,0,1,1,25,0,12,1,63,91,0,0,0,0,72.4,25.0,28,4.7894736842105265,0,2.2,0,12.920000000000002,66.14859437751005,2
9,86,1,0,2,1,0,19,3,4,0,100,97,1,2,0,0,74.4,11.0,-3,10.777777777777779,1,2.4,2,7.74,72.45783132530121,2
9,86,1,0,2,1,0,28,1,18,0,60,70,0,1,1,0,58.4,18.0,10,7.777777777777778,2,2.8,2,7.74,41.044176706827315,2
9,86,1,0,2,1,0,29,1,16,1,65,44,0,2,3,0,70.4,17.0,-21,4.888888888888889,1,2.6,2,7.74,31.10040160642571,2
9,86,2,0,1,1,0,19,3,4,0,100,97,1,2,0,0,74.4,11.0,-3,10.777777777777779,1,2.4,2,7.74,72.45783132530121,2
9,86,2,0,1,1,0,28,1,18,0,60,70,0,1,1,0,58.4,18.0,10,7.777777777777778,2,2.8,2,7.74,41.044176706827315,2
9,86,2,0,1,1,0,29,1,16,1,65,44,0,2,3,0,70.4,17.0,-21,4.888888888888889,1,2.6,2,7.74,31.10040160642571,2
15,74,1,1,1,1,1,18,0,7,1,87,64,0,2,2,0,84.4,18.5,-23,4.266666666666667,0,1.7000000000000002,1,11.1,54.23293172690764,2
15,74,1,1,1,1,1,18,1,14,0,93,61,1,1,2,0,76.80000000000001,22.0,-32,4.066666666666666,1,3.4000000000000004,1,11.1,47.03614457831326,2
15,74,0,0,0,1,1,18,0,7,1,87,64,0,2,2,0,74.4,18.5,-23,4.266666666666667,-2,1.7000000000000002,0,11.1,47.807228915662655,2
15,74,0,0,0,1,1,18,1,14,0,93,61,1,1,2,0,66.80000000000001,22.0,-32,4.066666666666666,-1,3.4000000000000004,0,11.1,40.91164658634539,2
15,74,0,0,1,1,1,18,0,7,1,87,64,0,2,2,0,74.4,18.5,-23,4.266666666666667,-1,1.7000000000000002,0,11.1,47.807228915662655,2
15,74,0,0,1,1,1,18,1,14,0,93,61,1,1,2,0,66.80000000000001,22.0,-32,4.066666666666666,0,3.4000000000000004,0,11.1,40.91164658634539,2
15,74,2,0,1,1,1,18,0,7,1,87,64,0,2,2,0,74.4,18.5,-23,4.266666666666667,1,1.7000000000000002,2,11.1,47.807228915662655,2
15,74,2,0,1,1,1,18,1,14,0,93,61,1,1,2,0,66.80000000000001,22.0,-32,4.066666666666666,2,3.4000000000000004,2,11.1,40.91164658634539,2
15,74,1,1,0,1,1,18,0,7,1,87,64,0,2,2,0,84.4,18.5,-23,4.266666666666667,-1,1.7000000000000002,0,11.1,54.23293172690764,2
15,74,1,1,0,1,1,18,1,14,0,93,61,1,1,2,0,76.80000000000001,22.0,-32,4.066666666666666,0,3.4000000000000004,0,11.1,47.03614457831326,2
15,74,2,0,0,1,1,18,0,7,1,87,64,0,2,2,0,74.4,18.5,-23,4.266666666666667,0,1.7000000000000002,0,11.1,47.807228915662655,2
15,74,2,0,0,1,1,18,1,14,0,93,61,1,1,2,0,66.80000000000001,22.0,-32,4.066666666666666,1,3.4000000000000004,0,11.1,40.91164658634539,2
15,95,1,1,0,1,0,18,1,14,1,69,93,1,1,0,0,85.6,22.0,24,6.2,0,3.4000000000000004,0,14.25,79.92771084337349,2
15,95,1,1,0,1,0,18,3,18,0,63,94,0,0,0,0,73.2,24.0,31,6.266666666666667,1,2.8,0,14.25,69.0843373493976,2
15,95,1,1,0,1,0,22,0,17,1,90,61,0,1,2,0,94.0,23.5,-29,4.066666666666666,0,2.7,0,14.25,57.570281124497996,2
15,95,1,0,2,1,0,18,1,14,1,69,93,1,1,0,0,75.6,22.0,24,6.2,2,3.4000000000000004,2,14.25,70.59036144578313,2
15,95,1,0,2,1,0,18,3,18,0,63,94,0,0,0,0,63.2,24.0,31,6.266666666666667,3,2.8,2,14.25,59.646586345381536,2
15,95,1,0,2,1,0,22,0,17,1,90,61,0,1,2,0,84.0,23.5,-29,4.066666666666666,2,2.7,2,14.25,51.445783132530124,2
15,95,0,0,2,1,0,18,1,14,1,69,93,1,1,0,0,75.6,22.0,24,6.2,1,3.4000000000000004,0,14.25,70.59036144578313,2
15,95,0,0,2,1,0,18,3,18,0,63,94,0,0,0,0,63.2,24.0,31,6.266666666666667,2,2.8,0,14.25,59.646586345381536,2
15,95,0,0,2,1,0,22,0,17,1,90,61,0,1,2,0,84.0,23.5,-29,4.066666666666666,1,2.7,0,14.25,51.445783132530124,2
15,95,0,0,1,1,0,18,1,14,1,69,93,1,1,0,0,75.6,22.0,24,6.2,0,3.4000000000000004,0,14.25,70.59036144578313,2
15,95,0,0,1,1,0,18,3,18,0,63,94,0,0,0,0,63.2,24.0,31,6.266666666666667,1,2.8,0,14.25,59.646586345381536,2
15,95,0,0,1,1,0,22,0,17,1,90,61,0,1,2,0,84.0,23.5,-29,4.066666666666666,0,2.7,0,14.25,51.445783132530124,2
15,95,1,1,2,1,0,18,1,14,1,69,93,1,1,0,0,85.6,22.0,24,6.2,2,3.4000000000000004,2,14.25,79.92771084337349,2
15,95,1,1,2,1,0,18,3,18,0,63,94,0,0,0,0,73.2,24.0,31,6.266666666666667,3,2.8,2,14.25,69.0843373493976,2
15,95,1,1,2,1,0,22,0,17,1,90,61,0,1,2,0,94.0,23.5,-29,4.066666666666666,2,2.7,2,14.25,57.570281124497996,2
11,81,1,1,2,1,0,23,0,10,0,63,47,1,1,3,0,67.6,16.0,-16,4.2727272727272725,2,3.0,2,8.91,31.899598393574298,2
11,81,1,1,2,1,0,18,3,16,1,52,64,1,2,2,0,73.2,19.0,12,5.818181818181818,1,3.6,2,8.91,47.036144578313255,2
11,81,1,1,2,1,0,29,0,17,1,74,78,1,2,1,0,82.0,19.5,4,7.090909090909091,1,3.7,2,8.91,64.21686746987952,2
11,81,1,1,2,1,0,19,2,10,1,79,44,1,1,3,0,84.0,16.0,-35,4.0,2,3.0,2,8.91,37.10843373493976,2
11,81,1,1,2,1,0,21,3,10,0,94,52,1,2,3,0,80.0,16.0,-42,4.7272727272727275,1,3.0,2,8.91,41.76706827309237,2
12,98,2,1,1,1,0,22,1,18,1,73,72,1,1,1,0,88.4,21.0,-1,6.0,2,3.8,2,11.76,63.90361445783134,2
12,98,2,1,1,1,0,22,1,7,0,83,45,0,0,3,0,82.4,15.5,-38,3.75,3,1.7000000000000002,2,11.76,37.22891566265061,2
12,98,2,1,1,1,0,20,0,11,1,81,44,1,2,3,0,91.6,17.5,-37,3.6666666666666665,1,3.1,2,11.76,40.46586345381526,2
12,98,2,0,1,1,0,22,1,18,1,73,72,1,1,1,0,78.4,21.0,-1,6.0,2,3.8,2,11.76,56.67469879518073,2
12,98,2,0,1,1,0,22,1,7,0,83,45,0,0,3,0,72.4,15.5,-38,3.75,3,1.7000000000000002,2,11.76,32.71084337349398,2
12,98,2,0,1,1,0,20,0,11,1,81,44,1,2,3,0,81.6,17.5,-37,3.6666666666666665,1,3.1,2,11.76,36.04819277108434,2
12,98,1,0,1,1,0,22,1,18,1,73,72,1,1,1,0,78.4,21.0,-1,6.0,1,3.8,1,11.76,56.67469879518073,2
12,98,1,0,1,1,0,22,1,7,0,83,45,0,0,3,0,72.4,15.5,-38,3.75,2,1.7000000000000002,1,11.76,32.71084337349398,2
12,98,1,0,1,1,0,20,0,11,1,81,44,1,2,3,0,81.6,17.5,-37,3.6666666666666665,0,3.1,1,11.76,36.04819277108434,2
12,98,1,0,0,1,0,22,1,18,1,73,72,1,1,1,0,78.4,21.0,-1,6.0,0,3.8,0,11.76,56.67469879518073,2
12,98,1,0,0,1,0,22,1,7,0,83,45,0,0,3,0,72.4,15.5,-38,3.75,1,1.7000000000000002,0,11.76,32.71084337349398,2
12,98,1,0,0,1,0,20,0,11,1,81,44,1,2,3,0,81.6,17.5,-37,3.6666666666666665,-1,3.1,0,11.76,36.04819277108434,2
12,98,0,1,1,1,0,22,1,18,1,73,72,1,1,1,0,88.4,21.0,-1,6.0,0,3.8,0,11.76,63.90361445783134,2
12,98,0,1,1,1,0,22,1,7,0,83,45,0,0,3,0,82.4,15.5,-38,3.75,1,1.7000000000000002,0,11.76,37.22891566265061,2
12,98,0,1,1,1,0,20,0,11,1,81,44,1,2,3,0,91.6,17.5,-37,3.6666666666666665,-1,3.1,0,11.76,40.46586345381526,2
17,84,0,1,0,1,1,25,0,2,1,54,81,1,2,1,0,75.2,18.0,27,4.764705882352941,-2,2.2,0,14.28,61.156626506024104,2
17,84,2,0,2,1,1,25,0,2,1,54,81,1,2,1,0,65.2,18.0,27,4.764705882352941,2,2.2,4,14.28,53.02409638554217,2
17,84,2,1,1,1,1,25,0,2,1,54,81,1,2,1,0,75.2,18.0,27,4.764705882352941,1,2.2,2,14.28,61.156626506024104,2
17,84,2,0,1,1,1,25,0,2,1,54,81,1,2,1,0,65.2,18.0,27,4.764705882352941,1,2.2,2,14.28,53.02409638554217,2
7,69,2,1,2,1,1,23,0,6,1,62,59,1,1,2,0,72.4,10.0,-3,8.428571428571429,3,2.6,4,4.83,42.88755020080322,2
7,69,2,1,2,1,1,18,3,14,0,98,84,1,2,1,0,76.80000000000001,14.0,-14,12.0,2,3.4000000000000004,4,4.83,64.77108433734941,2
9,86,1,0,1,1,1,29,3,2,0,80,41,0,0,3,0,66.4,10.0,-39,4.555555555555555,2,1.2,1,7.74,27.333333333333336,2
9,86,1,0,1,1,1,26,0,14,1,50,96,1,1,0,0,64.4,16.0,46,10.666666666666666,1,3.4000000000000004,1,7.74,62.07228915662651,2
7,88,2,1,0,1,1,20,0,1,1,95,57,0,2,2,0,93.2,7.5,-38,8.142857142857142,0,1.1,0,6.16,53.337349397590366,2
7,88,2,1,0,1,1,28,2,12,0,97,69,0,2,2,0,84.0,13.0,-28,9.857142857142858,0,2.2,0,6.16,58.19277108433735,2
7,88,2,1,0,1,1,29,0,6,0,57,51,1,2,3,0,68.0,10.0,-6,7.285714285714286,0,2.6,0,6.16,34.81927710843374,2
14,93,1,0,0,1,1,18,1,2,0,77,83,0,2,1,0,68.0,15.0,6,5.928571428571429,-1,1.2,0,13.020000000000001,56.66666666666667,2
14,93,1,0,0,1,1,28,2,9,0,57,79,0,1,1,0,60.0,18.5,22,5.642857142857143,0,1.9,0,13.020000000000001,47.59036144578314,2
14,93,0,1,0,1,1,18,1,2,0,77,83,0,2,1,0,78.0,15.0,6,5.928571428571429,-2,1.2,0,13.020000000000001,65.0,2
14,93,0,1,0,1,1,28,2,9,0,57,79,0,1,1,0,70.0,18.5,22,5.642857142857143,-1,1.9,0,13.020000000000001,55.52208835341366,2
19,60,2,1,2,1,1,19,0,13,1,87,88,1,2,0,0,78.80000000000001,25.5,1,4.631578947368421,2,3.3,4,11.4,69.62248995983937,2
19,60,2,1,2,1,1,22,3,18,1,50,87,0,0,0,0,64.0,28.0,37,4.578947368421052,4,2.8,4,11.4,55.903614457831324,2
19,60,1,0,2,1,1,19,0,13,1,87,88,1,2,0,0,68.80000000000001,25.5,1,4.631578947368421,1,3.3,2,11.4,60.78714859437753,2
19,60,1,0,2,1,1,22,3,18,1,50,87,0,0,0,0,54.0,28.0,37,4.578947368421052,3,2.8,2,11.4,47.168674698795186,2
15,77,1,1,1,1,0,18,1,6,1,86,91,1,0,0,0,85.2,18.0,5,6.066666666666666,2,2.6,1,11.55,77.84337349397592,2
15,77,1,1,1,1,0,27,0,19,0,91,72,0,2,1,0,77.2,24.5,-19,4.8,0,2.9000000000000004,1,11.55,55.807228915662655,2
18,84,0,1,1,1,1,18,3,8,1,98,99,0,0,0,0,92.80000000000001,22.0,1,5.5,1,1.8,0,15.12,92.2409638554217,2
18,84,0,1,1,1,1,20,0,1,1,81,100,0,2,0,0,86.0,18.5,19,5.555555555555555,-1,1.1,0,15.12,86.34538152610443,2
18,84,0,0,1,1,1,18,3,8,1,98,99,0,0,0,0,82.80000000000001,22.0,1,5.5,1,1.8,0,15.12,82.30120481927712,2
18,84,0,0,1,1,1,20,0,1,1,81,100,0,2,0,0,76.0,18.5,19,5.555555555555555,-1,1.1,0,15.12,76.30522088353415,2
18,84,2,0,1,1,1,18,3,8,1,98,99,0,0,0,0,82.80000000000001,22.0,1,5.5,3,1.8,2,15.12,82.30120481927712,2
18,84,2,0,1,1,1,20,0,1,1,81,100,0,2,0,0,76.0,18.5,19,5.555555555555555,1,1.1,2,15.12,76.30522088353415,2
18,84,2,1,0,1,1,18,3,8,1,98,99,0,0,0,0,92.80000000000001,22.0,1,5.5,2,1.8,0,15.12,92.2409638554217,2
18,84,2,1,0,1,1,20,0,1,1,81,100,0,2,0,0,86.0,18.5,19,5.555555555555555,0,1.1,0,15.12,86.34538152610443,2
12,70,1,1,1,1,0,28,3,12,1,51,81,0,2,1,0,68.4,18.0,30,6.75,0,2.2,1,8.399999999999999,55.62650602409639,2
12,70,1,1,1,1,0,20,2,18,1,57,90,1,2,0,0,70.8,21.0,33,7.5,0,3.8,1,8.399999999999999,63.97590361445783,2
12,70,1,0,2,1,0,28,3,12,1,51,81,0,2,1,0,58.400000000000006,18.0,30,6.75,1,2.2,2,8.399999999999999,47.49397590361446,2
12,70,1,0,2,1,0,20,2,18,1,57,90,1,2,0,0,60.8,21.0,33,7.5,1,3.8,2,8.399999999999999,54.93975903614458,2
13,61,1,1,0,1,0,28,0,5,1,86,67,1,2,2,0,78.8,15.5,-19,5.153846153846154,-1,2.5,0,7.93,53.00803212851406,2
13,61,1,1,0,1,0,29,2,16,1,69,98,0,1,0,0,72.0,21.0,29,7.538461538461538,0,2.6,0,7.93,70.8433734939759,2
13,61,1,1,0,1,0,20,2,15,1,58,57,1,2,2,0,67.60000000000001,20.5,-1,4.384615384615385,-1,3.5,0,7.93,38.686746987951814,2
13,61,0,0,0,1,0,28,0,5,1,86,67,1,2,2,0,68.8,15.5,-19,5.153846153846154,-2,2.5,0,7.93,46.28112449799197,2
13,61,0,0,0,1,0,29,2,16,1,69,98,0,1,0,0,62.0,21.0,29,7.538461538461538,-1,2.6,0,7.93,61.00401606425704,2
13,61,0,0,0,1,0,20,2,15,1,58,57,1,2,2,0,57.60000000000001,20.5,-1,4.384615384615385,-2,3.5,0,7.93,32.96385542168675,2
15,65,1,0,1,1,1,19,1,11,0,51,79,1,0,1,0,46.400000000000006,20.5,28,5.266666666666667,2,3.1,1,9.75,36.803212851405625,2
15,65,1,0,1,1,1,28,2,9,0,80,96,1,2,0,0,58.0,19.5,16,6.4,0,2.9,1,9.75,55.903614457831324,2
15,65,1,0,1,1,1,26,0,18,0,60,47,1,2,3,0,50.0,24.0,-13,3.1333333333333333,0,3.8,1,9.75,23.59437751004016,2
15,65,2,1,0,1,1,19,1,11,0,51,79,1,0,1,0,56.400000000000006,20.5,28,5.266666666666667,2,3.1,0,9.75,44.734939759036145,2
15,65,2,1,0,1,1,28,2,9,0,80,96,1,2,0,0,68.0,19.5,16,6.4,0,2.9,0,9.75,65.5421686746988,2
15,65,2,1,0,1,1,26,0,18,0,60,47,1,2,3,0,60.0,24.0,-13,3.1333333333333333,0,3.8,0,9.75,28.313253012048197,2
14,92,2,1,2,1,1,25,2,12,1,64,86,0,0,0,0,82.4,20.0,22,6.142857142857143,4,2.2,4,12.88,71.14859437751005,2
14,92,2,1,2,1,1,20,1,2,1,92,64,1,2,2,0,93.60000000000001,15.0,-28,4.571428571428571,2,2.2,4,12.88,60.14457831325302,2
14,92,1,1,2,1,1,25,2,12,1,64,86,0,0,0,0,82.4,20.0,22,6.142857142857143,3,2.2,2,12.88,71.14859437751005,2
14,92,1,1,2,1,1,20,1,2,1,92,64,1,2,2,0,93.60000000000001,15.0,-28,4.571428571428571,1,2.2,2,12.88,60.14457831325302,2
12,74,2,1,0,1,0,23,1,7,0,63,81,0,2,1,0,64.80000000000001,15.5,18,6.75,0,1.7000000000000002,0,8.879999999999999,52.6987951807229,2
12,74,1,0,1,1,0,23,1,7,0,63,81,0,2,1,0,54.800000000000004,15.5,18,6.75,0,1.7000000000000002,1,8.879999999999999,44.56626506024097,2
16,90,0,0,1,1,1,23,3,11,0,79,62,1,2,2,0,67.6,21.5,-17,3.875,-1,3.1,0,14.4,42.08032128514056,2
16,90,1,0,1,1,1,23,3,11,0,79,62,1,2,2,0,67.6,21.5,-17,3.875,0,3.1,1,14.4,42.08032128514056,2
16,90,2,1,0,1,1,23,3,11,0,79,62,1,2,2,0,77.6,21.5,-17,3.875,0,3.1,0,14.4,48.30522088353414,2
18,75,1,1,0,1,1,19,3,15,1,50,97,1,2,0,0,70.0,25.5,47,5.388888888888889,-1,3.5,0,13.5,68.17269076305222,2
18,75,1,1,0,1,1,19,3,10,1,76,96,0,0,0,0,80.4,23.0,20,5.333333333333333,1,2.0,0,13.5,77.49397590361447,2
18,75,1,1,2,1,1,19,3,15,1,50,97,1,2,0,0,70.0,25.5,47,5.388888888888889,1,3.5,2,13.5,68.17269076305222,2
18,75,1,1,2,1,1,19,3,10,1,76,96,0,0,0,0,80.4,23.0,20,5.333333333333333,3,2.0,2,13.5,77.49397590361447,2
18,75,0,1,1,1,1,19,3,15,1,50,97,1,2,0,0,70.0,25.5,47,5.388888888888889,-1,3.5,0,13.5,68.17269076305222,2
18,75,0,1,1,1,1,19,3,10,1,76,96,0,0,0,0,80.4,23.0,20,5.333333333333333,1,2.0,0,13.5,77.49397590361447,2
11,71,1,1,1,1,0,20,1,5,0,53,75,0,2,1,0,59.60000000000001,13.5,22,6.818181818181818,0,1.5,1,7.81,44.879518072289166,2
11,71,1,1,1,1,0,18,0,7,0,96,67,1,2,2,0,76.80000000000001,14.5,-29,6.090909090909091,0,2.7,1,7.81,51.66265060240965,2
11,71,1,1,1,1,0,21,3,16,1,86,42,1,0,3,0,82.8,19.0,-44,3.8181818181818183,2,3.6,1,7.81,34.91566265060241,2
11,71,1,1,1,1,0,28,3,3,1,60,86,0,2,0,0,72.4,12.5,26,7.818181818181818,0,1.3,1,7.81,62.514056224899605,2
14,100,0,1,2,1,0,23,3,10,1,50,53,0,0,3,0,80.0,19.0,3,3.7857142857142856,2,2.0,0,14.0,42.57028112449799,2
14,100,0,1,2,1,0,20,3,11,1,52,73,1,1,1,0,80.8,19.5,21,5.214285714285714,1,3.1,0,14.0,59.22088353413655,2
14,100,0,1,2,1,0,29,0,1,1,76,56,1,0,2,0,90.4,14.5,-20,4.0,2,2.1,0,14.0,50.8273092369478,2
14,100,0,1,2,1,0,22,1,3,1,80,94,0,1,0,0,92.0,15.5,14,6.714285714285714,1,1.3,0,14.0,86.8273092369478,2
14,100,0,0,0,1,0,23,3,10,1,50,53,0,0,3,0,70.0,19.0,3,3.7857142857142856,0,2.0,0,14.0,37.24899598393575,2
14,100,0,0,0,1,0,20,3,11,1,52,73,1,1,1,0,70.8,19.5,21,5.214285714285714,-1,3.1,0,14.0,51.891566265060234,2
14,100,0,0,0,1,0,29,0,1,1,76,56,1,0,2,0,80.4,14.5,-20,4.0,0,2.1,0,14.0,45.20481927710844,2
14,100,0,0,0,1,0,22,1,3,1,80,94,0,1,0,0,82.0,15.5,14,6.714285714285714,-1,1.3,0,14.0,77.38955823293173,2
14,100,1,1,1,1,0,23,3,10,1,50,53,0,0,3,0,80.0,19.0,3,3.7857142857142856,2,2.0,1,14.0,42.57028112449799,2
14,100,1,1,1,1,0,20,3,11,1,52,73,1,1,1,0,80.8,19.5,21,5.214285714285714,1,3.1,1,14.0,59.22088353413655,2
14,100,1,1,1,1,0,29,0,1,1,76,56,1,0,2,0,90.4,14.5,-20,4.0,2,2.1,1,14.0,50.8273092369478,2
14,100,1,1,1,1,0,22,1,3,1,80,94,0,1,0,0,92.0,15.5,14,6.714285714285714,1,1.3,1,14.0,86.8273092369478,2
20,75,1,1,0,1,0,22,2,9,1,88,99,0,0,0,0,85.2,24.5,11,4.95,1,1.9,0,15.0,84.68674698795182,2
20,75,1,1,0,1,0,26,1,1,1,66,94,1,2,0,0,76.4,20.5,28,4.7,-1,2.1,0,15.0,72.10441767068274,2
20,75,1,0,1,1,0,22,2,9,1,88,99,0,0,0,0,75.2,24.5,11,4.95,2,1.9,1,15.0,74.74698795180724,2
20,75,1,0,1,1,0,26,1,1,1,66,94,1,2,0,0,66.4,20.5,28,4.7,0,2.1,1,15.0,62.66666666666667,2
20,75,1,1,2,1,0,22,2,9,1,88,99,0,0,0,0,85.2,24.5,11,4.95,3,1.9,2,15.0,84.68674698795182,2
20,75,1,1,2,1,0,26,1,1,1,66,94,1,2,0,0,76.4,20.5,28,4.7,1,2.1,2,15.0,72.10441767068274,2
15,71,0,0,1,1,1,24,3,8,1,59,68,1,0,2,0,62.0,19.0,9,4.533333333333333,1,2.8,0,10.649999999999999,42.32931726907631,2
15,71,0,0,1,1,1,18,2,1,1,62,73,0,0,1,0,63.2,15.5,11,4.866666666666666,1,1.1,0,10.649999999999999,46.32128514056226,2
15,71,0,0,1,1,1,18,3,18,1,80,95,1,0,0,0,70.4,24.0,15,6.333333333333333,1,3.8,0,10.649999999999999,67.14859437751005,2
15,71,2,0,0,1,1,24,3,8,1,59,68,1,0,2,0,62.0,19.0,9,4.533333333333333,2,2.8,0,10.649999999999999,42.32931726907631,2
15,71,2,0,0,1,1,18,2,1,1,62,73,0,0,1,0,63.2,15.5,11,4.866666666666666,2,1.1,0,10.649999999999999,46.32128514056226,2
15,71,2,0,0,1,1,18,3,18,1,80,95,1,0,0,0,70.4,24.0,15,6.333333333333333,2,3.8,0,10.649999999999999,67.14859437751005,2
7,64,2,0,1,1,0,27,0,13,1,84,93,1,2,0,1,69.2,13.5,9,13.285714285714286,1,3.3,2,4.48,64.61445783132531,2
7,64,2,0,1,1,0,18,1,9,1,96,81,1,2,1,1,74.0,11.5,-15,11.571428571428571,1,2.9,2,4.48,60.18072289156627,2
7,64,2,0,1,1,0,23,0,10,1,54,66,1,2,2,0,57.2,12.0,12,9.428571428571429,1,3.0,2,4.48,37.903614457831324,2
7,64,2,0,1,1,0,19,1,19,1,80,96,0,0,0,1,67.6,16.5,16,13.714285714285714,3,2.9000000000000004,2,4.48,65.1566265060241,2
17,89,2,0,1,1,1,21,2,9,0,92,81,0,1,1,0,72.4,21.5,-11,4.764705882352941,2,1.9,2,15.13,58.87951807228916,2
5,83,1,1,1,1,1,23,0,17,1,92,40,0,2,3,0,90.0,13.5,-52,8.0,0,2.7,1,4.1499999999999995,36.144578313253014,2
5,83,1,1,1,1,1,19,0,16,1,88,51,1,2,3,0,88.4,13.0,-37,10.2,0,3.6,1,4.1499999999999995,45.26506024096386,2
13,96,2,0,1,1,1,29,2,9,0,95,91,1,0,0,0,76.4,17.5,-4,7.0,3,2.9,2,12.48,69.80321285140563,2
13,96,2,0,1,1,1,27,2,18,1,72,74,0,0,1,0,77.2,22.0,2,5.6923076923076925,3,2.8,2,12.48,57.35742971887551,2
13,96,2,0,1,1,1,26,0,7,0,50,53,1,2,3,0,58.400000000000006,16.5,3,4.076923076923077,1,2.7,2,12.48,31.076305220883537,2
13,96,2,0,0,1,1,29,2,9,0,95,91,1,0,0,0,76.4,17.5,-4,7.0,2,2.9,0,12.48,69.80321285140563,2
13,96,2,0,0,1,1,27,2,18,1,72,74,0,0,1,0,77.2,22.0,2,5.6923076923076925,2,2.8,0,12.48,57.35742971887551,2
13,96,2,0,0,1,1,26,0,7,0,50,53,1,2,3,0,58.400000000000006,16.5,3,4.076923076923077,0,2.7,0,12.48,31.076305220883537,2
13,96,1,0,1,1,1,29,2,9,0,95,91,1,0,0,0,76.4,17.5,-4,7.0,2,2.9,1,12.48,69.80321285140563,2
13,96,1,0,1,1,1,27,2,18,1,72,74,0,0,1,0,77.2,22.0,2,5.6923076923076925,2,2.8,1,12.48,57.35742971887551,2
13,96,1,0,1,1,1,26,0,7,0,50,53,1,2,3,0,58.400000000000006,16.5,3,4.076923076923077,0,2.7,1,12.48,31.076305220883537,2
19,99,1,1,2,1,0,25,1,8,0,53,94,1,2,0,0,70.80000000000001,23.0,41,4.947368421052632,1,2.8,2,18.81,66.81927710843375,2
19,99,1,1,2,1,0,18,0,5,1,91,83,0,0,1,0,96.0,21.5,-8,4.368421052631579,3,1.5,2,18.81,80.00000000000001,2
19,99,0,1,0,1,0,25,1,8,0,53,94,1,2,0,0,70.80000000000001,23.0,41,4.947368421052632,-2,2.8,0,18.81,66.81927710843375,2
19,99,0,1,0,1,0,18,0,5,1,91,83,0,0,1,0,96.0,21.5,-8,4.368421052631579,0,1.5,0,18.81,80.00000000000001,2
17,73,1,1,0,1,0,29,1,14,0,78,80,1,0,1,0,70.4,24.0,2,4.705882352941177,1,3.4000000000000004,0,12.41,56.54618473895583,2
17,73,1,1,2,1,0,29,1,14,0,78,80,1,0,1,0,70.4,24.0,2,4.705882352941177,3,3.4000000000000004,2,12.41,56.54618473895583,2
17,73,2,0,1,1,0,29,1,14,0,78,80,1,0,1,0,60.400000000000006,24.0,2,4.705882352941177,3,3.4000000000000004,2,12.41,48.514056224899605,2
17,73,0,0,2,1,0,29,1,14,0,78,80,1,0,1,0,60.400000000000006,24.0,2,4.705882352941177,2,3.4000000000000004,0,12.41,48.514056224899605,2
19,68,1,1,0,1,0,28,2,0,1,79,94,1,2,0,0,78.80000000000001,19.0,15,4.947368421052632,-1,2.0,0,12.920000000000002,74.3694779116466,2
19,68,2,0,1,1,0,28,2,0,1,79,94,1,2,0,0,68.80000000000001,19.0,15,4.947368421052632,1,2.0,2,12.920000000000002,64.93172690763053,2
15,100,0,0,1,1,1,29,2,5,0,58,65,1,0,2,0,63.2,17.5,7,4.333333333333333,1,2.5,0,15.0,41.24497991967872,2
15,100,2,0,2,1,1,29,2,5,0,58,65,1,0,2,0,63.2,17.5,7,4.333333333333333,4,2.5,4,15.0,41.24497991967872,2
15,100,1,1,1,1,1,29,2,5,0,58,65,1,0,2,0,73.2,17.5,7,4.333333333333333,2,2.5,1,15.0,47.7710843373494,2
9,71,2,1,1,1,1,24,0,18,0,83,58,1,1,2,0,71.60000000000001,18.0,-25,6.444444444444445,2,3.8,2,6.39,41.694779116465874,2
18,90,2,1,1,1,0,27,3,17,1,71,85,1,2,0,0,84.4,26.5,14,4.722222222222222,1,3.7,2,16.2,72.02811244979921,2
18,90,1,1,2,1,0,27,3,17,1,71,85,1,2,0,0,84.4,26.5,14,4.722222222222222,1,3.7,2,16.2,72.02811244979921,2
18,90,1,0,0,1,0,27,3,17,1,71,85,1,2,0,0,74.4,26.5,14,4.722222222222222,-1,3.7,0,16.2,63.49397590361446,2
18,90,2,1,0,1,0,27,3,17,1,71,85,1,2,0,0,84.4,26.5,14,4.722222222222222,0,3.7,0,16.2,72.02811244979921,2
8,75,1,0,1,1,1,27,3,11,0,89,55,0,1,2,0,65.6,13.5,-34,6.875,1,2.1,1,6.0,36.22489959839357,2
8,75,1,0,1,1,1,21,3,17,0,64,77,1,2,1,0,55.6,16.5,13,9.625,0,3.7,1,6.0,42.983935742971894,2
8,75,1,0,1,1,1,27,1,9,1,84,100,1,2,0,0,73.6,12.5,16,12.5,0,2.9,1,6.0,73.89558232931726,2
10,63,1,0,1,1,1,21,1,3,1,90,100,1,2,0,0,71.2,11.5,10,10.0,0,2.3,1,6.3,71.48594377510041,2
10,63,1,0,1,1,1,27,1,19,1,73,89,1,1,0,0,64.4,19.5,16,8.9,1,3.9000000000000004,1,6.3,57.54618473895583,2
10,63,1,0,1,1,1,24,1,3,1,93,66,1,0,2,0,72.4,11.5,-27,6.6,2,2.3,1,6.3,47.975903614457835,2
10,63,1,0,1,1,1,27,1,1,0,69,97,1,2,0,0,52.800000000000004,10.5,28,9.7,0,2.1,1,6.3,51.42168674698796,2
10,63,1,0,1,1,1,18,1,14,1,85,82,0,0,1,0,69.2,17.0,-3,8.2,2,2.4000000000000004,1,6.3,56.97188755020081,2
10,63,1,0,0,1,1,21,1,3,1,90,100,1,2,0,0,71.2,11.5,10,10.0,-1,2.3,0,6.3,71.48594377510041,2
10,63,1,0,0,1,1,27,1,19,1,73,89,1,1,0,0,64.4,19.5,16,8.9,0,3.9000000000000004,0,6.3,57.54618473895583,2
10,63,1,0,0,1,1,24,1,3,1,93,66,1,0,2,0,72.4,11.5,-27,6.6,1,2.3,0,6.3,47.975903614457835,2
10,63,1,0,0,1,1,27,1,1,0,69,97,1,2,0,0,52.800000000000004,10.5,28,9.7,-1,2.1,0,6.3,51.42168674698796,2
10,63,1,0,0,1,1,18,1,14,1,85,82,0,0,1,0,69.2,17.0,-3,8.2,1,2.4000000000000004,0,6.3,56.97188755020081,2
13,67,2,1,1,1,0,28,0,0,0,56,82,0,2,1,0,59.2,13.0,26,6.3076923076923075,1,1.0,2,8.71,48.738955823293175,2
13,67,2,1,1,1,0,21,0,6,0,84,81,1,2,1,0,70.4,16.0,-3,6.230769230769231,1,2.6,2,8.71,57.25301204819278,2
7,84,2,1,0,1,1,25,3,8,1,63,88,1,1,0,0,78.80000000000001,11.0,25,12.571428571428571,1,2.8,0,5.88,69.62248995983937,2
7,84,2,1,0,1,1,20,3,9,1,84,55,0,2,2,0,87.2,11.5,-29,7.857142857142857,0,1.9,0,5.88,48.152610441767074,2
7,84,2,0,1,1,1,25,3,8,1,63,88,1,1,0,0,68.80000000000001,11.0,25,12.571428571428571,2,2.8,2,5.88,60.78714859437753,2
7,84,2,0,1,1,1,20,3,9,1,84,55,0,2,2,0,77.2,11.5,-29,7.857142857142857,1,1.9,2,5.88,42.630522088353416,2
7,66,0,1,2,1,1,18,0,7,0,64,79,0,2,1,0,62.0,10.5,15,11.285714285714286,0,1.7000000000000002,0,4.62,49.176706827309246,2
7,66,0,1,2,1,1,21,2,17,0,56,65,1,1,2,0,58.800000000000004,15.5,9,9.285714285714286,1,3.7,0,4.62,38.37349397590362,2
7,66,0,1,2,1,1,19,2,17,1,67,70,1,1,1,0,73.2,15.5,3,10.0,1,3.7,0,4.62,51.445783132530124,2
7,64,2,0,2,1,1,29,2,17,1,79,60,1,1,2,0,67.2,15.5,-19,8.571428571428571,3,3.7,4,4.48,40.48192771084338,2
7,70,1,1,1,1,0,25,1,6,1,53,62,1,2,2,0,69.2,10.0,9,8.857142857142858,0,2.6,1,4.8999999999999995,43.07630522088354,2
7,70,1,1,1,1,0,24,1,8,0,61,41,1,2,3,0,62.400000000000006,11.0,-20,5.857142857142857,0,2.8,1,4.8999999999999995,25.686746987951814,2
7,98,1,0,2,1,0,25,3,16,1,65,77,0,1,1,0,75.2,15.0,12,11.0,2,2.6,2,6.859999999999999,58.13654618473896,2
7,98,1,0,2,1,0,19,3,2,0,56,59,0,2,2,0,61.60000000000001,8.0,3,8.428571428571429,1,1.2,2,6.859999999999999,36.48995983935744,2
10,93,1,1,1,1,0,21,3,13,0,52,63,1,1,2,0,68.0,16.5,11,6.3,1,3.3,1,9.3,43.01204819277109,2
10,93,1,1,1,1,0,18,3,10,1,76,56,0,2,2,0,87.60000000000001,15.0,-20,5.6,0,2.0,1,9.3,49.25301204819278,2
10,93,1,1,1,1,0,23,2,17,1,76,73,1,2,1,0,87.60000000000001,18.5,-3,7.3,0,3.7,1,9.3,64.20481927710844,2
18,61,1,0,1,1,0,27,3,0,0,54,82,0,2,1,0,46.0,18.0,28,4.555555555555555,0,1.0,1,10.98,37.871485943775106,2
18,61,1,0,1,1,0,24,1,2,1,97,66,1,2,2,1,73.2,19.0,-31,3.6666666666666665,0,2.2,1,10.98,48.506024096385545,2
18,61,0,0,1,1,0,27,3,0,0,54,82,0,2,1,0,46.0,18.0,28,4.555555555555555,-1,1.0,0,10.98,37.871485943775106,2
18,61,0,0,1,1,0,24,1,2,1,97,66,1,2,2,1,73.2,19.0,-31,3.6666666666666665,-1,2.2,0,10.98,48.506024096385545,2
18,61,0,1,2,1,0,27,3,0,0,54,82,0,2,1,0,56.0,18.0,28,4.555555555555555,0,1.0,0,10.98,46.10441767068273,2
18,61,0,1,2,1,0,24,1,2,1,97,66,1,2,2,1,83.2,19.0,-31,3.6666666666666665,0,2.2,0,10.98,55.13253012048193,2
17,66,1,0,1,1,0,21,0,4,1,88,68,1,0,2,0,71.60000000000001,19.0,-20,4.0,2,2.4,1,11.22,48.883534136546196,2
17,66,1,0,1,1,0,26,2,16,1,77,85,0,2,0,0,67.2,25.0,8,5.0,0,2.6,1,11.22,57.34939759036145,2
17,66,1,0,1,1,0,26,3,2,1,89,57,0,1,2,0,72.0,18.0,-32,3.3529411764705883,1,1.2,1,11.22,41.204819277108435,2
14,75,1,1,1,1,1,28,0,4,1,78,42,0,2,3,0,81.2,16.0,-36,3.0,0,1.4,1,10.5,34.24096385542169,2
14,75,1,0,1,1,1,28,0,4,1,78,42,0,2,3,0,71.2,16.0,-36,3.0,0,1.4,1,10.5,30.024096385542173,2
16,60,2,1,0,1,1,23,0,15,1,96,44,1,0,3,1,82.4,23.5,-52,2.75,2,3.5,0,9.6,36.401606425702816,2
16,60,0,0,0,1,1,23,0,15,1,96,44,1,0,3,1,72.4,23.5,-52,2.75,0,3.5,0,9.6,31.98393574297189,2
9,90,1,1,0,1,0,23,3,9,0,86,98,1,0,0,0,80.4,13.5,12,10.88888888888889,1,2.9,0,8.1,79.10843373493978,2
9,91,1,0,2,1,1,28,0,5,0,76,91,1,0,0,0,66.8,11.5,15,10.11111111111111,3,2.5,2,8.19,61.032128514056225,2
9,91,1,0,2,1,1,21,0,17,0,84,58,1,2,2,0,70.0,17.5,-26,6.444444444444445,1,3.7,2,8.19,40.76305220883535,2
10,97,2,0,0,1,1,28,0,1,0,98,89,1,1,0,0,78.0,10.5,-9,8.9,1,2.1,0,9.7,69.6987951807229,2
10,97,2,0,0,1,1,18,2,0,1,92,66,1,2,2,0,85.60000000000001,10.0,-26,6.6,0,2.0,0,9.7,56.72289156626507,2
10,97,2,0,0,1,1,21,1,7,1,73,91,0,2,0,0,78.0,13.5,18,9.1,0,1.7000000000000002,0,9.7,71.26506024096386,2
14,71,2,0,1,1,0,27,3,9,0,62,62,1,0,2,0,53.2,18.5,0,4.428571428571429,3,2.9,2,9.94,33.11646586345382,2
14,71,2,0,1,1,0,25,2,19,1,89,94,1,1,0,0,74.0,23.5,5,6.714285714285714,2,3.9000000000000004,2,9.94,69.83935742971887,2
14,71,0,1,0,1,0,27,3,9,0,62,62,1,0,2,0,63.2,18.5,0,4.428571428571429,0,2.9,0,9.94,39.341365461847396,2
14,71,0,1,0,1,0,25,2,19,1,89,94,1,1,0,0,84.0,23.5,5,6.714285714285714,-1,3.9000000000000004,0,9.94,79.27710843373494,2
14,71,2,1,1,1,0,27,3,9,0,62,62,1,0,2,0,63.2,18.5,0,4.428571428571429,3,2.9,2,9.94,39.341365461847396,2
14,71,2,1,1,1,0,25,2,19,1,89,94,1,1,0,0,84.0,23.5,5,6.714285714285714,2,3.9000000000000004,2,9.94,79.27710843373494,2
9,60,0,1,1,1,0,29,0,7,1,72,97,1,2,0,0,72.8,12.5,25,10.777777777777779,-1,2.7,0,5.3999999999999995,70.8995983935743,2
9,60,0,1,1,1,0,24,2,16,1,96,85,1,1,0,1,82.4,17.0,-11,9.444444444444445,0,3.6,0,5.3999999999999995,70.32128514056225,2
9,60,0,1,1,1,0,29,3,13,1,66,94,1,2,0,0,70.4,15.5,28,10.444444444444445,-1,3.3,0,5.3999999999999995,66.44176706827311,2
11,88,0,1,0,1,0,29,0,7,1,52,60,1,1,2,0,76.0,14.5,8,5.454545454545454,-1,2.7,0,9.68,45.78313253012048,2
12,77,0,1,1,1,0,24,0,8,1,86,64,1,0,2,0,85.2,16.0,-22,5.333333333333333,1,2.8,0,9.24,54.746987951807235,2
12,77,0,1,1,1,0,23,3,11,0,69,76,1,1,1,0,68.4,17.5,7,6.333333333333333,0,3.1,0,9.24,52.19277108433736,2
12,77,0,1,1,1,0,18,0,7,1,100,94,1,1,0,0,90.8,15.5,-6,7.833333333333333,0,2.7,0,9.24,85.69477911646587,2
12,77,1,0,0,1,0,24,0,8,1,86,64,1,0,2,0,75.2,16.0,-22,5.333333333333333,1,2.8,0,9.24,48.32128514056225,2
12,77,1,0,0,1,0,23,3,11,0,69,76,1,1,1,0,58.400000000000006,17.5,7,6.333333333333333,0,3.1,0,9.24,44.56224899598394,2
12,77,1,0,0,1,0,18,0,7,1,100,94,1,1,0,0,80.8,15.5,-6,7.833333333333333,0,2.7,0,9.24,76.2570281124498,2
18,63,0,0,1,1,1,21,2,17,0,79,72,1,2,1,0,56.800000000000004,26.5,-7,4.0,-1,3.7,0,11.34,41.06024096385543,2
18,63,2,0,1,1,1,21,2,17,0,79,72,1,2,1,0,56.800000000000004,26.5,-7,4.0,1,3.7,2,11.34,41.06024096385543,2
17,90,1,1,0,1,0,20,0,16,0,86,91,0,1,0,0,80.4,25.0,5,5.352941176470588,0,2.6,0,15.3,73.45783132530121,2
17,90,1,1,0,1,0,28,2,5,1,56,77,1,0,1,0,78.4,19.5,21,4.529411764705882,1,2.5,0,15.3,60.61044176706828,2
17,90,2,0,1,1,0,20,0,16,0,86,91,0,1,0,0,70.4,25.0,5,5.352941176470588,2,2.6,2,15.3,64.32128514056227,2
17,90,2,0,1,1,0,28,2,5,1,56,77,1,0,1,0,68.4,19.5,21,4.529411764705882,3,2.5,2,15.3,52.879518072289166,2
17,90,2,1,0,1,0,20,0,16,0,86,91,0,1,0,0,80.4,25.0,5,5.352941176470588,1,2.6,0,15.3,73.45783132530121,2
17,90,2,1,0,1,0,28,2,5,1,56,77,1,0,1,0,78.4,19.5,21,4.529411764705882,2,2.5,0,15.3,60.61044176706828,2
5,88,1,0,1,1,0,18,3,8,1,75,66,1,1,2,0,75.2,9.0,-9,13.2,1,2.8,1,4.4,49.83132530120482,2
16,70,1,1,2,1,0,29,2,15,0,62,71,1,2,1,0,62.8,23.5,9,4.4375,1,3.5,2,11.2,44.76706827309236,2
16,70,1,1,2,1,0,28,0,19,1,81,97,0,1,0,0,80.4,25.5,16,6.0625,2,2.9000000000000004,2,11.2,78.30120481927712,2
16,70,1,1,2,1,0,23,2,4,1,59,78,1,2,1,0,71.6,18.0,19,4.875,1,2.4,2,11.2,56.0722891566265,2
8,80,1,0,1,1,1,19,0,19,0,82,91,1,0,0,0,64.80000000000001,17.5,9,11.375,2,3.9000000000000004,1,6.4,59.20481927710844,2
8,80,1,0,1,1,1,20,1,0,1,71,82,1,2,1,0,70.4,8.0,11,10.25,0,2.0,1,6.4,57.95983935742973,2
8,80,1,0,1,1,1,27,3,4,1,62,66,1,0,2,0,66.8,10.0,4,8.25,2,2.4,1,6.4,44.265060240963855,2
8,80,1,1,1,1,1,19,0,19,0,82,91,1,0,0,0,74.80000000000001,17.5,9,11.375,2,3.9000000000000004,1,6.4,68.3413654618474,2
8,80,1,1,1,1,1,20,1,0,1,71,82,1,2,1,0,80.4,8.0,11,10.25,0,2.0,1,6.4,66.19277108433737,2
8,80,1,1,1,1,1,27,3,4,1,62,66,1,0,2,0,76.8,10.0,4,8.25,2,2.4,1,6.4,50.89156626506024,2
15,93,1,1,1,1,0,23,1,4,0,62,92,1,2,0,0,72.0,17.0,30,6.133333333333334,0,2.4,1,13.950000000000001,66.50602409638554,2
15,93,1,1,1,1,0,21,1,10,1,58,54,1,1,3,0,80.4,20.0,-4,3.6,1,3.0,1,13.950000000000001,43.59036144578314,2
15,93,1,0,2,1,0,28,3,10,0,95,42,0,2,3,0,75.2,20.0,-53,2.8,1,2.0,2,13.950000000000001,31.71084337349398,2
15,93,1,0,2,1,0,23,1,4,0,62,92,1,2,0,0,62.0,17.0,30,6.133333333333334,1,2.4,2,13.950000000000001,57.26907630522089,2
15,93,1,0,2,1,0,21,1,10,1,58,54,1,1,3,0,70.4,20.0,-4,3.6,2,3.0,2,13.950000000000001,38.168674698795186,2
15,93,0,1,0,1,0,23,1,4,0,62,92,1,2,0,0,72.0,17.0,30,6.133333333333334,-2,2.4,0,13.950000000000001,66.50602409638554,2
15,93,0,1,0,1,0,21,1,10,1,58,54,1,1,3,0,80.4,20.0,-4,3.6,-1,3.0,0,13.950000000000001,43.59036144578314,2
11,99,1,1,1,1,0,22,3,11,0,93,56,1,2,2,0,86.80000000000001,16.5,-37,5.090909090909091,0,3.1,1,10.89,48.80321285140563,2
11,99,1,1,1,1,0,21,1,4,1,94,49,1,1,3,0,97.2,13.0,-45,4.454545454545454,1,2.4,1,10.89,47.81927710843374,2
11,99,1,0,1,1,0,22,3,11,0,93,56,1,2,2,0,76.80000000000001,16.5,-37,5.090909090909091,0,3.1,1,10.89,43.180722891566276,2
11,99,1,0,1,1,0,21,1,4,1,94,49,1,1,3,0,87.2,13.0,-45,4.454545454545454,1,2.4,1,10.89,42.8995983935743,2
16,98,0,1,1,1,0,24,1,1,0,59,94,1,0,0,0,72.80000000000001,16.5,35,5.875,1,2.1,0,15.68,68.70682730923697,2
16,98,0,1,1,1,0,23,0,11,0,52,51,0,1,3,0,70.0,21.5,-1,3.1875,0,2.1,0,15.68,35.84337349397591,2
16,98,1,0,1,1,0,24,1,1,0,59,94,1,0,0,0,62.800000000000004,16.5,35,5.875,2,2.1,1,15.68,59.26907630522089,2
16,98,1,0,1,1,0,23,0,11,0,52,51,0,1,3,0,60.0,21.5,-1,3.1875,1,2.1,1,15.68,30.722891566265062,2
12,62,2,1,2,1,1,29,1,0,1,61,58,0,0,2,0,69.2,12.0,-3,4.833333333333333,4,1.0,4,7.4399999999999995,40.29718875502009,2
12,62,2,1,2,1,1,20,1,17,0,87,100,1,2,0,0,69.60000000000001,20.5,13,8.333333333333334,2,3.7,4,7.4399999999999995,69.87951807228917,2
9,100,0,0,1,1,1,27,2,12,1,76,47,1,2,3,0,80.4,15.0,-29,5.222222222222222,-1,3.2,0,9.0,37.939759036144586,2
9,100,0,0,1,1,1,28,1,10,1,77,43,1,0,3,0,80.8,14.0,-34,4.777777777777778,1,3.0,0,9.0,34.88353413654618,2
9,100,0,0,1,1,1,20,0,16,0,99,71,1,1,1,0,79.6,17.0,-28,7.888888888888889,0,3.6,0,9.0,56.7429718875502,2
13,74,2,1,1,1,1,27,0,0,0,82,89,0,1,0,0,72.4,13.0,7,6.846153846153846,2,1.0,2,9.62,64.69477911646587,2
13,74,2,1,1,1,1,23,2,19,1,62,49,1,1,3,0,74.4,22.5,-13,3.769230769230769,2,3.9000000000000004,2,9.62,36.60240963855422,2
13,74,1,0,0,1,1,27,0,0,0,82,89,0,1,0,0,62.400000000000006,13.0,7,6.846153846153846,0,1.0,0,9.62,55.759036144578324,2
13,74,1,0,0,1,1,23,2,19,1,62,49,1,1,3,0,64.4,22.5,-13,3.769230769230769,0,3.9000000000000004,0,9.62,31.68273092369478,2
13,74,2,1,2,1,1,27,0,0,0,82,89,0,1,0,0,72.4,13.0,7,6.846153846153846,3,1.0,4,9.62,64.69477911646587,2
13,74,2,1,2,1,1,23,2,19,1,62,49,1,1,3,0,74.4,22.5,-13,3.769230769230769,3,3.9000000000000004,4,9.62,36.60240963855422,2
17,62,0,0,1,1,0,20,3,1,1,72,81,1,2,1,0,63.6,17.5,9,4.764705882352941,-1,2.1,0,10.54,51.72289156626506,2
17,62,0,0,1,1,0,26,0,4,1,87,81,0,1,1,0,69.60000000000001,19.0,-6,4.764705882352941,0,1.4,0,10.54,56.60240963855423,2
17,62,0,0,1,1,0,26,2,14,1,94,76,1,1,1,0,72.4,24.0,-18,4.470588235294118,0,3.4000000000000004,0,10.54,55.24497991967872,2
17,62,0,0,1,1,0,27,3,11,1,83,81,1,0,1,0,68.0,22.5,-2,4.764705882352941,1,3.1,0,10.54,55.30120481927711,2
17,62,0,0,2,1,0,20,3,1,1,72,81,1,2,1,0,63.6,17.5,9,4.764705882352941,0,2.1,0,10.54,51.72289156626506,2
17,62,0,0,2,1,0,26,0,4,1,87,81,0,1,1,0,69.60000000000001,19.0,-6,4.764705882352941,1,1.4,0,10.54,56.60240963855423,2
17,62,0,0,2,1,0,26,2,14,1,94,76,1,1,1,0,72.4,24.0,-18,4.470588235294118,1,3.4000000000000004,0,10.54,55.24497991967872,2
17,62,0,0,2,1,0,27,3,11,1,83,81,1,0,1,0,68.0,22.5,-2,4.764705882352941,2,3.1,0,10.54,55.30120481927711,2
9,75,1,0,0,1,0,22,0,13,1,58,98,1,0,0,0,63.2,15.5,40,10.88888888888889,1,3.3,0,6.75,62.184738955823306,2
9,75,1,0,0,1,0,23,2,12,1,89,72,1,2,1,0,75.6,15.0,-17,8.0,-1,3.2,0,6.75,54.65060240963855,2
9,75,1,0,0,1,0,21,1,19,1,94,84,1,1,1,0,77.6,18.5,-10,9.333333333333334,0,3.9000000000000004,0,6.75,65.44578313253012,2
10,69,1,1,0,1,0,29,1,1,1,60,82,0,2,1,0,71.6,10.5,22,8.2,-1,1.1,0,6.8999999999999995,58.94779116465863,2
10,69,1,0,1,1,0,29,1,1,1,60,82,0,2,1,0,61.6,10.5,22,8.2,0,1.1,1,6.8999999999999995,50.71485943775101,2
7,63,2,1,1,1,1,23,1,17,1,53,76,1,1,1,0,66.4,15.5,23,10.857142857142858,2,3.7,2,4.41,50.66666666666667,2
7,63,2,1,1,1,1,29,1,2,1,91,51,0,2,3,0,81.6,8.0,-40,7.285714285714286,1,1.2,2,4.41,41.78313253012048,2
7,63,2,1,1,1,1,24,3,4,1,52,98,1,1,0,1,66.0,9.0,46,14.0,2,2.4,2,4.41,64.93975903614458,2
7,63,2,1,1,1,1,18,1,20,1,69,56,1,2,2,0,72.80000000000001,17.0,-13,8.0,1,4.0,2,4.41,40.931726907630534,2
15,88,2,1,1,1,0,29,1,15,1,94,87,1,2,0,0,92.80000000000001,22.5,-7,5.8,1,3.5,2,13.2,81.06024096385543,2
15,88,2,1,1,1,0,23,3,19,0,93,71,1,2,1,0,82.4,24.5,-22,4.733333333333333,1,3.9000000000000004,2,13.2,58.738955823293175,2
15,88,1,1,1,1,0,29,1,15,1,94,87,1,2,0,0,92.80000000000001,22.5,-7,5.8,0,3.5,1,13.2,81.06024096385543,2
15,88,1,1,1,1,0,23,3,19,0,93,71,1,2,1,0,82.4,24.5,-22,4.733333333333333,0,3.9000000000000004,1,13.2,58.738955823293175,2
10,77,2,0,0,1,1,24,3,10,0,82,43,1,2,3,0,63.60000000000001,15.0,-39,4.3,0,3.0,0,7.7,27.45783132530121,2
10,77,2,0,1,1,1,24,3,10,0,82,43,1,2,3,0,63.60000000000001,15.0,-39,4.3,1,3.0,2,7.7,27.45783132530121,2
13,80,2,0,1,1,1,27,2,5,0,79,63,1,2,2,0,63.6,15.5,-16,4.846153846153846,1,2.5,2,10.4,40.22891566265061,2
13,80,2,0,1,1,1,24,0,0,0,63,80,0,0,1,0,57.2,13.0,17,6.153846153846154,3,1.0,2,10.4,45.94377510040161,2
13,80,2,0,1,1,1,28,0,13,1,91,43,0,2,3,0,78.4,19.5,-48,3.3076923076923075,1,2.3,2,10.4,33.84738955823294,2
9,83,0,1,1,1,0,26,0,18,0,89,88,0,1,0,0,78.80000000000001,18.0,-1,9.777777777777779,0,2.8,0,7.47,69.62248995983937,2
9,83,0,1,1,1,0,21,1,0,1,72,92,0,1,0,0,82.0,9.0,20,10.222222222222221,0,1.0,0,7.47,75.7429718875502,2
14,92,0,1,0,1,0,28,3,0,0,85,90,1,1,0,0,80.80000000000001,14.0,5,6.428571428571429,-1,2.0,0,12.88,73.0120481927711,2
14,92,0,1,0,1,0,22,0,18,1,91,94,0,2,0,0,93.2,23.0,3,6.714285714285714,-2,2.8,0,12.88,87.95983935742973,2
14,92,0,1,0,1,0,24,2,18,1,54,68,1,1,2,0,78.4,23.0,14,4.857142857142857,-1,3.8,0,12.88,53.526104417670695,2
11,60,2,0,2,1,1,21,1,1,0,98,78,1,2,1,1,63.2,11.5,-20,7.090909090909091,2,2.1,4,6.6,49.49397590361447,2
11,60,2,0,2,1,1,26,0,19,0,79,92,1,1,0,0,55.6,20.5,13,8.363636363636363,3,3.9000000000000004,4,6.6,51.35742971887551,2
13,86,2,0,1,1,1,26,1,11,0,99,82,1,0,1,0,74.0,18.5,-17,6.3076923076923075,3,3.1,2,11.18,60.92369477911647,2
13,86,2,0,1,1,1,24,3,11,1,96,90,1,2,0,0,82.80000000000001,18.5,-6,6.923076923076923,1,3.1,2,11.18,74.81927710843375,2
13,86,0,1,1,1,1,26,1,11,0,99,82,1,0,1,0,84.0,18.5,-17,6.3076923076923075,1,3.1,0,11.18,69.1566265060241,2
13,86,0,1,1,1,1,24,3,11,1,96,90,1,2,0,0,92.80000000000001,18.5,-6,6.923076923076923,-1,3.1,0,11.18,83.85542168674701,2
13,86,1,0,1,1,1,26,1,11,0,99,82,1,0,1,0,74.0,18.5,-17,6.3076923076923075,2,3.1,1,11.18,60.92369477911647,2
13,86,1,0,1,1,1,24,3,11,1,96,90,1,2,0,0,82.80000000000001,18.5,-6,6.923076923076923,0,3.1,1,11.18,74.81927710843375,2
13,86,2,1,1,1,1,26,1,11,0,99,82,1,0,1,0,84.0,18.5,-17,6.3076923076923075,3,3.1,2,11.18,69.1566265060241,2
13,86,2,1,1,1,1,24,3,11,1,96,90,1,2,0,0,92.80000000000001,18.5,-6,6.923076923076923,1,3.1,2,11.18,83.85542168674701,2
9,62,2,1,2,1,1,20,1,13,1,81,52,0,2,3,0,77.2,15.5,-29,5.777777777777778,2,2.3,4,5.58,40.30522088353414,2
9,62,2,1,2,1,1,27,1,9,1,90,57,0,1,2,0,80.8,13.5,-33,6.333333333333333,3,1.9,4,5.58,46.24096385542168,2
9,62,2,1,2,1,1,25,1,6,1,99,99,1,2,0,1,84.4,12.0,0,11.0,2,2.6,4,5.58,83.89156626506025,2
16,92,0,0,2,1,0,23,0,3,1,65,57,0,1,2,0,72.80000000000001,17.5,-8,3.5625,1,1.3,0,14.72,41.66265060240965,2
16,92,1,1,2,1,0,23,0,3,1,65,57,0,1,2,0,82.80000000000001,17.5,-8,3.5625,2,1.3,2,14.72,47.385542168674704,2
16,92,0,1,0,1,0,23,0,3,1,65,57,0,1,2,0,82.80000000000001,17.5,-8,3.5625,-1,1.3,0,14.72,47.385542168674704,2
15,81,1,0,2,1,0,29,1,4,1,69,79,0,2,1,0,70.0,17.0,10,5.266666666666667,1,1.4,2,12.15,55.52208835341366,2
15,81,1,0,2,1,0,21,3,4,1,97,51,1,2,3,0,81.2,17.0,-46,3.4,1,2.4,2,12.15,41.57831325301205,2
15,81,2,1,2,1,0,29,1,4,1,69,79,0,2,1,0,80.0,17.0,10,5.266666666666667,2,1.4,4,12.15,63.45381526104418,2
10,74,1,1,2,1,1,23,3,6,0,87,67,0,1,2,0,74.4,13.0,-20,6.7,2,1.6,2,7.4,50.048192771084345,2
14,91,1,0,2,1,0,20,0,19,1,87,62,1,0,2,0,81.2,23.5,-25,4.428571428571429,3,3.9000000000000004,2,12.74,50.54618473895582,2
14,91,1,0,2,1,0,28,0,0,1,84,99,1,0,0,0,80.0,14.0,15,7.071428571428571,3,2.0,2,12.74,79.51807228915662,2
8,71,1,1,1,1,0,18,3,2,1,79,66,1,2,2,0,80.0,9.0,-13,8.25,0,2.2,1,5.68,53.01204819277108,2
8,71,1,1,1,1,0,18,2,5,1,63,98,1,2,0,0,73.60000000000001,10.5,35,12.25,0,2.5,1,5.68,72.41767068273093,2
8,71,1,1,1,1,0,22,0,10,1,77,72,1,1,1,0,79.2,13.0,-5,9.0,1,3.0,1,5.68,57.25301204819278,2
8,71,1,1,1,1,0,25,1,5,1,81,93,0,2,0,0,80.8,10.5,12,11.625,0,1.5,1,5.68,75.44578313253012,2
14,63,1,1,2,1,1,20,0,12,0,72,93,1,0,0,0,64.0,20.0,21,6.642857142857143,3,3.2,2,8.82,59.75903614457831,2
14,63,1,1,2,1,1,21,3,14,1,52,92,1,2,0,0,66.0,21.0,40,6.571428571428571,1,3.4000000000000004,2,8.82,60.96385542168675,2
14,63,0,0,1,1,1,20,0,12,0,72,93,1,0,0,0,54.0,20.0,21,6.642857142857143,1,3.2,0,8.82,50.42168674698796,2
14,63,0,0,1,1,1,21,3,14,1,52,92,1,2,0,0,56.0,21.0,40,6.571428571428571,-1,3.4000000000000004,0,8.82,51.726907630522085,2
21,74,0,1,0,1,0,20,2,8,1,50,98,0,0,0,0,69.6,25.0,48,4.666666666666667,0,1.8,0,15.54,68.48192771084338,2
21,74,0,1,0,1,0,20,0,3,1,64,100,0,1,0,0,75.2,22.5,36,4.761904761904762,-1,1.3,0,15.54,75.50200803212851,2
21,74,1,1,0,1,0,20,2,8,1,50,98,0,0,0,0,69.6,25.0,48,4.666666666666667,1,1.8,0,15.54,68.48192771084338,2
21,74,1,1,0,1,0,20,0,3,1,64,100,0,1,0,0,75.2,22.5,36,4.761904761904762,0,1.3,0,15.54,75.50200803212851,2
21,74,2,1,0,1,0,20,2,8,1,50,98,0,0,0,0,69.6,25.0,48,4.666666666666667,2,1.8,0,15.54,68.48192771084338,2
21,74,2,1,0,1,0,20,0,3,1,64,100,0,1,0,0,75.2,22.5,36,4.761904761904762,1,1.3,0,15.54,75.50200803212851,2
21,64,0,0,2,1,0,26,2,7,0,68,93,1,1,0,0,52.800000000000004,24.5,25,4.428571428571429,1,2.7,0,13.44,49.30120481927711,2
15,63,0,1,1,1,1,27,2,2,1,50,71,1,1,1,0,65.2,16.0,21,4.733333333333333,0,2.2,0,9.45,46.47791164658635,2
15,63,0,1,1,1,1,20,3,7,0,72,68,1,2,2,0,64.0,18.5,-4,4.533333333333333,-1,2.7,0,9.45,43.69477911646587,2
15,63,0,1,1,1,1,19,1,3,1,53,73,1,2,1,0,66.4,16.5,20,4.866666666666666,-1,2.3,0,9.45,48.66666666666667,2
15,63,0,1,1,1,1,29,0,8,1,51,66,0,0,2,0,65.60000000000001,19.0,15,4.4,1,1.8,0,9.45,43.4698795180723,2
15,63,1,1,0,1,1,27,2,2,1,50,71,1,1,1,0,65.2,16.0,21,4.733333333333333,0,2.2,0,9.45,46.47791164658635,2
15,63,1,1,0,1,1,20,3,7,0,72,68,1,2,2,0,64.0,18.5,-4,4.533333333333333,-1,2.7,0,9.45,43.69477911646587,2
15,63,1,1,0,1,1,19,1,3,1,53,73,1,2,1,0,66.4,16.5,20,4.866666666666666,-1,2.3,0,9.45,48.66666666666667,2
15,63,1,1,0,1,1,29,0,8,1,51,66,0,0,2,0,65.60000000000001,19.0,15,4.4,1,1.8,0,9.45,43.4698795180723,2
15,63,2,0,2,1,1,27,2,2,1,50,71,1,1,1,0,55.2,16.0,21,4.733333333333333,3,2.2,4,9.45,39.34939759036145,2
15,63,2,0,2,1,1,20,3,7,0,72,68,1,2,2,0,54.0,18.5,-4,4.533333333333333,2,2.7,4,9.45,36.867469879518076,2
15,63,2,0,2,1,1,19,1,3,1,53,73,1,2,1,0,56.400000000000006,16.5,20,4.866666666666666,2,2.3,4,9.45,41.337349397590366,2
15,63,2,0,2,1,1,29,0,8,1,51,66,0,0,2,0,55.60000000000001,19.0,15,4.4,4,1.8,4,9.45,36.84337349397592,2
20,88,1,0,1,1,0,23,0,20,0,57,99,1,2,0,0,58.0,30.0,42,4.95,0,4.0,1,17.6,57.65060240963856,2
20,88,1,1,1,1,0,23,0,20,0,57,99,1,2,0,0,68.0,30.0,42,4.95,0,4.0,1,17.6,67.59036144578313,2
20,88,1,1,1,1,0,21,2,3,1,73,89,1,2,0,0,84.4,21.5,16,4.45,0,2.3,1,17.6,75.41767068273093,2
13,98,1,1,2,1,1,23,0,9,0,90,50,1,2,3,0,85.2,17.5,-40,3.8461538461538463,1,2.9,2,12.74,42.7710843373494,2
13,98,1,1,2,1,1,29,2,7,1,58,49,0,0,3,0,82.4,16.5,-9,3.769230769230769,3,1.7000000000000002,2,12.74,40.53815261044177,2
13,98,0,1,1,1,1,23,0,9,0,90,50,1,2,3,0,85.2,17.5,-40,3.8461538461538463,-1,2.9,0,12.74,42.7710843373494,2
13,98,0,1,1,1,1,29,2,7,1,58,49,0,0,3,0,82.4,16.5,-9,3.769230769230769,1,1.7000000000000002,0,12.74,40.53815261044177,2
13,73,2,1,2,1,0,27,2,20,0,76,41,1,0,3,0,69.60000000000001,23.0,-35,3.1538461538461537,4,4.0,4,9.49,28.65060240963856,2
13,73,2,0,1,1,0,27,2,20,0,76,41,1,0,3,0,59.60000000000001,23.0,-35,3.1538461538461537,3,4.0,2,9.49,24.534136546184744,2
13,65,2,0,0,1,0,21,3,0,1,78,91,0,2,0,0,67.2,13.0,13,7.0,0,1.0,0,8.450000000000001,61.397590361445786,2
13,65,2,0,0,1,0,24,1,3,0,65,58,1,0,2,0,52.0,14.5,-7,4.461538461538462,2,2.3,0,8.450000000000001,30.28112449799197,2
13,65,2,0,0,1,0,28,0,3,0,94,86,1,1,0,0,63.6,14.5,-8,6.615384615384615,1,2.3,0,8.450000000000001,54.915662650602414,2
13,65,2,0,0,1,0,19,3,5,0,73,73,0,0,1,0,55.2,15.5,0,5.615384615384615,2,1.5,0,8.450000000000001,40.45783132530121,2
13,65,2,0,0,1,0,19,2,17,0,80,100,1,2,0,0,58.0,21.5,20,7.6923076923076925,0,3.7,0,8.450000000000001,58.23293172690763,2
13,65,2,1,1,1,0,21,3,0,1,78,91,0,2,0,0,77.2,13.0,13,7.0,1,1.0,2,8.450000000000001,70.53413654618474,2
13,65,2,1,1,1,0,24,1,3,0,65,58,1,0,2,0,62.0,14.5,-7,4.461538461538462,3,2.3,2,8.450000000000001,36.104417670682736,2
13,65,2,1,1,1,0,28,0,3,0,94,86,1,1,0,0,73.6,14.5,-8,6.615384615384615,2,2.3,2,8.450000000000001,63.550200803212846,2
13,65,2,1,1,1,0,19,3,5,0,73,73,0,0,1,0,65.2,15.5,0,5.615384615384615,3,1.5,2,8.450000000000001,47.78714859437751,2
13,65,2,1,1,1,0,19,2,17,0,80,100,1,2,0,0,68.0,21.5,20,7.6923076923076925,1,3.7,2,8.450000000000001,68.27309236947792,2
20,63,2,1,1,1,1,20,0,14,1,51,99,1,0,0,0,65.60000000000001,27.0,48,4.95,3,3.4000000000000004,2,12.6,65.20481927710844,2
20,63,2,1,1,1,1,18,3,6,1,66,94,1,0,0,0,71.60000000000001,23.0,28,4.7,3,2.6,2,12.6,67.57429718875504,2
20,63,1,1,1,1,1,20,0,14,1,51,99,1,0,0,0,65.60000000000001,27.0,48,4.95,2,3.4000000000000004,1,12.6,65.20481927710844,2
20,63,1,1,1,1,1,18,3,6,1,66,94,1,0,0,0,71.60000000000001,23.0,28,4.7,2,2.6,1,12.6,67.57429718875504,2
20,63,1,0,0,1,1,20,0,14,1,51,99,1,0,0,0,55.60000000000001,27.0,48,4.95,1,3.4000000000000004,0,12.6,55.26506024096387,2
20,63,1,0,0,1,1,18,3,6,1,66,94,1,0,0,0,61.60000000000001,23.0,28,4.7,1,2.6,0,12.6,58.13654618473897,2
20,63,1,0,2,1,1,20,0,14,1,51,99,1,0,0,0,55.60000000000001,27.0,48,4.95,3,3.4000000000000004,2,12.6,55.26506024096387,2
20,63,1,0,2,1,1,18,3,6,1,66,94,1,0,0,0,61.60000000000001,23.0,28,4.7,3,2.6,2,12.6,58.13654618473897,2
20,63,0,0,0,1,1,20,0,14,1,51,99,1,0,0,0,55.60000000000001,27.0,48,4.95,0,3.4000000000000004,0,12.6,55.26506024096387,2
20,63,0,0,0,1,1,18,3,6,1,66,94,1,0,0,0,61.60000000000001,23.0,28,4.7,0,2.6,0,12.6,58.13654618473897,2
20,63,1,1,0,1,1,20,0,14,1,51,99,1,0,0,0,65.60000000000001,27.0,48,4.95,1,3.4000000000000004,0,12.6,65.20481927710844,2
20,63,1,1,0,1,1,18,3,6,1,66,94,1,0,0,0,71.60000000000001,23.0,28,4.7,1,2.6,0,12.6,67.57429718875504,2
12,76,1,1,1,1,1,18,2,6,1,78,64,1,2,2,0,81.60000000000001,15.0,-14,5.333333333333333,0,2.6,1,9.120000000000001,52.43373493975904,2
12,76,1,1,1,1,1,22,1,8,1,77,74,1,2,1,0,81.2,16.0,-3,6.166666666666667,0,2.8,1,9.120000000000001,60.329317269076306,2
12,76,1,1,1,1,1,22,1,9,0,55,76,1,1,1,0,62.400000000000006,16.5,21,6.333333333333333,1,2.9,1,9.120000000000001,47.61445783132531,2
12,76,0,1,0,1,1,18,2,6,1,78,64,1,2,2,0,81.60000000000001,15.0,-14,5.333333333333333,-2,2.6,0,9.120000000000001,52.43373493975904,2
12,76,0,1,0,1,1,22,1,8,1,77,74,1,2,1,0,81.2,16.0,-3,6.166666666666667,-2,2.8,0,9.120000000000001,60.329317269076306,2
12,76,0,1,0,1,1,22,1,9,0,55,76,1,1,1,0,62.400000000000006,16.5,21,6.333333333333333,-1,2.9,0,9.120000000000001,47.61445783132531,2
14,72,2,0,1,1,1,24,2,17,1,72,46,1,0,3,0,67.6,22.5,-26,3.2857142857142856,3,3.7,2,10.08,31.220883534136547,2
14,72,0,0,2,1,1,24,2,17,1,72,46,1,0,3,0,67.6,22.5,-26,3.2857142857142856,2,3.7,0,10.08,31.220883534136547,2
14,78,2,1,1,1,1,19,0,7,1,57,100,0,1,0,0,74.0,17.5,43,7.142857142857143,2,1.7000000000000002,2,10.92,74.29718875502009,2
14,78,2,1,1,1,1,28,0,20,0,94,71,1,2,1,0,78.80000000000001,24.0,-23,5.071428571428571,1,4.0,2,10.92,56.17269076305222,2
14,78,2,1,1,1,1,26,2,17,1,98,79,1,2,1,0,90.4,22.5,-19,5.642857142857143,1,3.7,2,10.92,71.70281124497993,2
14,78,1,0,1,1,1,19,0,7,1,57,100,0,1,0,0,64.0,17.5,43,7.142857142857143,1,1.7000000000000002,1,10.92,64.2570281124498,2
14,78,1,0,1,1,1,28,0,20,0,94,71,1,2,1,0,68.80000000000001,24.0,-23,5.071428571428571,0,4.0,1,10.92,49.04417670682732,2
14,78,1,0,1,1,1,26,2,17,1,98,79,1,2,1,0,80.4,22.5,-19,5.642857142857143,0,3.7,1,10.92,63.77108433734941,2
18,85,1,1,1,1,0,24,1,20,1,69,78,1,0,1,0,81.6,28.0,9,4.333333333333333,2,4.0,1,15.299999999999999,63.903614457831324,2
18,85,2,1,2,1,0,24,1,20,1,69,78,1,0,1,0,81.6,28.0,9,4.333333333333333,4,4.0,4,15.299999999999999,63.903614457831324,2
7,62,1,1,0,1,1,29,3,5,1,92,81,1,2,1,0,81.60000000000001,9.5,-11,11.571428571428571,-1,2.5,0,4.34,66.36144578313254,2
7,62,1,1,0,1,1,22,0,5,0,81,45,1,2,3,0,67.2,9.5,-36,6.428571428571429,-1,2.5,0,4.34,30.361445783132535,2
7,62,1,1,0,1,1,20,0,7,1,74,97,1,1,0,1,74.4,10.5,23,13.857142857142858,0,2.7,0,4.34,72.45783132530121,2
13,81,2,0,0,1,1,20,1,1,1,78,48,0,2,3,0,73.6,13.5,-30,3.6923076923076925,0,1.1,0,10.530000000000001,35.46987951807229,2
13,81,2,0,0,1,1,23,3,13,1,78,93,1,2,0,0,73.6,19.5,15,7.153846153846154,0,3.3,0,10.530000000000001,68.72289156626506,2
13,81,2,0,0,1,1,24,0,18,0,55,74,0,0,1,0,54.4,22.0,19,5.6923076923076925,2,2.8,0,10.530000000000001,40.41767068273092,2
13,81,2,0,0,1,1,24,0,2,1,70,43,1,1,3,0,70.4,14.0,-27,3.3076923076923075,1,2.2,0,10.530000000000001,30.39357429718876,2
13,81,2,0,0,1,1,20,3,0,0,56,93,1,0,0,0,54.8,13.0,37,7.153846153846154,2,2.0,0,10.530000000000001,51.16867469879518,2
13,81,1,1,0,1,1,20,1,1,1,78,48,0,2,3,0,83.6,13.5,-30,3.6923076923076925,-1,1.1,0,10.530000000000001,40.28915662650603,2
13,81,1,1,0,1,1,23,3,13,1,78,93,1,2,0,0,83.6,19.5,15,7.153846153846154,-1,3.3,0,10.530000000000001,78.06024096385542,2
13,81,1,1,0,1,1,24,0,18,0,55,74,0,0,1,0,64.4,22.0,19,5.6923076923076925,1,2.8,0,10.530000000000001,47.84738955823293,2
13,81,1,1,0,1,1,24,0,2,1,70,43,1,1,3,0,80.4,14.0,-27,3.3076923076923075,0,2.2,0,10.530000000000001,34.71084337349398,2
13,81,1,1,0,1,1,20,3,0,0,56,93,1,0,0,0,64.8,13.0,37,7.153846153846154,1,2.0,0,10.530000000000001,60.50602409638554,2
9,89,2,1,1,1,1,23,3,1,0,85,56,1,2,2,0,79.6,9.5,-29,6.222222222222222,1,2.1,2,8.01,44.75502008032128,2
9,89,2,1,1,1,1,23,1,15,1,70,84,1,0,1,0,83.6,16.5,14,9.333333333333334,3,3.5,2,8.01,70.50602409638554,2
9,89,2,1,1,1,1,20,2,1,0,98,74,1,1,1,0,84.80000000000001,9.5,-24,8.222222222222221,2,2.1,2,8.01,63.00401606425704,2
9,89,2,1,1,1,1,21,0,3,0,81,93,1,2,0,0,78.0,10.5,12,10.333333333333334,1,2.3,2,8.01,72.83132530120483,2
9,89,1,1,1,1,1,23,3,1,0,85,56,1,2,2,0,79.6,9.5,-29,6.222222222222222,0,2.1,1,8.01,44.75502008032128,2
9,89,1,1,1,1,1,23,1,15,1,70,84,1,0,1,0,83.6,16.5,14,9.333333333333334,2,3.5,1,8.01,70.50602409638554,2
9,89,1,1,1,1,1,20,2,1,0,98,74,1,1,1,0,84.80000000000001,9.5,-24,8.222222222222221,1,2.1,1,8.01,63.00401606425704,2
9,89,1,1,1,1,1,21,0,3,0,81,93,1,2,0,0,78.0,10.5,12,10.333333333333334,0,2.3,1,8.01,72.83132530120483,2
12,69,0,0,1,1,1,28,3,20,1,68,57,0,0,2,0,64.80000000000001,22.0,-11,4.75,1,3.0,0,8.28,37.08433734939759,2
12,69,0,0,1,1,1,25,2,16,1,51,90,1,2,0,0,58.0,20.0,39,7.5,-1,3.6,0,8.28,52.40963855421687,2
12,69,0,0,1,1,1,22,1,1,1,85,47,0,1,3,0,71.6,12.5,-38,3.9166666666666665,0,1.1,0,8.28,33.787148594377506,2
12,69,0,0,1,1,1,26,2,20,1,76,87,1,2,0,0,68.0,22.0,11,7.25,-1,4.0,0,8.28,59.397590361445786,2
12,69,2,1,0,1,1,28,3,20,1,68,57,0,0,2,0,74.80000000000001,22.0,-11,4.75,2,3.0,0,8.28,42.807228915662655,2
12,69,2,1,0,1,1,25,2,16,1,51,90,1,2,0,0,68.0,20.0,39,7.5,0,3.6,0,8.28,61.445783132530124,2
12,69,2,1,0,1,1,22,1,1,1,85,47,0,1,3,0,81.6,12.5,-38,3.9166666666666665,1,1.1,0,8.28,38.50602409638554,2
12,69,2,1,0,1,1,26,2,20,1,76,87,1,2,0,0,78.0,22.0,11,7.25,0,4.0,0,8.28,68.13253012048193,2
10,77,2,1,2,1,0,20,0,3,0,52,75,1,1,1,0,61.6,11.5,23,7.5,3,2.3,4,7.7,46.385542168674704,2
10,77,2,1,2,1,0,28,3,20,1,56,66,0,1,2,0,73.2,20.0,10,6.6,3,3.0,4,7.7,48.506024096385545,2
10,77,2,1,2,1,0,26,1,19,0,68,100,0,2,0,0,68.0,19.5,32,10.0,2,2.9000000000000004,4,7.7,68.27309236947792,2
10,77,2,1,2,1,0,26,3,15,1,69,95,1,1,0,0,78.4,17.5,26,9.5,3,3.5,4,7.7,74.77911646586347,2
10,77,2,1,2,1,0,19,0,5,1,97,42,1,0,3,0,89.60000000000001,12.5,-55,4.2,4,2.5,4,7.7,37.78313253012048,2
10,77,2,1,1,1,0,20,0,3,0,52,75,1,1,1,0,61.6,11.5,23,7.5,2,2.3,2,7.7,46.385542168674704,2
10,77,2,1,1,1,0,28,3,20,1,56,66,0,1,2,0,73.2,20.0,10,6.6,2,3.0,2,7.7,48.506024096385545,2
10,77,2,1,1,1,0,26,1,19,0,68,100,0,2,0,0,68.0,19.5,32,10.0,1,2.9000000000000004,2,7.7,68.27309236947792,2
10,77,2,1,1,1,0,26,3,15,1,69,95,1,1,0,0,78.4,17.5,26,9.5,2,3.5,2,7.7,74.77911646586347,2
10,77,2,1,1,1,0,19,0,5,1,97,42,1,0,3,0,89.60000000000001,12.5,-55,4.2,3,2.5,2,7.7,37.78313253012048,2
11,72,1,0,2,1,1,21,3,4,0,86,63,0,2,2,0,63.2,13.0,-23,5.7272727272727275,1,1.4,2,7.92,39.97590361445784,2
11,72,1,0,2,1,1,29,2,20,1,96,64,1,2,2,0,77.2,21.0,-32,5.818181818181818,1,4.0,2,7.92,49.60642570281125,2
11,72,1,1,0,1,1,21,3,4,0,86,63,0,2,2,0,73.2,13.0,-23,5.7272727272727275,-1,1.4,0,7.92,46.30120481927711,2
11,72,1,1,0,1,1,29,2,20,1,96,64,1,2,2,0,87.2,21.0,-32,5.818181818181818,-1,4.0,0,7.92,56.03212851405623,2
11,72,0,0,2,1,1,21,3,4,0,86,63,0,2,2,0,63.2,13.0,-23,5.7272727272727275,0,1.4,0,7.92,39.97590361445784,2
11,72,0,0,2,1,1,29,2,20,1,96,64,1,2,2,0,77.2,21.0,-32,5.818181818181818,0,4.0,0,7.92,49.60642570281125,2
15,82,1,1,1,1,0,23,1,13,0,92,65,0,1,2,0,79.60000000000001,21.5,-27,4.333333333333333,1,2.3,1,12.299999999999999,51.947791164658646,2
5,95,2,1,0,1,0,19,3,4,0,85,60,1,2,2,0,82.0,7.0,-25,12.0,0,2.4,0,4.75,49.397590361445786,2
17,100,1,0,0,1,0,20,2,8,1,81,68,1,2,2,0,82.4,21.0,-13,4.0,-1,2.8,0,17.0,56.2570281124498,2
17,100,1,0,0,1,0,26,2,13,1,85,74,1,2,1,0,84.0,23.5,-11,4.352941176470588,-1,3.3,0,17.0,62.40963855421687,2
17,100,1,0,0,1,0,20,3,5,1,57,96,0,1,0,0,72.8,19.5,39,5.647058823529412,0,1.5,0,17.0,70.16867469879517,2
12,61,0,1,0,1,0,26,1,5,0,89,78,0,0,1,0,70.0,14.5,-11,6.5,0,1.5,0,7.32,54.81927710843374,2
17,64,1,0,1,1,1,18,2,1,1,90,51,1,2,3,0,71.6,17.5,-39,3.0,0,2.1,1,10.88,36.662650602409634,2
17,64,1,0,1,1,1,19,0,4,1,73,81,1,1,1,0,64.80000000000001,19.0,8,4.764705882352941,1,2.4,1,10.88,52.6987951807229,2
17,64,1,0,1,1,1,21,1,6,1,82,55,1,0,2,0,68.4,20.0,-27,3.235294117647059,2,2.6,1,10.88,37.7710843373494,2
17,64,2,1,1,1,1,18,2,1,1,90,51,1,2,3,0,81.6,17.5,-39,3.0,1,2.1,2,10.88,41.78313253012048,2
17,64,2,1,1,1,1,19,0,4,1,73,81,1,1,1,0,74.80000000000001,19.0,8,4.764705882352941,2,2.4,2,10.88,60.83132530120483,2
17,64,2,1,1,1,1,21,1,6,1,82,55,1,0,2,0,78.4,20.0,-27,3.235294117647059,3,2.6,2,10.88,43.29317269076306,2
17,64,2,0,0,1,1,18,2,1,1,90,51,1,2,3,0,71.6,17.5,-39,3.0,0,2.1,0,10.88,36.662650602409634,2
17,64,2,0,0,1,1,19,0,4,1,73,81,1,1,1,0,64.80000000000001,19.0,8,4.764705882352941,1,2.4,0,10.88,52.6987951807229,2
17,64,2,0,0,1,1,21,1,6,1,82,55,1,0,2,0,68.4,20.0,-27,3.235294117647059,2,2.6,0,10.88,37.7710843373494,2
17,64,0,0,2,1,1,18,2,1,1,90,51,1,2,3,0,71.6,17.5,-39,3.0,0,2.1,0,10.88,36.662650602409634,2
17,64,0,0,2,1,1,19,0,4,1,73,81,1,1,1,0,64.80000000000001,19.0,8,4.764705882352941,1,2.4,0,10.88,52.6987951807229,2
17,64,0,0,2,1,1,21,1,6,1,82,55,1,0,2,0,68.4,20.0,-27,3.235294117647059,2,2.6,0,10.88,37.7710843373494,2
17,64,1,1,1,1,1,18,2,1,1,90,51,1,2,3,0,81.6,17.5,-39,3.0,0,2.1,1,10.88,41.78313253012048,2
17,64,1,1,1,1,1,19,0,4,1,73,81,1,1,1,0,74.80000000000001,19.0,8,4.764705882352941,1,2.4,1,10.88,60.83132530120483,2
17,64,1,1,1,1,1,21,1,6,1,82,55,1,0,2,0,78.4,20.0,-27,3.235294117647059,2,2.6,1,10.88,43.29317269076306,2
17,64,1,1,2,1,1,18,2,1,1,90,51,1,2,3,0,81.6,17.5,-39,3.0,1,2.1,2,10.88,41.78313253012048,2
17,64,1,1,2,1,1,19,0,4,1,73,81,1,1,1,0,74.80000000000001,19.0,8,4.764705882352941,2,2.4,2,10.88,60.83132530120483,2
17,64,1,1,2,1,1,21,1,6,1,82,55,1,0,2,0,78.4,20.0,-27,3.235294117647059,3,2.6,2,10.88,43.29317269076306,2
9,70,1,1,0,1,1,27,0,18,1,75,99,0,2,0,0,78.0,18.0,24,11.0,-1,2.8,0,6.3,77.53012048192772,2
21,78,2,0,2,1,0,28,1,17,1,60,99,0,1,0,0,65.2,29.5,39,4.714285714285714,3,2.7,4,16.38,64.80722891566265,2
21,78,1,1,1,1,0,28,1,17,1,60,99,0,1,0,0,75.2,29.5,39,4.714285714285714,1,2.7,1,16.38,74.74698795180724,2
13,64,0,0,1,1,0,18,0,10,0,81,94,0,1,0,0,58.0,18.0,13,7.230769230769231,0,2.0,0,8.32,54.738955823293175,2
13,64,0,0,1,1,0,28,1,9,0,70,42,1,2,3,0,53.6,17.5,-28,3.230769230769231,-1,2.9,0,8.32,22.602409638554217,2
13,64,0,0,1,1,0,24,0,10,0,52,72,1,2,1,0,46.400000000000006,18.0,20,5.538461538461538,-1,3.0,0,8.32,33.5421686746988,2
13,64,2,1,1,1,0,18,0,10,0,81,94,0,1,0,0,68.0,18.0,13,7.230769230769231,2,2.0,2,8.32,64.17670682730925,2
13,64,2,1,1,1,0,28,1,9,0,70,42,1,2,3,0,63.6,17.5,-28,3.230769230769231,1,2.9,2,8.32,26.819277108433738,2
13,64,2,1,1,1,0,24,0,10,0,52,72,1,2,1,0,56.400000000000006,18.0,20,5.538461538461538,1,3.0,2,8.32,40.7710843373494,2
13,64,2,0,0,1,0,18,0,10,0,81,94,0,1,0,0,58.0,18.0,13,7.230769230769231,1,2.0,0,8.32,54.738955823293175,2
13,64,2,0,0,1,0,28,1,9,0,70,42,1,2,3,0,53.6,17.5,-28,3.230769230769231,0,2.9,0,8.32,22.602409638554217,2
13,64,2,0,0,1,0,24,0,10,0,52,72,1,2,1,0,46.400000000000006,18.0,20,5.538461538461538,0,3.0,0,8.32,33.5421686746988,2
12,65,2,1,2,1,1,20,3,15,0,52,88,1,2,0,0,56.8,19.5,36,7.333333333333333,2,3.5,4,7.800000000000001,50.18473895582329,2
12,65,2,1,2,1,1,27,3,6,0,99,40,1,2,3,1,75.6,15.0,-59,3.3333333333333335,2,2.6,4,7.800000000000001,30.36144578313253,2
12,65,2,1,2,1,1,24,3,19,1,92,75,0,2,1,0,82.80000000000001,21.5,-17,6.25,2,2.9000000000000004,4,7.800000000000001,62.349397590361455,2
12,65,2,0,1,1,1,20,3,15,0,52,88,1,2,0,0,46.8,19.5,36,7.333333333333333,1,3.5,2,7.800000000000001,41.34939759036145,2
12,65,2,0,1,1,1,27,3,6,0,99,40,1,2,3,1,65.6,15.0,-59,3.3333333333333335,1,2.6,2,7.800000000000001,26.34538152610442,2
12,65,2,0,1,1,1,24,3,19,1,92,75,0,2,1,0,72.80000000000001,21.5,-17,6.25,1,2.9000000000000004,2,7.800000000000001,54.81927710843375,2
12,65,1,0,1,1,1,20,3,15,0,52,88,1,2,0,0,46.8,19.5,36,7.333333333333333,0,3.5,1,7.800000000000001,41.34939759036145,2
12,65,1,0,1,1,1,27,3,6,0,99,40,1,2,3,1,65.6,15.0,-59,3.3333333333333335,0,2.6,1,7.800000000000001,26.34538152610442,2
12,65,1,0,1,1,1,24,3,19,1,92,75,0,2,1,0,72.80000000000001,21.5,-17,6.25,0,2.9000000000000004,1,7.800000000000001,54.81927710843375,2
7,61,2,1,2,1,0,18,3,18,1,77,66,0,2,2,0,75.2,16.0,-11,9.428571428571429,2,2.8,4,4.27,49.83132530120482,2
7,61,2,1,2,1,0,27,2,4,0,58,47,0,0,3,0,57.60000000000001,9.0,-11,6.714285714285714,4,1.4,4,4.27,27.18072289156627,2
14,93,0,1,0,1,0,18,3,11,0,82,68,0,0,2,0,80.0,19.5,-14,4.857142857142857,0,2.1,0,13.020000000000001,54.618473895582326,2
17,97,1,0,0,1,0,26,2,13,1,73,71,1,2,1,0,78.0,23.5,-2,4.176470588235294,-1,3.3,0,16.49,55.60240963855422,2
17,97,1,0,0,1,0,19,3,16,0,78,59,0,2,2,0,70.0,25.0,-19,3.4705882352941178,-1,2.6,0,16.49,41.46586345381527,2
20,96,1,1,1,1,0,26,2,17,1,96,100,1,2,0,0,96.80000000000001,28.5,4,5.0,0,3.7,1,19.2,97.18875502008034,2
20,96,1,1,2,1,0,26,2,17,1,96,100,1,2,0,0,96.80000000000001,28.5,4,5.0,1,3.7,2,19.2,97.18875502008034,2
7,60,2,1,0,1,0,19,0,1,1,65,93,1,2,0,1,70.0,7.5,28,13.285714285714286,0,2.1,0,4.2,65.36144578313254,2
13,100,0,1,0,1,1,28,1,14,1,91,53,1,2,3,0,96.4,20.0,-38,4.076923076923077,-2,3.4000000000000004,0,13.0,51.29718875502009,2
13,100,0,1,0,1,1,24,2,2,0,59,42,1,1,3,0,73.6,14.0,-17,3.230769230769231,-1,2.2,0,13.0,31.03614457831325,2
13,100,0,1,0,1,1,20,0,20,1,71,58,1,2,2,0,88.4,23.0,-13,4.461538461538462,-2,4.0,0,13.0,51.47791164658636,2
13,100,0,1,0,1,1,24,0,18,0,50,66,1,0,2,0,70.0,22.0,16,5.076923076923077,0,3.8,0,13.0,46.385542168674704,2
19,95,2,1,1,1,0,20,1,13,1,88,86,1,1,0,0,93.2,25.5,-2,4.526315789473684,2,3.3,2,18.05,80.47389558232932,2
19,95,2,1,1,1,0,29,2,2,0,72,94,0,0,0,0,76.8,20.0,22,4.947368421052632,3,1.2,2,18.05,72.48192771084338,2
19,95,2,1,1,1,0,18,3,2,1,92,82,0,1,1,0,94.80000000000001,20.0,-10,4.315789473684211,2,1.2,2,18.05,78.04819277108435,2
19,95,2,1,1,1,0,29,0,11,0,60,85,0,2,0,0,72.0,24.5,25,4.473684210526316,1,2.1,2,18.05,61.44578313253012,2
15,61,0,1,1,1,0,20,3,12,0,68,54,1,2,3,0,61.60000000000001,21.0,-14,3.6,-1,3.2,0,9.15,33.39759036144579,2
15,61,0,1,1,1,0,24,1,11,1,60,96,1,2,0,0,68.4,20.5,36,6.4,-1,3.1,0,9.15,65.9277108433735,2
15,61,0,1,1,1,0,24,3,0,1,62,44,1,1,3,0,69.2,15.0,-18,2.933333333333333,0,2.0,0,9.15,30.570281124497996,2
15,61,0,1,1,1,0,20,3,15,1,66,67,1,2,2,0,70.80000000000001,22.5,1,4.466666666666667,-1,3.5,0,9.15,47.6265060240964,2
15,61,0,1,1,1,0,26,1,0,1,72,58,1,0,2,0,73.2,15.0,-14,3.8666666666666667,1,2.0,0,9.15,42.626506024096386,2
15,61,1,0,2,1,0,20,3,12,0,68,54,1,2,3,0,51.60000000000001,21.0,-14,3.6,1,3.2,2,9.15,27.975903614457838,2
15,61,1,0,2,1,0,24,1,11,1,60,96,1,2,0,0,58.400000000000006,20.5,36,6.4,1,3.1,2,9.15,56.28915662650603,2
15,61,1,0,2,1,0,24,3,0,1,62,44,1,1,3,0,59.2,15.0,-18,2.933333333333333,2,2.0,2,9.15,26.15261044176707,2
15,61,1,0,2,1,0,20,3,15,1,66,67,1,2,2,0,60.800000000000004,22.5,1,4.466666666666667,1,3.5,2,9.15,40.8995983935743,2
15,61,1,0,2,1,0,26,1,0,1,72,58,1,0,2,0,63.2,15.0,-14,3.8666666666666667,3,2.0,2,9.15,36.80321285140563,2
15,61,1,1,2,1,0,20,3,12,0,68,54,1,2,3,0,61.60000000000001,21.0,-14,3.6,1,3.2,2,9.15,33.39759036144579,2
15,61,1,1,2,1,0,24,1,11,1,60,96,1,2,0,0,68.4,20.5,36,6.4,1,3.1,2,9.15,65.9277108433735,2
15,61,1,1,2,1,0,24,3,0,1,62,44,1,1,3,0,69.2,15.0,-18,2.933333333333333,2,2.0,2,9.15,30.570281124497996,2
15,61,1,1,2,1,0,20,3,15,1,66,67,1,2,2,0,70.80000000000001,22.5,1,4.466666666666667,1,3.5,2,9.15,47.6265060240964,2
15,61,1,1,2,1,0,26,1,0,1,72,58,1,0,2,0,73.2,15.0,-14,3.8666666666666667,3,2.0,2,9.15,42.626506024096386,2
9,97,1,1,1,1,0,27,1,15,1,72,63,0,1,2,0,87.60000000000001,16.5,-9,7.0,1,2.5,1,8.73,55.409638554216876,2
9,97,1,1,1,1,0,19,3,4,1,50,43,1,0,3,0,78.80000000000001,11.0,-7,4.777777777777778,2,2.4,1,8.73,34.02008032128515,2
9,97,1,1,1,1,0,22,2,10,1,58,89,1,1,0,0,82.0,14.0,31,9.88888888888889,1,3.0,1,8.73,73.27309236947791,2
9,97,1,1,1,1,0,28,0,14,0,86,40,1,1,3,0,83.2,16.0,-46,4.444444444444445,1,3.4000000000000004,1,8.73,33.4136546184739,2
9,97,1,1,1,1,0,18,3,18,1,77,77,0,2,1,0,89.60000000000001,18.0,0,8.555555555555555,0,2.8,1,8.73,69.26907630522089,2
7,62,2,0,1,1,0,21,2,13,1,94,71,1,1,1,0,72.4,13.5,-23,10.142857142857142,2,3.3,2,4.34,51.610441767068274,2
7,62,2,0,1,1,0,20,0,19,0,93,80,1,0,1,0,62.0,16.5,-13,11.428571428571429,3,3.9000000000000004,2,4.34,49.7991967871486,2
7,62,1,1,1,1,0,21,2,13,1,94,71,1,1,1,0,82.4,13.5,-23,10.142857142857142,1,3.3,1,4.34,58.738955823293175,2
7,62,1,1,1,1,0,20,0,19,0,93,80,1,0,1,0,72.0,16.5,-13,11.428571428571429,2,3.9000000000000004,1,4.34,57.83132530120482,2
14,90,2,1,1,1,0,18,0,14,1,90,75,1,2,1,0,92.0,21.0,-15,5.357142857142857,1,3.4000000000000004,2,12.6,69.27710843373494,2
14,90,1,1,1,1,0,18,0,14,1,90,75,1,2,1,0,92.0,21.0,-15,5.357142857142857,0,3.4000000000000004,1,12.6,69.27710843373494,2
8,95,1,0,0,1,1,23,3,17,0,96,91,1,2,0,0,76.4,16.5,-5,11.375,-1,3.7,0,7.6,69.80321285140563,2
8,95,1,0,0,1,1,25,0,13,0,90,71,1,2,1,0,74.0,14.5,-19,8.875,-1,3.3,0,7.6,52.75100401606426,2
11,67,1,1,0,1,0,25,1,5,1,95,55,1,0,2,0,84.8,13.5,-40,5.0,1,2.5,0,7.37,46.82730923694779,2
11,67,1,1,0,1,0,24,3,0,0,62,91,1,0,0,0,61.6,11.0,29,8.272727272727273,1,2.0,0,7.37,56.28112449799197,2
11,67,1,1,0,1,0,19,1,13,0,54,95,1,2,0,0,58.400000000000006,17.5,41,8.636363636363637,-1,3.3,0,7.37,55.70281124497993,2
11,67,2,0,2,1,0,25,1,5,1,95,55,1,0,2,0,74.8,13.5,-40,5.0,4,2.5,4,7.37,41.30522088353414,2
11,67,2,0,2,1,0,24,3,0,0,62,91,1,0,0,0,51.6,11.0,29,8.272727272727273,4,2.0,4,7.37,47.144578313253014,2
11,67,2,0,2,1,0,19,1,13,0,54,95,1,2,0,0,48.400000000000006,17.5,41,8.636363636363637,2,3.3,4,7.37,46.16465863453816,2
19,74,1,0,2,1,0,19,3,7,0,83,97,0,2,0,0,62.800000000000004,22.5,14,5.105263157894737,1,1.7000000000000002,2,14.06,61.160642570281134,2
19,74,1,0,2,1,0,27,0,18,0,61,96,0,2,0,0,54.0,28.0,35,5.052631578947368,1,2.8,2,14.06,52.048192771084345,2
19,74,2,1,1,1,0,19,3,7,0,83,97,0,2,0,0,72.80000000000001,22.5,14,5.105263157894737,1,1.7000000000000002,2,14.06,70.89959839357432,2
19,74,2,1,1,1,0,27,0,18,0,61,96,0,2,0,0,64.0,28.0,35,5.052631578947368,1,2.8,2,14.06,61.68674698795181,2
19,74,1,1,2,1,0,19,3,7,0,83,97,0,2,0,0,72.80000000000001,22.5,14,5.105263157894737,1,1.7000000000000002,2,14.06,70.89959839357432,2
19,74,1,1,2,1,0,27,0,18,0,61,96,0,2,0,0,64.0,28.0,35,5.052631578947368,1,2.8,2,14.06,61.68674698795181,2
19,74,2,1,2,1,0,19,3,7,0,83,97,0,2,0,0,72.80000000000001,22.5,14,5.105263157894737,2,1.7000000000000002,4,14.06,70.89959839357432,2
19,74,2,1,2,1,0,27,0,18,0,61,96,0,2,0,0,64.0,28.0,35,5.052631578947368,2,2.8,4,14.06,61.68674698795181,2
12,80,2,1,2,1,1,22,0,1,1,54,42,0,1,3,0,73.6,12.5,-12,3.5,3,1.1,4,9.600000000000001,31.03614457831325,2
12,80,2,1,2,1,1,27,2,8,1,98,60,1,1,2,0,91.2,16.0,-38,5.0,3,2.8,4,9.600000000000001,54.93975903614458,2
12,80,2,1,2,1,1,24,2,5,1,91,67,1,1,2,0,88.4,14.5,-24,5.583333333333333,3,2.5,4,9.600000000000001,59.465863453815274,2
12,80,2,1,2,1,1,26,1,13,0,51,87,0,2,0,0,62.400000000000006,18.5,36,7.25,2,2.3,4,9.600000000000001,54.50602409638555,2
12,80,2,1,2,1,1,27,2,16,1,95,54,1,2,3,0,90.0,20.0,-41,4.5,2,3.6,4,9.600000000000001,48.795180722891565,2
12,80,0,0,1,1,1,22,0,1,1,54,42,0,1,3,0,63.6,12.5,-12,3.5,0,1.1,0,9.600000000000001,26.819277108433738,2
12,80,0,0,1,1,1,27,2,8,1,98,60,1,1,2,0,81.2,16.0,-38,5.0,0,2.8,0,9.600000000000001,48.915662650602414,2
12,80,0,0,1,1,1,24,2,5,1,91,67,1,1,2,0,78.4,14.5,-24,5.583333333333333,0,2.5,0,9.600000000000001,52.73895582329318,2
12,80,0,0,1,1,1,26,1,13,0,51,87,0,2,0,0,52.400000000000006,18.5,36,7.25,-1,2.3,0,9.600000000000001,45.77108433734941,2
12,80,0,0,1,1,1,27,2,16,1,95,54,1,2,3,0,80.0,20.0,-41,4.5,-1,3.6,0,9.600000000000001,43.373493975903614,2
12,80,2,1,1,1,1,22,0,1,1,54,42,0,1,3,0,73.6,12.5,-12,3.5,2,1.1,2,9.600000000000001,31.03614457831325,2
12,80,2,1,1,1,1,27,2,8,1,98,60,1,1,2,0,91.2,16.0,-38,5.0,2,2.8,2,9.600000000000001,54.93975903614458,2
12,80,2,1,1,1,1,24,2,5,1,91,67,1,1,2,0,88.4,14.5,-24,5.583333333333333,2,2.5,2,9.600000000000001,59.465863453815274,2
12,80,2,1,1,1,1,26,1,13,0,51,87,0,2,0,0,62.400000000000006,18.5,36,7.25,1,2.3,2,9.600000000000001,54.50602409638555,2
12,80,2,1,1,1,1,27,2,16,1,95,54,1,2,3,0,90.0,20.0,-41,4.5,1,3.6,2,9.600000000000001,48.795180722891565,2
13,79,2,0,2,1,0,20,2,9,0,90,86,1,2,0,0,67.6,17.5,-4,6.615384615384615,2,2.9,4,10.27,58.369477911646584,2
13,79,2,0,2,1,0,19,1,18,0,68,64,1,1,2,0,58.800000000000004,22.0,-4,4.923076923076923,3,3.8,4,10.27,37.78313253012049,2
13,79,2,0,2,1,0,29,0,0,1,73,76,0,0,1,0,70.80000000000001,13.0,3,5.846153846153846,4,1.0,4,10.27,54.02409638554218,2
13,79,2,0,2,1,0,29,1,2,1,96,41,0,2,3,0,80.0,14.0,-55,3.1538461538461537,2,1.2,4,10.27,32.93172690763052,2
13,79,2,0,2,1,0,22,0,6,0,60,65,1,1,2,0,55.6,16.0,5,5.0,3,2.6,4,10.27,36.285140562249,2
17,85,1,1,1,1,1,27,3,8,0,51,64,1,2,2,0,64.4,21.0,13,3.764705882352941,0,2.8,1,14.45,41.381526104417674,2
17,85,1,1,1,1,1,18,2,10,0,82,70,1,1,1,0,76.80000000000001,22.0,-12,4.117647058823529,1,3.0,1,14.45,53.97590361445784,2
17,85,0,0,1,1,1,27,3,8,0,51,64,1,2,2,0,54.400000000000006,21.0,13,3.764705882352941,-1,2.8,0,14.45,34.9558232931727,2
17,85,0,0,1,1,1,18,2,10,0,82,70,1,1,1,0,66.80000000000001,22.0,-12,4.117647058823529,0,3.0,0,14.45,46.947791164658646,2
11,76,1,1,0,1,0,28,1,6,1,55,92,1,1,0,0,72.4,14.0,37,8.363636363636363,0,2.6,0,8.36,66.87550200803213,2
11,76,1,1,0,1,0,20,3,1,1,68,49,1,0,3,0,77.60000000000001,11.5,-19,4.454545454545454,1,2.1,0,8.36,38.176706827309246,2
11,76,1,1,0,1,0,21,2,13,0,81,55,1,1,2,0,72.8,17.5,-26,5.0,0,3.3,0,8.36,40.200803212851405,2
11,76,1,0,2,1,0,28,1,6,1,55,92,1,1,0,0,62.400000000000006,14.0,37,8.363636363636363,2,2.6,2,8.36,57.63855421686748,2
11,76,1,0,2,1,0,20,3,1,1,68,49,1,0,3,0,67.60000000000001,11.5,-19,4.454545454545454,3,2.1,2,8.36,33.2570281124498,2
11,76,1,0,2,1,0,21,2,13,0,81,55,1,1,2,0,62.8,17.5,-26,5.0,2,3.3,2,8.36,34.67871485943775,2
7,92,1,1,1,1,0,19,3,0,1,76,66,1,2,2,0,87.2,7.0,-10,9.428571428571429,0,2.0,1,6.44,57.78313253012049,2
7,92,1,1,1,1,0,19,1,11,1,57,87,1,2,0,0,79.60000000000001,12.5,30,12.428571428571429,0,3.1,1,6.44,69.53012048192772,2
7,92,1,1,1,1,0,29,3,1,1,78,94,1,0,0,1,88.0,7.5,16,13.428571428571429,2,2.1,1,6.44,83.05220883534136,2
7,92,1,1,1,1,0,23,1,19,1,56,54,1,1,3,0,79.2,16.5,-2,7.714285714285714,1,3.9000000000000004,1,6.44,42.939759036144586,2
7,92,1,1,1,1,0,25,3,10,0,78,67,1,0,2,0,78.0,12.0,-11,9.571428571428571,2,3.0,1,6.44,52.4698795180723,2
19,77,1,0,0,1,0,28,0,4,1,91,86,0,2,0,0,77.2,21.0,-5,4.526315789473684,-1,1.4,0,14.63,66.65863453815261,2
19,77,1,0,0,1,0,20,1,12,1,85,84,0,2,1,0,74.8,25.0,-1,4.421052631578948,-1,2.2,0,14.63,63.08433734939759,2
19,77,0,1,1,1,0,28,0,4,1,91,86,0,2,0,0,87.2,21.0,-5,4.526315789473684,-1,1.4,0,14.63,75.29317269076306,2
19,77,0,1,1,1,0,20,1,12,1,85,84,0,2,1,0,84.8,25.0,-1,4.421052631578948,-1,2.2,0,14.63,71.51807228915663,2
19,77,0,1,0,1,0,28,0,4,1,91,86,0,2,0,0,87.2,21.0,-5,4.526315789473684,-2,1.4,0,14.63,75.29317269076306,2
19,77,0,1,0,1,0,20,1,12,1,85,84,0,2,1,0,84.8,25.0,-1,4.421052631578948,-2,2.2,0,14.63,71.51807228915663,2
19,77,1,1,2,1,0,28,0,4,1,91,86,0,2,0,0,87.2,21.0,-5,4.526315789473684,1,1.4,2,14.63,75.29317269076306,2
19,77,1,1,2,1,0,20,1,12,1,85,84,0,2,1,0,84.8,25.0,-1,4.421052631578948,1,2.2,2,14.63,71.51807228915663,2
19,77,0,0,0,1,0,28,0,4,1,91,86,0,2,0,0,77.2,21.0,-5,4.526315789473684,-2,1.4,0,14.63,66.65863453815261,2
19,77,0,0,0,1,0,20,1,12,1,85,84,0,2,1,0,74.8,25.0,-1,4.421052631578948,-2,2.2,0,14.63,63.08433734939759,2
9,93,0,1,0,1,0,19,0,12,0,50,52,0,2,3,0,67.2,15.0,2,5.777777777777778,-2,2.2,0,8.370000000000001,35.08433734939759,2
9,93,0,1,0,1,0,28,3,12,1,98,85,0,1,0,0,96.4,15.0,-13,9.444444444444445,-1,2.2,0,8.370000000000001,82.26907630522089,2
9,93,0,1,0,1,0,19,0,15,1,75,42,0,2,3,0,87.2,16.5,-33,4.666666666666667,-2,2.5,0,8.370000000000001,36.7710843373494,2
9,93,0,1,0,1,0,24,0,10,1,54,48,0,2,3,0,78.80000000000001,14.0,-6,5.333333333333333,-2,2.0,0,8.370000000000001,37.97590361445784,2
9,93,0,1,0,1,0,26,2,18,0,53,72,1,0,1,0,68.4,18.0,19,8.0,0,3.8,0,8.370000000000001,49.445783132530124,2
9,93,0,1,0,1,0,22,0,8,1,96,56,1,2,2,0,95.60000000000001,13.0,-40,6.222222222222222,-2,2.8,0,8.370000000000001,53.751004016064265,2
9,93,0,1,0,1,0,18,1,0,1,94,88,0,1,0,0,94.80000000000001,9.0,-6,9.777777777777779,-1,1.0,0,8.370000000000001,83.75903614457833,2
16,100,2,0,1,1,0,27,1,19,1,87,59,0,0,2,0,84.80000000000001,25.5,-28,3.6875,3,2.9000000000000004,2,16.0,50.23293172690764,2
16,100,1,1,2,1,0,27,1,19,1,87,59,0,0,2,0,94.80000000000001,25.5,-28,3.6875,3,2.9000000000000004,2,16.0,56.156626506024104,2
6,90,1,1,1,1,1,27,2,19,1,99,67,1,0,2,0,95.6,15.5,-32,11.166666666666666,2,3.9000000000000004,1,5.4,64.30923694779116,2
6,90,1,1,1,1,1,25,3,4,1,77,94,1,1,0,1,86.8,8.0,17,15.666666666666666,1,2.4,1,5.4,81.91967871485944,2
16,84,1,0,0,1,1,20,2,13,1,99,65,1,0,2,0,83.2,22.5,-34,4.0625,1,3.3,0,13.44,54.29718875502009,2
16,84,1,0,0,1,1,18,0,2,1,54,75,0,1,1,0,65.2,17.0,21,4.6875,0,1.2,0,13.44,49.096385542168676,2
16,84,2,1,1,1,1,20,2,13,1,99,65,1,0,2,0,93.2,22.5,-34,4.0625,3,3.3,2,13.44,60.82329317269077,2
16,84,2,1,1,1,1,18,0,2,1,54,75,0,1,1,0,75.2,17.0,21,4.6875,2,1.2,2,13.44,56.62650602409639,2
16,84,2,0,0,1,1,20,2,13,1,99,65,1,0,2,0,83.2,22.5,-34,4.0625,2,3.3,0,13.44,54.29718875502009,2
16,84,2,0,0,1,1,18,0,2,1,54,75,0,1,1,0,65.2,17.0,21,4.6875,1,1.2,0,13.44,49.096385542168676,2
14,61,1,1,0,1,1,26,2,2,1,59,92,1,1,0,0,68.0,15.0,33,6.571428571428571,0,2.2,0,8.54,62.811244979919685,2
14,61,1,1,0,1,1,29,0,13,1,54,81,1,2,1,0,66.0,20.5,27,5.785714285714286,-1,3.3,0,8.54,53.674698795180724,2
14,61,1,1,0,1,1,18,3,2,0,86,96,1,2,0,0,68.8,15.0,10,6.857142857142857,-1,2.2,0,8.54,66.3132530120482,2
14,61,1,1,0,1,1,19,3,11,1,74,78,0,2,1,0,74.0,19.5,4,5.571428571428571,-1,2.1,0,8.54,57.95180722891566,2
8,66,2,1,1,1,1,23,1,5,1,67,64,1,0,2,0,73.2,10.5,-3,8.0,3,2.5,2,5.28,47.036144578313255,2
14,73,2,0,1,1,1,29,0,15,0,94,90,1,0,0,0,66.80000000000001,21.5,-4,6.428571428571429,3,3.5,2,10.219999999999999,60.36144578313254,2
14,73,2,0,1,1,1,23,3,10,1,91,72,1,0,1,0,75.6,19.0,-19,5.142857142857143,3,3.0,2,10.219999999999999,54.65060240963855,2
14,73,2,0,1,1,1,28,1,4,1,81,72,1,1,1,0,71.6,16.0,-9,5.142857142857143,2,2.4,2,10.219999999999999,51.75903614457831,2
20,100,1,1,1,1,1,27,0,19,1,50,99,1,1,0,0,80.0,29.5,49,4.95,1,3.9000000000000004,1,20.0,79.51807228915662,2
12,68,2,0,2,1,0,19,1,11,1,51,75,1,2,1,0,57.60000000000001,17.5,24,6.25,2,3.1,4,8.16,43.37349397590362,2
12,68,2,0,2,1,0,20,2,8,0,89,64,1,2,2,0,62.800000000000004,16.0,-25,5.333333333333333,2,2.8,4,8.16,40.35341365461848,2
11,100,2,0,1,1,0,22,0,20,1,58,52,1,2,3,0,73.2,21.0,-6,4.7272727272727275,1,4.0,2,11.0,38.21686746987952,2
11,100,2,0,1,1,0,24,1,2,0,84,85,1,2,0,0,73.6,12.0,1,7.7272727272727275,1,2.2,2,11.0,62.81124497991968,2
11,100,2,1,2,1,0,22,0,20,1,58,52,1,2,3,0,83.2,21.0,-6,4.7272727272727275,2,4.0,4,11.0,43.437751004016064,2
11,100,2,1,2,1,0,24,1,2,0,84,85,1,2,0,0,83.6,12.0,1,7.7272727272727275,2,2.2,4,11.0,71.34538152610442,2
12,61,1,1,1,1,1,27,3,6,1,94,96,1,2,0,0,82.0,15.0,2,8.0,0,2.6,1,7.32,79.03614457831326,2
12,61,1,1,1,1,1,25,1,19,0,66,53,1,2,3,0,60.800000000000004,21.5,-13,4.416666666666667,0,3.9000000000000004,1,7.32,32.35341365461848,2
13,91,1,1,1,1,1,27,0,2,1,85,96,0,1,0,0,90.4,14.0,11,7.384615384615385,1,1.2,1,11.83,87.13253012048193,2
13,91,1,1,1,1,1,28,0,17,0,81,70,1,2,1,0,78.8,21.5,-11,5.384615384615385,0,3.7,1,11.83,55.381526104417674,2
13,91,0,1,0,1,1,27,0,2,1,85,96,0,1,0,0,90.4,14.0,11,7.384615384615385,-1,1.2,0,11.83,87.13253012048193,2
13,91,0,1,0,1,1,28,0,17,0,81,70,1,2,1,0,78.8,21.5,-11,5.384615384615385,-2,3.7,0,11.83,55.381526104417674,2
16,91,2,0,0,1,1,29,3,20,0,75,56,0,2,2,0,66.4,26.0,-19,3.5,0,3.0,0,14.56,37.333333333333336,2
16,91,2,1,0,1,1,29,3,20,0,75,56,0,2,2,0,76.4,26.0,-19,3.5,0,3.0,0,14.56,42.9558232931727,2
16,91,1,1,1,1,1,29,3,20,0,75,56,0,2,2,0,76.4,26.0,-19,3.5,0,3.0,1,14.56,42.9558232931727,2
9,97,1,0,0,1,1,19,2,6,1,74,45,0,2,3,0,78.4,12.0,-29,5.0,-1,1.6,0,8.73,35.42168674698796,2
7,90,1,1,0,1,1,29,2,10,0,82,81,1,2,1,0,78.80000000000001,12.0,-1,11.571428571428571,-1,3.0,0,6.3,64.0843373493976,2
10,73,1,1,2,1,1,24,2,4,0,77,68,1,0,2,0,70.0,12.0,-9,6.8,3,2.4,2,7.3,47.79116465863454,2
10,73,0,1,0,1,1,24,2,4,0,77,68,1,0,2,0,70.0,12.0,-9,6.8,0,2.4,0,7.3,47.79116465863454,2
6,98,0,0,1,1,0,20,3,11,1,57,66,1,0,2,0,72.0,11.5,9,11.0,1,3.1,0,5.88,47.71084337349397,2
6,98,0,0,1,1,0,18,1,14,0,96,69,1,0,2,0,77.60000000000001,13.0,-27,11.5,1,3.4000000000000004,0,5.88,53.759036144578324,2
6,98,0,0,1,1,0,18,1,6,1,58,78,1,2,1,0,72.4,9.0,20,13.0,-1,2.6,0,5.88,56.6987951807229,2
18,92,1,1,0,1,0,20,2,19,0,76,92,1,1,0,0,77.2,27.5,16,5.111111111111111,0,3.9000000000000004,0,16.560000000000002,71.30923694779118,2
12,66,2,1,0,1,1,19,1,5,1,50,78,1,1,1,0,66.4,14.5,28,6.5,1,2.5,0,7.92,52.00000000000001,2
12,66,2,1,0,1,1,19,3,15,1,70,42,1,0,3,0,74.4,19.5,-28,3.5,2,3.5,0,7.92,31.373493975903617,2
8,90,2,0,2,1,1,26,3,18,0,72,70,1,2,1,0,64.8,17.0,-2,8.75,2,3.8,4,7.2,45.54216867469879,2
8,90,2,0,2,1,1,24,2,18,1,62,71,1,1,1,0,70.8,17.0,9,8.875,3,3.8,4,7.2,50.46987951807229,2
8,90,2,0,2,1,1,21,3,1,0,65,67,1,1,2,0,62.0,8.5,2,8.375,3,2.1,4,7.2,41.70682730923696,2
8,90,2,0,2,1,1,24,0,19,0,95,91,1,1,0,0,74.0,17.5,-4,11.375,3,3.9000000000000004,4,7.2,67.61044176706828,2
8,90,2,0,2,1,1,26,0,6,1,96,52,1,1,3,0,84.4,11.0,-44,6.5,3,2.6,4,7.2,44.06425702811246,2
8,90,1,0,2,1,1,26,3,18,0,72,70,1,2,1,0,64.8,17.0,-2,8.75,1,3.8,2,7.2,45.54216867469879,2
8,90,1,0,2,1,1,24,2,18,1,62,71,1,1,1,0,70.8,17.0,9,8.875,2,3.8,2,7.2,50.46987951807229,2
8,90,1,0,2,1,1,21,3,1,0,65,67,1,1,2,0,62.0,8.5,2,8.375,2,2.1,2,7.2,41.70682730923696,2
8,90,1,0,2,1,1,24,0,19,0,95,91,1,1,0,0,74.0,17.5,-4,11.375,2,3.9000000000000004,2,7.2,67.61044176706828,2
8,90,1,0,2,1,1,26,0,6,1,96,52,1,1,3,0,84.4,11.0,-44,6.5,2,2.6,2,7.2,44.06425702811246,2
8,78,1,1,1,1,1,18,0,15,1,54,50,0,1,3,0,72.80000000000001,15.5,-4,6.25,1,2.5,1,6.24,36.54618473895583,2
8,78,1,1,1,1,1,28,2,15,1,72,92,0,0,0,0,80.0,15.5,20,11.5,2,2.5,1,6.24,73.89558232931726,2
20,87,2,1,1,1,0,27,3,12,1,55,99,1,2,0,0,76.80000000000001,26.0,44,4.95,1,3.2,2,17.4,76.33734939759037,2
20,87,2,1,1,1,0,29,1,19,0,78,97,1,2,0,0,76.0,29.5,19,4.85,1,3.9000000000000004,2,17.4,74.01606425702812,2
20,87,1,0,1,1,0,27,3,12,1,55,99,1,2,0,0,66.80000000000001,26.0,44,4.95,0,3.2,1,17.4,66.3975903614458,2
20,87,1,0,1,1,0,29,1,19,0,78,97,1,2,0,0,66.0,29.5,19,4.85,0,3.9000000000000004,1,17.4,64.27710843373494,2
20,87,2,0,0,1,0,27,3,12,1,55,99,1,2,0,0,66.80000000000001,26.0,44,4.95,0,3.2,0,17.4,66.3975903614458,2
20,87,2,0,0,1,0,29,1,19,0,78,97,1,2,0,0,66.0,29.5,19,4.85,0,3.9000000000000004,0,17.4,64.27710843373494,2
9,69,1,1,1,1,1,18,3,13,0,59,41,1,2,3,0,61.2,15.5,-18,4.555555555555555,0,3.3,1,6.209999999999999,25.192771084337352,2
9,69,1,1,1,1,1,19,0,13,0,50,44,1,0,3,0,57.6,15.5,-6,4.888888888888889,2,3.3,1,6.209999999999999,25.445783132530124,2
9,69,2,1,1,1,1,18,3,13,0,59,41,1,2,3,0,61.2,15.5,-18,4.555555555555555,1,3.3,2,6.209999999999999,25.192771084337352,2
9,69,2,1,1,1,1,19,0,13,0,50,44,1,0,3,0,57.6,15.5,-6,4.888888888888889,3,3.3,2,6.209999999999999,25.445783132530124,2
10,95,0,1,2,1,1,18,1,1,1,51,70,1,2,1,0,78.4,10.5,19,7.0,0,2.1,0,9.5,55.10040160642571,2
10,95,1,0,2,1,1,18,1,1,1,51,70,1,2,1,0,68.4,10.5,19,7.0,1,2.1,2,9.5,48.07228915662651,2
10,95,2,1,2,1,1,18,1,1,1,51,70,1,2,1,0,78.4,10.5,19,7.0,2,2.1,4,9.5,55.10040160642571,2
14,72,2,0,1,1,0,18,2,17,0,61,77,0,0,1,0,53.2,22.5,16,5.5,3,2.7,2,10.08,41.12851405622491,2
14,72,2,0,1,1,0,26,1,12,1,60,77,1,1,1,0,62.8,20.0,17,5.5,2,3.2,2,10.08,48.550200803212846,2
11,100,1,1,0,1,1,19,2,1,1,53,91,1,0,0,0,81.2,11.5,38,8.272727272727273,1,2.1,0,11.0,74.18875502008032,2
11,100,1,1,0,1,1,20,0,8,1,52,40,0,1,3,0,80.8,15.0,-12,3.6363636363636362,0,1.8,0,11.0,32.44979919678715,2
11,100,1,1,0,1,1,27,3,5,0,68,83,1,2,1,0,77.2,13.5,15,7.545454545454546,-1,2.5,0,11.0,64.33333333333334,2
8,65,1,0,1,1,1,23,1,20,0,51,63,1,0,2,0,46.400000000000006,18.0,12,7.875,2,4.0,1,5.2,29.349397590361452,2
8,65,1,0,1,1,1,22,3,8,0,71,70,1,2,1,0,54.400000000000006,12.0,-1,8.75,0,2.8,1,5.2,38.23293172690764,2
16,87,1,0,2,1,1,20,1,14,0,62,78,1,2,1,0,59.60000000000001,23.0,16,4.875,1,3.4000000000000004,2,13.92,46.67469879518073,2
11,86,2,1,1,1,1,24,1,17,1,69,43,1,2,3,0,82.0,19.5,-26,3.909090909090909,1,3.7,2,9.459999999999999,35.40160642570281,2
11,86,1,1,1,1,1,24,1,17,1,69,43,1,2,3,0,82.0,19.5,-26,3.909090909090909,0,3.7,1,9.459999999999999,35.40160642570281,2
14,95,1,1,1,1,1,20,3,12,0,99,55,1,1,2,0,87.6,20.0,-44,3.9285714285714284,1,3.2,1,13.299999999999999,48.373493975903614,2
14,95,1,1,1,1,1,22,0,9,0,52,69,0,0,2,0,68.8,18.5,17,4.928571428571429,2,1.9,1,13.299999999999999,47.66265060240964,2
15,79,2,1,1,1,0,26,3,19,1,62,82,1,0,1,0,76.4,24.5,20,5.466666666666667,3,3.9000000000000004,2,11.850000000000001,62.89959839357431,2
15,79,2,1,1,1,0,25,0,0,1,73,58,1,2,2,0,80.80000000000001,15.0,-15,3.8666666666666667,1,2.0,2,11.850000000000001,47.052208835341375,2
15,79,2,1,1,1,0,27,0,15,1,83,73,1,2,1,0,84.80000000000001,22.5,-10,4.866666666666666,1,3.5,2,11.850000000000001,62.15261044176708,2
11,66,1,1,1,1,0,18,2,15,0,96,58,0,1,2,0,74.80000000000001,18.5,-38,5.2727272727272725,1,2.5,1,7.260000000000001,43.55823293172691,2
11,66,1,1,1,1,0,18,3,11,1,61,85,1,0,0,0,70.80000000000001,16.5,24,7.7272727272727275,2,3.1,1,7.260000000000001,60.421686746987966,2
11,66,1,1,1,1,0,29,0,13,1,70,54,1,1,3,0,74.4,17.5,-16,4.909090909090909,1,3.3,1,7.260000000000001,40.337349397590366,2
17,70,1,0,1,1,1,25,1,8,1,74,73,0,2,1,0,67.6,21.0,-1,4.294117647058823,0,1.8,1,11.899999999999999,49.54618473895582,2
17,70,1,0,1,1,1,21,1,6,0,95,89,1,2,0,0,66.0,20.0,-6,5.235294117647059,0,2.6,1,11.899999999999999,58.975903614457835,2
17,70,1,0,1,1,1,28,0,15,1,97,82,1,0,1,0,76.80000000000001,24.5,-15,4.823529411764706,2,3.5,1,11.899999999999999,63.228915662650614,2
16,65,0,1,2,1,0,27,2,2,0,62,63,1,0,2,0,60.8,17.0,1,3.9375,2,2.2,0,10.4,38.45783132530121,2
11,91,1,0,1,1,0,25,0,11,1,84,86,0,1,0,0,80.0,16.5,2,7.818181818181818,1,2.1,1,10.01,69.07630522088354,2
11,91,1,0,1,1,0,29,2,4,0,87,84,1,0,1,0,71.2,13.0,-3,7.636363636363637,2,2.4,1,10.01,60.048192771084345,2
13,82,1,1,1,1,0,27,3,8,1,68,96,0,2,0,0,80.0,17.0,28,7.384615384615385,0,1.8,1,10.66,77.10843373493975,2
13,82,1,1,1,1,0,29,2,0,0,59,55,1,1,2,0,66.4,13.0,-4,4.230769230769231,1,2.0,1,10.66,36.66666666666667,2
13,82,1,1,1,1,0,26,3,18,0,93,96,1,2,0,0,80.0,22.0,3,7.384615384615385,0,3.8,1,10.66,77.10843373493975,2
13,82,1,1,1,1,0,21,1,15,1,64,84,1,2,1,0,78.4,20.5,20,6.461538461538462,0,3.5,1,10.66,66.12048192771086,2
13,82,1,1,1,1,0,20,1,12,0,73,42,1,1,3,0,72.0,19.0,-31,3.230769230769231,1,3.2,1,10.66,30.36144578313253,2
13,82,1,1,1,1,0,29,2,11,1,66,52,0,2,3,0,79.2,18.5,-14,4.0,0,2.1,1,10.66,41.34939759036145,2
13,82,2,0,1,1,0,27,3,8,1,68,96,0,2,0,0,70.0,17.0,28,7.384615384615385,1,1.8,2,10.66,67.4698795180723,2
13,82,2,0,1,1,0,29,2,0,0,59,55,1,1,2,0,56.400000000000006,13.0,-4,4.230769230769231,2,2.0,2,10.66,31.144578313253014,2
13,82,2,0,1,1,0,26,3,18,0,93,96,1,2,0,0,70.0,22.0,3,7.384615384615385,1,3.8,2,10.66,67.4698795180723,2
13,82,2,0,1,1,0,21,1,15,1,64,84,1,2,1,0,68.4,20.5,20,6.461538461538462,1,3.5,2,10.66,57.686746987951814,2
13,82,2,0,1,1,0,20,1,12,0,73,42,1,1,3,0,62.00000000000001,19.0,-31,3.230769230769231,2,3.2,2,10.66,26.144578313253014,2
13,82,2,0,1,1,0,29,2,11,1,66,52,0,2,3,0,69.2,18.5,-14,4.0,1,2.1,2,10.66,36.1285140562249,2
9,96,0,1,0,1,0,29,2,18,1,74,74,1,0,1,0,88.0,18.0,0,8.222222222222221,0,3.8,0,8.64,65.38152610441767,2
9,96,0,1,0,1,0,25,2,1,0,92,99,0,2,0,0,85.20000000000002,9.5,7,11.0,-2,1.1,0,8.64,84.68674698795182,2
9,80,0,0,1,1,1,25,1,3,0,69,100,1,0,0,0,59.6,10.5,31,11.11111111111111,1,2.3,0,7.2,59.83935742971887,2
8,60,1,1,2,1,0,20,0,9,0,68,90,0,2,0,0,61.2,12.5,22,11.25,1,1.9,2,4.8,55.30120481927712,2
8,60,1,1,2,1,0,24,0,16,1,96,52,0,2,3,1,82.4,16.0,-44,6.5,1,2.6,2,4.8,43.02008032128514,2
8,78,2,0,0,1,0,18,3,16,0,97,62,0,1,2,0,70.0,16.0,-35,7.75,1,2.6,0,6.24,43.574297188755025,2
8,78,2,0,0,1,0,29,3,5,1,88,50,1,0,3,0,76.4,10.5,-38,6.25,2,2.5,0,6.24,38.35341365461848,2
14,86,1,0,1,1,0,29,2,2,1,60,84,0,2,1,0,68.4,15.0,24,6.0,0,1.2,1,12.04,57.686746987951814,2
14,86,1,0,1,1,0,18,1,3,0,54,53,0,1,3,0,56.0,15.5,-1,3.7857142857142856,1,1.3,1,12.04,29.799196787148595,2
14,86,1,1,1,1,0,29,2,2,1,60,84,0,2,1,0,78.4,15.0,24,6.0,0,1.2,1,12.04,66.12048192771086,2
14,86,1,1,1,1,0,18,1,3,0,54,53,0,1,3,0,66.0,15.5,-1,3.7857142857142856,1,1.3,1,12.04,35.12048192771084,2
12,89,0,1,0,1,0,20,1,14,0,70,53,1,2,3,0,73.6,19.0,-17,4.416666666666667,-2,3.4000000000000004,0,10.68,39.16465863453815,2
12,89,0,1,0,1,0,21,3,1,0,86,87,1,2,0,0,80.0,12.5,1,7.25,-2,2.1,0,10.68,69.87951807228916,2
12,89,2,1,0,1,0,20,1,14,0,70,53,1,2,3,0,73.6,19.0,-17,4.416666666666667,0,3.4000000000000004,0,10.68,39.16465863453815,2
12,89,2,1,0,1,0,21,3,1,0,86,87,1,2,0,0,80.0,12.5,1,7.25,0,2.1,0,10.68,69.87951807228916,2
10,70,2,1,1,1,0,26,1,13,0,54,73,1,0,1,0,59.6,16.5,19,7.3,3,3.3,2,7.0,43.68273092369478,2
10,70,2,1,1,1,0,28,0,9,0,97,64,1,1,2,0,76.80000000000001,14.5,-33,6.4,2,2.9,2,7.0,49.349397590361455,2
10,70,2,1,1,1,0,28,1,6,0,90,70,1,1,1,0,74.0,13.0,-20,7.0,2,2.6,2,7.0,52.00803212851406,2
10,70,2,1,1,1,0,19,0,8,1,95,58,1,1,2,0,86.0,14.0,-37,5.8,2,2.8,2,7.0,50.08032128514057,2
8,83,0,1,0,1,0,24,1,10,0,54,56,0,2,2,0,64.80000000000001,13.0,2,7.0,-2,2.0,0,6.64,36.43373493975904,2
11,84,1,1,2,1,1,24,0,19,1,73,52,1,2,3,0,82.80000000000001,20.5,-21,4.7272727272727275,1,3.9000000000000004,2,9.24,43.22891566265061,2
11,84,1,1,2,1,1,19,1,15,1,81,59,0,1,2,0,86.0,18.5,-22,5.363636363636363,2,2.5,2,9.24,50.94377510040161,2
11,84,1,1,2,1,1,18,1,9,1,80,88,1,2,0,0,85.6,15.5,8,8.0,1,2.9,2,9.24,75.63052208835342,2
8,87,2,0,0,1,1,29,2,15,0,64,76,1,2,1,0,60.400000000000006,15.5,12,9.5,0,3.5,0,6.96,46.08835341365462,2
8,87,2,0,0,1,1,18,1,18,1,82,74,1,2,1,0,77.60000000000001,17.0,-8,9.25,0,3.8,0,6.96,57.654618473895596,2
8,87,2,0,0,1,1,21,3,12,0,60,94,1,2,0,0,58.800000000000004,14.0,34,11.75,0,3.2,0,6.96,55.49397590361447,2
8,87,2,0,0,1,1,28,0,19,0,99,57,1,2,2,0,74.4,17.5,-42,7.125,0,3.9000000000000004,0,6.96,42.578313253012055,2
21,73,2,0,1,1,0,20,1,6,0,63,88,0,2,0,0,54.400000000000006,24.0,25,4.190476190476191,1,1.6,2,15.33,48.064257028112465,2
21,73,2,0,1,1,0,26,0,4,1,53,99,1,2,0,0,60.400000000000006,23.0,46,4.714285714285714,1,2.4,2,15.33,60.03614457831326,2
10,66,2,0,1,1,1,24,0,15,0,73,49,1,2,3,0,55.60000000000001,17.5,-24,4.9,1,3.5,2,6.6000000000000005,27.353413654618482,2
10,66,2,0,1,1,1,28,3,17,0,60,54,1,0,3,0,50.400000000000006,18.5,-6,5.4,3,3.7,2,6.6000000000000005,27.325301204819283,2
10,66,2,0,1,1,1,24,2,10,0,96,66,0,2,2,0,64.80000000000001,15.0,-30,6.6,1,2.0,2,6.6000000000000005,42.939759036144586,2
10,66,2,0,1,1,1,25,0,0,1,56,85,1,2,0,0,58.800000000000004,10.0,29,8.5,1,2.0,2,6.6000000000000005,50.180722891566276,2
10,66,1,0,0,1,1,24,0,15,0,73,49,1,2,3,0,55.60000000000001,17.5,-24,4.9,-1,3.5,0,6.6000000000000005,27.353413654618482,2
10,66,1,0,0,1,1,28,3,17,0,60,54,1,0,3,0,50.400000000000006,18.5,-6,5.4,1,3.7,0,6.6000000000000005,27.325301204819283,2
10,66,1,0,0,1,1,24,2,10,0,96,66,0,2,2,0,64.80000000000001,15.0,-30,6.6,-1,2.0,0,6.6000000000000005,42.939759036144586,2
10,66,1,0,0,1,1,25,0,0,1,56,85,1,2,0,0,58.800000000000004,10.0,29,8.5,-1,2.0,0,6.6000000000000005,50.180722891566276,2
6,85,1,1,2,1,0,24,0,8,0,61,63,1,2,2,0,68.4,10.0,2,10.5,1,2.8,2,5.1,43.26506024096386,2
6,85,1,1,2,1,0,23,2,2,1,86,93,1,1,0,1,88.4,7.0,7,15.5,2,2.2,2,5.1,82.54216867469881,2
6,85,1,1,2,1,0,20,2,12,0,59,90,1,1,0,1,67.6,12.0,31,15.0,2,3.2,2,5.1,61.08433734939759,2
6,85,1,1,2,1,0,25,3,20,1,74,61,1,2,2,0,83.6,16.0,-13,10.166666666666666,1,4.0,2,5.1,51.200803212851405,2
17,70,1,0,0,1,0,26,3,5,0,60,84,1,2,1,0,52.0,19.5,24,4.9411764705882355,-1,2.5,0,11.899999999999999,43.85542168674699,2
17,70,1,0,0,1,0,24,3,2,1,78,73,1,2,1,0,69.2,18.0,-5,4.294117647058823,-1,2.2,0,11.899999999999999,50.71887550200804,2
17,70,1,0,0,1,0,23,1,12,1,70,89,1,2,0,0,66.0,23.0,19,5.235294117647059,-1,3.2,0,11.899999999999999,58.975903614457835,2
17,70,1,1,0,1,0,26,3,5,0,60,84,1,2,1,0,62.0,19.5,24,4.9411764705882355,-1,2.5,0,11.899999999999999,52.28915662650603,2
17,70,1,1,0,1,0,24,3,2,1,78,73,1,2,1,0,79.2,18.0,-5,4.294117647058823,-1,2.2,0,11.899999999999999,58.048192771084345,2
17,70,1,1,0,1,0,23,1,12,1,70,89,1,2,0,0,76.0,23.0,19,5.235294117647059,-1,3.2,0,11.899999999999999,67.91164658634538,2
14,99,1,1,2,1,0,18,3,6,0,65,95,1,1,0,0,75.6,17.0,30,6.785714285714286,2,2.6,2,13.86,72.10843373493977,2
14,99,1,1,2,1,0,23,0,16,1,50,99,1,2,0,0,79.6,22.0,49,7.071428571428571,1,3.6,2,13.86,79.12048192771084,2
14,99,1,1,2,1,0,20,1,2,0,73,41,1,0,3,0,78.80000000000001,15.0,-32,2.9285714285714284,3,2.2,2,13.86,32.43775100401607,2
14,99,1,1,2,1,0,25,3,20,0,88,60,0,2,2,0,84.80000000000001,24.0,-28,4.285714285714286,1,3.0,2,13.86,51.0843373493976,2
15,92,1,0,1,1,1,27,2,16,1,86,88,0,1,0,0,81.2,23.0,2,5.866666666666666,1,2.6,1,13.8,71.7429718875502,2
15,92,1,0,1,1,1,28,1,9,1,68,44,1,0,3,0,74.0,19.5,-24,2.933333333333333,2,2.9,1,13.8,32.69076305220884,2
15,92,0,1,0,1,1,27,2,16,1,86,88,0,1,0,0,91.2,23.0,2,5.866666666666666,-1,2.6,0,13.8,80.57831325301206,2
5,62,2,0,0,1,1,20,2,3,1,53,43,1,2,3,0,56.0,6.5,-10,8.6,0,2.3,0,3.1,24.176706827309236,2
9,66,1,0,0,1,1,27,0,15,1,94,62,0,0,2,0,74.0,16.5,-32,6.888888888888889,1,2.5,0,5.94,46.06425702811245,2
8,72,2,1,2,1,1,26,1,17,0,63,43,1,2,3,0,64.0,16.5,-20,5.375,2,3.7,4,5.76,27.630522088353413,2
8,72,2,1,2,1,1,29,2,15,0,78,67,0,0,2,0,70.0,15.5,-11,8.375,4,2.5,4,5.76,47.08835341365462,2
13,68,2,0,1,1,0,29,3,0,0,67,73,1,2,1,0,54.0,13.0,6,5.615384615384615,1,2.0,2,8.84,39.578313253012055,2
13,68,2,0,1,1,0,29,2,7,1,92,48,0,2,3,0,74.0,16.5,-44,3.6923076923076925,1,1.7000000000000002,2,8.84,35.66265060240964,2
13,68,2,0,1,1,0,29,3,2,1,86,47,1,2,3,0,71.6,14.0,-39,3.6153846153846154,1,2.2,2,8.84,33.787148594377506,2
13,68,2,0,1,1,0,29,1,17,1,91,84,1,0,1,0,73.6,21.5,-7,6.461538461538462,3,3.7,2,8.84,62.0722891566265,2
13,68,2,0,1,1,0,25,2,10,1,98,43,0,1,3,0,76.4,18.0,-55,3.3076923076923075,2,2.0,2,8.84,32.983935742971894,2
13,68,2,0,1,1,0,25,0,7,1,55,40,0,0,3,0,59.2,16.5,-15,3.076923076923077,3,1.7000000000000002,2,8.84,23.77510040160643,2
13,68,2,0,1,1,0,25,3,5,0,66,92,1,2,0,0,53.60000000000001,15.5,26,7.076923076923077,1,2.5,2,8.84,49.51004016064258,2
13,68,2,0,1,1,0,23,3,8,0,87,82,0,1,1,0,62.00000000000001,17.0,-5,6.3076923076923075,2,1.8,2,8.84,51.044176706827315,2
12,83,1,1,1,1,1,25,2,14,0,72,73,1,2,1,0,72.0,19.0,1,6.083333333333333,0,3.4000000000000004,1,9.959999999999999,52.7710843373494,2
12,83,1,1,1,1,1,25,3,20,0,57,49,1,2,3,0,66.0,22.0,-8,4.083333333333333,0,4.0,1,9.959999999999999,32.46987951807229,2
12,83,2,0,1,1,1,25,2,14,0,72,73,1,2,1,0,62.0,19.0,1,6.083333333333333,1,3.4000000000000004,2,9.959999999999999,45.4417670682731,2
12,83,2,0,1,1,1,25,3,20,0,57,49,1,2,3,0,56.0,22.0,-8,4.083333333333333,1,4.0,2,9.959999999999999,27.550200803212853,2
13,89,2,0,0,1,1,24,1,0,1,75,68,1,0,2,0,75.6,13.0,-7,5.230769230769231,2,2.0,0,11.57,51.6144578313253,2
13,89,2,0,0,1,1,27,3,9,0,97,88,1,2,0,0,74.4,17.5,-9,6.769230769230769,0,2.9,0,11.57,65.73493975903615,2
13,89,2,1,1,1,1,24,1,0,1,75,68,1,0,2,0,85.6,13.0,-7,5.230769230769231,3,2.0,2,11.57,58.441767068273094,2
13,89,2,1,1,1,1,27,3,9,0,97,88,1,2,0,0,84.4,17.5,-9,6.769230769230769,1,2.9,2,11.57,74.570281124498,2
7,98,0,1,1,1,1,19,3,7,0,58,41,1,1,3,0,72.4,10.5,-17,5.857142857142857,0,2.7,0,6.859999999999999,29.803212851405625,2
7,98,0,1,1,1,1,22,2,13,0,80,92,1,2,0,1,81.2,13.5,12,13.142857142857142,-1,3.3,0,6.859999999999999,75.00401606425703,2
7,98,0,1,1,1,1,18,3,5,1,63,97,1,1,0,1,84.4,9.5,34,13.857142857142858,0,2.5,0,6.859999999999999,82.19678714859438,2
10,67,1,1,1,1,0,18,1,20,0,95,78,1,0,1,0,74.8,20.0,-17,7.8,2,4.0,1,6.7,58.57831325301205,2
10,67,1,1,1,1,0,25,1,3,1,73,54,0,0,3,0,76.0,11.5,-19,5.4,2,1.3,1,6.7,41.204819277108435,2
10,67,1,1,1,1,0,18,1,16,0,61,62,1,2,2,0,61.2,18.0,1,6.2,0,3.6,1,6.7,38.09638554216868,2
10,67,1,1,1,1,0,26,1,19,0,67,60,1,1,2,0,63.6,19.5,-7,6.0,1,3.9000000000000004,1,6.7,38.31325301204819,2
10,67,1,1,1,1,0,28,3,12,1,99,68,1,1,2,0,86.4,16.0,-31,6.8,1,3.2,1,6.7,58.987951807228924,2
10,67,2,0,1,1,0,18,1,20,0,95,78,1,0,1,0,64.8,20.0,-17,7.8,3,4.0,2,6.7,50.74698795180723,2
10,67,2,0,1,1,0,25,1,3,1,73,54,0,0,3,0,66.0,11.5,-19,5.4,3,1.3,2,6.7,35.78313253012048,2
10,67,2,0,1,1,0,18,1,16,0,61,62,1,2,2,0,51.2,18.0,1,6.2,1,3.6,2,6.7,31.871485943775106,2
10,67,2,0,1,1,0,26,1,19,0,67,60,1,1,2,0,53.6,19.5,-7,6.0,2,3.9000000000000004,2,6.7,32.28915662650603,2
10,67,2,0,1,1,0,28,3,12,1,99,68,1,1,2,0,76.4,16.0,-31,6.8,2,3.2,2,6.7,52.160642570281134,2
17,95,1,0,2,1,1,28,2,9,1,67,79,1,1,1,0,74.8,21.5,12,4.647058823529412,2,2.9,2,16.15,59.329317269076306,2
17,95,1,0,2,1,1,26,3,2,0,88,87,0,1,0,0,73.2,18.0,-1,5.117647058823529,2,1.2,2,16.15,63.93975903614458,2
17,95,1,0,2,1,1,27,0,18,1,99,83,1,1,1,0,87.6,26.0,-16,4.882352941176471,2,3.8,2,16.15,73.0,2
17,95,1,0,2,1,1,19,3,10,1,96,99,1,2,0,0,86.4,22.0,3,5.823529411764706,1,3.0,2,16.15,85.87951807228917,2
14,97,1,1,1,1,1,26,3,18,0,97,79,0,2,1,0,87.60000000000001,23.0,-18,5.642857142857143,0,2.8,1,13.58,69.4819277108434,2
7,97,2,0,1,1,0,20,0,5,1,79,87,1,0,0,0,80.4,9.5,8,12.428571428571429,3,2.5,2,6.79,70.22891566265062,2
7,97,2,0,1,1,0,25,2,10,1,100,41,1,1,3,0,88.80000000000001,12.0,-59,5.857142857142857,2,3.0,2,6.79,36.55421686746989,2
15,62,2,0,2,1,0,29,0,9,1,88,50,0,1,3,0,70.0,19.5,-38,3.3333333333333335,3,1.9,4,9.3,35.14056224899599,2
15,62,2,0,2,1,0,29,0,10,0,79,57,1,0,2,0,56.400000000000006,20.0,-22,3.8,4,3.0,4,9.3,32.277108433734945,2
15,62,1,0,2,1,0,29,0,9,1,88,50,0,1,3,0,70.0,19.5,-38,3.3333333333333335,2,1.9,2,9.3,35.14056224899599,2
15,62,1,0,2,1,0,29,0,10,0,79,57,1,0,2,0,56.400000000000006,20.0,-22,3.8,3,3.0,2,9.3,32.277108433734945,2
8,61,0,1,1,1,0,26,0,16,0,67,47,1,2,3,0,61.2,16.0,-20,5.875,-1,3.6,0,4.88,28.879518072289162,2
18,88,1,0,0,1,1,23,3,2,0,50,93,1,2,0,0,55.2,19.0,43,5.166666666666667,-1,2.2,0,15.84,51.54216867469879,2
18,88,1,0,0,1,1,23,2,17,1,70,70,1,2,1,0,73.2,26.5,0,3.888888888888889,-1,3.7,0,15.84,51.445783132530124,2
18,88,1,0,2,1,1,23,3,2,0,50,93,1,2,0,0,55.2,19.0,43,5.166666666666667,1,2.2,2,15.84,51.54216867469879,2
18,88,1,0,2,1,1,23,2,17,1,70,70,1,2,1,0,73.2,26.5,0,3.888888888888889,1,3.7,2,15.84,51.445783132530124,2
18,88,2,0,1,1,1,23,3,2,0,50,93,1,2,0,0,55.2,19.0,43,5.166666666666667,1,2.2,2,15.84,51.54216867469879,2
18,88,2,0,1,1,1,23,2,17,1,70,70,1,2,1,0,73.2,26.5,0,3.888888888888889,1,3.7,2,15.84,51.445783132530124,2
11,83,1,0,2,1,0,25,2,2,1,66,90,1,2,0,0,69.60000000000001,12.0,24,8.181818181818182,1,2.2,2,9.129999999999999,62.891566265060256,2
11,83,0,1,0,1,0,25,2,2,1,66,90,1,2,0,0,79.60000000000001,12.0,24,8.181818181818182,-2,2.2,0,9.129999999999999,71.9277108433735,2
8,67,0,0,0,1,1,18,1,4,0,68,48,1,0,3,0,54.0,10.0,-20,6.0,0,2.4,0,5.36,26.024096385542173,2
8,67,0,0,0,1,1,21,2,8,0,76,60,1,2,2,0,57.2,12.0,-16,7.5,-2,2.8,0,5.36,34.45783132530121,2
8,67,1,1,1,1,1,18,1,4,0,68,48,1,0,3,0,64.0,10.0,-20,6.0,2,2.4,1,5.36,30.843373493975903,2
8,67,1,1,1,1,1,21,2,8,0,76,60,1,2,2,0,67.2,12.0,-16,7.5,0,2.8,1,5.36,40.48192771084338,2
10,72,1,1,1,1,1,22,0,10,0,83,55,0,1,2,0,72.0,15.0,-28,5.5,1,2.0,1,7.199999999999999,39.75903614457831,2
11,74,2,1,0,1,1,22,2,15,0,73,67,1,1,2,0,68.80000000000001,18.5,-6,6.090909090909091,1,3.5,0,8.14,46.281124497991975,2
11,74,2,1,0,1,1,19,2,13,0,57,48,0,2,3,0,62.400000000000006,17.5,-9,4.363636363636363,0,2.3,0,8.14,30.07228915662651,2
11,74,2,1,0,1,1,25,2,9,0,67,76,1,2,1,0,66.4,15.5,9,6.909090909090909,0,2.9,0,8.14,50.66666666666667,2
11,74,1,0,0,1,1,22,2,15,0,73,67,1,1,2,0,58.800000000000004,18.5,-6,6.090909090909091,0,3.5,0,8.14,39.55421686746989,2
11,74,1,0,0,1,1,19,2,13,0,57,48,0,2,3,0,52.400000000000006,17.5,-9,4.363636363636363,-1,2.3,0,8.14,25.253012048192776,2
11,74,1,0,0,1,1,25,2,9,0,67,76,1,2,1,0,56.400000000000006,15.5,9,6.909090909090909,-1,2.9,0,8.14,43.036144578313255,2
13,60,2,1,1,1,0,23,0,0,1,63,70,1,1,1,0,69.2,13.0,7,5.384615384615385,2,2.0,2,7.8,48.634538152610446,2
13,60,2,1,1,1,0,28,1,5,1,87,57,1,2,2,0,78.80000000000001,15.5,-30,4.384615384615385,1,2.5,2,7.8,45.09638554216868,2
13,60,2,1,1,1,0,23,2,7,1,97,90,1,0,0,1,82.80000000000001,16.5,-7,6.923076923076923,3,2.7,2,7.8,74.81927710843375,2
13,60,2,0,1,1,0,23,0,0,1,63,70,1,1,1,0,59.2,13.0,7,5.384615384615385,2,2.0,2,7.8,41.60642570281125,2
13,60,2,0,1,1,0,28,1,5,1,87,57,1,2,2,0,68.80000000000001,15.5,-30,4.384615384615385,1,2.5,2,7.8,39.37349397590362,2
13,60,2,0,1,1,0,23,2,7,1,97,90,1,0,0,1,72.80000000000001,16.5,-7,6.923076923076923,3,2.7,2,7.8,65.7831325301205,2
6,73,1,0,0,1,0,19,0,9,1,91,55,1,1,2,0,75.6,10.5,-36,9.166666666666666,0,2.9,0,4.38,41.74698795180723,2
6,73,1,0,0,1,0,18,1,9,1,55,87,0,2,0,0,61.2,10.5,32,14.5,-1,1.9,0,4.38,53.457831325301214,2
7,72,1,1,1,1,1,19,0,12,0,79,76,1,2,1,0,70.4,13.0,-3,10.857142857142858,0,3.2,1,5.04,53.71887550200804,2
7,72,1,1,1,1,1,20,0,3,1,76,82,0,1,1,0,79.2,8.5,6,11.714285714285714,1,1.3,1,5.04,65.20481927710844,2
8,97,2,1,2,1,0,23,3,14,1,75,47,1,0,3,0,88.80000000000001,15.0,-28,5.875,4,3.4000000000000004,4,7.76,41.90361445783134,2
8,97,2,1,2,1,0,28,2,6,0,62,66,0,1,2,0,73.60000000000001,11.0,4,8.25,3,1.6,4,7.76,48.7710843373494,2
8,97,2,1,2,1,0,27,1,8,0,56,48,1,1,3,0,71.2,12.0,-8,6.0,3,2.8,4,7.76,34.3132530120482,2
8,98,1,1,1,1,0,25,0,19,1,86,74,1,1,1,0,93.6,17.5,-12,9.25,1,3.9000000000000004,1,7.84,69.5421686746988,2
8,98,1,1,1,1,0,29,2,6,0,74,97,1,2,0,0,78.80000000000001,11.0,23,12.125,0,2.6,1,7.84,76.74297188755021,2
10,71,2,1,1,1,1,22,3,10,1,52,78,1,2,1,0,69.2,15.0,26,7.8,1,3.0,2,7.1,54.19277108433736,2
13,76,1,1,2,1,1,19,1,18,0,97,70,1,2,1,0,79.2,22.0,-27,5.384615384615385,1,3.8,2,9.88,55.66265060240965,2
13,76,1,1,2,1,1,23,3,19,1,75,73,1,2,1,0,80.4,22.5,-2,5.615384615384615,1,3.9000000000000004,2,9.88,58.927710843373504,2
13,76,1,1,2,1,1,24,3,14,0,82,63,1,2,2,0,73.2,20.0,-19,4.846153846153846,1,3.4000000000000004,2,9.88,46.30120481927711,2
18,60,2,0,0,1,1,29,1,16,1,56,76,0,2,1,0,56.400000000000006,26.0,20,4.222222222222222,0,2.6,0,10.799999999999999,43.036144578313255,2
18,60,2,0,0,1,1,25,1,16,0,86,83,1,2,1,0,58.4,26.0,-3,4.611111111111111,0,3.6,0,10.799999999999999,48.66666666666667,2
18,60,2,0,0,1,1,22,1,2,1,86,90,1,2,0,0,68.4,19.0,4,5.0,0,2.2,0,10.799999999999999,61.80722891566266,2
12,85,2,1,1,1,1,28,2,12,0,67,58,1,2,2,0,70.8,18.0,-9,4.833333333333333,1,3.2,2,10.2,41.2289156626506,2
12,85,2,1,1,1,1,26,2,1,1,80,99,1,2,0,0,86.0,12.5,19,8.25,1,2.1,2,10.2,85.48192771084338,2
12,85,2,1,1,1,1,25,2,10,1,74,40,1,1,3,0,83.6,17.0,-34,3.3333333333333335,2,3.0,2,10.2,33.57429718875502,2
12,85,1,1,2,1,1,28,2,12,0,67,58,1,2,2,0,70.8,18.0,-9,4.833333333333333,1,3.2,2,10.2,41.2289156626506,2
12,85,1,1,2,1,1,26,2,1,1,80,99,1,2,0,0,86.0,12.5,19,8.25,1,2.1,2,10.2,85.48192771084338,2
12,85,1,1,2,1,1,25,2,10,1,74,40,1,1,3,0,83.6,17.0,-34,3.3333333333333335,2,3.0,2,10.2,33.57429718875502,2
12,85,2,0,0,1,1,28,2,12,0,67,58,1,2,2,0,60.8,18.0,-9,4.833333333333333,0,3.2,0,10.2,35.40562248995984,2
12,85,2,0,0,1,1,26,2,1,1,80,99,1,2,0,0,76.0,12.5,19,8.25,0,2.1,0,10.2,75.5421686746988,2
12,85,2,0,0,1,1,25,2,10,1,74,40,1,1,3,0,73.6,17.0,-34,3.3333333333333335,1,3.0,0,10.2,29.558232931726906,2
12,85,1,1,1,1,1,28,2,12,0,67,58,1,2,2,0,70.8,18.0,-9,4.833333333333333,0,3.2,1,10.2,41.2289156626506,2
12,85,1,1,1,1,1,26,2,1,1,80,99,1,2,0,0,86.0,12.5,19,8.25,0,2.1,1,10.2,85.48192771084338,2
12,85,1,1,1,1,1,25,2,10,1,74,40,1,1,3,0,83.6,17.0,-34,3.3333333333333335,1,3.0,1,10.2,33.57429718875502,2
7,74,1,1,0,1,0,21,3,19,1,51,93,1,2,0,1,70.0,16.5,42,13.285714285714286,-1,3.9000000000000004,0,5.18,65.36144578313254,2
7,74,1,1,0,1,0,28,3,11,1,89,68,0,2,2,0,85.2,12.5,-21,9.714285714285714,-1,2.1,0,5.18,58.168674698795186,2
11,73,0,1,2,1,0,23,2,9,1,77,59,1,1,2,0,80.0,15.5,-18,5.363636363636363,1,2.9,0,8.03,47.389558232931726,2
11,73,0,1,2,1,0,27,1,2,0,85,95,1,0,0,0,73.2,12.0,10,8.636363636363637,2,2.2,0,8.03,69.81927710843374,2
7,79,2,1,1,1,1,23,0,14,1,55,68,1,2,2,0,73.6,14.0,13,9.714285714285714,1,3.4000000000000004,2,5.53,50.24899598393574,2
7,79,2,1,1,1,1,28,3,12,0,64,87,1,2,0,0,67.2,13.0,23,12.428571428571429,1,3.2,2,5.53,58.6987951807229,2
7,63,1,0,1,1,0,27,0,16,1,58,80,0,2,1,0,58.400000000000006,15.0,22,11.428571428571429,0,2.6,1,4.41,46.90763052208836,2
7,63,1,0,1,1,0,29,1,0,1,59,47,0,1,3,0,58.800000000000004,7.0,-12,6.714285714285714,1,1.0,1,4.41,27.746987951807235,2
7,63,1,0,1,1,0,21,0,9,1,74,71,1,0,1,0,64.80000000000001,11.5,-3,10.142857142857142,2,2.9,1,4.41,46.19277108433736,2
7,63,1,0,1,1,0,23,3,6,1,78,51,1,2,3,0,66.4,10.0,-27,7.285714285714286,0,2.6,1,4.41,34.00000000000001,2
7,86,1,0,1,1,1,26,3,9,1,60,45,1,0,3,0,68.4,11.5,-15,6.428571428571429,2,2.9,1,6.02,30.90361445783133,2
7,86,1,0,1,1,1,21,0,15,0,62,92,1,2,0,1,59.2,14.5,30,13.142857142857142,0,3.5,1,6.02,54.682730923694784,2
13,97,1,1,1,1,1,19,0,0,1,98,85,1,1,0,0,98.0,13.0,-13,6.538461538461538,1,2.0,1,12.61,83.63453815261045,2
13,97,1,1,1,1,1,23,2,20,0,60,78,1,0,1,0,72.80000000000001,23.0,18,6.0,2,4.0,1,12.61,57.012048192771104,2
18,90,0,0,2,1,1,22,0,13,1,93,100,1,2,0,0,83.2,24.5,7,5.555555555555555,0,3.3,0,16.2,83.53413654618474,2
18,90,0,0,2,1,1,29,1,18,0,54,90,1,2,0,0,57.6,27.0,36,5.0,0,3.8,0,16.2,52.048192771084345,2
18,90,0,0,2,1,1,26,3,5,0,76,76,1,2,1,0,66.4,20.5,0,4.222222222222222,0,2.5,0,16.2,50.66666666666667,2
18,90,2,0,2,1,1,22,0,13,1,93,100,1,2,0,0,83.2,24.5,7,5.555555555555555,2,3.3,4,16.2,83.53413654618474,2
18,90,2,0,2,1,1,29,1,18,0,54,90,1,2,0,0,57.6,27.0,36,5.0,2,3.8,4,16.2,52.048192771084345,2
18,90,2,0,2,1,1,26,3,5,0,76,76,1,2,1,0,66.4,20.5,0,4.222222222222222,2,2.5,4,16.2,50.66666666666667,2
18,90,1,0,1,1,1,22,0,13,1,93,100,1,2,0,0,83.2,24.5,7,5.555555555555555,0,3.3,1,16.2,83.53413654618474,2
18,90,1,0,1,1,1,29,1,18,0,54,90,1,2,0,0,57.6,27.0,36,5.0,0,3.8,1,16.2,52.048192771084345,2
18,90,1,0,1,1,1,26,3,5,0,76,76,1,2,1,0,66.4,20.5,0,4.222222222222222,0,2.5,1,16.2,50.66666666666667,2
18,90,1,1,0,1,1,22,0,13,1,93,100,1,2,0,0,93.2,24.5,7,5.555555555555555,-1,3.3,0,16.2,93.57429718875503,2
18,90,1,1,0,1,1,29,1,18,0,54,90,1,2,0,0,67.6,27.0,36,5.0,-1,3.8,0,16.2,61.08433734939759,2
18,90,1,1,0,1,1,26,3,5,0,76,76,1,2,1,0,76.4,20.5,0,4.222222222222222,-1,2.5,0,16.2,58.29718875502009,2
11,90,0,1,0,1,1,20,2,2,1,63,49,1,2,3,0,81.2,12.0,-14,4.454545454545454,-2,2.2,0,9.9,39.94779116465864,2
9,88,1,1,0,1,1,26,0,13,0,99,45,1,2,3,0,84.80000000000001,15.5,-54,5.0,-1,3.3,0,7.92,38.3132530120482,2
18,100,0,0,0,1,0,25,3,19,1,66,94,1,2,0,0,76.4,27.5,28,5.222222222222222,-2,3.9000000000000004,0,18.0,72.10441767068274,2
8,82,0,0,1,1,1,22,3,14,1,72,41,1,2,3,0,71.60000000000001,15.0,-31,5.125,-1,3.4000000000000004,0,6.56,29.473895582329323,2
8,82,0,0,1,1,1,22,1,4,1,75,71,1,1,1,0,72.80000000000001,10.0,-4,8.875,0,2.4,0,6.56,51.895582329317286,2
8,82,0,0,1,1,1,28,1,2,1,66,100,1,0,0,0,69.2,9.0,34,12.5,1,2.2,0,6.56,69.47791164658635,2
8,91,0,0,1,1,0,25,0,19,0,85,93,1,2,0,0,70.4,17.5,8,11.625,-1,3.9000000000000004,0,7.28,65.73493975903615,2
8,91,0,0,1,1,0,29,0,13,0,96,87,1,1,0,0,74.80000000000001,14.5,-9,10.875,0,3.3,0,7.28,65.33734939759037,2
8,91,0,0,1,1,0,28,3,14,1,50,73,1,2,1,0,66.4,15.0,23,9.125,-1,3.4000000000000004,0,7.28,48.66666666666667,2
8,91,0,0,1,1,0,22,2,2,1,57,53,1,1,3,0,69.2,9.0,-4,6.625,0,2.2,0,7.28,36.82329317269077,2
14,99,1,0,0,1,1,23,0,11,1,88,71,1,2,1,0,84.80000000000001,19.5,-17,5.071428571428571,-1,3.1,0,13.86,60.44979919678716,2
14,99,1,0,0,1,1,22,2,19,1,88,94,1,2,0,0,84.80000000000001,23.5,6,6.714285714285714,-1,3.9000000000000004,0,13.86,80.03212851405624,2
14,99,1,0,0,1,1,20,2,15,0,95,72,1,2,1,0,77.6,21.5,-23,5.142857142857143,-1,3.5,0,13.86,56.096385542168676,2
14,99,1,1,1,1,1,23,0,11,1,88,71,1,2,1,0,94.80000000000001,19.5,-17,5.071428571428571,0,3.1,1,13.86,67.57831325301206,2
14,99,1,1,1,1,1,22,2,19,1,88,94,1,2,0,0,94.80000000000001,23.5,6,6.714285714285714,0,3.9000000000000004,1,13.86,89.4698795180723,2
14,99,1,1,1,1,1,20,2,15,0,95,72,1,2,1,0,87.6,21.5,-23,5.142857142857143,0,3.5,1,13.86,63.325301204819276,2
15,60,1,0,0,1,0,28,3,14,1,86,54,1,2,3,0,68.4,22.0,-32,3.6,-1,3.4000000000000004,0,9.0,37.08433734939759,2
15,60,1,0,0,1,0,26,2,16,0,81,82,1,1,1,0,56.4,23.0,1,5.466666666666667,0,3.6,0,9.0,46.43373493975904,2
15,60,1,0,0,1,0,28,3,0,0,84,99,0,0,0,0,57.6,15.0,15,6.6,1,1.0,0,9.0,57.25301204819278,2
15,60,1,0,0,1,0,19,0,5,1,66,88,1,1,0,0,60.400000000000006,17.5,22,5.866666666666666,0,2.5,0,9.0,53.36546184738957,2
11,78,2,1,1,1,0,19,0,9,0,56,91,1,1,0,0,63.60000000000001,15.5,35,8.272727272727273,2,2.9,2,8.58,58.10843373493977,2
11,78,2,1,1,1,0,21,2,6,1,80,92,1,2,0,0,83.2,14.0,12,8.363636363636363,1,2.6,2,8.58,76.85140562248996,2
11,78,2,1,1,1,0,25,2,18,0,100,87,1,2,0,0,81.2,20.0,-13,7.909090909090909,1,3.8,2,8.58,70.9277108433735,2
11,78,2,1,1,1,0,27,2,14,1,65,40,1,1,3,0,77.2,18.0,-25,3.6363636363636362,2,3.4000000000000004,2,8.58,31.00401606425703,2
11,78,2,1,1,1,0,28,0,15,1,59,82,1,1,1,0,74.80000000000001,18.5,23,7.454545454545454,2,3.5,2,8.58,61.582329317269085,2
11,78,2,1,1,1,0,18,1,19,1,71,49,1,2,3,0,79.60000000000001,20.5,-22,4.454545454545454,1,3.9000000000000004,2,8.58,39.160642570281134,2
11,78,2,1,1,1,0,27,2,8,0,66,75,1,2,1,0,67.60000000000001,15.0,9,6.818181818181818,1,2.8,2,8.58,50.90361445783133,2
11,78,0,1,0,1,0,19,0,9,0,56,91,1,1,0,0,63.60000000000001,15.5,35,8.272727272727273,-1,2.9,0,8.58,58.10843373493977,2
11,78,0,1,0,1,0,21,2,6,1,80,92,1,2,0,0,83.2,14.0,12,8.363636363636363,-2,2.6,0,8.58,76.85140562248996,2
11,78,0,1,0,1,0,25,2,18,0,100,87,1,2,0,0,81.2,20.0,-13,7.909090909090909,-2,3.8,0,8.58,70.9277108433735,2
11,78,0,1,0,1,0,27,2,14,1,65,40,1,1,3,0,77.2,18.0,-25,3.6363636363636362,-1,3.4000000000000004,0,8.58,31.00401606425703,2
11,78,0,1,0,1,0,28,0,15,1,59,82,1,1,1,0,74.80000000000001,18.5,23,7.454545454545454,-1,3.5,0,8.58,61.582329317269085,2
11,78,0,1,0,1,0,18,1,19,1,71,49,1,2,3,0,79.60000000000001,20.5,-22,4.454545454545454,-2,3.9000000000000004,0,8.58,39.160642570281134,2
11,78,0,1,0,1,0,27,2,8,0,66,75,1,2,1,0,67.60000000000001,15.0,9,6.818181818181818,-2,2.8,0,8.58,50.90361445783133,2
11,78,2,0,0,1,0,19,0,9,0,56,91,1,1,0,0,53.60000000000001,15.5,35,8.272727272727273,1,2.9,0,8.58,48.97188755020082,2
11,78,2,0,0,1,0,21,2,6,1,80,92,1,2,0,0,73.2,14.0,12,8.363636363636363,0,2.6,0,8.58,67.61445783132531,2
11,78,2,0,0,1,0,25,2,18,0,100,87,1,2,0,0,71.2,20.0,-13,7.909090909090909,0,3.8,0,8.58,62.19277108433736,2
11,78,2,0,0,1,0,27,2,14,1,65,40,1,1,3,0,67.2,18.0,-25,3.6363636363636362,1,3.4000000000000004,0,8.58,26.987951807228917,2
11,78,2,0,0,1,0,28,0,15,1,59,82,1,1,1,0,64.80000000000001,18.5,23,7.454545454545454,1,3.5,0,8.58,53.349397590361455,2
11,78,2,0,0,1,0,18,1,19,1,71,49,1,2,3,0,69.60000000000001,20.5,-22,4.454545454545454,0,3.9000000000000004,0,8.58,34.2409638554217,2
11,78,2,0,0,1,0,27,2,8,0,66,75,1,2,1,0,57.60000000000001,15.0,9,6.818181818181818,0,2.8,0,8.58,43.37349397590362,2
15,70,2,0,2,1,1,26,2,6,0,94,40,1,2,3,0,65.6,18.0,-54,2.6666666666666665,2,2.6,4,10.5,26.34538152610442,2
15,70,2,0,2,1,1,24,2,19,0,70,68,0,0,2,0,56.0,24.5,-2,4.533333333333333,4,2.9000000000000004,4,10.5,38.23293172690763,2
15,70,2,0,2,1,1,24,0,18,1,72,81,1,2,1,0,66.8,24.0,9,5.4,2,3.8,4,10.5,54.325301204819276,2
15,70,2,0,2,1,1,25,1,4,1,75,57,1,2,2,0,68.0,17.0,-18,3.8,2,2.4,4,10.5,38.915662650602414,2
15,70,1,0,0,1,1,24,2,19,0,70,68,0,0,2,0,56.0,24.5,-2,4.533333333333333,1,2.9000000000000004,0,10.5,38.23293172690763,2
15,70,1,0,0,1,1,24,0,18,1,72,81,1,2,1,0,66.8,24.0,9,5.4,-1,3.8,0,10.5,54.325301204819276,2
15,70,1,0,0,1,1,25,1,4,1,75,57,1,2,2,0,68.0,17.0,-18,3.8,-1,2.4,0,10.5,38.915662650602414,2
12,71,2,1,0,1,0,25,1,2,0,90,98,1,1,0,0,74.4,13.0,8,8.166666666666666,1,2.2,0,8.52,73.20481927710844,2
12,71,2,1,0,1,0,26,1,8,1,66,61,0,2,2,0,74.80000000000001,16.0,-5,5.083333333333333,0,1.8,0,8.52,45.811244979919685,2
12,71,2,1,2,1,0,25,1,2,0,90,98,1,1,0,0,74.4,13.0,8,8.166666666666666,3,2.2,4,8.52,73.20481927710844,2
12,71,2,1,2,1,0,26,1,8,1,66,61,0,2,2,0,74.80000000000001,16.0,-5,5.083333333333333,2,1.8,4,8.52,45.811244979919685,2
10,98,0,1,0,1,0,21,1,15,1,90,52,1,2,3,0,95.2,17.5,-38,5.2,-2,3.5,0,9.8,49.70281124497993,2
10,98,0,1,0,1,0,22,1,12,1,91,46,1,2,3,0,95.6,16.0,-45,4.6,-2,3.2,0,9.8,44.15261044176707,2
7,93,2,1,2,1,0,21,1,9,0,98,57,1,1,2,0,86.4,11.5,-41,8.142857142857142,3,2.9,4,6.510000000000001,49.445783132530124,2
7,93,2,1,2,1,0,21,2,18,0,94,73,0,0,1,0,84.80000000000001,16.0,-21,10.428571428571429,4,2.8,4,6.510000000000001,62.15261044176708,2
10,100,1,0,0,1,0,25,1,16,1,98,85,1,2,0,0,89.2,18.0,-13,8.5,-1,3.6,0,10.0,76.12449799196787,2
9,89,0,0,2,1,0,21,0,6,1,84,87,1,0,0,0,79.2,12.0,3,9.666666666666666,2,2.6,0,8.01,69.18072289156628,2
9,89,0,0,2,1,0,22,1,1,1,72,48,1,1,3,0,74.4,9.5,-24,5.333333333333333,1,2.1,0,8.01,35.85542168674699,2
13,62,1,1,1,1,1,20,3,14,0,85,90,1,1,0,0,68.8,20.0,5,6.923076923076923,1,3.4000000000000004,1,8.06,62.168674698795186,2
13,62,1,1,1,1,1,28,0,5,0,54,75,0,0,1,0,56.400000000000006,15.5,21,5.769230769230769,2,1.5,1,8.06,42.46987951807229,2
13,62,1,1,1,1,1,18,3,13,0,86,66,0,2,2,0,69.2,19.5,-20,5.076923076923077,0,2.3,1,8.06,45.85542168674699,2
13,62,1,1,1,1,1,18,2,0,0,55,77,1,2,1,0,56.8,13.0,22,5.923076923076923,0,2.0,1,8.06,43.911646586345384,2
13,62,0,0,2,1,1,20,3,14,0,85,90,1,1,0,0,58.8,20.0,5,6.923076923076923,1,3.4000000000000004,0,8.06,53.13253012048193,2
13,62,0,0,2,1,1,28,0,5,0,54,75,0,0,1,0,46.400000000000006,15.5,21,5.769230769230769,2,1.5,0,8.06,34.939759036144586,2
13,62,0,0,2,1,1,18,3,13,0,86,66,0,2,2,0,59.2,19.5,-20,5.076923076923077,0,2.3,0,8.06,39.22891566265061,2
13,62,0,0,2,1,1,18,2,0,0,55,77,1,2,1,0,46.8,13.0,22,5.923076923076923,0,2.0,0,8.06,36.18072289156627,2
7,88,2,1,1,1,0,22,0,8,1,64,85,1,1,0,0,80.80000000000001,11.0,21,12.142857142857142,2,2.8,2,6.16,68.95582329317271,2
7,88,2,1,1,1,0,21,3,15,0,65,64,0,2,2,0,71.2,14.5,-1,9.142857142857142,1,2.5,2,6.16,45.751004016064265,2
9,90,1,1,1,1,1,19,0,8,1,95,73,0,0,1,0,94.0,13.0,-22,8.11111111111111,2,1.8,1,8.1,68.89558232931728,2
9,90,1,1,1,1,1,29,1,15,1,70,82,0,1,1,0,84.0,16.5,12,9.11111111111111,1,2.5,1,8.1,69.1566265060241,2
9,90,2,1,0,1,1,19,0,8,1,95,73,0,0,1,0,94.0,13.0,-22,8.11111111111111,2,1.8,0,8.1,68.89558232931728,2
9,90,2,1,0,1,1,29,1,15,1,70,82,0,1,1,0,84.0,16.5,12,9.11111111111111,1,2.5,0,8.1,69.1566265060241,2
13,66,1,1,0,1,0,22,2,13,0,95,44,1,0,3,0,74.4,19.5,-51,3.3846153846153846,1,3.3,0,8.58,32.867469879518076,2
13,66,1,1,0,1,0,25,3,14,1,93,57,1,2,2,0,83.60000000000001,20.0,-36,4.384615384615385,-1,3.4000000000000004,0,8.58,47.84337349397591,2
6,76,1,1,1,1,1,29,0,1,0,81,94,0,2,0,1,72.8,6.5,13,15.666666666666666,0,1.1,1,4.5600000000000005,68.70682730923694,2
12,97,0,1,1,1,1,29,2,6,1,64,42,1,1,3,0,84.4,15.0,-22,3.5,0,2.6,0,11.64,35.59036144578314,2
7,68,1,0,1,1,0,22,2,17,0,99,80,0,0,1,0,66.80000000000001,15.5,-19,11.428571428571429,2,2.7,1,4.760000000000001,53.654618473895596,2
7,68,1,0,1,1,0,23,1,6,1,90,83,0,2,1,0,73.2,10.0,-7,11.857142857142858,0,1.6,1,4.760000000000001,61.0,2
11,75,2,0,1,1,0,18,1,18,1,78,92,1,0,0,0,71.2,20.0,14,8.363636363636363,3,3.8,2,8.25,65.76706827309238,2
12,90,1,1,0,1,0,21,3,20,1,59,53,0,2,3,0,79.6,22.0,-6,4.416666666666667,-1,3.0,0,10.8,42.3574297188755,2
12,90,1,1,0,1,0,22,2,17,0,61,98,0,2,0,0,70.4,20.5,37,8.166666666666666,-1,2.7,0,10.8,69.26907630522089,2
12,90,1,1,0,1,0,29,3,17,0,58,96,1,0,0,0,69.2,20.5,38,8.0,1,3.7,0,10.8,66.6987951807229,2
12,90,1,1,0,1,0,19,3,12,0,92,54,1,0,3,0,82.80000000000001,18.0,-38,4.5,1,3.2,0,10.8,44.89156626506025,2
12,90,1,1,0,1,0,27,2,19,1,52,86,1,0,0,0,76.8,21.5,34,7.166666666666667,1,3.9000000000000004,0,10.8,66.3132530120482,2
12,90,1,1,0,1,0,18,0,9,1,67,67,0,1,2,0,82.8,16.5,0,5.583333333333333,0,1.9,0,10.8,55.69879518072289,2
12,90,1,1,0,1,0,23,2,5,0,50,43,1,0,3,0,66.0,14.5,-7,3.5833333333333335,1,2.5,0,10.8,28.49397590361446,2
12,90,1,1,0,1,0,24,0,20,0,95,43,1,2,3,0,84.0,22.0,-52,3.5833333333333335,-1,4.0,0,10.8,36.265060240963855,2
12,90,2,0,0,1,0,21,3,20,1,59,53,0,2,3,0,69.6,22.0,-6,4.416666666666667,0,3.0,0,10.8,37.036144578313255,2
12,90,2,0,0,1,0,22,2,17,0,61,98,0,2,0,0,60.400000000000006,20.5,37,8.166666666666666,0,2.7,0,10.8,59.42971887550202,2
12,90,2,0,0,1,0,29,3,17,0,58,96,1,0,0,0,59.2,20.5,38,8.0,2,3.7,0,10.8,57.06024096385543,2
12,90,2,0,0,1,0,19,3,12,0,92,54,1,0,3,0,72.80000000000001,18.0,-38,4.5,2,3.2,0,10.8,39.469879518072304,2
12,90,2,0,0,1,0,27,2,19,1,52,86,1,0,0,0,66.8,21.5,34,7.166666666666667,2,3.9000000000000004,0,10.8,57.678714859437754,2
12,90,2,0,0,1,0,18,0,9,1,67,67,0,1,2,0,72.8,16.5,0,5.583333333333333,1,1.9,0,10.8,48.971887550200805,2
12,90,2,0,0,1,0,23,2,5,0,50,43,1,0,3,0,56.0,14.5,-7,3.5833333333333335,2,2.5,0,10.8,24.176706827309236,2
12,90,2,0,0,1,0,24,0,20,0,95,43,1,2,3,0,74.0,22.0,-52,3.5833333333333335,0,4.0,0,10.8,31.947791164658636,2
10,75,2,1,1,1,1,27,1,7,1,82,88,1,2,0,0,82.80000000000001,13.5,6,8.8,1,2.7,2,7.5,73.15662650602411,2
10,75,2,1,1,1,1,21,0,1,1,67,100,1,0,0,0,76.8,10.5,33,10.0,3,2.1,2,7.5,77.10843373493977,2
10,75,1,1,1,1,1,27,1,7,1,82,88,1,2,0,0,82.80000000000001,13.5,6,8.8,0,2.7,1,7.5,73.15662650602411,2
10,75,1,1,1,1,1,21,0,1,1,67,100,1,0,0,0,76.8,10.5,33,10.0,2,2.1,1,7.5,77.10843373493977,2
5,97,0,1,1,1,0,20,3,8,1,84,46,0,0,3,0,92.4,9.0,-38,9.2,1,1.8,0,4.85,42.674698795180724,2
10,91,2,1,1,1,1,27,3,1,1,89,71,1,0,1,0,92.0,10.5,-18,7.1,3,2.1,2,9.1,65.58232931726909,2
7,89,0,1,1,1,1,22,3,5,1,80,83,1,2,1,0,87.6,9.5,3,11.857142857142858,-1,2.5,0,6.23,73.0,2
7,89,0,1,1,1,1,24,3,18,1,55,49,0,2,3,0,77.6,16.0,-6,7.0,-1,2.8,0,6.23,38.17670682730924,2
9,88,1,1,1,1,0,27,1,2,0,50,99,1,2,0,0,65.2,10.0,49,11.0,0,2.2,1,7.92,64.80722891566265,2
5,73,0,1,2,1,1,29,1,0,1,54,79,1,2,1,0,70.80000000000001,5.0,25,15.8,0,2.0,0,3.65,56.15662650602411,2
5,73,0,1,2,1,1,23,2,9,1,73,96,1,2,0,1,78.4,9.5,23,19.2,0,2.9,0,3.65,75.56626506024098,2
5,73,0,1,2,1,1,21,2,11,1,94,60,1,1,2,0,86.80000000000001,10.5,-34,12.0,1,3.1,0,3.65,52.289156626506035,2
16,85,2,1,0,1,0,22,1,18,0,99,68,0,2,2,0,83.6,25.0,-31,4.25,0,2.8,0,13.6,57.07630522088353,2
16,85,2,1,0,1,0,29,0,14,0,94,80,1,1,1,0,81.6,23.0,-14,5.0,1,3.4000000000000004,0,13.6,65.54216867469879,2
6,66,1,1,0,1,1,22,2,7,1,95,71,0,1,1,0,84.4,9.5,-24,11.833333333333334,0,1.7000000000000002,0,3.96,60.164658634538156,2
6,66,1,1,0,1,1,24,3,15,1,54,41,0,2,3,0,68.0,13.5,-13,6.833333333333333,-1,2.5,0,3.96,27.991967871485947,2
6,66,1,1,0,1,1,25,0,9,1,64,66,1,2,2,0,72.0,10.5,2,11.0,-1,2.9,0,3.96,47.71084337349397,2
5,93,0,0,1,1,1,28,2,7,1,63,61,1,1,2,0,72.4,8.5,-2,12.2,0,2.7,0,4.65,44.341365461847396,2
5,93,0,0,1,1,1,27,1,18,0,59,74,1,2,1,0,60.800000000000004,14.0,15,14.8,-1,3.8,0,4.65,45.17269076305221,2
5,93,0,0,1,1,1,27,1,13,1,62,56,1,1,2,0,72.0,11.5,-6,11.2,0,3.3,0,4.65,40.48192771084337,2
5,93,0,0,1,1,1,24,3,5,1,87,81,1,1,1,0,82.0,7.5,-6,16.2,0,2.5,0,4.65,66.6867469879518,2
10,65,2,0,1,1,0,20,1,13,1,71,95,1,2,0,0,64.4,16.5,24,9.5,1,3.3,2,6.5,61.42570281124498,2
10,65,2,0,1,1,0,20,2,9,0,73,57,1,2,2,0,55.2,14.5,-16,5.7,1,2.9,2,6.5,31.590361445783135,2
13,78,2,0,2,1,0,26,1,11,1,61,54,1,2,3,0,65.60000000000001,18.5,-7,4.153846153846154,2,3.1,4,10.14,35.566265060240966,2
9,81,1,1,1,1,0,18,1,20,0,95,83,1,2,1,0,80.4,19.0,-12,9.222222222222221,0,4.0,1,7.290000000000001,67.00000000000001,2
9,81,1,1,1,1,0,22,3,4,1,77,75,1,2,1,0,83.2,11.0,-2,8.333333333333334,0,2.4,1,7.290000000000001,62.65060240963856,2
9,81,1,1,1,1,0,22,3,20,0,100,65,0,2,2,0,82.4,19.0,-35,7.222222222222222,0,3.0,1,7.290000000000001,53.77510040160643,2
11,68,1,1,1,1,1,22,1,5,1,69,98,0,2,0,0,74.80000000000001,13.5,29,8.909090909090908,0,1.5,1,7.48,73.5983935742972,2
9,93,0,1,1,1,1,29,0,8,1,84,72,0,2,1,0,90.80000000000001,13.0,-12,8.0,-1,1.8,0,8.370000000000001,65.63855421686748,2
6,80,1,1,0,1,1,19,1,7,0,100,78,1,1,1,0,82.0,9.5,-22,13.0,0,2.7,0,4.800000000000001,64.21686746987952,2
6,80,1,1,0,1,1,18,0,9,1,80,66,0,1,2,0,84.0,10.5,-14,11.0,0,1.9,0,4.800000000000001,55.66265060240964,2
6,92,1,1,1,1,1,20,1,6,1,67,44,1,0,3,0,83.60000000000001,9.0,-23,7.333333333333333,2,2.6,1,5.5200000000000005,36.93172690763053,2
6,92,1,1,1,1,1,20,0,1,1,70,79,0,2,1,0,84.80000000000001,6.5,9,13.166666666666666,0,1.1,1,5.5200000000000005,67.26104417670683,2
6,92,1,1,1,1,1,19,1,8,0,64,43,1,1,3,0,72.4,10.0,-21,7.166666666666667,1,2.8,1,5.5200000000000005,31.257028112449802,2
5,61,1,0,2,1,1,20,2,14,0,71,44,0,2,3,0,52.800000000000004,12.0,-27,8.8,1,2.4000000000000004,2,3.05,23.32530120481928,2
5,61,1,0,2,1,1,26,1,15,0,55,90,1,0,0,1,46.400000000000006,12.5,35,18.0,3,3.5,2,3.05,41.927710843373504,2
5,61,1,0,2,1,1,19,1,0,1,52,60,1,2,2,0,55.2,5.0,8,12.0,1,2.0,2,3.05,33.25301204819277,2
9,67,2,1,1,1,1,27,1,13,0,86,82,0,2,1,0,71.2,15.5,-4,9.11111111111111,1,2.3,2,6.03,58.61847389558234,2
9,67,2,1,1,1,1,22,1,13,0,54,77,1,1,1,0,58.400000000000006,15.5,23,8.555555555555555,2,3.3,2,6.03,45.148594377510044,2
9,67,2,1,1,1,1,22,3,0,1,62,52,1,1,3,0,71.6,9.0,-10,5.777777777777778,2,2.0,2,6.03,37.38152610441767,2
6,83,1,0,1,1,0,29,1,17,0,77,55,1,0,2,0,64.0,14.5,-22,9.166666666666666,2,3.7,1,4.9799999999999995,35.34136546184739,2
6,83,1,0,1,1,0,27,0,14,1,92,95,1,2,0,1,80.0,13.0,3,15.833333333333334,0,3.4000000000000004,1,4.9799999999999995,76.30522088353413,2
6,83,1,0,1,1,0,21,3,8,1,84,100,1,2,0,1,76.80000000000001,10.0,16,16.666666666666668,0,2.8,1,4.9799999999999995,77.10843373493978,2
7,94,0,1,2,1,0,28,0,0,1,67,93,1,0,0,1,84.4,7.0,26,13.285714285714286,2,2.0,0,6.58,78.80722891566266,2
7,94,0,1,2,1,0,29,3,10,1,70,52,0,2,3,0,85.6,12.0,-18,7.428571428571429,0,2.0,0,6.58,44.69076305220884,2
15,94,1,1,0,1,0,20,2,6,0,66,45,1,2,3,0,74.0,18.0,-21,3.0,-1,2.6,0,14.1,33.433734939759034,2
15,94,1,1,0,1,0,21,0,4,1,94,79,1,0,1,0,95.2,17.0,-15,5.266666666666667,1,2.4,0,14.1,75.51004016064257,2
13,72,2,0,0,1,0,22,3,14,1,89,91,0,2,0,0,74.4,20.0,2,7.0,0,2.4000000000000004,0,9.36,67.97590361445783,2
13,72,2,0,0,1,0,29,3,17,0,70,54,1,2,3,0,56.8,21.5,-16,4.153846153846154,0,3.7,0,9.36,30.795180722891565,2
11,77,0,1,0,1,1,25,1,18,0,87,48,1,2,3,0,75.60000000000001,20.0,-39,4.363636363636363,-2,3.8,0,8.47,36.43373493975904,2
11,77,0,1,0,1,1,19,2,5,1,81,52,0,1,3,0,83.2,13.5,-29,4.7272727272727275,-1,1.5,0,8.47,43.437751004016064,2
11,77,0,1,0,1,1,18,1,20,0,62,50,0,0,3,0,65.6,21.0,-12,4.545454545454546,0,3.0,0,8.47,32.93172690763052,2
11,77,0,1,0,1,1,21,3,13,0,84,52,1,2,3,0,74.4,17.5,-32,4.7272727272727275,-2,3.3,0,8.47,38.84337349397591,2
15,80,1,1,0,1,1,18,2,8,0,96,71,1,2,1,0,80.4,19.0,-25,4.733333333333333,-1,2.8,0,12.0,57.31325301204821,2
15,80,1,1,0,1,1,28,0,18,1,50,67,1,2,2,0,72.0,24.0,17,4.466666666666667,-1,3.8,0,12.0,48.433734939759034,2
15,80,1,1,0,1,1,27,2,9,1,80,78,1,2,1,0,84.0,19.5,-2,5.2,-1,2.9,0,12.0,65.78313253012048,2
15,80,2,1,1,1,1,18,2,8,0,96,71,1,2,1,0,80.4,19.0,-25,4.733333333333333,1,2.8,2,12.0,57.31325301204821,2
15,80,2,1,1,1,1,28,0,18,1,50,67,1,2,2,0,72.0,24.0,17,4.466666666666667,1,3.8,2,12.0,48.433734939759034,2
15,80,2,1,1,1,1,27,2,9,1,80,78,1,2,1,0,84.0,19.5,-2,5.2,1,2.9,2,12.0,65.78313253012048,2
17,74,0,1,0,1,0,19,0,8,1,95,79,1,0,1,0,87.6,21.0,-16,4.647058823529412,0,2.8,0,12.58,69.48192771084337,2
17,74,0,1,0,1,0,26,2,14,1,73,77,0,1,1,0,78.80000000000001,24.0,4,4.529411764705882,-1,2.4000000000000004,0,12.58,60.91967871485945,2
17,74,1,0,1,1,0,19,0,8,1,95,79,1,0,1,0,77.6,21.0,-16,4.647058823529412,2,2.8,1,12.58,61.55020080321285,2
17,74,1,0,1,1,0,26,2,14,1,73,77,0,1,1,0,68.80000000000001,24.0,4,4.529411764705882,1,2.4000000000000004,1,12.58,53.188755020080336,2
11,95,1,1,0,1,0,27,0,4,1,50,83,1,0,1,0,78.0,13.0,33,7.545454545454546,1,2.4,0,10.45,65.0,2
11,95,1,1,0,1,0,27,1,12,1,91,55,1,1,2,0,94.4,17.0,-36,5.0,0,3.2,0,10.45,52.12851405622491,2
12,93,2,0,1,1,0,29,3,3,0,50,45,1,2,3,0,57.2,13.5,-5,3.75,1,2.3,2,11.16,25.843373493975903,2
12,93,2,0,1,1,0,22,2,5,0,77,99,0,1,0,0,68.0,14.5,22,8.25,2,1.5,2,11.16,67.59036144578313,2
12,93,2,0,1,1,0,18,1,2,1,95,77,1,1,1,0,85.2,13.0,-18,6.416666666666667,2,2.2,2,11.16,65.86746987951808,2
12,93,2,0,1,1,0,19,1,17,0,55,89,1,2,0,0,59.2,20.5,34,7.416666666666667,1,3.7,2,11.16,52.8995983935743,2
10,94,2,0,1,1,0,24,2,8,1,96,75,1,2,1,0,86.0,14.0,-21,7.5,1,2.8,2,9.399999999999999,64.75903614457832,2
10,94,2,0,1,1,0,23,1,14,1,78,52,1,1,3,0,78.80000000000001,17.0,-26,5.2,2,3.4000000000000004,2,9.399999999999999,41.14056224899599,2
10,94,2,0,1,1,0,24,1,0,1,85,68,1,1,2,0,81.6,10.0,-17,6.8,2,2.0,2,9.399999999999999,55.71084337349397,2
5,96,0,1,0,1,1,22,0,3,1,86,61,1,1,2,0,92.80000000000001,6.5,-25,12.2,-1,2.3,0,4.8,56.83534136546186,2
5,96,0,1,0,1,1,25,3,14,1,66,79,1,2,1,0,84.80000000000001,12.0,13,15.8,-2,3.4000000000000004,0,4.8,67.26104417670683,2
5,96,0,1,0,1,1,23,1,6,1,76,97,1,2,0,1,88.80000000000001,8.0,21,19.4,-2,2.6,0,4.8,86.4819277108434,2
5,96,0,1,0,1,1,27,3,16,0,92,78,0,1,1,0,85.20000000000002,13.0,-14,15.6,-1,2.6,0,4.8,66.72289156626508,2
5,96,0,1,0,1,1,25,0,12,0,80,82,1,2,1,0,80.4,11.0,2,16.4,-2,3.2,0,4.8,66.19277108433737,2
10,88,1,0,1,1,0,19,3,8,1,58,65,1,2,2,0,68.4,14.0,7,6.5,0,2.8,1,8.8,44.638554216867476,2
10,88,1,0,1,1,0,20,1,7,1,66,90,0,2,0,0,71.60000000000001,13.5,24,9.0,0,1.7000000000000002,1,8.8,64.69879518072291,2
7,73,1,1,1,1,1,22,2,4,1,74,44,1,2,3,0,78.80000000000001,9.0,-30,6.285714285714286,0,2.4,1,5.109999999999999,34.811244979919685,2
8,65,1,0,0,1,0,22,1,14,0,68,46,1,2,3,0,53.2,15.0,-22,5.75,-1,3.4000000000000004,0,5.2,24.570281124497996,2
8,65,1,0,0,1,0,23,2,17,1,89,77,1,0,1,0,71.6,16.5,-12,9.625,1,3.7,0,5.2,55.35341365461847,2
8,65,1,0,0,1,0,28,1,12,1,53,54,1,2,3,0,57.2,14.0,1,6.75,-1,3.2,0,5.2,31.012048192771086,2
8,65,1,0,0,1,0,23,1,2,1,76,50,1,2,3,0,66.4,9.0,-26,6.25,-1,2.2,0,5.2,33.333333333333336,2
8,64,1,1,1,1,1,19,1,3,1,91,50,1,2,3,0,82.0,9.5,-41,6.25,0,2.3,1,5.12,41.164658634538156,2
8,64,1,1,1,1,1,24,0,10,1,53,57,1,2,2,0,66.80000000000001,13.0,4,7.125,0,3.0,1,5.12,38.22891566265061,2
8,64,1,1,1,1,1,22,2,7,0,68,73,1,2,1,0,62.800000000000004,11.5,5,9.125,0,2.7,1,5.12,46.0281124497992,2
6,84,1,1,1,1,1,19,3,11,1,55,80,1,2,1,0,75.6,11.5,25,13.333333333333334,0,3.1,1,5.04,60.72289156626506,2
8,96,1,1,2,1,1,23,2,8,1,84,51,0,1,3,0,92.0,12.0,-33,6.375,2,1.8,2,7.68,47.10843373493976,2
8,96,1,1,2,1,1,19,0,13,1,63,96,0,2,0,0,83.60000000000001,14.5,33,12.0,1,2.3,2,7.68,80.57831325301206,2
8,96,1,1,2,1,1,28,0,0,0,60,85,1,1,0,0,72.4,8.0,25,10.625,2,2.0,2,7.68,61.78714859437751,2
9,78,1,0,0,1,0,24,2,12,1,85,88,1,1,0,0,75.2,15.0,3,9.777777777777779,0,3.2,0,7.0200000000000005,66.4417670682731,2
6,67,0,1,0,1,1,24,1,8,1,93,70,1,2,1,0,84.0,10.0,-23,11.666666666666666,-2,2.8,0,4.0200000000000005,59.036144578313255,2
6,67,0,1,0,1,1,23,2,3,0,77,62,1,2,2,0,67.6,7.5,-15,10.333333333333334,-2,2.3,0,4.0200000000000005,42.08032128514056,2
13,75,2,1,1,1,0,22,1,1,1,65,70,1,0,1,0,76.0,13.5,5,5.384615384615385,3,2.1,2,9.75,53.4136546184739,2
13,75,2,1,1,1,0,20,1,11,1,100,44,1,2,3,0,90.0,18.5,-56,3.3846153846153846,1,3.1,2,9.75,39.75903614457832,2
6,88,2,1,1,1,1,21,3,2,1,96,54,1,1,3,0,93.60000000000001,7.0,-42,9.0,2,2.2,2,5.28,50.746987951807235,2
12,91,0,1,0,1,1,18,0,15,1,59,85,0,2,0,0,80.0,19.5,26,7.083333333333333,-2,2.5,0,10.92,68.27309236947791,2
10,86,2,1,2,1,0,18,2,8,1,66,77,1,2,1,0,80.8,14.0,11,7.7,2,2.8,4,8.6,62.46586345381526,2
