StudyHours,Attendance,Resources,Extracurricular,Motivation,Internet,Gender,Age,LearningStyle,OnlineCourses,Discussions,AssignmentCompletion,ExamScore,EduTech,StressLevel,FinalGrade,flag_unrealistic,EngagementScore,AcademicEffort,PerformanceGap,StudyEfficiency,WellbeingIndex,DigitalScore,MotivationXResources,AttendanceXStudy,ExamXEngagement,GMM_Cluster
24,98,0,0,0,0,1,29,0,3,0,65,46,1,2,3,0,65.2,25.5,-19,1.9166666666666667,-2,1.3,0,23.52,30.11244979919679,0
24,98,0,0,0,0,1,27,0,0,1,71,83,1,0,1,0,77.60000000000001,24.0,12,3.4583333333333335,0,1.0,0,23.52,64.66666666666667,0
24,98,0,0,0,0,1,25,1,5,1,61,95,1,0,0,0,73.60000000000001,26.5,34,3.9583333333333335,0,1.5,0,23.52,70.20080321285141,0
17,80,2,0,1,0,1,18,1,13,1,68,73,0,2,1,0,69.2,23.5,5,4.294117647058823,1,1.3,2,13.600000000000001,50.71887550200804,0
17,80,2,0,1,0,1,24,3,11,1,64,69,1,0,2,0,67.6,22.5,5,4.0588235294117645,3,2.1,2,13.600000000000001,46.83132530120482,0
17,80,2,0,1,0,1,23,0,7,1,68,87,1,1,0,0,69.2,20.5,19,5.117647058823529,2,1.7000000000000002,2,13.600000000000001,60.44578313253013,0
17,80,2,0,1,0,1,27,0,12,0,64,88,1,0,0,0,57.6,23.0,24,5.176470588235294,3,2.2,2,13.600000000000001,50.89156626506025,0
17,80,2,0,1,0,1,29,1,0,1,73,78,1,0,1,0,71.2,17.0,5,4.588235294117647,3,1.0,2,13.600000000000001,55.759036144578324,0
17,97,2,1,1,0,1,27,1,9,0,64,87,1,1,0,0,74.4,21.5,23,5.117647058823529,2,1.9,2,16.49,64.98795180722892,0
17,97,2,1,1,0,1,25,2,20,1,70,82,1,1,1,0,86.80000000000001,27.0,12,4.823529411764706,2,3.0,2,16.49,71.46184738955824,0
17,97,0,0,2,0,1,27,1,9,0,64,87,1,1,0,0,64.4,21.5,23,5.117647058823529,1,1.9,0,16.49,56.25301204819277,0
17,97,0,0,2,0,1,25,2,20,1,70,82,1,1,1,0,76.80000000000001,27.0,12,4.823529411764706,1,3.0,0,16.49,63.228915662650614,0
20,74,2,1,1,0,0,22,3,3,1,93,97,1,2,0,0,86.80000000000001,21.5,4,4.85,1,1.3,2,14.8,84.53413654618475,0
20,74,2,1,1,0,0,24,1,20,1,68,67,0,1,2,0,76.80000000000001,30.0,-1,3.35,2,2.0,2,14.8,51.66265060240965,0
20,74,2,1,1,0,0,29,0,13,0,80,65,0,0,2,0,71.6,26.5,-15,3.25,3,1.3,2,14.8,46.726907630522085,0
22,83,1,1,2,0,1,28,2,11,0,96,75,1,2,1,0,81.60000000000001,27.5,-21,3.409090909090909,1,2.1,2,18.259999999999998,61.445783132530124,0
16,90,1,0,2,0,0,19,1,0,1,90,52,0,2,3,0,82.0,16.0,-38,3.25,1,0.0,2,14.4,42.81124497991968,0
18,66,1,1,0,0,1,22,1,3,0,50,73,1,1,1,0,56.400000000000006,19.5,23,4.055555555555555,0,1.3,0,11.88,41.337349397590366,0
18,66,1,1,0,0,1,27,2,11,0,57,60,1,0,2,0,59.2,23.5,3,3.3333333333333335,1,2.1,0,11.88,35.66265060240964,0
18,66,2,1,1,0,1,22,1,3,0,50,73,1,1,1,0,56.400000000000006,19.5,23,4.055555555555555,2,1.3,2,11.88,41.337349397590366,0
18,66,2,1,1,0,1,27,2,11,0,57,60,1,0,2,0,59.2,23.5,3,3.3333333333333335,3,2.1,2,11.88,35.66265060240964,0
25,65,2,1,0,0,0,25,3,0,1,62,51,0,1,3,0,70.8,25.0,-11,2.04,1,0.0,0,16.25,36.25301204819277,0
25,65,2,1,0,0,0,28,3,12,1,100,55,1,0,2,1,86.0,31.0,-45,2.2,2,2.2,0,16.25,47.48995983935743,0
21,65,2,1,0,0,0,20,3,1,1,54,54,1,0,3,0,67.6,21.5,0,2.5714285714285716,2,1.1,0,13.65,36.65060240963855,0
21,65,2,1,0,0,0,24,1,2,1,96,78,0,2,1,1,84.4,22.0,-18,3.7142857142857144,0,0.2,0,13.65,66.09638554216868,0
21,65,0,1,2,0,1,21,0,0,0,93,95,1,1,0,0,73.2,21.0,2,4.523809523809524,1,1.0,0,13.65,69.81927710843374,0
24,68,1,1,1,0,1,29,2,13,1,78,61,1,1,2,0,78.4,30.5,-17,2.5416666666666665,1,2.3,1,16.32,48.01606425702812,0
18,94,1,1,0,0,1,21,0,0,1,83,93,1,2,0,0,90.80000000000001,18.0,10,5.166666666666667,-1,1.0,0,16.919999999999998,84.7831325301205,0
18,94,1,1,0,0,1,29,1,17,1,55,51,1,2,3,0,79.6,26.5,-4,2.8333333333333335,-1,2.7,0,16.919999999999998,40.75903614457831,0
17,78,1,0,1,0,0,24,1,14,1,84,59,0,0,2,0,74.80000000000001,24.0,-25,3.4705882352941178,2,1.4000000000000001,1,13.26,44.30923694779117,0
17,78,1,0,1,0,0,26,3,9,0,90,85,1,2,0,0,67.2,21.5,-5,5.0,0,1.9,1,13.26,57.34939759036145,0
17,78,1,0,1,0,0,29,1,20,1,58,85,0,2,0,0,64.4,27.0,27,5.0,0,2.0,1,13.26,54.95983935742972,0
26,61,2,1,1,0,0,28,2,20,0,69,99,1,2,0,0,62.0,36.0,30,3.8076923076923075,1,3.0,2,15.86,61.62650602409639,0
15,83,2,0,0,0,0,20,1,5,0,50,93,1,1,0,0,53.2,17.5,43,6.2,1,1.5,0,12.45,49.67469879518073,0
15,83,2,0,0,0,0,22,2,9,1,69,64,1,1,2,0,70.80000000000001,19.5,-5,4.266666666666667,1,1.9,0,12.45,45.49397590361447,0
22,98,2,0,0,0,0,19,1,20,0,52,75,0,2,1,0,60.0,32.0,23,3.409090909090909,0,2.0,0,21.56,45.18072289156627,0
22,98,2,0,0,0,0,29,0,16,1,58,66,1,2,2,0,72.4,30.0,8,3.0,0,2.6,0,21.56,47.975903614457835,0
22,98,0,1,1,0,0,19,1,20,0,52,75,0,2,1,0,70.0,32.0,23,3.409090909090909,-1,2.0,0,21.56,52.71084337349398,0
22,98,0,1,1,0,0,29,0,16,1,58,66,1,2,2,0,82.4,30.0,8,3.0,-1,2.6,0,21.56,54.60240963855422,0
29,96,2,0,2,0,1,28,1,5,1,90,59,0,0,2,0,84.4,31.5,-31,2.0344827586206895,4,0.5,4,27.84,49.99598393574298,0
29,96,2,0,2,0,1,19,3,1,1,72,90,0,1,0,0,77.2,29.5,18,3.103448275862069,3,0.1,4,27.84,69.75903614457832,0
29,96,2,0,2,0,1,20,2,20,1,50,84,0,2,1,0,68.4,39.0,34,2.896551724137931,2,2.0,4,27.84,57.686746987951814,0
20,71,1,1,1,0,0,25,2,14,0,68,81,1,0,1,0,65.60000000000001,27.0,13,4.05,2,2.4000000000000004,1,14.2,53.349397590361455,0
25,70,1,1,0,0,0,23,0,19,1,65,75,1,2,1,0,74.0,34.5,10,3.0,-1,2.9000000000000004,0,17.5,55.72289156626506,0
25,70,1,1,0,0,0,24,0,7,1,75,78,0,0,1,0,78.0,28.5,3,3.12,1,0.7000000000000001,0,17.5,61.08433734939759,0
25,70,0,0,1,0,0,23,0,19,1,65,75,1,2,1,0,64.0,34.5,10,3.0,-1,2.9000000000000004,0,17.5,48.19277108433735,0
25,70,0,0,1,0,0,24,0,7,1,75,78,0,0,1,0,68.0,28.5,3,3.12,1,0.7000000000000001,0,17.5,53.25301204819277,0
21,77,2,1,0,0,1,23,3,20,1,73,47,0,2,3,0,80.0,31.0,-26,2.238095238095238,0,2.0,0,16.17,37.75100401606426,0
21,77,2,1,0,0,1,18,0,1,1,97,50,1,2,3,0,89.60000000000001,21.5,-47,2.380952380952381,0,1.1,0,16.17,44.979919678714865,0
19,69,1,1,1,0,1,18,0,1,0,71,96,0,0,0,0,66.0,19.5,25,5.052631578947368,2,0.1,1,13.11,63.6144578313253,0
19,69,1,1,1,0,1,28,1,2,0,68,84,0,2,1,0,64.80000000000001,20.0,16,4.421052631578948,0,0.2,1,13.11,54.650602409638566,0
19,69,1,1,0,0,1,18,0,1,0,71,96,0,0,0,0,66.0,19.5,25,5.052631578947368,1,0.1,0,13.11,63.6144578313253,0
19,69,1,1,0,0,1,28,1,2,0,68,84,0,2,1,0,64.80000000000001,20.0,16,4.421052631578948,-1,0.2,0,13.11,54.650602409638566,0
15,95,1,0,1,0,1,20,0,12,0,64,64,0,2,2,0,63.6,21.0,0,4.266666666666667,0,1.2000000000000002,1,14.25,40.867469879518076,0
15,95,1,0,1,0,1,22,1,6,1,79,41,0,0,3,0,79.6,18.0,-38,2.7333333333333334,2,0.6000000000000001,1,14.25,32.76706827309237,0
15,95,1,0,1,0,1,20,2,16,1,80,53,1,1,3,0,80.0,23.0,-27,3.533333333333333,1,2.6,1,14.25,42.57028112449799,0
17,88,0,0,1,0,1,20,0,7,0,95,66,0,1,2,0,73.2,20.5,-29,3.8823529411764706,0,0.7000000000000001,0,14.96,48.506024096385545,0
17,88,0,0,1,0,1,26,1,15,1,64,79,1,0,1,0,70.80000000000001,24.5,15,4.647058823529412,1,2.5,0,14.96,56.15662650602411,0
17,88,0,0,1,0,1,29,1,16,1,69,46,1,2,3,0,72.80000000000001,25.0,-23,2.7058823529411766,-1,2.6,0,14.96,33.62248995983937,0
17,88,0,0,1,0,1,24,2,15,1,53,61,0,1,2,0,66.4,24.5,8,3.588235294117647,0,1.5,0,14.96,40.66666666666667,0
17,88,2,1,1,0,1,20,0,7,0,95,66,0,1,2,0,83.2,20.5,-29,3.8823529411764706,2,0.7000000000000001,2,14.96,55.13253012048193,0
17,88,2,1,1,0,1,26,1,15,1,64,79,1,0,1,0,80.80000000000001,24.5,15,4.647058823529412,3,2.5,2,14.96,64.08835341365463,0
17,88,2,1,1,0,1,29,1,16,1,69,46,1,2,3,0,82.80000000000001,25.0,-23,2.7058823529411766,1,2.6,2,14.96,38.24096385542169,0
17,88,2,1,1,0,1,24,2,15,1,53,61,0,1,2,0,76.4,24.5,8,3.588235294117647,2,1.5,2,14.96,46.79116465863454,0
17,86,0,0,0,0,1,19,0,12,0,92,97,1,1,0,0,71.2,23.0,5,5.705882352941177,-1,2.2,0,14.62,69.3413654618474,0
17,86,0,0,0,0,1,26,1,0,0,54,95,1,1,0,0,56.0,17.0,41,5.588235294117647,-1,1.0,0,14.62,53.41365461847389,0
17,86,0,0,0,0,1,24,3,20,1,88,73,1,2,1,0,79.6,27.0,-15,4.294117647058823,-2,3.0,0,14.62,58.34136546184739,0
17,86,1,0,1,0,1,19,0,12,0,92,97,1,1,0,0,71.2,23.0,5,5.705882352941177,1,2.2,1,14.62,69.3413654618474,0
17,86,1,0,1,0,1,26,1,0,0,54,95,1,1,0,0,56.0,17.0,41,5.588235294117647,1,1.0,1,14.62,53.41365461847389,0
17,86,1,0,1,0,1,24,3,20,1,88,73,1,2,1,0,79.6,27.0,-15,4.294117647058823,0,3.0,1,14.62,58.34136546184739,0
22,64,1,0,0,0,1,18,2,6,1,70,97,1,0,0,0,63.6,25.0,27,4.409090909090909,1,1.6,0,14.08,61.939759036144586,0
22,64,1,0,0,0,1,27,0,14,1,85,90,1,1,0,0,69.6,29.0,5,4.090909090909091,0,2.4000000000000004,0,14.08,62.89156626506024,0
22,64,1,0,0,0,1,29,2,20,1,88,74,1,2,1,0,70.80000000000001,32.0,-14,3.3636363636363638,-1,3.0,0,14.08,52.60240963855423,0
22,64,1,0,0,0,1,24,1,15,1,55,49,0,0,3,0,57.6,29.5,-6,2.227272727272727,1,1.5,0,14.08,28.337349397590366,0
19,67,0,1,1,0,1,19,0,8,1,74,81,0,2,1,0,76.4,23.0,7,4.2631578947368425,-1,0.8,0,12.73,62.13253012048194,0
19,67,0,0,2,0,1,19,0,8,1,74,81,0,2,1,0,66.4,23.0,7,4.2631578947368425,0,0.8,0,12.73,54.00000000000001,0
15,98,1,1,0,0,1,21,2,3,1,95,100,0,2,0,0,97.2,16.5,5,6.666666666666667,-1,0.30000000000000004,0,14.7,97.59036144578313,0
19,66,1,0,0,0,0,26,0,12,1,99,96,1,2,0,0,76.0,25.0,-3,5.052631578947368,-1,2.2,0,12.540000000000001,73.25301204819277,0
13,84,1,0,1,0,1,24,3,19,0,59,63,0,0,2,0,57.2,22.5,4,4.846153846153846,2,1.9000000000000001,1,10.92,36.18072289156627,0
13,84,1,0,1,0,1,28,1,15,1,73,58,1,1,2,0,72.80000000000001,20.5,-15,4.461538461538462,1,2.5,1,10.92,42.39357429718876,0
13,84,1,0,1,0,1,23,2,13,0,61,79,1,0,1,0,58.0,19.5,18,6.076923076923077,2,2.3,1,10.92,46.00401606425703,0
13,84,1,0,1,0,1,26,2,0,0,87,86,1,2,0,0,68.4,13.0,-1,6.615384615384615,0,1.0,1,10.92,59.06024096385543,0
13,84,1,0,1,0,1,24,0,12,0,89,84,1,1,1,0,69.2,19.0,-5,6.461538461538462,1,2.2,1,10.92,58.36144578313254,0
13,84,1,0,1,0,1,29,2,10,0,99,71,1,0,1,0,73.2,18.0,-28,5.461538461538462,2,2.0,1,10.92,52.18072289156627,0
12,88,1,0,0,0,1,22,0,18,0,87,55,1,2,2,0,70.0,21.0,-32,4.583333333333333,-1,2.8,0,10.56,38.65461847389559,0
12,88,1,0,0,0,1,22,3,15,1,63,96,1,2,0,0,70.4,19.5,33,8.0,-1,2.5,0,10.56,67.85542168674701,0
12,88,1,0,0,0,1,20,2,12,1,86,77,1,1,1,0,79.6,18.0,-9,6.416666666666667,0,2.2,0,10.56,61.53815261044176,0
20,77,0,1,1,0,0,19,0,20,1,76,59,1,1,2,0,81.2,30.0,-17,2.95,0,3.0,0,15.4,48.100401606425706,0
20,77,0,1,1,0,0,29,0,14,1,53,69,1,2,2,0,72.0,27.0,16,3.45,-1,2.4000000000000004,0,15.4,49.87951807228916,0
14,81,2,1,0,0,0,23,0,18,0,91,49,1,2,3,0,78.8,23.0,-42,3.5,0,2.8,0,11.34,38.76706827309237,0
14,81,1,0,1,0,0,23,0,18,0,91,49,1,2,3,0,68.8,23.0,-42,3.5,0,2.8,1,11.34,33.84738955823293,0
15,78,2,0,1,0,1,22,2,14,0,89,86,1,2,0,0,66.80000000000001,22.0,-3,5.733333333333333,1,2.4000000000000004,2,11.700000000000001,57.67871485943776,0
25,87,1,1,1,0,1,26,3,6,0,62,72,0,1,1,0,69.60000000000001,28.0,10,2.88,1,0.6000000000000001,1,21.75,50.3132530120482,0
25,87,1,1,1,0,1,21,2,19,1,62,50,0,0,3,0,79.60000000000001,34.5,-12,2.0,2,1.9000000000000001,1,21.75,39.95983935742973,0
25,87,1,1,1,0,1,19,1,5,1,94,82,1,2,1,0,92.4,27.5,-12,3.28,0,1.5,1,21.75,76.07228915662651,0
22,82,2,0,1,0,0,26,0,14,1,93,70,0,0,1,0,80.0,29.0,-23,3.1818181818181817,3,1.4000000000000001,2,18.04,56.22489959839358,0
22,82,2,0,1,0,0,21,2,14,0,97,86,0,2,0,0,71.60000000000001,29.0,-11,3.909090909090909,1,1.4000000000000001,2,18.04,61.823293172690775,0
25,73,2,0,2,0,0,25,0,1,0,82,45,0,2,3,0,62.00000000000001,25.5,-37,1.8,2,0.1,4,18.25,28.012048192771086,0
25,73,2,0,2,0,0,27,0,4,0,81,62,1,2,2,0,61.6,27.0,-19,2.48,2,1.4,4,18.25,38.34538152610442,0
25,73,2,0,2,0,0,19,3,0,0,57,54,1,0,3,0,52.0,25.0,-3,2.16,4,1.0,4,18.25,28.192771084337352,0
22,95,0,1,1,0,0,26,3,6,1,67,49,1,2,3,0,84.8,25.0,-18,2.227272727272727,-1,1.6,0,20.9,41.71887550200803,0
22,95,0,1,1,0,0,21,0,10,1,64,40,1,1,3,0,83.6,27.0,-24,1.8181818181818181,0,2.0,0,20.9,33.57429718875502,0
22,95,0,1,1,0,0,22,1,7,0,56,72,1,2,1,0,70.4,25.5,16,3.272727272727273,-1,1.7000000000000002,0,20.9,50.89156626506025,0
22,95,0,1,1,0,0,24,2,6,1,98,92,0,0,0,0,97.2,25.0,-6,4.181818181818182,1,0.6000000000000001,0,20.9,89.78313253012048,0
22,95,0,1,1,0,0,21,1,10,1,98,64,0,2,2,0,97.2,27.0,-34,2.909090909090909,-1,1.0,0,20.9,62.45783132530121,0
22,83,1,1,0,0,0,22,0,18,0,73,44,1,0,3,0,72.4,31.0,-29,2.0,1,2.8,0,18.259999999999998,31.98393574297189,0
22,83,1,1,0,0,0,20,3,20,1,71,64,1,2,2,0,81.60000000000001,32.0,-7,2.909090909090909,-1,3.0,0,18.259999999999998,52.43373493975904,0
22,83,1,1,0,0,0,20,2,2,0,66,87,1,2,0,0,69.60000000000001,23.0,21,3.9545454545454546,-1,1.2,0,18.259999999999998,60.79518072289158,0
22,83,2,0,1,0,0,22,0,18,0,73,44,1,0,3,0,62.400000000000006,31.0,-29,2.0,3,2.8,2,18.259999999999998,27.56626506024097,0
22,83,2,0,1,0,0,20,3,20,1,71,64,1,2,2,0,71.60000000000001,32.0,-7,2.909090909090909,1,3.0,2,18.259999999999998,46.00803212851407,0
22,83,2,0,1,0,0,20,2,2,0,66,87,1,2,0,0,59.60000000000001,23.0,21,3.9545454545454546,1,1.2,2,18.259999999999998,52.060240963855435,0
22,83,2,1,1,0,0,22,0,18,0,73,44,1,0,3,0,72.4,31.0,-29,2.0,3,2.8,2,18.259999999999998,31.98393574297189,0
22,83,2,1,1,0,0,20,3,20,1,71,64,1,2,2,0,81.60000000000001,32.0,-7,2.909090909090909,1,3.0,2,18.259999999999998,52.43373493975904,0
22,83,2,1,1,0,0,20,2,2,0,66,87,1,2,0,0,69.60000000000001,23.0,21,3.9545454545454546,1,1.2,2,18.259999999999998,60.79518072289158,0
22,87,2,1,1,0,0,29,3,6,0,100,61,1,2,2,0,84.80000000000001,25.0,-39,2.772727272727273,1,1.6,2,19.14,51.93574297188756,0
22,87,2,1,1,0,0,27,2,15,1,53,45,1,2,3,0,76.0,29.5,-8,2.0454545454545454,1,2.5,2,19.14,34.337349397590366,0
22,87,2,1,1,0,0,27,3,1,1,83,83,0,1,1,0,88.0,22.5,0,3.772727272727273,2,0.1,2,19.14,73.33333333333333,0
22,87,2,1,1,0,0,22,2,18,1,89,86,1,1,0,0,90.4,31.0,-3,3.909090909090909,2,2.8,2,19.14,78.0562248995984,0
22,87,2,1,1,0,0,26,3,6,1,52,47,0,2,3,0,75.60000000000001,25.0,-5,2.1363636363636362,1,0.6000000000000001,2,19.14,35.67469879518073,0
16,92,1,1,2,0,1,29,1,16,1,67,66,1,2,2,0,83.60000000000001,24.0,-1,4.125,1,2.6,2,14.72,55.39759036144579,0
16,92,1,1,2,0,1,24,1,3,1,74,61,1,2,2,0,86.4,17.5,-13,3.8125,1,1.3,2,14.72,52.915662650602414,0
16,92,1,1,2,0,1,25,1,10,0,84,56,0,2,2,0,80.4,21.0,-28,3.5,1,1.0,2,14.72,45.20481927710844,0
14,97,2,0,1,0,0,19,1,0,1,75,79,1,2,1,0,78.80000000000001,14.0,4,5.642857142857143,1,1.0,2,13.58,62.50200803212853,0
14,97,2,0,1,0,0,20,3,6,1,77,57,1,2,2,0,79.60000000000001,17.0,-20,4.071428571428571,1,1.6,2,13.58,45.55421686746989,0
14,97,2,0,1,0,0,20,0,2,1,94,86,1,0,0,0,86.4,15.0,-8,6.142857142857143,3,1.2,2,13.58,74.60240963855424,0
14,97,2,0,1,0,0,29,3,3,1,93,48,1,1,3,0,86.0,15.5,-45,3.4285714285714284,2,1.3,2,13.58,41.445783132530124,0
15,77,1,1,0,0,1,19,2,2,0,90,74,0,2,1,0,76.8,16.0,-16,4.933333333333334,-1,0.2,0,11.55,57.06024096385543,0
15,77,1,1,0,0,1,28,0,10,1,51,81,1,2,1,0,71.2,20.0,30,5.4,-1,2.0,0,11.55,57.90361445783134,0
22,87,0,1,1,0,1,18,3,16,1,100,82,1,2,1,0,94.80000000000001,30.0,-18,3.727272727272727,-1,2.6,0,19.14,78.04819277108435,0
31,84,1,0,1,0,1,26,2,3,0,60,56,1,1,2,0,57.6,32.5,-4,1.8064516129032258,1,1.3,1,26.04,32.385542168674704,0
31,84,1,0,1,0,1,22,0,10,1,91,70,1,2,1,0,80.0,36.0,-21,2.2580645161290325,0,2.0,1,26.04,56.22489959839358,0
15,96,1,0,2,0,1,18,0,9,0,98,73,0,2,1,0,77.60000000000001,19.5,-25,4.866666666666666,1,0.9,2,14.399999999999999,56.875502008032136,0
25,82,1,0,1,0,0,18,2,14,0,79,72,0,0,1,0,64.4,32.0,-7,2.88,2,1.4000000000000001,1,20.5,46.55421686746988,0
25,82,1,0,1,0,0,18,2,0,0,88,49,1,2,3,0,68.0,25.0,-39,1.96,0,1.0,1,20.5,33.45381526104418,0
29,96,1,1,0,0,0,28,0,17,1,62,59,1,2,2,0,83.2,37.5,-3,2.0344827586206895,-1,2.7,0,27.84,49.285140562249,0
18,78,1,1,2,0,0,29,3,8,1,50,67,0,2,2,0,71.2,22.0,17,3.7222222222222223,1,0.8,2,14.040000000000001,47.89558232931728,0
18,78,1,1,0,0,0,29,3,8,1,50,67,0,2,2,0,71.2,22.0,17,3.7222222222222223,-1,0.8,0,14.040000000000001,47.89558232931728,0
23,71,1,1,1,0,1,26,3,2,1,69,46,0,2,3,0,76.0,24.0,-23,2.0,0,0.2,1,16.33,35.100401606425706,0
24,63,0,0,0,0,0,26,3,8,1,81,60,1,2,2,0,67.6,28.0,-21,2.5,-2,1.8,0,15.120000000000001,40.72289156626506,0
24,63,0,0,0,0,0,27,2,19,1,95,89,1,2,0,1,73.2,33.5,-6,3.7083333333333335,-2,2.9000000000000004,0,15.120000000000001,65.40963855421687,0
24,63,0,0,0,0,0,29,1,4,1,58,88,1,2,0,0,58.400000000000006,26.0,30,3.6666666666666665,-2,1.4,0,15.120000000000001,51.5983935742972,0
24,63,1,0,1,0,0,26,3,8,1,81,60,1,2,2,0,67.6,28.0,-21,2.5,0,1.8,1,15.120000000000001,40.72289156626506,0
24,63,1,0,1,0,0,27,2,19,1,95,89,1,2,0,1,73.2,33.5,-6,3.7083333333333335,0,2.9000000000000004,1,15.120000000000001,65.40963855421687,0
24,63,1,0,1,0,0,29,1,4,1,58,88,1,2,0,0,58.400000000000006,26.0,30,3.6666666666666665,0,1.4,1,15.120000000000001,51.5983935742972,0
20,67,1,0,0,0,1,29,1,5,1,85,57,1,0,2,0,70.8,22.5,-28,2.85,1,1.5,0,13.4,40.51807228915662,0
20,67,1,0,0,0,1,24,0,9,0,83,100,0,2,0,0,60.0,24.5,17,5.0,-1,0.9,0,13.4,60.24096385542169,0
20,67,1,0,0,0,1,26,1,5,1,59,63,1,2,2,0,60.400000000000006,22.5,4,3.15,-1,1.5,0,13.4,38.20481927710844,0
21,95,2,1,0,0,1,26,2,2,1,72,100,1,2,0,0,86.8,22.0,28,4.761904761904762,0,1.2,0,19.95,87.14859437751005,0
21,95,2,1,0,0,1,22,1,20,1,58,56,0,2,2,0,81.2,31.0,-2,2.6666666666666665,0,2.0,0,19.95,45.65461847389558,0
21,95,2,1,0,0,1,24,3,11,1,88,94,1,2,0,0,93.2,26.5,6,4.476190476190476,0,2.1,0,19.95,87.95983935742973,0
21,95,2,1,0,0,1,20,1,15,0,99,71,1,1,1,0,87.6,28.5,-28,3.380952380952381,1,2.5,0,19.95,62.44578313253012,0
21,95,2,1,0,0,1,18,3,10,1,88,76,1,1,1,0,93.2,26.0,-12,3.619047619047619,1,2.0,0,19.95,71.11646586345383,0
21,95,2,1,1,0,1,26,2,2,1,72,100,1,2,0,0,86.8,22.0,28,4.761904761904762,1,1.2,2,19.95,87.14859437751005,0
21,95,2,1,1,0,1,22,1,20,1,58,56,0,2,2,0,81.2,31.0,-2,2.6666666666666665,1,2.0,2,19.95,45.65461847389558,0
21,95,2,1,1,0,1,24,3,11,1,88,94,1,2,0,0,93.2,26.5,6,4.476190476190476,1,2.1,2,19.95,87.95983935742973,0
21,95,2,1,1,0,1,20,1,15,0,99,71,1,1,1,0,87.6,28.5,-28,3.380952380952381,2,2.5,2,19.95,62.44578313253012,0
21,95,2,1,1,0,1,18,3,10,1,88,76,1,1,1,0,93.2,26.0,-12,3.619047619047619,2,2.0,2,19.95,71.11646586345383,0
13,69,0,1,2,0,0,23,1,16,1,56,65,0,1,2,0,70.0,21.0,9,5.0,1,1.6,0,8.969999999999999,45.682730923694784,0
13,69,0,1,2,0,0,18,0,7,0,74,72,0,2,1,0,67.2,16.5,-2,5.538461538461538,0,0.7000000000000001,0,8.969999999999999,48.578313253012055,0
13,69,0,1,2,0,0,23,3,12,1,96,61,1,1,2,0,86.0,19.0,-35,4.6923076923076925,1,2.2,0,8.969999999999999,52.6706827309237,0
13,69,0,1,2,0,0,28,0,12,1,58,50,0,2,3,0,70.80000000000001,19.0,-8,3.8461538461538463,0,1.2000000000000002,0,8.969999999999999,35.54216867469881,0
20,81,1,1,2,0,1,19,0,2,1,73,56,0,0,2,0,81.6,21.0,-17,2.8,3,0.2,2,16.200000000000003,45.87951807228916,0
20,81,1,1,2,0,1,22,2,12,1,83,81,1,2,1,0,85.6,26.0,-2,4.05,1,2.2,2,16.200000000000003,69.6144578313253,0
20,81,2,1,0,0,1,19,0,2,1,73,56,0,0,2,0,81.6,21.0,-17,2.8,2,0.2,0,16.200000000000003,45.87951807228916,0
20,81,2,1,0,0,1,22,2,12,1,83,81,1,2,1,0,85.6,26.0,-2,4.05,0,2.2,0,16.200000000000003,69.6144578313253,0
12,90,0,1,1,0,1,24,1,7,0,88,94,0,2,0,0,81.2,15.5,6,7.833333333333333,-1,0.7000000000000001,0,10.8,76.63453815261045,0
12,90,0,1,1,0,1,18,1,0,0,62,70,0,2,1,0,70.8,12.0,8,5.833333333333333,-1,0.0,0,10.8,49.75903614457831,0
12,90,0,1,1,0,1,20,0,5,1,67,73,1,1,1,0,82.8,14.5,6,6.083333333333333,0,1.5,0,10.8,60.68674698795181,0
12,90,2,1,0,0,1,24,1,7,0,88,94,0,2,0,0,81.2,15.5,6,7.833333333333333,0,0.7000000000000001,0,10.8,76.63453815261045,0
12,90,2,1,0,0,1,18,1,0,0,62,70,0,2,1,0,70.8,12.0,8,5.833333333333333,0,0.0,0,10.8,49.75903614457831,0
12,90,2,1,0,0,1,20,0,5,1,67,73,1,1,1,0,82.8,14.5,6,6.083333333333333,1,1.5,0,10.8,60.68674698795181,0
23,74,2,1,0,0,1,22,2,4,1,61,84,1,2,1,0,74.0,25.0,23,3.652173913043478,0,1.4,0,17.02,62.40963855421687,0
23,74,2,1,0,0,1,28,2,14,1,72,56,0,2,2,0,78.4,30.0,-16,2.4347826086956523,0,1.4000000000000001,0,17.02,44.08032128514057,0
23,74,2,1,0,0,1,26,3,1,1,65,62,1,2,2,0,75.6,23.5,-3,2.6956521739130435,0,1.1,0,17.02,47.06024096385542,0
23,74,1,1,1,0,1,22,2,4,1,61,84,1,2,1,0,74.0,25.0,23,3.652173913043478,0,1.4,1,17.02,62.40963855421687,0
23,74,1,1,1,0,1,28,2,14,1,72,56,0,2,2,0,78.4,30.0,-16,2.4347826086956523,0,1.4000000000000001,1,17.02,44.08032128514057,0
23,74,1,1,1,0,1,26,3,1,1,65,62,1,2,2,0,75.6,23.5,-3,2.6956521739130435,0,1.1,1,17.02,47.06024096385542,0
18,78,1,1,1,0,1,24,2,15,1,76,83,0,2,1,0,81.60000000000001,25.5,7,4.611111111111111,0,1.5,1,14.040000000000001,68.0,0
18,78,1,0,0,0,1,24,2,15,1,76,83,0,2,1,0,71.60000000000001,25.5,7,4.611111111111111,-1,1.5,0,14.040000000000001,59.66666666666668,0
19,70,1,0,0,0,1,26,3,8,1,56,77,1,2,1,0,60.400000000000006,23.0,21,4.052631578947368,-1,1.8,0,13.299999999999999,46.694779116465874,0
19,70,1,0,0,0,1,23,0,6,0,53,91,1,0,0,0,49.2,22.0,38,4.7894736842105265,1,1.6,0,13.299999999999999,44.95180722891567,0
20,95,1,1,0,0,0,26,1,1,1,71,55,1,0,2,0,86.4,20.5,-16,2.75,1,1.1,0,19.0,47.71084337349399,0
20,95,0,1,0,0,0,26,1,1,1,71,55,1,0,2,0,86.4,20.5,-16,2.75,0,1.1,0,19.0,47.71084337349399,0
27,98,1,1,0,0,0,28,3,4,0,73,42,1,1,3,0,78.4,29.0,-31,1.5555555555555556,0,1.4,0,26.46,33.06024096385543,0
27,98,1,1,0,0,0,19,3,1,0,90,84,1,1,1,0,85.2,27.5,-6,3.111111111111111,0,1.1,0,26.46,71.855421686747,0
20,98,1,1,2,0,0,27,3,7,1,88,71,0,2,1,0,94.4,23.5,-17,3.55,1,0.7000000000000001,2,19.6,67.29317269076306,0
20,98,1,1,0,0,0,27,3,7,1,88,71,0,2,1,0,94.4,23.5,-17,3.55,-1,0.7000000000000001,0,19.6,67.29317269076306,0
20,98,2,1,1,0,0,27,3,7,1,88,71,0,2,1,0,94.4,23.5,-17,3.55,1,0.7000000000000001,2,19.6,67.29317269076306,0
24,66,1,0,1,0,1,19,1,11,1,69,62,1,1,2,0,64.0,29.5,-7,2.5833333333333335,1,2.1,1,15.84,39.83935742971887,0
24,66,1,0,1,0,1,21,3,10,1,69,64,1,2,2,0,64.0,29.0,-5,2.6666666666666665,0,2.0,1,15.84,41.12449799196787,0
21,94,1,0,0,0,1,21,1,18,0,61,48,0,1,3,0,62.0,30.0,-13,2.2857142857142856,0,1.8,0,19.74,29.87951807228916,0
21,94,1,0,0,0,1,23,3,19,0,59,48,1,2,3,0,61.2,30.5,-11,2.2857142857142856,-1,2.9000000000000004,0,19.74,29.493975903614462,0
17,92,1,1,2,0,0,28,0,9,0,74,56,0,1,2,0,76.4,21.5,-18,3.2941176470588234,2,0.9,2,15.64,42.9558232931727,0
26,77,0,0,2,0,0,29,3,4,0,60,62,1,2,2,0,54.8,28.0,2,2.3846153846153846,0,1.4,0,20.02,34.11244979919678,0
26,77,0,0,2,0,0,22,0,20,1,88,61,1,1,2,0,76.0,36.0,-27,2.3461538461538463,1,3.0,0,20.02,46.54618473895582,0
26,77,0,0,2,0,0,21,3,18,1,86,63,0,2,2,0,75.2,35.0,-23,2.423076923076923,0,1.8,0,20.02,47.566265060240966,0
26,71,1,1,0,0,1,29,2,17,0,72,55,0,1,2,0,67.2,34.5,-17,2.1153846153846154,0,1.7000000000000002,0,18.46,37.108433734939766,0
26,71,1,1,0,0,1,29,0,1,1,69,88,0,2,0,0,76.0,26.5,19,3.3846153846153846,-1,0.1,0,18.46,67.14859437751005,0
26,71,2,0,1,0,1,29,2,17,0,72,55,0,1,2,0,57.2,34.5,-17,2.1153846153846154,2,1.7000000000000002,2,18.46,31.586345381526108,0
26,71,2,0,1,0,1,29,0,1,1,69,88,0,2,0,0,66.0,26.5,19,3.3846153846153846,1,0.1,2,18.46,58.31325301204819,0
17,78,2,1,1,0,1,25,1,14,1,54,57,1,2,2,0,72.80000000000001,24.0,3,3.3529411764705883,1,2.4000000000000004,2,13.26,41.66265060240965,0
28,78,0,1,0,0,0,26,2,17,1,79,92,1,0,0,0,82.80000000000001,36.5,13,3.2857142857142856,0,2.7,0,21.84,76.48192771084338,0
28,78,0,1,0,0,0,19,0,3,1,52,40,1,2,3,0,72.0,29.5,-12,1.4285714285714286,-2,1.3,0,21.84,28.91566265060241,0
25,69,1,1,0,0,0,26,0,12,1,82,68,0,1,2,0,80.4,31.0,-14,2.72,0,1.2000000000000002,0,17.25,54.89156626506025,0
25,69,1,1,0,0,0,29,0,0,0,64,57,1,2,2,0,63.2,25.0,-7,2.28,-1,1.0,0,17.25,36.168674698795186,0
11,76,1,1,1,0,1,27,0,14,1,89,65,0,2,2,0,86.0,18.0,-24,5.909090909090909,0,1.4000000000000001,1,8.36,56.12449799196788,0
11,76,1,1,1,0,1,25,2,19,1,99,84,1,2,1,0,90.0,20.5,-15,7.636363636363637,0,2.9000000000000004,1,8.36,75.90361445783132,0
11,76,1,1,1,0,1,25,1,3,1,89,94,1,1,0,0,86.0,12.5,5,8.545454545454545,1,1.3,1,8.36,81.16465863453816,0
21,88,0,0,2,0,0,23,0,10,1,61,75,0,0,1,0,69.60000000000001,26.0,14,3.5714285714285716,2,1.0,0,18.48,52.409638554216876,0
20,70,1,1,0,0,1,29,0,5,1,51,99,1,2,0,0,68.4,22.5,48,4.95,-1,1.5,0,14.0,67.98795180722892,0
21,98,1,1,2,0,0,27,3,9,0,72,45,0,0,3,0,78.0,25.5,-27,2.142857142857143,3,0.9,2,20.58,35.24096385542169,0
21,98,1,1,2,0,0,18,3,2,1,65,73,1,2,1,0,85.2,22.0,8,3.4761904761904763,1,1.2,2,20.58,62.445783132530124,0
21,98,1,1,2,0,0,24,1,19,0,89,59,1,2,2,0,84.80000000000001,30.5,-30,2.8095238095238093,1,2.9000000000000004,2,20.58,50.23293172690764,0
21,98,1,1,2,0,0,19,2,10,0,93,86,1,2,0,0,86.4,26.0,-7,4.095238095238095,1,2.0,2,20.58,74.60240963855424,0
21,98,1,1,2,0,0,18,3,14,0,53,67,0,1,2,0,70.4,28.0,14,3.1904761904761907,2,1.4000000000000001,2,20.58,47.35742971887551,0
21,98,1,1,2,0,0,28,0,6,1,67,64,1,2,2,0,86.0,24.0,-3,3.0476190476190474,1,1.6,2,20.58,55.26104417670683,0
21,98,1,1,2,0,0,27,0,8,1,99,49,1,2,3,0,98.80000000000001,25.0,-50,2.3333333333333335,1,1.8,2,20.58,48.60642570281125,0
21,98,1,1,2,0,0,22,3,5,1,80,77,1,1,1,0,91.2,23.5,-3,3.6666666666666665,2,1.5,2,20.58,70.50602409638554,0
8,73,1,0,1,0,0,21,0,12,0,85,71,1,2,1,0,63.2,14.0,-14,8.875,0,2.2,1,5.84,45.052208835341375,0
8,73,1,0,1,0,0,27,1,1,1,93,55,0,2,2,0,76.4,8.5,-38,6.875,0,0.1,1,5.84,42.18875502008033,0
24,88,0,1,0,0,1,26,3,19,0,100,95,1,0,0,0,85.2,33.5,-5,3.9583333333333335,0,2.9000000000000004,0,21.12,81.26506024096386,0
24,88,0,1,0,0,1,29,2,17,1,81,80,1,1,1,0,87.6,32.5,-1,3.3333333333333335,-1,2.7,0,21.12,70.36144578313252,0
24,88,1,1,1,0,1,26,3,19,0,100,95,1,0,0,0,85.2,33.5,-5,3.9583333333333335,2,2.9000000000000004,1,21.12,81.26506024096386,0
24,88,1,1,1,0,1,29,2,17,1,81,80,1,1,1,0,87.6,32.5,-1,3.3333333333333335,1,2.7,1,21.12,70.36144578313252,0
24,68,0,0,2,0,0,27,0,12,0,66,93,1,1,0,0,53.60000000000001,30.0,27,3.875,1,2.2,0,16.32,50.04819277108435,0
24,68,0,0,2,0,0,20,0,8,1,89,93,1,1,0,0,72.80000000000001,28.0,4,3.875,1,1.8,0,16.32,67.97590361445785,0
28,99,1,1,1,0,1,18,2,11,1,52,83,1,0,1,0,80.4,33.5,31,2.9642857142857144,2,2.1,1,27.72,67.00000000000001,0
23,79,1,1,1,0,1,28,1,0,1,50,51,1,1,3,0,71.6,23.0,1,2.217391304347826,1,1.0,1,18.17,36.662650602409634,0
18,80,2,1,1,0,1,21,2,9,1,84,65,1,1,2,0,85.6,22.5,-19,3.611111111111111,2,1.9,2,14.4,55.863453815261046,0
18,80,2,1,1,0,1,20,3,8,0,63,91,0,2,0,0,67.2,22.0,28,5.055555555555555,1,0.8,2,14.4,61.397590361445786,0
18,80,2,1,1,0,1,25,0,9,1,63,50,1,1,3,0,77.2,22.5,-13,2.7777777777777777,2,1.9,2,14.4,38.75502008032129,0
25,88,1,1,0,0,1,26,2,20,1,60,83,0,0,1,0,79.2,35.0,23,3.32,1,2.0,0,22.0,66.00000000000001,0
25,88,1,1,0,0,1,22,0,4,0,53,45,1,2,3,0,66.4,27.0,-8,1.8,-1,1.4,0,22.0,30.000000000000004,0
25,88,1,1,0,0,1,27,1,5,1,63,82,1,2,1,0,80.4,27.5,19,3.28,-1,1.5,0,22.0,66.19277108433737,0
24,95,0,1,1,0,1,21,3,18,1,85,95,0,1,0,0,92.0,33.0,10,3.9583333333333335,0,1.8,0,22.799999999999997,87.75100401606426,0
24,95,0,1,1,0,1,29,2,3,0,67,87,1,2,0,0,74.8,25.5,20,3.625,-1,1.3,0,22.799999999999997,65.33734939759036,0
16,76,2,1,1,0,1,19,3,2,1,76,65,1,0,2,0,80.80000000000001,17.0,-11,4.0625,3,1.2,2,12.16,52.73092369477913,0
16,76,2,1,1,0,1,23,2,2,1,70,83,1,2,1,0,78.4,17.0,13,5.1875,1,1.2,2,12.16,65.33333333333334,0
16,76,2,1,1,0,1,23,0,3,1,95,63,0,2,2,0,88.4,17.5,-32,3.9375,1,0.30000000000000004,2,12.16,55.91566265060242,0
16,76,2,1,1,0,1,19,3,19,1,96,81,1,2,1,0,88.80000000000001,25.5,-15,5.0625,1,2.9000000000000004,2,12.16,72.21686746987953,0
21,70,0,1,1,0,1,23,1,9,1,68,56,1,2,2,0,75.2,25.5,-12,2.6666666666666665,-1,1.9,0,14.7,42.28112449799197,0
17,75,2,1,1,0,1,22,1,16,1,67,40,1,0,3,0,76.8,25.0,-27,2.3529411764705883,3,2.6,2,12.75,30.843373493975903,0
21,99,1,1,1,0,1,29,3,16,1,55,87,1,2,0,0,81.6,29.0,32,4.142857142857143,0,2.6,1,20.79,71.27710843373494,0
21,99,1,1,1,0,1,22,1,20,1,90,51,1,1,3,0,95.6,31.0,-39,2.4285714285714284,1,3.0,1,20.79,48.95180722891566,0
21,99,1,1,1,0,1,20,0,15,1,100,52,1,0,3,0,99.6,28.5,-48,2.4761904761904763,2,2.5,1,20.79,52.0,0
21,99,1,1,1,0,1,28,3,3,1,77,59,1,2,2,0,90.4,22.5,-18,2.8095238095238093,0,1.3,1,20.79,53.55020080321285,0
22,84,1,0,1,0,1,26,2,13,1,85,92,0,0,0,0,77.6,28.5,7,4.181818181818182,2,1.3,1,18.48,71.67871485943775,0
22,84,1,0,1,0,1,22,1,16,1,68,87,1,0,0,0,70.80000000000001,30.0,19,3.9545454545454546,2,2.6,1,18.48,61.84337349397592,0
22,84,1,0,1,0,1,20,1,2,1,78,48,1,1,3,0,74.80000000000001,23.0,-30,2.1818181818181817,1,1.2,1,18.48,36.048192771084345,0
22,84,1,0,1,0,1,29,3,12,1,66,89,1,2,0,0,70.0,28.0,23,4.045454545454546,0,2.2,1,18.48,62.55020080321286,0
25,77,0,1,2,0,0,29,2,13,1,71,59,1,0,2,0,79.2,31.5,-12,2.36,2,2.3,0,19.25,46.915662650602414,0
25,77,0,1,2,0,0,22,3,11,1,70,85,1,1,0,0,78.8,30.5,15,3.4,1,2.1,0,19.25,67.24899598393574,0
23,84,0,0,1,0,0,26,1,6,1,75,76,1,0,1,0,73.6,26.0,1,3.3043478260869565,1,1.6,0,19.32,56.16064257028112,0
23,84,0,0,1,0,0,24,1,9,1,61,62,1,1,2,0,68.0,27.5,1,2.6956521739130435,0,1.9,0,19.32,42.329317269076306,0
23,84,0,0,1,0,0,29,0,0,1,87,49,1,1,3,0,78.4,23.0,-38,2.130434782608696,0,1.0,0,19.32,38.570281124497996,0
23,84,0,0,1,0,0,22,2,13,0,52,67,1,1,2,0,54.400000000000006,29.5,15,2.9130434782608696,0,2.3,0,19.32,36.59437751004017,0
23,84,0,1,0,0,0,26,1,6,1,75,76,1,0,1,0,83.6,26.0,1,3.3043478260869565,0,1.6,0,19.32,63.791164658634536,0
23,84,0,1,0,0,0,24,1,9,1,61,62,1,1,2,0,78.0,27.5,1,2.6956521739130435,-1,1.9,0,19.32,48.55421686746988,0
23,84,0,1,0,0,0,29,0,0,1,87,49,1,1,3,0,88.4,23.0,-38,2.130434782608696,-1,1.0,0,19.32,43.48995983935744,0
23,84,0,1,0,0,0,22,2,13,0,52,67,1,1,2,0,64.4,29.5,15,2.9130434782608696,-1,2.3,0,19.32,43.32128514056225,0
21,68,1,1,1,0,1,21,3,3,1,76,67,0,2,2,0,77.60000000000001,22.5,-9,3.1904761904761907,0,0.30000000000000004,1,14.280000000000001,52.20080321285141,0
26,96,1,1,1,0,1,26,2,2,1,55,69,0,0,2,0,80.4,27.0,14,2.6538461538461537,2,0.2,1,24.96,55.698795180722904,0
26,96,1,1,1,0,1,24,2,11,1,58,41,1,2,3,0,81.60000000000001,31.5,-17,1.5769230769230769,0,2.1,1,24.96,33.59036144578314,0
26,96,1,1,1,0,1,22,0,2,1,98,55,1,0,2,0,97.60000000000001,27.0,-43,2.1153846153846154,2,1.2,1,24.96,53.89558232931728,0
17,76,1,1,0,0,0,24,1,13,0,59,85,1,1,0,0,64.0,23.5,26,5.0,0,2.3,0,12.92,54.618473895582326,0
15,66,2,0,1,0,1,29,0,5,1,72,94,0,2,0,0,65.2,17.5,22,6.266666666666667,1,0.5,2,9.9,61.53413654618474,0
10,96,2,0,1,0,0,25,0,16,1,50,95,1,2,0,0,68.4,18.0,45,9.5,1,2.6,2,9.6,65.2409638554217,0
19,80,1,1,2,0,0,20,1,1,1,52,73,1,2,1,0,72.8,19.5,21,3.8421052631578947,1,1.1,2,15.200000000000001,53.3574297188755,0
20,65,1,0,1,0,1,28,2,6,0,76,85,1,2,0,0,56.400000000000006,23.0,9,4.25,0,1.6,1,13.0,48.13253012048193,0
24,86,1,1,1,0,0,19,0,15,1,62,97,1,0,0,0,79.2,31.5,35,4.041666666666667,2,2.5,1,20.64,77.13253012048195,0
24,86,1,1,1,0,0,29,3,2,1,52,98,1,2,0,0,75.2,25.0,46,4.083333333333333,0,1.2,1,20.64,73.99196787148595,0
24,86,1,1,1,0,0,27,1,4,1,91,40,1,0,3,0,90.8,26.0,-51,1.6666666666666667,2,1.4,1,20.64,36.46586345381526,0
26,83,0,0,2,0,1,25,1,17,0,78,96,0,1,0,0,64.4,34.5,18,3.6923076923076925,1,1.7000000000000002,0,21.58,62.07228915662651,0
26,83,0,0,2,0,1,26,1,4,0,96,91,1,1,0,0,71.60000000000001,28.0,-5,3.5,1,1.4,0,21.58,65.41767068273094,0
26,83,0,0,2,0,1,27,1,19,0,67,93,1,1,0,0,60.0,35.5,26,3.576923076923077,1,2.9000000000000004,0,21.58,56.02409638554217,0
18,65,2,1,1,0,1,24,0,16,0,51,97,1,2,0,0,56.400000000000006,26.0,46,5.388888888888889,1,2.6,2,11.700000000000001,54.9277108433735,0
18,65,2,1,1,0,1,21,2,6,0,67,86,1,2,0,0,62.8,21.0,19,4.777777777777778,1,1.6,2,11.700000000000001,54.22489959839357,0
18,65,2,1,1,0,1,28,2,6,0,97,86,1,0,0,1,74.80000000000001,21.0,-11,4.777777777777778,3,1.6,2,11.700000000000001,64.58634538152612,0
29,95,1,0,1,0,0,28,3,6,1,68,53,1,2,3,0,75.2,32.0,-15,1.8275862068965518,0,1.6,1,27.549999999999997,40.01606425702811,0
29,95,1,0,1,0,0,21,1,19,1,82,98,0,2,0,0,80.80000000000001,38.5,16,3.3793103448275863,0,1.9000000000000001,1,27.549999999999997,79.50200803212853,0
20,72,1,0,2,0,0,23,1,13,0,61,82,0,2,1,0,53.2,26.5,21,4.1,1,1.3,2,14.399999999999999,43.7991967871486,0
20,72,1,0,2,0,0,27,2,17,0,77,66,1,2,2,0,59.6,28.5,-11,3.3,1,2.7,2,14.399999999999999,39.493975903614455,0
12,73,1,0,1,0,1,24,1,14,0,57,57,1,2,2,0,52.0,19.0,0,4.75,0,2.4000000000000004,1,8.76,29.759036144578317,0
12,73,1,0,1,0,1,20,0,8,1,97,84,1,1,1,0,78.0,16.0,-13,7.0,1,1.8,1,8.76,65.78313253012048,0
22,74,2,1,1,0,1,28,1,18,1,79,75,1,1,1,0,81.2,31.0,-4,3.409090909090909,2,2.8,2,16.28,61.144578313253014,0
22,74,2,1,1,0,1,21,3,2,1,63,79,1,0,1,0,74.80000000000001,23.0,16,3.590909090909091,3,1.2,2,16.28,59.32931726907631,0
22,74,2,1,1,0,1,22,3,6,1,84,67,1,2,2,0,83.2,25.0,-17,3.0454545454545454,1,1.6,2,16.28,55.96787148594378,0
20,76,2,1,0,0,0,18,0,6,0,95,71,1,2,1,0,78.4,23.0,-24,3.55,0,1.6,0,15.2,55.88755020080322,0
20,83,0,0,0,0,1,27,1,8,0,76,58,1,2,2,0,63.60000000000001,24.0,-18,2.9,-2,1.8,0,16.599999999999998,37.03614457831326,0
20,83,0,0,0,0,1,29,3,18,0,65,42,0,0,3,0,59.2,29.0,-23,2.1,0,1.8,0,16.599999999999998,24.96385542168675,0
14,86,0,1,1,0,1,27,1,2,1,96,92,1,1,0,0,92.80000000000001,15.0,-4,6.571428571428571,0,1.2,0,12.04,85.71887550200805,0
13,62,1,1,1,0,0,23,3,13,0,85,88,1,1,0,0,68.8,19.5,3,6.769230769230769,1,2.3,1,8.06,60.78714859437751,0
13,62,1,1,1,0,0,21,2,2,0,61,64,0,1,2,0,59.2,14.0,3,4.923076923076923,1,0.2,1,8.06,38.040160642570285,0
13,62,1,1,1,0,0,18,2,6,1,65,75,1,2,1,0,70.8,16.0,10,5.769230769230769,0,1.6,1,8.06,53.31325301204819,0
13,62,1,1,1,0,0,25,3,7,1,81,49,1,0,3,0,77.2,16.5,-32,3.769230769230769,2,1.7000000000000002,1,8.06,37.979919678714865,0
20,79,0,1,0,0,0,26,1,18,1,67,51,1,1,3,0,78.4,29.0,-16,2.55,-1,2.8,0,15.8,40.14457831325302,0
21,88,1,1,0,0,1,18,3,5,1,78,97,0,2,0,0,86.4,23.5,19,4.619047619047619,-1,0.5,0,18.48,84.14457831325302,0
21,88,1,1,0,0,1,27,0,6,1,51,57,1,1,2,0,75.60000000000001,24.0,6,2.7142857142857144,0,1.6,0,18.48,43.26506024096386,0
11,94,0,1,2,0,0,18,3,13,1,86,41,1,2,3,0,92.0,17.5,-45,3.727272727272727,0,2.3,0,10.34,37.871485943775106,0
11,94,0,1,2,0,0,22,2,15,0,91,40,1,1,3,0,84.0,18.5,-51,3.6363636363636362,1,2.5,0,10.34,33.734939759036145,0
11,94,0,1,2,0,0,22,1,14,1,75,50,1,2,3,0,87.6,18.0,-25,4.545454545454546,0,2.4000000000000004,0,10.34,43.97590361445783,0
11,94,0,1,2,0,0,21,0,18,1,83,100,1,2,0,0,90.80000000000001,20.0,17,9.090909090909092,0,2.8,0,10.34,91.16465863453817,0
15,73,2,0,0,0,1,29,0,1,1,59,78,0,2,1,0,62.800000000000004,15.5,19,5.2,0,0.1,0,10.95,49.18072289156627,0
23,88,2,0,0,0,1,18,2,5,1,86,45,0,1,3,0,79.6,25.5,-41,1.9565217391304348,1,0.5,0,20.24,35.963855421686745,0
23,88,2,0,0,0,1,23,3,19,0,84,93,0,2,0,0,68.80000000000001,32.5,9,4.043478260869565,0,1.9000000000000001,0,20.24,64.2409638554217,0
23,88,2,0,0,0,1,25,1,11,0,91,91,1,0,0,0,71.6,28.5,0,3.9565217391304346,2,2.1,0,20.24,65.41767068273091,0
23,88,2,0,0,0,1,29,0,16,1,81,96,0,1,0,0,77.6,31.0,15,4.173913043478261,1,1.6,0,20.24,74.79518072289157,0
12,64,1,0,0,0,1,22,2,2,0,64,84,1,1,1,0,51.2,13.0,20,7.0,0,1.2,0,7.68,43.18072289156627,0
12,64,1,0,0,0,1,23,3,6,0,54,88,1,2,0,0,47.2,15.0,34,7.333333333333333,-1,1.6,0,7.68,41.70281124497993,0
12,64,1,0,0,0,1,23,1,1,0,86,51,1,2,3,0,60.0,12.5,-35,4.25,-1,1.1,0,7.68,30.722891566265062,0
12,64,2,1,1,0,1,22,2,2,0,64,84,1,1,1,0,61.2,13.0,20,7.0,2,1.2,2,7.68,51.61445783132531,0
12,64,2,1,1,0,1,23,3,6,0,54,88,1,2,0,0,57.2,15.0,34,7.333333333333333,1,1.6,2,7.68,50.53815261044177,0
12,64,2,1,1,0,1,23,1,1,0,86,51,1,2,3,0,70.0,12.5,-35,4.25,1,1.1,2,7.68,35.84337349397591,0
20,63,1,1,1,0,0,27,0,12,1,99,60,1,2,2,1,84.80000000000001,26.0,-39,3.0,0,2.2,1,12.6,51.0843373493976,0
20,63,1,1,1,0,0,21,0,19,0,98,50,0,0,3,1,74.4,29.5,-48,2.5,2,1.9000000000000001,1,12.6,37.34939759036145,0
20,63,1,1,1,0,0,26,3,5,1,83,68,1,2,2,0,78.4,22.5,-15,3.4,0,1.5,1,12.6,53.526104417670695,0
15,98,0,0,0,0,0,25,2,17,0,87,64,1,1,2,0,74.0,23.5,-23,4.266666666666667,-1,2.7,0,14.7,47.55020080321285,0
15,98,0,0,0,0,0,18,2,9,0,58,67,1,2,2,0,62.400000000000006,19.5,9,4.466666666666667,-2,1.9,0,14.7,41.97590361445784,0
25,99,1,0,1,0,1,19,3,11,0,99,97,1,2,0,0,79.2,30.5,-2,3.88,0,2.1,1,24.75,77.13253012048195,0
25,99,1,0,1,0,1,18,1,4,0,80,48,0,1,3,0,71.6,27.0,-32,1.92,1,0.4,1,24.75,34.50602409638554,0
16,95,0,0,0,0,0,23,1,1,0,91,59,1,2,2,0,74.4,16.5,-32,3.6875,-2,1.1,0,15.2,44.07228915662651,0
16,95,0,0,0,0,0,29,2,18,0,66,89,0,1,0,0,64.4,25.0,23,5.5625,-1,1.8,0,15.2,57.54618473895583,0
23,69,0,1,0,0,1,18,3,7,1,69,80,1,2,1,0,75.2,26.5,11,3.4782608695652173,-2,1.7000000000000002,0,15.87,60.401606425702816,0
10,81,1,1,1,0,0,23,1,4,0,64,82,0,2,1,0,68.0,12.0,18,8.2,0,0.4,1,8.100000000000001,55.983935742971894,0
10,81,1,1,1,0,0,21,1,20,1,90,94,1,2,0,0,88.4,20.0,4,9.4,0,3.0,1,8.100000000000001,83.42971887550202,0
10,81,1,1,1,0,0,27,3,1,1,52,50,1,0,3,0,73.2,10.5,-2,5.0,2,1.1,1,8.100000000000001,36.74698795180723,0
10,81,1,1,1,0,0,29,1,20,0,93,61,0,1,2,0,79.6,20.0,-32,6.1,1,2.0,1,8.100000000000001,48.75100401606425,0
17,99,1,0,0,0,1,27,1,16,1,81,43,1,1,3,0,82.0,25.0,-38,2.5294117647058822,0,2.6,0,16.83,35.40160642570281,0
17,99,1,0,0,0,1,27,2,16,1,99,74,1,2,1,0,89.2,25.0,-25,4.352941176470588,-1,2.6,0,16.83,66.27309236947791,0
5,84,1,1,0,0,1,20,2,17,1,74,65,1,2,2,0,83.2,13.5,-9,13.0,-1,2.7,0,4.2,54.29718875502009,0
19,96,0,1,0,0,0,21,2,20,1,72,54,0,0,3,0,87.2,29.0,-18,2.8421052631578947,0,2.0,0,18.24,47.277108433734945,0
19,96,0,1,0,0,0,20,0,12,1,62,65,1,1,2,0,83.2,25.0,3,3.4210526315789473,-1,2.2,0,18.24,54.29718875502009,0
19,96,0,1,0,0,0,24,0,1,0,66,72,0,2,1,0,74.80000000000001,19.5,6,3.789473684210526,-2,0.1,0,18.24,54.07228915662652,0
19,96,0,1,0,0,0,29,2,4,1,98,73,1,1,1,0,97.60000000000001,21.0,-25,3.8421052631578947,-1,1.4,0,18.24,71.53413654618475,0
22,97,1,1,1,0,1,29,1,11,1,73,89,1,1,0,0,88.0,27.5,16,4.045454545454546,1,2.1,1,21.34,78.63453815261045,0
22,97,1,1,1,0,1,20,0,13,1,79,77,0,2,1,0,90.4,28.5,-2,3.5,0,1.3,1,21.34,69.88755020080322,0
22,97,1,1,1,0,1,26,2,16,1,66,65,1,2,2,0,85.2,30.0,-1,2.9545454545454546,0,2.6,1,21.34,55.60240963855422,0
22,72,2,0,0,0,1,27,0,20,0,50,87,0,1,0,0,48.8,32.0,37,3.9545454545454546,1,2.0,0,15.84,42.626506024096386,0
22,71,1,0,1,0,0,22,1,1,1,59,61,1,2,2,0,62.0,22.5,2,2.772727272727273,0,1.1,1,15.62,37.971887550200805,0
22,71,1,0,1,0,0,22,1,8,1,73,97,1,2,0,0,67.60000000000001,26.0,24,4.409090909090909,0,1.8,1,15.62,65.83534136546186,0
22,71,1,0,1,0,0,28,1,2,0,51,57,1,2,2,0,48.800000000000004,23.0,6,2.590909090909091,0,1.2,1,15.62,27.9277108433735,0
27,74,1,0,2,0,1,23,2,16,0,58,98,1,1,0,0,52.800000000000004,35.0,40,3.6296296296296298,2,2.6,2,19.98,51.95180722891567,0
27,74,1,0,2,0,1,28,2,20,0,84,61,1,0,2,0,63.2,37.0,-23,2.259259259259259,3,3.0,2,19.98,38.70682730923696,0
27,74,1,0,2,0,1,21,0,10,1,54,44,1,0,3,0,61.2,32.0,-10,1.6296296296296295,3,2.0,2,19.98,27.036144578313255,0
27,74,0,1,2,0,1,23,2,16,0,58,98,1,1,0,0,62.800000000000004,35.0,40,3.6296296296296298,1,2.6,0,19.98,61.79116465863454,0
27,74,0,1,2,0,1,28,2,20,0,84,61,1,0,2,0,73.2,37.0,-23,2.259259259259259,2,3.0,0,19.98,44.83132530120482,0
27,74,0,1,2,0,1,21,0,10,1,54,44,1,0,3,0,71.2,32.0,-10,1.6296296296296295,2,2.0,0,19.98,31.45381526104418,0
14,94,1,1,1,0,1,19,2,18,0,95,65,1,0,2,0,85.6,23.0,-30,4.642857142857143,2,2.8,1,13.16,55.863453815261046,0
25,82,1,1,1,0,1,24,2,18,1,95,48,1,2,3,0,90.80000000000001,34.0,-47,1.92,0,2.8,1,20.5,43.75903614457832,0
25,82,1,1,1,0,1,25,3,7,0,61,94,1,1,0,0,67.2,28.5,33,3.76,1,1.7000000000000002,1,20.5,63.42168674698796,0
25,82,1,1,1,0,1,27,0,11,1,92,44,0,2,3,0,89.60000000000001,30.5,-48,1.76,0,1.1,1,20.5,39.58232931726908,0
25,82,1,1,1,0,1,18,0,12,1,69,55,1,2,2,0,80.4,31.0,-14,2.2,0,2.2,1,20.5,44.39759036144579,0
24,71,1,0,1,0,0,25,3,5,1,85,81,1,1,1,0,72.4,26.5,-4,3.375,1,1.5,1,17.04,58.87951807228916,0
23,85,2,0,0,0,1,27,2,8,1,67,81,0,2,1,0,70.8,27.0,14,3.5217391304347827,0,0.8,0,19.55,57.57831325301204,0
23,85,2,0,0,0,1,24,0,20,1,90,74,1,1,1,0,80.0,33.0,-16,3.217391304347826,1,3.0,0,19.55,59.437751004016064,0
23,85,2,0,0,0,1,21,0,10,1,85,97,1,1,0,0,78.0,28.0,12,4.217391304347826,1,2.0,0,19.55,75.96385542168676,0
23,85,2,0,0,0,1,21,3,18,0,88,55,1,2,2,0,69.2,32.0,-33,2.391304347826087,0,2.8,0,19.55,38.212851405622494,0
14,98,2,1,1,0,1,29,0,6,0,78,43,0,2,3,0,80.4,17.0,-35,3.0714285714285716,1,0.6000000000000001,2,13.719999999999999,34.71084337349398,0
14,98,2,1,1,0,1,18,3,2,0,83,91,1,2,0,0,82.4,15.0,8,6.5,1,1.2,2,13.719999999999999,75.285140562249,0
14,98,2,1,1,0,1,24,0,4,0,96,69,0,2,2,0,87.60000000000001,16.0,-27,4.928571428571429,1,0.4,2,13.719999999999999,60.68674698795182,0
14,98,1,0,1,0,1,29,0,6,0,78,43,0,2,3,0,70.4,17.0,-35,3.0714285714285716,0,0.6000000000000001,1,13.719999999999999,30.39357429718876,0
14,98,1,0,1,0,1,18,3,2,0,83,91,1,2,0,0,72.4,15.0,8,6.5,0,1.2,1,13.719999999999999,66.14859437751005,0
14,98,1,0,1,0,1,24,0,4,0,96,69,0,2,2,0,77.60000000000001,16.0,-27,4.928571428571429,0,0.4,1,13.719999999999999,53.759036144578324,0
13,99,2,1,1,0,1,19,3,4,0,99,47,1,0,3,0,89.2,15.0,-52,3.6153846153846154,3,1.4,2,12.87,42.092369477911646,0
13,99,2,1,1,0,1,26,1,1,1,71,85,0,1,0,0,88.0,13.5,14,6.538461538461538,2,0.1,2,12.87,75.1004016064257,0
13,99,2,1,1,0,1,29,0,7,1,52,77,1,1,1,0,80.4,16.5,25,5.923076923076923,2,1.7000000000000002,2,12.87,62.15662650602411,0
13,99,2,1,1,0,1,20,2,6,0,83,58,0,1,2,0,82.80000000000001,16.0,-25,4.461538461538462,2,0.6000000000000001,2,12.87,48.216867469879524,0
13,99,2,1,1,0,1,20,1,15,0,76,96,1,0,0,0,80.0,20.5,20,7.384615384615385,3,2.5,2,12.87,77.10843373493975,0
13,99,2,1,1,0,1,20,1,10,1,92,58,1,2,2,0,96.4,18.0,-34,4.461538461538462,1,2.0,2,12.87,56.13654618473897,0
13,99,2,1,1,0,1,20,1,6,1,73,71,1,1,1,0,88.80000000000001,16.0,-2,5.461538461538462,2,1.6,2,12.87,63.301204819277125,0
20,81,1,1,0,0,0,19,3,14,1,64,63,1,2,2,0,78.0,27.0,-1,3.15,-1,2.4000000000000004,0,16.200000000000003,49.337349397590366,0
20,81,1,1,0,0,0,28,3,11,0,80,88,1,1,0,0,74.4,25.5,8,4.4,0,2.1,0,16.200000000000003,65.73493975903615,0
13,77,1,1,0,0,1,26,0,2,1,98,99,1,2,0,0,90.0,14.0,1,7.615384615384615,-1,1.2,0,10.01,89.45783132530121,0
13,77,1,1,0,0,1,26,0,16,0,66,82,0,2,1,0,67.2,21.0,16,6.3076923076923075,-1,1.6,0,10.01,55.32530120481928,0
21,74,2,1,0,0,1,23,3,1,1,89,59,1,2,2,0,85.2,21.5,-30,2.8095238095238093,0,1.1,0,15.54,50.4698795180723,0
21,74,2,1,0,0,1,20,3,11,1,69,90,1,1,0,0,77.2,26.5,21,4.285714285714286,1,2.1,0,15.54,69.75903614457832,0
21,74,2,1,0,0,1,19,2,12,1,91,68,1,2,2,0,86.0,27.0,-23,3.238095238095238,0,2.2,0,15.54,58.71485943775101,0
21,74,2,1,2,0,1,23,3,1,1,89,59,1,2,2,0,85.2,21.5,-30,2.8095238095238093,2,1.1,4,15.54,50.4698795180723,0
21,74,2,1,2,0,1,20,3,11,1,69,90,1,1,0,0,77.2,26.5,21,4.285714285714286,3,2.1,4,15.54,69.75903614457832,0
21,74,2,1,2,0,1,19,2,12,1,91,68,1,2,2,0,86.0,27.0,-23,3.238095238095238,2,2.2,4,15.54,58.71485943775101,0
15,71,1,0,2,0,0,19,0,12,1,87,43,1,1,3,0,73.2,21.0,-44,2.8666666666666667,2,2.2,2,10.649999999999999,31.602409638554217,0
15,71,0,0,0,0,0,19,0,12,1,87,43,1,1,3,0,73.2,21.0,-44,2.8666666666666667,-1,2.2,0,10.649999999999999,31.602409638554217,0
23,75,2,1,1,0,0,21,2,13,1,72,94,0,0,0,0,78.8,29.5,22,4.086956521739131,3,1.3,2,17.25,74.3694779116466,0
23,75,2,1,1,0,0,25,0,14,1,89,82,1,2,1,0,85.6,30.0,-7,3.5652173913043477,1,2.4000000000000004,2,17.25,70.47389558232932,0
19,93,1,0,2,0,1,27,0,10,1,52,91,0,2,0,0,68.0,24.0,39,4.7894736842105265,1,1.0,2,17.67,62.1285140562249,0
14,81,1,1,0,0,1,19,1,8,1,68,44,1,2,3,0,79.6,18.0,-24,3.142857142857143,-1,1.8,0,11.34,35.16465863453815,0
14,81,1,1,0,0,1,22,0,13,0,54,42,1,1,3,0,64.0,20.5,-12,3.0,0,2.3,0,11.34,26.987951807228917,0
14,81,1,1,0,0,1,21,0,9,1,64,79,1,2,1,0,78.0,18.5,15,5.642857142857143,-1,1.9,0,11.34,61.867469879518076,0
18,99,1,0,1,0,1,18,1,8,1,90,68,1,0,2,0,85.6,22.0,-22,3.7777777777777777,2,1.8,1,17.82,58.441767068273094,0
18,99,1,0,1,0,1,20,3,7,1,68,77,1,2,1,0,76.80000000000001,21.5,9,4.277777777777778,0,1.7000000000000002,1,17.82,59.37349397590363,0
24,89,1,1,1,0,0,29,3,7,1,66,90,1,1,0,0,82.0,27.5,24,3.75,1,1.7000000000000002,1,21.36,74.09638554216868,0
24,89,1,1,1,0,0,26,0,7,0,98,62,1,1,2,0,84.80000000000001,27.5,-36,2.5833333333333335,1,1.7000000000000002,1,21.36,52.78714859437752,0
12,99,2,1,1,0,1,25,2,5,0,55,84,1,2,1,0,71.6,14.5,29,7.0,1,1.5,2,11.879999999999999,60.3855421686747,0
12,99,2,1,1,0,1,29,3,17,1,56,49,1,2,3,0,82.0,20.5,-7,4.083333333333333,1,2.7,2,11.879999999999999,40.34136546184739,0
12,99,2,1,1,0,1,21,3,20,1,83,99,1,2,0,0,92.80000000000001,22.0,16,8.25,1,3.0,2,11.879999999999999,92.2409638554217,0
16,80,1,0,2,0,1,29,2,15,0,86,72,1,2,1,0,66.4,23.5,-14,4.5,1,2.5,2,12.8,48.00000000000001,0
19,92,1,1,1,0,1,18,1,10,0,92,96,0,2,0,0,83.60000000000001,24.0,4,5.052631578947368,0,1.0,1,17.48,80.57831325301206,0
19,92,1,1,1,0,1,22,0,10,0,62,88,1,1,0,0,71.60000000000001,24.0,26,4.631578947368421,1,2.0,1,17.48,63.26104417670684,0
19,92,1,1,1,0,1,18,1,10,1,81,46,0,0,3,0,89.2,24.0,-35,2.4210526315789473,2,1.0,1,17.48,41.19678714859438,0
19,92,1,1,1,0,1,27,0,10,0,89,85,1,0,0,0,82.4,24.0,-4,4.473684210526316,2,2.0,1,17.48,70.32128514056225,0
18,69,1,0,0,0,0,27,2,8,0,89,72,1,2,1,0,63.2,22.0,-17,4.0,-1,1.8,0,12.419999999999998,45.686746987951814,0
18,69,1,0,0,0,0,28,2,15,0,81,79,0,2,1,0,60.0,25.5,-2,4.388888888888889,-1,1.5,0,12.419999999999998,47.59036144578314,0
18,69,1,0,0,0,0,26,2,9,0,65,64,1,1,2,0,53.6,22.5,-1,3.5555555555555554,0,1.9,0,12.419999999999998,34.441767068273094,0
21,73,1,0,1,0,1,25,1,14,1,81,90,1,0,0,0,71.6,28.0,9,4.285714285714286,2,2.4000000000000004,1,15.33,64.69879518072288,0
21,73,1,0,1,0,1,25,3,14,0,89,87,1,2,0,0,64.80000000000001,28.0,-2,4.142857142857143,0,2.4000000000000004,1,15.33,56.60240963855423,0
21,96,1,1,2,0,0,20,0,18,1,81,55,1,0,2,0,90.80000000000001,30.0,-26,2.619047619047619,3,2.8,2,20.16,50.14056224899599,0
22,77,1,1,1,0,1,26,3,12,1,60,65,1,0,2,0,74.8,28.0,5,2.9545454545454546,2,2.2,1,16.94,48.81526104417671,0
22,77,1,1,1,0,1,27,3,10,0,68,96,1,1,0,0,68.0,27.0,28,4.363636363636363,1,2.0,1,16.94,65.5421686746988,0
22,77,1,1,1,0,1,25,2,7,0,65,47,0,1,3,0,66.8,25.5,-18,2.1363636363636362,1,0.7000000000000001,1,16.94,31.522088353413654,0
26,84,2,0,1,0,1,28,1,5,1,67,75,1,1,1,0,70.4,28.5,8,2.8846153846153846,2,1.5,2,21.84,53.0120481927711,0
26,84,2,0,1,0,1,20,0,6,1,93,53,0,0,3,0,80.80000000000001,29.0,-40,2.0384615384615383,3,0.6000000000000001,2,21.84,42.995983935742984,0
26,84,1,0,1,0,1,28,1,5,1,67,75,1,1,1,0,70.4,28.5,8,2.8846153846153846,1,1.5,1,21.84,53.0120481927711,0
26,84,1,0,1,0,1,20,0,6,1,93,53,0,0,3,0,80.80000000000001,29.0,-40,2.0384615384615383,2,0.6000000000000001,1,21.84,42.995983935742984,0
16,81,2,1,2,0,1,18,3,11,0,73,50,0,1,3,0,71.6,21.5,-23,3.125,3,1.1,4,12.96,35.9437751004016,0
14,76,0,0,0,0,1,27,2,5,1,88,56,1,1,2,0,75.60000000000001,16.5,-32,4.0,-1,1.5,0,10.64,42.506024096385545,0
14,76,0,0,0,0,1,20,3,17,0,76,60,1,1,2,0,60.800000000000004,22.5,-16,4.285714285714286,-1,2.7,0,10.64,36.626506024096386,0
26,80,1,1,1,0,1,22,2,13,0,96,90,1,2,0,0,80.4,32.5,-6,3.4615384615384617,0,2.3,1,20.8,72.65060240963857,0
26,80,1,1,1,0,1,19,1,18,1,82,66,1,1,2,0,84.80000000000001,35.0,-16,2.5384615384615383,1,2.8,1,20.8,56.19277108433736,0
14,89,0,1,0,0,0,28,2,4,1,62,68,1,2,2,0,80.4,16.0,6,4.857142857142857,-2,1.4,0,12.46,54.89156626506025,0
14,89,0,1,0,0,0,21,1,6,1,70,68,1,2,2,0,83.6,17.0,-2,4.857142857142857,-2,1.6,0,12.46,57.07630522088353,0
14,89,0,1,0,0,0,24,0,12,1,86,49,0,2,3,0,90.0,20.0,-37,3.5,-2,1.2000000000000002,0,12.46,44.27710843373494,0
24,96,1,1,0,0,0,18,1,2,0,82,76,0,1,1,0,81.20000000000002,25.0,-6,3.1666666666666665,0,0.2,0,23.04,61.959839357429736,0
21,71,1,1,0,0,0,29,1,16,0,68,96,1,0,0,0,65.60000000000001,29.0,28,4.571428571428571,1,2.6,0,14.91,63.22891566265061,0
21,71,1,1,0,0,0,24,0,14,1,78,56,1,0,2,0,79.60000000000001,28.0,-22,2.6666666666666665,1,2.4000000000000004,0,14.91,44.755020080321295,0
25,69,1,0,1,0,1,19,3,14,1,88,43,1,2,3,0,72.80000000000001,32.0,-45,1.72,0,2.4000000000000004,1,17.25,31.42971887550202,0
25,69,1,0,1,0,1,26,3,8,0,62,61,0,1,2,0,52.400000000000006,29.0,-1,2.44,1,0.8,1,17.25,32.09236947791165,0
25,69,1,0,1,0,1,19,3,1,0,63,71,1,0,1,0,52.800000000000004,25.5,8,2.84,2,1.1,1,17.25,37.638554216867476,0
10,60,1,0,0,0,1,25,0,19,1,91,52,1,1,3,0,70.4,19.5,-39,5.2,0,2.9000000000000004,0,6.0,36.755020080321295,0
21,76,0,1,2,0,1,29,3,3,0,56,83,1,0,1,0,62.800000000000004,22.5,27,3.9523809523809526,2,1.3,0,15.96,52.333333333333336,0
21,76,0,1,2,0,1,18,0,11,1,74,42,0,2,3,0,80.0,26.5,-32,2.0,0,1.1,0,15.96,33.734939759036145,0
21,76,0,1,2,0,1,19,2,7,0,57,91,0,2,0,0,63.2,24.5,34,4.333333333333333,0,0.7000000000000001,0,15.96,57.74297188755021,0
12,87,0,1,1,0,0,25,3,9,1,79,61,1,2,2,0,86.4,16.5,-18,5.083333333333333,-1,1.9,0,10.44,52.915662650602414,0
12,87,2,1,1,0,0,25,3,9,1,79,61,1,2,2,0,86.4,16.5,-18,5.083333333333333,1,1.9,2,10.44,52.915662650602414,0
19,98,2,0,0,0,0,28,2,10,1,84,84,1,1,1,0,82.80000000000001,24.0,0,4.421052631578948,1,2.0,0,18.62,69.83132530120483,0
19,98,2,0,0,0,0,22,1,20,1,91,76,1,2,1,0,85.6,29.0,-15,4.0,0,3.0,0,18.62,65.31726907630522,0
19,98,2,0,0,0,0,29,3,16,0,51,51,1,2,3,0,59.60000000000001,27.0,0,2.6842105263157894,0,2.6,0,18.62,30.51807228915663,0
26,97,1,0,0,0,1,27,2,20,0,82,87,1,2,0,0,71.60000000000001,36.0,5,3.3461538461538463,-1,3.0,0,25.22,62.54216867469881,0
26,97,1,0,0,0,1,27,2,14,1,72,49,1,0,3,0,77.60000000000001,33.0,-23,1.8846153846153846,1,2.4000000000000004,0,25.22,38.176706827309246,0
26,97,1,0,0,0,1,19,3,0,0,98,52,0,2,3,0,78.0,26.0,-46,2.0,-1,0.0,0,25.22,40.72289156626506,0
26,97,1,0,0,0,1,20,1,16,0,99,86,1,2,0,0,78.4,34.0,-13,3.3076923076923075,-1,2.6,0,25.22,67.69477911646588,0
11,63,2,1,2,0,0,20,3,19,1,54,45,1,1,3,0,66.80000000000001,20.5,-9,4.090909090909091,3,2.9000000000000004,4,6.93,30.18072289156627,0
11,63,2,1,2,0,0,22,3,20,0,67,100,1,2,0,0,62.0,21.0,33,9.090909090909092,2,3.0,4,6.93,62.24899598393575,0
11,63,2,1,2,0,0,22,0,15,1,57,78,1,2,1,0,68.0,18.5,21,7.090909090909091,2,2.5,4,6.93,53.25301204819277,0
11,63,2,1,2,0,0,25,0,20,0,65,55,1,0,2,0,61.2,21.0,-10,5.0,4,3.0,4,6.93,33.79518072289157,0
17,61,2,1,1,0,0,28,2,10,1,62,69,0,2,2,0,69.2,22.0,7,4.0588235294117645,1,1.0,2,10.37,47.939759036144586,0
17,96,0,1,0,0,1,27,0,6,0,100,68,1,1,2,0,88.4,20.0,-32,4.0,-1,1.6,0,16.32,60.353413654618485,0
17,96,0,1,0,0,1,23,3,13,1,55,95,1,0,0,0,80.4,23.5,40,5.588235294117647,0,2.3,0,16.32,76.68674698795182,0
17,96,0,1,0,0,1,25,0,15,0,69,70,0,1,1,0,76.0,24.5,1,4.117647058823529,-1,1.5,0,16.32,53.4136546184739,0
17,96,0,1,0,0,1,22,2,17,0,82,44,1,1,3,0,81.20000000000002,25.5,-38,2.588235294117647,-1,2.7,0,16.32,35.87148594377511,0
14,84,1,1,1,0,1,18,3,2,1,84,80,0,1,1,0,87.2,15.0,-4,5.714285714285714,1,0.2,1,11.76,70.04016064257029,0
29,76,2,1,0,0,1,26,2,10,0,71,44,0,2,3,0,68.80000000000001,34.0,-27,1.5172413793103448,0,1.0,0,22.04,30.393574297188763,0
20,79,0,1,2,0,1,23,3,13,1,77,74,1,2,1,0,82.4,26.5,-3,3.7,0,2.3,0,15.8,61.220883534136554,0
20,79,0,1,2,0,1,25,3,5,1,90,81,1,1,1,0,87.6,22.5,-9,4.05,1,1.5,0,15.8,71.24096385542168,0
20,79,1,1,0,0,1,23,3,13,1,77,74,1,2,1,0,82.4,26.5,-3,3.7,-1,2.3,0,15.8,61.220883534136554,0
20,79,1,1,0,0,1,25,3,5,1,90,81,1,1,1,0,87.6,22.5,-9,4.05,0,1.5,0,15.8,71.24096385542168,0
21,89,1,0,1,0,0,23,0,14,0,79,90,1,2,0,0,67.2,28.0,11,4.285714285714286,0,2.4000000000000004,1,18.69,60.72289156626507,0
21,89,1,0,1,0,0,18,1,4,1,51,54,1,0,3,0,66.0,23.0,3,2.5714285714285716,2,1.4,1,18.69,35.78313253012048,0
21,89,1,0,1,0,0,25,3,6,0,100,90,1,2,0,0,75.6,24.0,-10,4.285714285714286,0,1.6,1,18.69,68.3132530120482,0
27,88,1,1,0,0,1,19,2,11,1,79,56,1,2,2,0,86.80000000000001,32.5,-23,2.074074074074074,-1,2.1,0,23.76,48.80321285140563,0
27,88,1,1,0,0,1,19,3,2,0,70,44,0,1,3,0,73.2,28.0,-26,1.6296296296296295,0,0.2,0,23.76,32.337349397590366,0
17,68,1,1,1,0,1,19,1,18,1,52,74,1,2,1,0,68.0,26.0,22,4.352941176470588,0,2.8,1,11.56,50.52208835341366,0
17,68,1,1,1,0,1,27,0,1,1,69,45,1,2,3,0,74.80000000000001,17.5,-24,2.6470588235294117,0,1.1,1,11.56,33.79518072289157,0
11,85,1,1,1,0,1,29,3,13,1,78,90,1,2,0,0,85.2,17.5,12,8.181818181818182,0,2.3,1,9.35,76.98795180722892,0
11,85,1,1,1,0,1,29,1,5,1,60,44,1,2,3,0,78.0,13.5,-16,4.0,0,1.5,1,9.35,34.45783132530121,0
18,73,2,0,1,0,1,29,1,14,1,67,76,1,2,1,0,66.0,25.0,9,4.222222222222222,1,2.4000000000000004,2,13.14,50.36144578313253,0
18,73,2,0,1,0,1,29,2,12,1,53,64,0,2,2,0,60.400000000000006,24.0,11,3.5555555555555554,1,1.2000000000000002,2,13.14,38.811244979919685,0
18,73,2,0,1,0,1,25,1,5,1,80,62,0,2,2,0,71.2,20.5,-18,3.4444444444444446,1,0.5,2,13.14,44.32128514056225,0
18,73,2,0,1,0,1,18,0,3,0,52,65,1,2,2,0,50.0,19.5,13,3.611111111111111,1,1.3,2,13.14,32.630522088353416,0
18,73,1,1,0,0,1,29,1,14,1,67,76,1,2,1,0,76.0,25.0,9,4.222222222222222,-1,2.4000000000000004,0,13.14,57.99196787148595,0
18,73,1,1,0,0,1,29,2,12,1,53,64,0,2,2,0,70.4,24.0,11,3.5555555555555554,-1,1.2000000000000002,0,13.14,45.23694779116467,0
18,73,1,1,0,0,1,25,1,5,1,80,62,0,2,2,0,81.2,20.5,-18,3.4444444444444446,-1,0.5,0,13.14,50.54618473895582,0
18,73,1,1,0,0,1,18,0,3,0,52,65,1,2,2,0,60.0,19.5,13,3.611111111111111,-1,1.3,0,13.14,39.1566265060241,0
16,85,1,1,0,0,1,21,1,14,1,68,42,1,2,3,0,81.2,23.0,-26,2.625,-1,2.4000000000000004,0,13.6,34.24096385542169,0
16,85,1,1,0,0,1,25,1,7,1,100,42,1,0,3,0,94.0,19.5,-58,2.625,1,1.7000000000000002,0,13.6,39.638554216867476,0
16,85,1,1,0,0,1,25,0,19,0,72,74,0,2,1,0,72.8,25.5,2,4.625,-1,1.9000000000000001,0,13.6,54.088353413654616,0
16,85,1,1,0,0,1,28,0,14,1,71,70,0,1,1,0,82.4,23.0,-1,4.375,0,1.4000000000000001,0,13.6,57.911646586345384,0
17,87,1,1,1,0,1,20,1,1,1,63,48,1,0,3,0,80.0,17.5,-15,2.823529411764706,2,1.1,1,14.79,38.554216867469876,0
24,89,1,0,1,0,1,23,2,15,0,61,71,1,1,1,0,60.0,31.5,10,2.9583333333333335,1,2.5,1,21.36,42.7710843373494,0
24,89,1,0,0,0,1,23,2,15,0,61,71,1,1,1,0,60.0,31.5,10,2.9583333333333335,0,2.5,0,21.36,42.7710843373494,0
24,72,2,1,2,0,1,18,2,5,1,67,64,1,0,2,0,75.6,26.5,-3,2.6666666666666665,4,1.5,4,17.28,48.57831325301205,0
27,63,0,0,1,0,0,18,2,11,1,85,56,1,1,2,0,69.2,32.5,-29,2.074074074074074,0,2.1,0,17.01,38.90763052208836,0
21,93,1,1,1,0,1,18,1,18,1,54,66,1,2,2,0,78.80000000000001,30.0,12,3.142857142857143,0,2.8,1,19.53,52.21686746987953,0
21,93,1,1,1,0,1,26,0,0,0,95,53,1,2,3,0,85.2,21.0,-42,2.5238095238095237,0,1.0,1,19.53,45.337349397590366,0
21,93,0,1,0,0,1,18,1,18,1,54,66,1,2,2,0,78.80000000000001,30.0,12,3.142857142857143,-2,2.8,0,19.53,52.21686746987953,0
21,93,0,1,0,0,1,26,0,0,0,95,53,1,2,3,0,85.2,21.0,-42,2.5238095238095237,-2,1.0,0,19.53,45.337349397590366,0
15,69,0,1,1,0,0,26,0,18,1,66,46,1,2,3,0,74.0,24.0,-20,3.066666666666667,-1,2.8,0,10.35,34.17670682730924,0
15,69,0,1,1,0,0,29,3,18,1,80,81,1,1,1,0,79.6,24.0,1,5.4,0,2.8,0,10.35,64.73493975903614,0
15,69,0,1,1,0,0,18,1,16,0,86,74,0,1,1,0,72.0,23.0,-12,4.933333333333334,0,1.6,0,10.35,53.493975903614455,0
15,69,0,1,1,0,0,22,2,3,1,73,93,1,1,0,0,76.80000000000001,16.5,20,6.2,0,1.3,0,10.35,71.71084337349399,0
15,69,0,1,1,0,0,26,3,7,1,65,46,1,2,3,0,73.6,18.5,-19,3.066666666666667,-1,1.7000000000000002,0,10.35,33.99196787148594,0
15,69,0,1,1,0,0,23,0,0,0,51,82,1,2,1,0,58.0,15.0,31,5.466666666666667,-1,1.0,0,10.35,47.75100401606426,0
18,82,1,1,2,0,1,28,3,7,0,75,75,0,0,1,0,72.80000000000001,21.5,0,4.166666666666667,3,0.7000000000000001,2,14.76,54.81927710843375,0
24,92,1,1,1,0,1,28,1,20,0,78,49,0,2,3,0,78.0,34.0,-29,2.0416666666666665,0,2.0,1,22.080000000000002,38.37349397590362,0
24,92,1,1,1,0,1,27,3,5,0,97,52,0,0,3,0,85.60000000000001,26.5,-45,2.1666666666666665,2,0.5,1,22.080000000000002,44.690763052208844,0
24,92,1,1,1,0,1,18,3,3,0,81,87,1,2,0,0,79.2,25.5,6,3.625,0,1.3,1,22.080000000000002,69.18072289156628,0
24,70,2,0,0,0,1,20,2,1,0,69,75,1,2,1,0,55.6,24.5,6,3.125,0,1.1,0,16.799999999999997,41.867469879518076,0
14,74,1,0,0,0,0,20,1,3,0,89,61,0,0,2,0,65.2,15.5,-28,4.357142857142857,1,0.30000000000000004,0,10.36,39.93172690763053,0
14,74,1,0,0,0,0,27,1,18,1,73,63,1,1,2,0,68.80000000000001,23.0,-10,4.5,0,2.8,0,10.36,43.518072289156635,0
11,64,0,1,2,0,1,21,3,14,1,53,82,1,1,1,0,66.80000000000001,18.0,29,7.454545454545454,1,2.4000000000000004,0,7.04,54.995983935742984,0
11,64,0,1,2,0,1,19,2,13,1,83,69,1,2,2,0,78.80000000000001,17.5,-14,6.2727272727272725,0,2.3,0,7.04,54.590361445783145,0
11,64,0,1,2,0,1,20,0,3,0,97,82,1,0,1,1,74.4,12.5,-15,7.454545454545454,2,1.3,0,7.04,61.25301204819278,0
17,98,2,0,2,0,0,28,3,0,0,80,92,1,1,0,0,71.2,17.0,12,5.411764705882353,3,1.0,4,16.66,65.76706827309238,0
17,98,2,0,2,0,0,25,0,3,1,76,84,0,2,1,0,79.60000000000001,18.5,8,4.9411764705882355,2,0.30000000000000004,4,16.66,67.13253012048195,0
23,94,2,1,1,0,0,25,2,11,1,84,63,1,2,2,0,91.2,28.5,-21,2.739130434782609,1,2.1,2,21.619999999999997,57.686746987951814,0
16,93,2,0,1,0,1,22,3,16,0,64,40,1,2,3,0,62.800000000000004,24.0,-24,2.5,1,2.6,2,14.88,25.220883534136547,0
23,68,0,1,1,0,1,23,0,2,1,77,95,0,2,0,0,78.0,24.0,18,4.130434782608695,-1,0.2,0,15.64,74.3975903614458,0
25,76,2,1,0,0,1,29,2,17,1,73,90,0,2,0,0,79.60000000000001,33.5,17,3.6,0,1.7000000000000002,0,19.0,71.9277108433735,0
19,83,1,0,2,0,1,22,0,8,0,66,86,1,1,0,0,59.60000000000001,23.0,20,4.526315789473684,2,1.8,2,15.77,51.461847389558244,0
19,83,1,0,2,0,1,23,0,18,1,91,78,1,1,1,0,79.6,28.0,-13,4.105263157894737,2,2.8,2,15.77,62.33734939759036,0
16,89,1,1,1,0,1,25,2,2,0,52,89,0,2,0,0,66.4,17.0,37,5.5625,0,0.2,1,14.24,59.33333333333334,0
16,89,1,1,1,0,1,18,3,13,0,82,42,0,2,3,0,78.4,22.5,-40,2.625,0,1.3,1,14.24,33.06024096385543,0
16,89,1,1,1,0,1,21,2,16,1,83,69,1,1,2,0,88.80000000000001,24.0,-14,4.3125,1,2.6,1,14.24,61.51807228915664,0
33,64,1,0,0,0,1,23,2,10,1,82,100,1,0,0,0,68.4,38.0,18,3.0303030303030303,1,2.0,0,21.12,68.67469879518073,0
30,79,2,0,1,0,0,25,2,4,1,64,69,1,1,2,0,67.2,32.0,5,2.3,2,1.4,2,23.700000000000003,46.55421686746988,0
30,79,2,0,1,0,0,19,0,6,1,65,84,1,2,1,0,67.6,33.0,19,2.8,1,1.6,2,23.700000000000003,57.01204819277108,0
24,81,1,1,1,0,1,19,3,11,1,58,83,1,0,1,0,75.6,29.5,25,3.4583333333333335,2,2.1,1,19.44,63.0,0
24,81,1,1,1,0,1,25,3,17,0,64,62,1,0,2,0,68.0,32.5,-2,2.5833333333333335,2,2.7,1,19.44,42.329317269076306,0
24,81,1,1,1,0,1,28,2,18,0,98,55,1,2,2,0,81.6,33.0,-43,2.2916666666666665,0,2.8,1,19.44,45.06024096385542,0
29,91,2,1,1,0,0,27,3,6,0,66,75,1,2,1,0,72.8,32.0,9,2.586206896551724,1,1.6,2,26.39,54.81927710843373,0
16,62,2,0,1,0,0,18,3,6,0,56,52,1,2,3,0,47.2,19.0,-4,3.25,1,1.6,2,9.92,24.642570281124502,0
16,62,2,0,1,0,0,21,1,5,1,63,56,1,2,2,0,60.0,18.5,-7,3.5,1,1.5,2,9.92,33.734939759036145,0
29,80,1,1,2,0,1,23,2,18,1,52,51,1,2,3,0,72.8,38.0,-1,1.7586206896551724,1,2.8,2,23.200000000000003,37.27710843373494,0
29,80,1,1,2,0,1,29,0,0,0,69,89,0,2,0,0,69.6,29.0,20,3.0689655172413794,1,0.0,2,23.200000000000003,62.19277108433735,0
23,93,0,1,2,0,1,18,1,1,1,56,66,1,0,2,0,79.60000000000001,23.5,10,2.869565217391304,2,1.1,0,21.39,52.74698795180724,0
23,93,1,1,0,0,1,18,1,1,1,56,66,1,0,2,0,79.60000000000001,23.5,10,2.869565217391304,1,1.1,0,21.39,52.74698795180724,0
20,64,2,0,2,0,0,27,2,20,0,82,45,0,0,3,0,58.400000000000006,30.0,-37,2.25,4,2.0,4,12.8,26.385542168674704,0
24,85,1,1,1,0,0,20,1,8,1,95,47,1,1,3,0,92.0,28.0,-48,1.9583333333333333,1,1.8,1,20.4,43.4136546184739,0
24,85,1,1,1,0,0,23,0,5,1,100,64,1,1,2,0,94.0,26.5,-36,2.6666666666666665,1,1.5,1,20.4,60.401606425702816,0
31,69,1,0,1,0,1,29,1,3,0,55,85,1,1,0,0,49.6,32.5,30,2.7419354838709675,1,1.3,1,21.389999999999997,42.329317269076306,0
31,69,1,0,1,0,1,20,1,20,0,98,64,1,2,2,0,66.80000000000001,41.0,-34,2.064516129032258,0,3.0,1,21.389999999999997,42.923694779116474,0
19,81,2,0,0,0,0,18,1,16,0,85,57,1,0,2,0,66.4,27.0,-28,3.0,2,2.6,0,15.39,38.00000000000001,0
19,81,2,0,0,0,0,20,2,2,1,76,74,1,2,1,0,72.8,20.0,-2,3.8947368421052633,0,1.2,0,15.39,54.088353413654616,0
19,81,2,1,1,0,0,18,1,16,0,85,57,1,0,2,0,76.4,27.0,-28,3.0,3,2.6,2,15.39,43.72289156626507,0
19,81,2,1,1,0,0,20,2,2,1,76,74,1,2,1,0,82.8,20.0,-2,3.8947368421052633,1,1.2,2,15.39,61.51807228915663,0
23,97,2,0,1,0,1,23,0,11,0,86,77,1,2,1,0,73.2,28.5,-9,3.347826086956522,1,2.1,2,22.31,56.59036144578314,0
23,97,2,0,1,0,1,29,1,17,0,55,76,1,1,1,0,60.800000000000004,31.5,21,3.3043478260869565,2,2.7,2,22.31,46.393574297188756,0
23,97,2,0,1,0,1,20,2,9,0,60,99,1,0,0,0,62.800000000000004,27.5,39,4.304347826086956,3,1.9,2,22.31,62.42168674698796,0
23,97,2,1,0,0,1,23,0,11,0,86,77,1,2,1,0,83.2,28.5,-9,3.347826086956522,0,2.1,0,22.31,64.32128514056225,0
23,97,2,1,0,0,1,29,1,17,0,55,76,1,1,1,0,70.80000000000001,31.5,21,3.3043478260869565,1,2.7,0,22.31,54.02409638554218,0
23,97,2,1,0,0,1,20,2,9,0,60,99,1,0,0,0,72.80000000000001,27.5,39,4.304347826086956,2,1.9,0,22.31,72.36144578313255,0
21,72,2,0,0,0,0,25,2,13,1,94,61,1,1,2,0,76.4,27.5,-33,2.9047619047619047,1,2.3,0,15.12,46.79116465863454,0
21,72,2,0,0,0,0,23,2,3,0,84,89,0,2,0,0,62.400000000000006,22.5,5,4.238095238095238,0,0.30000000000000004,0,15.12,55.759036144578324,0
27,82,1,1,0,0,1,26,1,16,0,55,88,1,2,0,0,64.80000000000001,35.0,33,3.259259259259259,-1,2.6,0,22.139999999999997,57.25301204819278,0
27,82,1,1,0,0,1,27,1,11,1,69,44,0,1,3,0,80.4,32.5,-25,1.6296296296296295,0,1.1,0,22.139999999999997,35.518072289156635,0
27,82,1,1,0,0,1,27,3,17,1,73,47,1,1,3,0,82.0,35.5,-26,1.7407407407407407,0,2.7,0,22.139999999999997,38.69477911646587,0
27,82,1,1,0,0,1,19,3,1,0,62,56,0,1,2,0,67.60000000000001,27.5,-6,2.074074074074074,0,0.1,0,22.139999999999997,38.00803212851406,0
26,78,2,1,1,0,0,19,2,15,0,53,73,1,2,1,0,62.400000000000006,33.5,20,2.8076923076923075,1,2.5,2,20.28,45.73493975903615,0
26,78,2,1,1,0,0,18,1,14,1,65,48,1,1,3,0,77.2,33.0,-17,1.8461538461538463,2,2.4000000000000004,2,20.28,37.20481927710844,0
26,78,2,1,1,0,0,20,0,5,0,59,71,1,2,1,0,64.80000000000001,28.5,12,2.730769230769231,1,1.5,2,20.28,46.19277108433736,0
26,78,2,1,1,0,0,25,0,13,0,78,66,0,1,2,0,72.4,32.5,-12,2.5384615384615383,2,1.3,2,20.28,47.975903614457835,0
27,96,2,1,0,0,1,28,2,0,0,89,46,1,2,3,0,84.0,27.0,-43,1.7037037037037037,0,1.0,0,25.919999999999998,38.795180722891565,0
20,78,1,0,2,0,0,22,3,3,1,93,67,1,2,2,0,78.4,21.5,-26,3.35,1,1.3,2,15.600000000000001,52.73895582329318,0
20,78,1,0,2,0,0,21,1,9,1,51,57,0,2,2,0,61.60000000000001,24.5,6,2.85,1,0.9,2,15.600000000000001,35.25301204819278,0
20,78,1,0,2,0,0,19,1,10,0,51,88,1,0,0,0,51.60000000000001,25.0,37,4.4,3,2.0,2,15.600000000000001,45.590361445783145,0
13,85,2,1,1,0,0,27,0,2,1,75,82,0,2,1,0,84.0,14.0,7,6.3076923076923075,1,0.2,2,11.049999999999999,69.1566265060241,0
13,85,2,1,1,0,0,28,1,18,1,75,53,0,1,3,0,84.0,22.0,-22,4.076923076923077,2,1.8,2,11.049999999999999,44.6987951807229,0
14,67,1,1,1,0,0,26,1,16,1,89,73,1,1,1,0,82.4,22.0,-16,5.214285714285714,1,2.6,1,9.38,60.39357429718876,0
14,67,1,1,1,0,0,19,1,2,0,91,77,1,2,1,0,73.2,15.0,-14,5.5,0,1.2,1,9.38,56.59036144578314,0
14,67,1,1,1,0,0,29,0,19,1,78,77,1,2,1,0,78.0,23.5,-1,5.5,0,2.9000000000000004,1,9.38,60.30120481927712,0
14,67,1,1,1,0,0,21,0,13,1,75,86,1,2,0,0,76.8,20.5,11,6.142857142857143,0,2.3,1,9.38,66.3132530120482,0
14,67,1,1,1,0,0,29,1,15,1,78,82,1,0,1,0,78.0,21.5,4,5.857142857142857,2,2.5,1,9.38,64.21686746987953,0
26,64,2,1,1,0,1,28,0,12,1,52,87,1,1,0,0,66.4,32.0,35,3.3461538461538463,2,2.2,2,16.64,58.00000000000001,0
26,64,2,1,1,0,1,27,1,2,1,53,84,1,1,1,0,66.80000000000001,27.0,31,3.230769230769231,2,1.2,2,16.64,56.33734939759037,0
16,66,2,0,2,0,1,29,3,20,0,57,70,1,0,1,0,49.2,26.0,13,4.375,4,3.0,4,10.56,34.57831325301205,0
16,66,2,0,2,0,1,26,1,13,0,82,81,0,2,1,0,59.2,22.5,-1,5.0625,2,1.3,4,10.56,48.144578313253014,0
16,66,2,0,2,0,1,25,3,7,1,66,64,0,2,2,0,62.800000000000004,19.5,-2,4.0,2,0.7000000000000001,4,10.56,40.35341365461848,0
26,79,2,1,0,0,1,25,2,13,1,93,47,1,2,3,0,88.80000000000001,32.5,-46,1.8076923076923077,0,2.3,0,20.54,41.90361445783134,0
26,79,2,1,0,0,1,29,2,20,1,90,75,1,1,1,0,87.6,36.0,-15,2.8846153846153846,1,3.0,0,20.54,65.96385542168674,0
26,79,2,1,0,0,1,27,3,0,0,89,76,1,1,1,0,77.2,26.0,-13,2.923076923076923,1,1.0,0,20.54,58.90763052208836,0
26,79,2,1,0,0,1,25,3,7,0,55,83,0,0,1,0,63.6,29.5,28,3.1923076923076925,2,0.7000000000000001,0,20.54,53.00000000000001,0
12,89,2,0,1,0,1,23,3,9,0,65,42,1,2,3,0,61.6,16.5,-23,3.5,1,1.9,2,10.68,25.97590361445783,0
12,89,2,0,1,0,1,29,0,11,1,93,92,1,1,0,0,82.80000000000001,17.5,-1,7.666666666666667,2,2.1,2,10.68,76.48192771084338,0
12,89,2,0,1,0,1,19,2,19,1,88,96,0,1,0,0,80.80000000000001,21.5,8,8.0,2,1.9000000000000001,2,10.68,77.87951807228917,0
12,89,2,0,1,0,1,29,1,14,0,58,41,1,2,3,0,58.800000000000004,19.0,-17,3.4166666666666665,1,2.4000000000000004,2,10.68,24.204819277108438,0
12,89,2,0,1,0,1,27,2,18,1,55,83,1,2,1,0,67.6,21.0,28,6.916666666666667,1,2.8,2,10.68,56.333333333333336,0
15,75,1,0,0,0,0,23,0,18,0,56,87,0,0,0,0,52.400000000000006,24.0,31,5.8,1,1.8,0,11.25,45.77108433734941,0
11,62,2,1,2,0,0,20,3,3,1,58,73,0,2,1,0,68.0,12.5,15,6.636363636363637,2,0.30000000000000004,4,6.82,49.83935742971888,0
11,62,2,1,2,0,0,19,3,15,0,80,53,1,1,3,0,66.8,18.5,-27,4.818181818181818,3,2.5,4,6.82,35.54618473895582,0
11,62,2,1,2,0,0,26,2,16,0,50,46,0,0,3,0,54.8,19.0,-4,4.181818181818182,4,1.6,4,6.82,25.309236947791163,0
11,62,2,1,2,0,0,28,0,0,0,86,45,1,1,3,0,69.2,11.0,-41,4.090909090909091,3,1.0,4,6.82,31.26506024096386,0
14,69,2,1,0,0,1,20,3,5,1,97,63,1,0,2,0,86.4,16.5,-34,4.5,2,1.5,0,9.66,54.650602409638566,0
14,69,2,1,0,0,1,18,2,20,0,61,49,1,1,3,0,62.0,24.0,-12,3.5,1,3.0,0,9.66,30.50200803212852,0
22,65,0,1,0,0,1,27,1,3,1,66,69,1,2,2,0,72.4,23.5,3,3.1363636363636362,-2,1.3,0,14.3,50.1566265060241,0
22,65,0,1,0,0,1,28,0,15,1,86,48,1,1,3,0,80.4,29.5,-38,2.1818181818181817,-1,2.5,0,14.3,38.746987951807235,0
22,65,1,0,1,0,1,27,1,3,1,66,69,1,2,2,0,62.400000000000006,23.5,3,3.1363636363636362,0,1.3,1,14.3,43.228915662650614,0
22,65,1,0,1,0,1,28,0,15,1,86,48,1,1,3,0,70.4,29.5,-38,2.1818181818181817,1,2.5,1,14.3,33.927710843373504,0
13,61,0,0,0,0,1,21,3,20,1,99,72,1,2,1,1,74.0,23.0,-27,5.538461538461538,-2,3.0,0,7.93,53.49397590361446,0
13,61,0,0,0,0,1,21,2,19,0,55,69,0,2,2,0,46.400000000000006,22.5,14,5.3076923076923075,-2,1.9000000000000001,0,7.93,32.144578313253014,0
13,61,1,1,2,0,1,21,3,20,1,99,72,1,2,1,1,84.0,23.0,-27,5.538461538461538,1,3.0,2,7.93,60.72289156626506,0
13,61,1,1,2,0,1,21,2,19,0,55,69,0,2,2,0,56.400000000000006,22.5,14,5.3076923076923075,1,1.9000000000000001,2,7.93,39.07228915662651,0
15,68,2,0,1,0,0,25,2,1,1,69,66,0,1,2,0,64.80000000000001,15.5,-3,4.4,2,0.1,2,10.200000000000001,42.939759036144586,0
15,68,2,0,1,0,0,25,2,1,0,72,84,1,1,1,0,56.0,15.5,12,5.6,2,1.1,2,10.200000000000001,47.2289156626506,0
15,68,2,0,1,0,0,21,1,4,1,97,89,0,2,0,0,76.0,17.0,-8,5.933333333333334,1,0.4,2,10.200000000000001,67.91164658634538,0
15,68,2,0,1,0,0,23,1,20,1,98,92,1,2,0,0,76.4,25.0,-6,6.133333333333334,1,3.0,2,10.200000000000001,70.570281124498,0
15,68,2,0,1,0,0,24,2,20,1,71,89,1,2,0,0,65.60000000000001,25.0,18,5.933333333333334,1,3.0,2,10.200000000000001,58.61847389558233,0
20,88,2,1,1,0,1,19,0,8,1,98,65,1,0,2,0,94.4,24.0,-33,3.25,3,1.8,2,17.6,61.60642570281125,0
20,88,2,1,1,0,1,26,2,5,1,97,78,0,2,1,0,94.0,22.5,-19,3.9,1,0.5,2,17.6,73.61445783132531,0
20,88,2,1,1,0,1,29,0,7,1,73,62,1,1,2,0,84.4,23.5,-11,3.1,2,1.7000000000000002,2,17.6,52.53815261044177,0
19,98,0,1,1,0,1,22,0,19,1,86,100,1,2,0,0,93.6,28.5,14,5.2631578947368425,-1,2.9000000000000004,0,18.62,93.97590361445783,0
19,98,0,1,1,0,1,23,0,3,1,89,49,1,2,3,0,94.80000000000001,20.5,-40,2.5789473684210527,-1,1.3,0,18.62,46.638554216867476,0
19,98,0,1,1,0,1,25,3,12,0,61,50,1,1,3,0,73.60000000000001,25.0,-11,2.6315789473684212,0,2.2,0,18.62,36.94779116465864,0
19,98,0,1,1,0,1,19,1,5,1,74,65,0,1,2,0,88.80000000000001,21.5,-9,3.4210526315789473,0,0.5,0,18.62,57.951807228915676,0
35,90,1,1,0,0,1,21,1,0,1,55,93,1,2,0,0,78.0,35.0,38,2.657142857142857,-1,1.0,0,31.5,72.83132530120483,0
35,90,1,1,0,0,1,20,3,5,1,89,92,1,1,0,0,91.6,37.5,3,2.6285714285714286,0,1.5,0,31.5,84.61044176706827,0
35,90,1,1,0,0,1,28,3,5,1,78,72,1,2,1,0,87.2,37.5,-6,2.057142857142857,-1,1.5,0,31.5,63.03614457831326,0
17,95,0,1,0,0,0,29,1,1,1,66,94,0,2,0,0,84.4,17.5,28,5.529411764705882,-2,0.1,0,16.15,79.6546184738956,0
17,95,0,1,0,0,0,25,0,10,0,74,81,0,2,1,0,77.6,22.0,7,4.764705882352941,-2,1.0,0,16.15,63.10843373493976,0
17,95,0,1,0,0,0,22,3,18,0,71,88,1,2,0,0,76.4,26.0,17,5.176470588235294,-2,2.8,0,16.15,67.50200803212853,0
23,62,1,0,2,0,1,24,1,15,0,58,98,0,2,0,0,48.0,30.5,40,4.260869565217392,1,1.5,2,14.26,47.22891566265061,0
23,62,1,0,2,0,1,26,0,0,1,93,91,1,0,0,0,72.0,23.0,-2,3.9565217391304346,3,1.0,2,14.26,65.78313253012048,0
22,79,1,0,1,0,0,22,3,11,0,67,99,1,2,0,0,58.400000000000006,27.5,32,4.5,0,2.1,1,17.380000000000003,58.048192771084345,0
22,79,1,0,1,0,0,21,2,5,1,73,47,1,1,3,0,70.80000000000001,24.5,-26,2.1363636363636362,1,1.5,1,17.380000000000003,33.409638554216876,0
22,79,1,0,1,0,0,29,2,2,1,86,47,1,2,3,0,76.0,23.0,-39,2.1363636363636362,0,1.2,1,17.380000000000003,35.863453815261046,0
22,79,1,0,1,0,0,25,1,5,0,94,78,0,2,1,0,69.2,24.5,-16,3.5454545454545454,0,0.5,1,17.380000000000003,54.19277108433736,0
22,79,1,0,1,0,0,27,1,19,1,62,73,1,1,1,0,66.4,31.5,11,3.3181818181818183,1,2.9000000000000004,1,17.380000000000003,48.66666666666667,0
22,79,1,0,1,0,0,29,1,16,0,99,72,1,2,1,0,71.2,30.0,-27,3.272727272727273,0,2.6,1,17.380000000000003,51.4698795180723,0
22,79,1,0,1,0,0,21,3,5,1,52,80,1,0,1,0,62.400000000000006,24.5,28,3.6363636363636362,2,1.5,1,17.380000000000003,50.120481927710856,0
22,79,1,0,1,0,0,26,1,12,1,88,94,0,0,0,0,76.80000000000001,28.0,6,4.2727272727272725,2,1.2000000000000002,1,17.380000000000003,72.4819277108434,0
22,79,1,0,1,0,0,22,2,12,1,65,81,1,2,1,0,67.6,28.0,16,3.6818181818181817,0,2.2,1,17.380000000000003,54.975903614457835,0
20,68,2,1,1,0,0,18,1,13,1,61,42,1,2,3,0,71.60000000000001,26.5,-19,2.1,1,2.3,2,13.600000000000001,30.192771084337355,0
20,68,2,1,1,0,0,23,2,4,1,88,79,1,1,1,0,82.4,22.0,-9,3.95,2,1.4,2,13.600000000000001,65.35742971887551,0
20,68,2,1,1,0,0,27,3,8,0,67,95,1,1,0,0,64.0,24.0,28,4.75,2,1.8,2,13.600000000000001,61.04417670682731,0
20,68,2,1,1,0,0,25,2,16,0,93,44,1,2,3,0,74.4,28.0,-49,2.2,1,2.6,2,13.600000000000001,32.867469879518076,0
20,68,2,1,1,0,0,23,0,0,1,84,97,1,2,0,0,80.80000000000001,20.0,13,4.85,1,1.0,2,13.600000000000001,78.69076305220885,0
15,68,0,1,1,0,1,27,3,4,1,73,46,1,1,3,0,76.4,17.0,-27,3.066666666666667,0,1.4,0,10.200000000000001,35.285140562249,0
18,62,2,1,2,0,1,26,1,3,1,67,70,1,1,1,0,71.6,19.5,3,3.888888888888889,3,1.3,4,11.16,50.321285140562246,0
18,62,2,1,2,0,1,29,0,16,0,88,50,1,1,3,0,70.0,26.0,-38,2.7777777777777777,3,2.6,4,11.16,35.14056224899599,0
22,69,1,0,0,0,0,24,0,5,0,76,85,1,1,0,0,58.0,24.5,9,3.8636363636363638,0,1.5,0,15.18,49.497991967871485,0
22,69,1,0,0,0,0,25,1,17,1,93,98,1,2,0,0,74.80000000000001,30.5,5,4.454545454545454,-1,2.7,0,15.18,73.5983935742972,0
22,69,1,0,0,0,0,23,2,0,1,65,56,0,2,2,0,63.6,22.0,-9,2.5454545454545454,-1,0.0,0,15.18,35.75903614457832,0
26,71,1,1,1,0,0,23,3,3,1,62,64,1,1,2,0,73.2,27.5,2,2.4615384615384617,1,1.3,1,18.46,47.036144578313255,0
26,71,1,1,1,0,0,27,0,3,0,55,71,0,0,1,0,60.400000000000006,27.5,16,2.730769230769231,2,0.30000000000000004,1,18.46,43.0562248995984,0
26,71,1,1,1,0,0,19,3,17,1,61,89,1,2,0,0,72.80000000000001,34.5,28,3.423076923076923,0,2.7,1,18.46,65.05220883534139,0
26,71,1,1,1,0,0,18,1,13,1,50,72,1,1,1,0,68.4,32.5,22,2.769230769230769,1,2.3,1,18.46,49.445783132530124,0
26,71,1,1,1,0,0,28,3,13,0,97,47,1,0,3,0,77.2,32.5,-50,1.8076923076923077,2,2.3,1,18.46,36.42971887550201,0
26,71,1,1,1,0,0,18,1,12,1,60,90,1,2,0,0,72.4,32.0,30,3.4615384615384617,0,2.2,1,18.46,65.42168674698796,0
26,71,1,1,1,0,0,25,3,12,0,57,100,1,2,0,0,61.2,32.0,43,3.8461538461538463,0,2.2,1,18.46,61.44578313253013,0
16,99,1,0,0,0,0,19,0,0,1,55,57,0,2,2,0,71.6,16.0,2,3.5625,-1,0.0,0,15.84,40.97590361445783,0
16,99,1,0,2,0,0,19,0,0,1,55,57,0,2,2,0,71.6,16.0,2,3.5625,1,0.0,2,15.84,40.97590361445783,0
15,82,2,1,2,0,1,22,2,1,1,97,55,1,2,2,0,91.60000000000001,15.5,-42,3.6666666666666665,2,1.1,4,12.299999999999999,50.582329317269085,0
15,82,2,1,2,0,1,26,1,14,1,80,51,1,1,3,0,84.80000000000001,22.0,-29,3.4,3,2.4000000000000004,4,12.299999999999999,43.42168674698796,0
15,82,2,1,2,0,1,24,1,15,1,67,90,0,2,0,0,79.60000000000001,22.5,23,6.0,2,1.5,4,12.299999999999999,71.9277108433735,0
15,82,2,1,2,0,1,27,3,17,0,75,90,1,1,0,0,72.80000000000001,23.5,15,6.0,3,2.7,4,12.299999999999999,65.7831325301205,0
15,82,2,1,2,0,1,25,2,6,1,81,49,0,1,3,0,85.2,18.0,-32,3.2666666666666666,3,0.6000000000000001,4,12.299999999999999,41.915662650602414,0
21,66,1,0,0,0,1,21,2,16,0,68,72,0,2,1,0,53.60000000000001,29.0,4,3.4285714285714284,-1,1.6,0,13.860000000000001,38.74698795180724,0
9,61,1,1,0,0,1,25,1,3,0,70,83,1,1,1,0,62.400000000000006,10.5,13,9.222222222222221,0,1.3,0,5.49,52.000000000000014,0
30,66,2,0,0,0,1,23,2,0,1,55,63,1,2,2,0,58.400000000000006,30.0,8,2.1,0,1.0,0,19.8,36.939759036144586,0
16,77,0,1,1,0,1,26,2,2,1,95,51,0,1,3,0,88.8,17.0,-44,3.1875,0,0.2,0,12.32,45.46987951807229,0
29,100,1,1,1,0,0,24,3,20,0,87,56,1,2,2,0,84.80000000000001,39.0,-31,1.9310344827586208,0,3.0,1,29.0,47.67871485943776,0
29,100,1,1,1,0,0,21,1,20,1,90,69,0,2,2,0,96.0,39.0,-21,2.3793103448275863,0,2.0,1,29.0,66.50602409638554,0
27,80,1,0,2,0,1,29,3,11,0,84,52,1,2,3,0,65.6,32.5,-32,1.9259259259259258,1,2.1,2,21.6,34.24899598393574,0
18,77,2,1,2,0,0,18,2,19,0,80,56,1,1,2,0,72.8,27.5,-24,3.111111111111111,3,2.9000000000000004,4,13.86,40.93172690763052,0
18,77,2,1,2,0,0,20,1,6,0,73,41,0,2,3,0,70.0,21.0,-32,2.2777777777777777,2,0.6000000000000001,4,13.86,28.81526104417671,0
18,77,2,1,2,0,0,27,2,8,0,70,95,0,2,0,0,68.8,22.0,25,5.277777777777778,2,0.8,4,13.86,65.62248995983936,0
29,99,1,1,2,0,1,22,2,12,0,90,78,1,1,1,0,85.6,35.0,-12,2.689655172413793,2,2.2,2,28.71,67.03614457831326,0
29,99,1,1,2,0,1,22,2,17,1,96,85,0,1,0,0,98.0,37.5,-11,2.9310344827586206,2,1.7000000000000002,2,28.71,83.63453815261045,0
25,87,2,1,0,0,0,27,2,0,1,97,94,1,2,0,0,93.60000000000001,25.0,-3,3.76,0,1.0,0,21.75,88.33734939759037,0
25,87,2,1,0,0,0,23,3,16,1,51,74,0,1,1,0,75.2,33.0,23,2.96,1,1.6,0,21.75,55.871485943775106,0
22,92,1,1,0,0,0,26,3,18,0,91,71,1,0,1,0,83.2,31.0,-20,3.227272727272727,1,2.8,0,20.240000000000002,59.30923694779117,0
23,65,2,0,0,0,1,20,0,12,1,75,96,1,1,0,0,66.0,29.0,21,4.173913043478261,1,2.2,0,14.950000000000001,63.6144578313253,0
23,65,2,0,0,0,1,24,3,17,1,95,73,1,0,1,1,74.0,31.5,-22,3.1739130434782608,2,2.7,0,14.950000000000001,54.23694779116466,0
23,65,2,0,0,0,1,29,3,14,1,77,42,0,1,3,0,66.8,30.0,-35,1.826086956521739,1,1.4000000000000001,0,14.950000000000001,28.168674698795183,0
23,65,1,0,2,0,1,20,0,12,1,75,96,1,1,0,0,66.0,29.0,21,4.173913043478261,2,2.2,2,14.950000000000001,63.6144578313253,0
23,65,1,0,2,0,1,24,3,17,1,95,73,1,0,1,1,74.0,31.5,-22,3.1739130434782608,3,2.7,2,14.950000000000001,54.23694779116466,0
23,65,1,0,2,0,1,29,3,14,1,77,42,0,1,3,0,66.8,30.0,-35,1.826086956521739,2,1.4000000000000001,2,14.950000000000001,28.168674698795183,0
9,76,2,0,0,0,1,28,0,2,0,86,97,0,1,0,0,64.8,10.0,11,10.777777777777779,1,0.2,0,6.84,63.10843373493976,0
9,76,2,0,0,0,1,19,1,16,1,95,61,1,1,2,0,78.4,17.0,-34,6.777777777777778,1,2.6,0,6.84,48.01606425702812,0
28,84,1,1,1,0,0,23,2,17,1,90,62,1,2,2,0,89.6,36.5,-28,2.2142857142857144,0,2.7,1,23.52,55.77510040160642,0
24,79,2,0,2,0,1,28,3,4,1,85,85,1,2,0,0,75.6,26.0,0,3.5416666666666665,2,1.4,4,18.96,64.51807228915662,0
30,71,1,1,2,0,1,20,0,2,0,81,93,1,2,0,0,70.8,31.0,12,3.1,1,1.2,2,21.299999999999997,66.10843373493975,0
30,71,1,1,2,0,1,20,0,10,0,53,51,1,2,3,0,59.60000000000001,35.0,-2,1.7,1,2.0,2,21.299999999999997,30.51807228915663,0
29,94,1,1,1,0,1,23,0,12,0,50,57,1,2,2,0,67.6,35.0,7,1.9655172413793103,0,2.2,1,27.259999999999998,38.68674698795181,0
29,94,1,1,1,0,1,24,0,4,1,97,44,1,1,3,0,96.4,31.0,-53,1.5172413793103448,1,1.4,1,27.259999999999998,42.58634538152611,0
29,94,1,1,1,0,1,23,2,20,1,98,65,1,2,2,0,96.80000000000001,39.0,-33,2.2413793103448274,0,3.0,1,27.259999999999998,63.17269076305222,0
25,95,1,1,2,0,1,25,2,10,1,92,43,1,1,3,0,94.80000000000001,30.0,-49,1.72,2,2.0,2,23.75,40.927710843373504,0
25,95,1,1,2,0,1,28,2,0,1,65,43,1,1,3,0,84.0,25.0,-22,1.72,2,1.0,2,23.75,36.265060240963855,0
25,95,1,1,2,0,1,20,0,19,0,98,95,1,2,0,0,87.2,34.5,-3,3.8,1,2.9000000000000004,2,23.75,83.17269076305222,0
15,65,0,1,1,0,0,25,1,15,0,96,90,1,0,0,1,74.4,22.5,-6,6.0,1,2.5,0,9.75,67.2289156626506,0
15,65,0,1,1,0,0,25,0,16,1,65,90,0,2,0,0,72.0,23.0,25,6.0,-1,1.6,0,9.75,65.06024096385542,0
15,65,0,1,1,0,0,21,3,1,1,86,62,0,1,2,0,80.4,15.5,-24,4.133333333333334,0,0.1,0,9.75,50.048192771084345,0
20,62,0,1,2,0,0,21,1,1,1,64,99,0,0,0,0,70.4,20.5,35,4.95,2,0.1,0,12.4,69.97590361445785,0
20,62,1,1,1,0,0,21,1,1,1,64,99,0,0,0,0,70.4,20.5,35,4.95,2,0.1,1,12.4,69.97590361445785,0
14,74,1,1,2,0,1,23,3,18,1,77,56,0,0,2,0,80.4,23.0,-21,4.0,3,1.8,2,10.36,45.20481927710844,0
23,72,2,1,1,0,1,25,2,17,0,89,61,0,2,2,0,74.4,31.5,-28,2.652173913043478,1,1.7000000000000002,2,16.56,45.566265060240966,0
23,72,2,1,1,0,1,19,2,20,1,50,94,1,2,0,0,68.8,33.0,44,4.086956521739131,1,3.0,2,16.56,64.93172690763052,0
23,72,2,1,1,0,1,21,0,7,1,66,46,1,0,3,0,75.2,26.5,-20,2.0,3,1.7000000000000002,2,16.56,34.73092369477912,0
23,72,2,1,1,0,1,25,0,17,0,53,46,0,1,3,0,60.0,31.5,-7,2.0,2,1.7000000000000002,2,16.56,27.71084337349398,0
28,73,1,1,0,0,0,26,1,6,1,88,72,1,2,1,0,84.4,31.0,-16,2.5714285714285716,-1,1.6,0,20.439999999999998,61.01204819277109,0
11,73,1,0,1,0,1,19,3,3,0,91,73,0,2,1,0,65.6,12.5,-18,6.636363636363637,0,0.30000000000000004,1,8.03,48.08032128514056,0
11,73,1,0,1,0,1,27,3,15,1,67,88,1,1,0,0,66.0,18.5,21,8.0,1,2.5,1,8.03,58.31325301204819,0
11,73,2,0,1,0,1,19,3,3,0,91,73,0,2,1,0,65.6,12.5,-18,6.636363636363637,1,0.30000000000000004,2,8.03,48.08032128514056,0
11,73,2,0,1,0,1,27,3,15,1,67,88,1,1,0,0,66.0,18.5,21,8.0,2,2.5,2,8.03,58.31325301204819,0
25,67,2,1,1,0,1,27,2,12,0,84,92,1,0,0,0,70.4,31.0,8,3.68,3,2.2,2,16.75,65.02811244979921,0
25,67,2,1,1,0,1,20,3,0,0,57,70,1,2,1,0,59.6,25.0,13,2.8,1,1.0,2,16.75,41.88755020080321,0
25,67,2,1,1,0,1,21,3,12,1,92,91,0,1,0,0,83.60000000000001,31.0,-1,3.64,2,1.2000000000000002,2,16.75,76.38152610441769,0
25,67,2,1,1,0,1,24,3,13,0,88,98,1,2,0,0,72.0,31.5,10,3.92,1,2.3,2,16.75,70.8433734939759,0
27,90,1,0,0,0,1,22,2,18,1,91,82,1,1,1,0,82.4,36.0,-9,3.037037037037037,0,2.8,0,24.3,67.83935742971889,0
27,90,1,0,0,0,1,22,3,8,1,91,77,1,2,1,0,82.4,31.0,-14,2.8518518518518516,-1,1.8,0,24.3,63.70281124497993,0
27,90,1,0,0,0,1,21,3,1,0,75,79,0,2,1,0,66.0,27.5,4,2.925925925925926,-1,0.1,0,24.3,52.34939759036145,0
32,86,1,1,1,0,1,22,3,11,1,60,69,1,1,2,0,78.4,37.5,9,2.15625,1,2.1,1,27.52,54.3132530120482,0
32,86,1,1,1,0,1,23,1,9,0,70,75,1,2,1,0,72.4,36.5,5,2.34375,0,1.9,1,27.52,54.51807228915663,0
19,96,0,1,1,0,1,25,1,11,0,64,96,1,1,0,0,74.0,24.5,32,5.052631578947368,0,2.1,0,18.24,71.32530120481928,0
26,72,1,0,1,0,1,29,1,11,1,75,97,1,2,0,0,68.8,31.5,22,3.730769230769231,0,2.1,1,18.72,67.00401606425703,0
26,72,1,0,1,0,1,28,1,18,1,77,65,0,1,2,0,69.6,35.0,-12,2.5,1,1.8,1,18.72,45.42168674698795,0
19,70,1,1,2,0,0,20,1,9,1,90,47,1,0,3,0,84.0,23.5,-43,2.473684210526316,3,1.9,2,13.299999999999999,39.63855421686747,0
26,84,1,1,1,0,0,20,0,12,0,79,75,1,0,1,0,75.2,32.0,-4,2.8846153846153846,2,2.2,1,21.84,56.62650602409639,0
26,84,1,1,1,0,0,22,3,17,1,63,49,1,2,3,0,78.80000000000001,34.5,-14,1.8846153846153846,0,2.7,1,21.84,38.76706827309238,0
26,84,1,1,1,0,0,26,2,1,0,75,94,1,2,0,0,73.6,26.5,19,3.6153846153846154,0,1.1,1,21.84,69.46184738955823,0
19,69,2,1,1,0,0,24,2,3,1,78,63,1,2,2,0,78.80000000000001,20.5,-15,3.3157894736842106,1,1.3,2,13.11,49.84337349397592,0
19,69,2,1,1,0,0,19,2,4,0,79,100,1,2,0,0,69.2,21.0,21,5.2631578947368425,1,1.4,2,13.11,69.47791164658635,0
21,61,1,1,2,0,0,28,0,13,1,52,70,0,1,1,0,65.2,27.5,18,3.3333333333333335,2,1.3,2,12.81,45.82329317269077,0
21,61,1,1,2,0,0,27,1,14,0,76,80,1,0,1,0,64.80000000000001,28.0,4,3.8095238095238093,3,2.4000000000000004,2,12.81,52.048192771084345,0
26,82,2,0,1,0,0,29,2,4,0,67,78,0,1,1,0,59.60000000000001,28.0,11,3.0,2,0.4,2,21.32,46.67469879518073,0
26,82,2,0,1,0,0,18,1,0,0,50,46,1,0,3,0,52.800000000000004,26.0,-4,1.7692307692307692,3,1.0,2,21.32,24.3855421686747,0
23,85,2,0,2,0,0,29,1,8,1,57,89,0,1,0,0,66.8,27.0,32,3.869565217391304,3,0.8,4,19.55,59.69076305220884,0
23,85,2,0,2,0,0,24,1,13,0,71,69,1,1,2,0,62.400000000000006,29.5,-2,3.0,3,2.3,4,19.55,43.228915662650614,0
30,94,0,0,0,0,0,18,0,9,0,87,80,1,2,1,0,72.4,34.5,-7,2.6666666666666665,-2,1.9,0,28.2,58.152610441767074,0
30,94,0,0,0,0,0,29,1,20,1,93,61,0,1,2,0,84.80000000000001,40.0,-32,2.033333333333333,-1,2.0,0,28.2,51.93574297188756,0
16,97,1,0,0,0,0,18,1,14,1,60,93,1,1,0,0,72.80000000000001,23.0,33,5.8125,0,2.4000000000000004,0,15.52,67.97590361445785,0
16,97,1,0,0,0,0,24,1,5,1,53,74,0,1,1,0,70.0,18.5,21,4.625,0,0.5,0,15.52,52.00803212851406,0
16,97,1,0,0,0,0,24,0,11,1,97,61,1,2,2,0,87.60000000000001,21.5,-36,3.8125,-1,2.1,0,15.52,53.650602409638566,0
18,94,1,1,1,0,0,27,2,4,0,72,43,1,0,3,0,76.4,20.0,-29,2.388888888888889,2,1.4,1,16.919999999999998,32.983935742971894,0
18,94,1,1,1,0,0,20,2,8,1,87,58,1,2,2,0,92.4,22.0,-29,3.2222222222222223,0,1.8,1,16.919999999999998,53.807228915662655,0
19,65,2,1,1,0,0,18,2,5,1,75,60,0,2,2,0,76.0,21.5,-15,3.1578947368421053,1,0.5,2,12.35,45.78313253012048,0
9,73,0,1,1,0,1,21,1,15,1,85,89,1,1,0,0,83.2,16.5,4,9.88888888888889,0,2.5,0,6.57,74.34538152610442,0
9,73,0,1,1,0,1,18,1,5,1,90,64,1,2,2,0,85.2,11.5,-26,7.111111111111111,-1,1.5,0,6.57,54.746987951807235,0
9,73,0,1,1,0,1,25,3,5,0,65,56,0,0,2,0,65.2,11.5,-9,6.222222222222222,1,0.5,0,6.57,36.65863453815261,0
28,91,1,1,1,0,0,28,3,11,0,50,52,1,0,3,0,66.4,33.5,2,1.8571428571428572,2,2.1,1,25.48,34.66666666666667,0
28,91,1,1,1,0,0,19,0,7,0,73,94,1,1,0,0,75.6,31.5,21,3.357142857142857,1,1.7000000000000002,1,25.48,71.34939759036145,0
13,79,1,0,1,0,1,21,3,5,1,69,61,1,1,2,0,69.2,15.5,-8,4.6923076923076925,1,1.5,1,10.27,42.381526104417674,0
23,76,1,0,0,0,1,22,2,14,0,91,90,0,1,0,0,66.8,30.0,-1,3.9130434782608696,0,1.4000000000000001,0,17.48,60.36144578313253,0
23,99,2,0,1,0,1,23,0,17,1,63,74,0,2,1,0,74.80000000000001,31.5,11,3.217391304347826,1,1.7000000000000002,2,22.77,55.57429718875503,0
23,99,2,0,1,0,1,18,3,10,1,55,93,1,0,0,0,71.6,28.0,38,4.043478260869565,3,2.0,2,22.77,66.85542168674698,0
30,96,2,1,1,0,1,26,2,20,0,93,85,1,1,0,0,85.60000000000001,40.0,-8,2.8333333333333335,2,3.0,2,28.799999999999997,73.05220883534137,0
30,96,2,1,1,0,1,23,1,3,0,100,75,1,2,1,0,88.4,31.5,-25,2.5,1,1.3,2,28.799999999999997,66.56626506024098,0
30,96,2,1,1,0,1,29,2,17,1,97,54,1,0,3,0,97.20000000000002,38.5,-43,1.8,3,2.7,2,28.799999999999997,52.698795180722904,0
30,96,2,1,1,0,1,29,2,7,0,75,44,0,1,3,0,78.4,33.5,-31,1.4666666666666666,2,0.7000000000000001,2,28.799999999999997,34.634538152610446,0
30,96,2,1,1,0,1,26,2,18,1,96,84,0,2,1,0,96.80000000000001,39.0,-12,2.8,1,1.8,2,28.799999999999997,81.63855421686749,0
30,96,2,1,1,0,1,19,3,16,1,67,60,0,2,2,0,85.2,38.0,-7,2.0,1,1.6,2,28.799999999999997,51.32530120481928,0
30,96,0,1,2,0,1,26,2,20,0,93,85,1,1,0,0,85.60000000000001,40.0,-8,2.8333333333333335,1,3.0,0,28.799999999999997,73.05220883534137,0
30,96,0,1,2,0,1,23,1,3,0,100,75,1,2,1,0,88.4,31.5,-25,2.5,0,1.3,0,28.799999999999997,66.56626506024098,0
30,96,0,1,2,0,1,29,2,17,1,97,54,1,0,3,0,97.20000000000002,38.5,-43,1.8,2,2.7,0,28.799999999999997,52.698795180722904,0
30,96,0,1,2,0,1,29,2,7,0,75,44,0,1,3,0,78.4,33.5,-31,1.4666666666666666,1,0.7000000000000001,0,28.799999999999997,34.634538152610446,0
30,96,0,1,2,0,1,26,2,18,1,96,84,0,2,1,0,96.80000000000001,39.0,-12,2.8,0,1.8,0,28.799999999999997,81.63855421686749,0
30,96,0,1,2,0,1,19,3,16,1,67,60,0,2,2,0,85.2,38.0,-7,2.0,0,1.6,0,28.799999999999997,51.32530120481928,0
17,89,0,1,1,0,0,26,2,14,0,56,97,1,2,0,0,68.0,24.0,41,5.705882352941177,-1,2.4000000000000004,0,15.13,66.22489959839358,0
21,62,2,1,0,0,0,28,2,13,0,97,94,1,1,0,1,73.60000000000001,27.5,-3,4.476190476190476,1,2.3,0,13.02,69.46184738955824,0
19,61,0,1,0,0,0,28,1,10,0,74,43,1,2,3,0,64.0,24.0,-31,2.263157894736842,-2,2.0,0,11.59,27.630522088353413,0
19,61,0,1,0,0,0,21,2,17,1,71,42,1,1,3,0,72.80000000000001,27.5,-29,2.210526315789474,-1,2.7,0,11.59,30.6987951807229,0
19,61,1,1,0,0,0,28,1,10,0,74,43,1,2,3,0,64.0,24.0,-31,2.263157894736842,-1,2.0,0,11.59,27.630522088353413,0
19,61,1,1,0,0,0,21,2,17,1,71,42,1,1,3,0,72.80000000000001,27.5,-29,2.210526315789474,0,2.7,0,11.59,30.6987951807229,0
22,88,1,0,1,0,1,20,3,17,1,50,45,1,2,3,0,65.2,30.5,-5,2.0454545454545454,0,2.7,1,19.36,29.457831325301207,0
22,88,1,0,1,0,1,18,3,5,0,100,92,1,2,0,0,75.2,24.5,-8,4.181818181818182,0,1.5,1,19.36,69.46184738955824,0
22,88,1,0,1,0,1,27,0,8,1,75,46,0,0,3,0,75.2,26.0,-29,2.090909090909091,2,0.8,1,19.36,34.73092369477912,0
22,88,1,0,1,0,1,21,2,1,0,70,50,1,1,3,0,63.2,22.5,-20,2.272727272727273,1,1.1,1,19.36,31.726907630522096,0
18,83,2,1,0,0,0,22,3,18,0,92,99,0,2,0,0,80.0,27.0,7,5.5,0,1.8,0,14.94,79.51807228915662,0
18,83,2,1,0,0,0,28,1,14,1,55,43,1,2,3,0,75.2,25.0,-12,2.388888888888889,0,2.4000000000000004,0,14.94,32.46586345381527,0
18,83,2,1,0,0,0,19,3,4,1,73,48,0,2,3,0,82.4,20.0,-25,2.6666666666666665,0,0.4,0,14.94,39.71084337349398,0
24,93,1,1,1,0,0,19,0,19,1,59,63,1,2,2,0,80.80000000000001,33.5,4,2.625,0,2.9000000000000004,1,22.32,51.10843373493977,0
24,93,1,1,1,0,0,23,3,4,0,67,73,1,2,1,0,74.0,26.0,6,3.0416666666666665,0,1.4,1,22.32,54.23694779116466,0
22,96,2,0,1,0,1,19,0,20,1,68,72,1,1,1,0,75.60000000000001,32.0,4,3.272727272727273,2,3.0,2,21.119999999999997,54.650602409638566,0
22,96,2,0,1,0,1,20,0,2,0,67,41,1,2,3,0,65.2,23.0,-26,1.8636363636363635,1,1.2,2,21.119999999999997,26.839357429718877,0
15,99,2,1,2,0,1,27,0,2,1,89,81,1,2,1,0,95.2,16.0,-8,5.4,2,1.2,4,14.85,77.42168674698796,0
15,99,2,1,2,0,1,29,0,10,1,61,48,1,1,3,0,84.0,20.0,-13,3.2,3,2.0,4,14.85,40.48192771084338,0
15,99,2,1,2,0,1,21,1,13,1,62,61,0,0,2,0,84.4,21.5,-1,4.066666666666666,4,1.3,4,14.85,51.690763052208844,0
10,67,1,0,1,0,1,24,0,17,0,96,98,0,2,0,0,65.2,18.5,2,9.8,0,1.7000000000000002,1,6.7,64.15261044176707,0
10,67,1,0,1,0,1,24,0,9,1,78,73,0,2,1,0,68.0,14.5,-5,7.3,0,0.9,1,6.7,49.83935742971888,0
25,99,2,0,0,0,0,27,1,18,1,54,76,0,1,1,0,71.2,34.0,22,3.04,1,1.8,0,24.75,54.32931726907631,0
25,99,2,0,0,0,0,19,2,0,1,61,74,1,1,1,0,74.0,25.0,13,2.96,1,1.0,0,24.75,54.979919678714865,0
25,99,2,0,0,0,0,25,2,9,0,55,93,1,0,0,0,61.6,29.5,38,3.72,2,1.9,0,24.75,57.51807228915663,0
25,99,2,0,0,0,0,27,2,7,0,87,90,1,2,0,0,74.4,28.5,3,3.6,0,1.7000000000000002,0,24.75,67.2289156626506,0
22,91,1,1,1,0,0,23,1,17,1,68,52,0,1,3,0,83.6,30.5,-16,2.3636363636363638,1,1.7000000000000002,1,20.02,43.64658634538153,0
22,91,1,1,1,0,0,20,0,11,0,64,98,1,1,0,0,72.0,27.5,34,4.454545454545454,1,2.1,1,20.02,70.8433734939759,0
17,76,1,0,0,0,1,24,3,5,1,53,47,0,0,3,0,61.60000000000001,19.5,-6,2.764705882352941,1,0.5,0,12.92,29.068273092369484,0
24,94,0,1,2,0,0,19,2,0,1,67,46,0,1,3,0,84.4,24.0,-21,1.9166666666666667,1,0.0,0,22.56,38.979919678714865,0
24,94,0,1,2,0,0,25,0,8,0,76,66,1,1,2,0,78.0,28.0,-10,2.75,1,1.8,0,22.56,51.686746987951814,0
24,94,0,1,2,0,0,27,1,1,0,81,40,0,1,3,0,80.0,24.5,-41,1.6666666666666667,1,0.1,0,22.56,32.1285140562249,0
6,65,2,0,1,0,1,26,3,17,0,98,78,1,0,1,1,65.2,14.5,-20,13.0,3,2.7,2,3.9000000000000004,51.06024096385543,0
6,65,2,0,1,0,1,29,2,2,1,92,40,1,2,3,0,72.80000000000001,7.0,-52,6.666666666666667,1,1.2,2,3.9000000000000004,29.236947791164667,0
11,85,0,0,0,0,0,29,1,6,1,61,83,1,0,1,0,68.4,14.0,22,7.545454545454546,0,1.6,0,9.35,57.00000000000001,0
11,85,0,0,0,0,0,18,3,0,1,50,90,1,2,0,0,64.0,11.0,40,8.181818181818182,-2,1.0,0,9.35,57.83132530120482,0
15,69,1,1,0,0,1,24,1,19,1,96,78,1,2,1,0,86.0,24.5,-18,5.2,-1,2.9000000000000004,0,10.35,67.34939759036145,0
15,69,1,1,0,0,1,23,3,16,1,56,100,1,1,0,0,70.0,23.0,44,6.666666666666667,0,2.6,0,10.35,70.28112449799198,0
13,84,1,0,0,0,0,24,2,10,0,76,93,1,2,0,0,64.0,18.0,17,7.153846153846154,-1,2.0,0,10.92,59.75903614457831,0
18,72,1,1,2,0,0,26,0,5,0,63,47,1,0,3,0,64.0,20.5,-16,2.611111111111111,3,1.5,2,12.959999999999999,30.200803212851405,0
18,72,1,1,2,0,0,22,0,11,1,79,63,0,2,2,0,80.4,23.5,-16,3.5,1,1.1,2,12.959999999999999,50.855421686747,0
10,79,1,0,2,0,0,23,0,0,0,53,69,1,1,2,0,52.800000000000004,10.0,16,6.9,2,1.0,2,7.9,36.57831325301205,0
10,79,1,0,2,0,0,21,1,1,0,55,76,1,2,1,0,53.6,10.5,21,7.6,1,1.1,2,7.9,40.8995983935743,0
10,79,1,0,2,0,0,19,3,9,1,97,79,1,2,1,0,80.4,14.5,-18,7.9,1,1.9,2,7.9,63.77108433734941,0
28,72,1,1,0,0,1,18,2,20,0,55,68,0,1,2,0,60.8,38.0,13,2.4285714285714284,0,2.0,0,20.16,41.510040160642575,0
28,72,1,1,0,0,1,20,0,17,0,81,76,0,2,1,0,71.2,36.5,-5,2.7142857142857144,-1,1.7000000000000002,0,20.16,54.32931726907631,0
28,72,1,1,0,0,1,19,3,9,1,93,97,0,2,0,0,86.0,32.5,4,3.4642857142857144,-1,0.9,0,20.16,83.75502008032129,0
28,72,1,1,0,0,1,21,3,17,1,91,59,1,0,2,0,85.2,36.5,-32,2.107142857142857,1,2.7,0,20.16,50.4698795180723,0
11,99,2,1,2,0,1,18,0,19,0,88,73,0,1,1,0,84.80000000000001,20.5,-15,6.636363636363637,3,1.9000000000000001,4,10.89,62.15261044176708,0
19,74,0,1,1,0,1,27,2,9,0,65,67,1,2,2,0,65.6,23.5,2,3.526315789473684,-1,1.9,0,14.06,44.1285140562249,0
19,74,0,1,1,0,1,20,1,18,1,85,83,1,1,1,0,83.6,28.0,-2,4.368421052631579,0,2.8,0,14.06,69.66666666666667,0
19,74,0,1,2,0,1,27,2,9,0,65,67,1,2,2,0,65.6,23.5,2,3.526315789473684,0,1.9,0,14.06,44.1285140562249,0
19,74,0,1,2,0,1,20,1,18,1,85,83,1,1,1,0,83.6,28.0,-2,4.368421052631579,1,2.8,0,14.06,69.66666666666667,0
11,75,2,1,1,0,1,29,2,10,0,77,93,1,0,0,0,70.8,16.0,16,8.454545454545455,3,2.0,2,8.25,66.10843373493975,0
16,68,1,1,1,0,1,28,3,2,1,50,96,1,2,0,0,67.2,17.0,46,6.0,0,1.2,1,10.88,64.77108433734941,0
16,68,1,1,1,0,1,24,1,15,1,60,76,0,1,1,0,71.2,23.5,16,4.75,1,1.5,1,10.88,54.32931726907631,0
16,68,1,1,1,0,1,18,0,17,1,68,46,1,1,3,0,74.4,24.5,-22,2.875,1,2.7,1,10.88,34.36144578313253,0
16,68,1,1,1,0,1,21,1,0,1,82,45,0,1,3,0,80.0,16.0,-37,2.8125,1,0.0,1,10.88,36.144578313253014,0
16,68,1,1,1,0,1,20,1,8,1,96,66,1,2,2,0,85.60000000000001,20.0,-30,4.125,0,1.8,1,10.88,56.72289156626507,0
22,68,2,1,1,0,1,25,3,6,0,75,88,0,2,0,0,67.2,25.0,13,4.0,1,0.6000000000000001,2,14.96,59.37349397590362,0
23,90,2,1,2,0,1,28,3,10,0,86,95,0,2,0,0,80.4,28.0,9,4.130434782608695,2,1.0,4,20.7,76.68674698795182,0
23,90,2,1,2,0,1,18,1,9,0,70,41,0,2,3,0,74.0,27.5,-29,1.7826086956521738,2,0.9,4,20.7,30.461847389558233,0
23,90,2,1,2,0,1,28,0,0,1,93,44,1,1,3,0,93.2,23.0,-49,1.9130434782608696,3,1.0,4,20.7,41.172690763052216,0
23,90,2,1,2,0,1,25,3,20,1,74,62,1,1,2,0,85.6,33.0,-12,2.6956521739130435,3,3.0,4,20.7,53.285140562249,0
11,82,1,1,1,0,0,29,2,9,1,92,49,0,2,3,0,89.60000000000001,15.5,-43,4.454545454545454,0,0.9,1,9.02,44.08032128514056,0
11,82,1,1,1,0,0,23,3,14,0,87,59,1,2,2,0,77.60000000000001,18.0,-28,5.363636363636363,0,2.4000000000000004,1,9.02,45.96787148594378,0
29,85,1,1,2,0,1,28,3,16,1,89,71,1,2,1,0,89.6,37.0,-18,2.4482758620689653,1,2.6,2,24.65,63.8714859437751,0
29,85,1,1,2,0,1,22,0,17,1,94,50,1,2,3,0,91.6,37.5,-44,1.7241379310344827,1,2.7,2,24.65,45.98393574297189,0
29,85,1,1,2,0,1,22,2,15,0,81,100,1,2,0,0,76.4,36.5,19,3.4482758620689653,1,2.5,2,24.65,76.70682730923696,0
18,79,1,0,1,0,0,23,1,12,0,63,65,1,1,2,0,56.800000000000004,24.0,2,3.611111111111111,1,2.2,1,14.22,37.06827309236949,0
18,79,1,0,1,0,0,22,0,14,1,91,89,1,2,0,0,78.0,25.0,-2,4.944444444444445,0,2.4000000000000004,1,14.22,69.6987951807229,0
18,79,1,0,1,0,0,21,1,8,1,71,70,1,0,1,0,70.0,22.0,-1,3.888888888888889,2,1.8,1,14.22,49.19678714859438,0
29,93,1,1,1,0,1,18,1,4,1,80,70,1,0,1,0,89.2,31.0,-10,2.413793103448276,2,1.4,1,26.970000000000002,62.69076305220884,0
29,93,1,1,1,0,1,19,2,4,1,74,75,1,1,1,0,86.80000000000001,31.0,1,2.586206896551724,1,1.4,1,26.970000000000002,65.36144578313254,0
12,84,2,1,1,0,1,28,0,4,0,51,100,1,0,0,0,64.0,14.0,49,8.333333333333334,3,1.4,2,10.08,64.2570281124498,0
12,84,2,0,2,0,1,28,0,4,0,51,100,1,0,0,0,54.0,14.0,49,8.333333333333334,4,1.4,4,10.08,54.216867469879524,0
20,93,1,1,0,0,0,23,2,18,0,78,64,1,1,2,0,78.4,29.0,-14,3.2,0,2.8,0,18.6,50.37751004016065,0
20,93,1,1,0,0,0,29,3,10,1,87,77,1,1,1,0,92.0,25.0,-10,3.85,0,2.0,0,18.6,71.12449799196787,0
20,93,1,1,0,0,0,23,1,2,0,77,48,1,2,3,0,78.0,21.0,-29,2.4,-1,1.2,0,18.6,37.59036144578314,0
20,93,1,1,0,0,0,29,2,19,1,75,46,0,2,3,0,87.2,29.5,-29,2.3,-1,1.9000000000000001,0,18.6,40.273092369477915,0
20,95,0,1,0,0,1,18,3,20,1,61,92,1,0,0,0,82.4,30.0,31,4.6,0,3.0,0,19.0,76.1124497991968,0
20,95,0,1,0,0,1,22,2,19,1,55,86,1,0,0,0,80.0,29.5,31,4.3,0,2.9000000000000004,0,19.0,69.07630522088354,0
16,72,0,0,1,0,0,29,3,15,0,68,82,1,1,1,0,56.0,23.5,14,5.125,0,2.5,0,11.52,46.10441767068273,0
16,72,0,0,1,0,0,18,0,9,0,53,97,1,1,0,0,50.0,20.5,44,6.0625,0,1.9,0,11.52,48.69477911646587,0
16,72,0,0,1,0,0,21,2,14,1,86,73,1,2,1,0,73.2,23.0,-13,4.5625,-1,2.4000000000000004,0,11.52,53.65060240963856,0
27,69,2,1,1,0,0,18,0,10,1,75,78,1,2,1,0,77.6,32.0,3,2.888888888888889,1,2.0,2,18.63,60.7710843373494,0
27,69,2,1,1,0,0,21,3,5,1,55,91,1,2,0,0,69.6,29.5,36,3.3703703703703702,1,1.5,2,18.63,63.59036144578314,0
32,84,1,1,1,0,1,18,1,10,1,96,55,1,2,2,0,92.0,37.0,-41,1.71875,0,2.0,1,26.88,50.803212851405625,0
14,84,2,0,1,0,0,18,0,3,1,99,40,1,2,3,0,83.2,15.5,-59,2.857142857142857,1,1.3,2,11.76,33.4136546184739,0
14,61,1,0,0,0,0,29,3,4,0,80,81,0,1,1,0,56.400000000000006,16.0,1,5.785714285714286,0,0.4,0,8.54,45.867469879518076,0
14,61,1,0,0,0,0,21,1,12,1,57,86,1,1,0,0,57.2,20.0,29,6.142857142857143,0,2.2,0,8.54,49.38955823293173,0
15,74,2,0,0,0,1,18,0,7,1,87,64,0,2,2,0,74.4,18.5,-23,4.266666666666667,0,0.7000000000000001,0,11.1,47.807228915662655,0
15,74,2,0,0,0,1,18,1,14,0,93,61,1,1,2,0,66.80000000000001,22.0,-32,4.066666666666666,1,2.4000000000000004,0,11.1,40.91164658634539,0
12,98,0,1,1,0,0,22,1,18,1,73,72,1,1,1,0,88.4,21.0,-1,6.0,0,2.8,0,11.76,63.90361445783134,0
12,98,0,1,1,0,0,22,1,7,0,83,45,0,0,3,0,82.4,15.5,-38,3.75,1,0.7000000000000001,0,11.76,37.22891566265061,0
12,98,0,1,1,0,0,20,0,11,1,81,44,1,2,3,0,91.6,17.5,-37,3.6666666666666665,-1,2.1,0,11.76,40.46586345381526,0
29,74,1,1,1,0,1,24,2,11,1,78,41,1,1,3,0,80.80000000000001,34.5,-37,1.4137931034482758,1,2.1,1,21.46,33.26104417670683,0
29,76,2,1,0,0,0,18,0,7,1,84,42,0,1,3,0,84.0,32.5,-42,1.4482758620689655,1,0.7000000000000001,0,22.04,35.42168674698795,0
29,76,2,1,0,0,0,18,2,2,1,65,91,0,2,0,0,76.4,30.0,26,3.1379310344827585,0,0.2,0,22.04,69.80321285140563,0
29,76,2,1,0,0,0,26,2,17,1,71,76,0,2,1,0,78.80000000000001,37.5,5,2.6206896551724137,0,1.7000000000000002,0,22.04,60.128514056224915,0
29,76,2,1,0,0,0,22,1,1,1,75,97,0,2,0,0,80.4,29.5,22,3.3448275862068964,0,0.1,0,22.04,78.30120481927712,0
29,76,2,1,0,0,0,19,1,4,1,71,90,1,2,0,0,78.80000000000001,31.0,19,3.103448275862069,0,1.4,0,22.04,71.20481927710846,0
27,92,1,0,1,0,0,20,1,7,0,89,67,0,0,2,0,72.4,30.5,-22,2.4814814814814814,2,0.7000000000000001,1,24.84,48.70281124497992,0
13,96,2,1,1,0,1,29,2,9,0,95,91,1,0,0,0,86.4,17.5,-4,7.0,3,1.9,2,12.48,78.9397590361446,0
13,96,2,1,1,0,1,27,2,18,1,72,74,0,0,1,0,87.2,22.0,2,5.6923076923076925,3,1.8,2,12.48,64.78714859437751,0
13,96,2,1,1,0,1,26,0,7,0,50,53,1,2,3,0,68.4,16.5,3,4.076923076923077,1,1.7000000000000002,2,12.48,36.397590361445786,0
19,99,2,1,2,0,0,24,2,0,0,71,80,0,1,1,0,78.0,19.0,9,4.2105263157894735,3,0.0,4,18.81,62.65060240963856,0
19,99,2,1,2,0,0,26,0,2,0,64,74,1,1,1,0,75.2,20.0,10,3.8947368421052633,3,1.2,4,18.81,55.871485943775106,0
19,99,2,1,2,0,0,25,1,8,0,53,94,1,2,0,0,70.80000000000001,23.0,41,4.947368421052632,2,1.8,4,18.81,66.81927710843375,0
19,99,2,1,2,0,0,28,3,9,1,66,52,1,2,3,0,86.0,23.5,-14,2.736842105263158,2,1.9,4,18.81,44.8995983935743,0
19,99,2,1,2,0,0,18,0,5,1,91,83,0,0,1,0,96.0,21.5,-8,4.368421052631579,4,0.5,4,18.81,80.00000000000001,0
19,68,2,0,1,0,0,28,2,0,1,79,94,1,2,0,0,68.80000000000001,19.0,15,4.947368421052632,1,1.0,2,12.920000000000002,64.93172690763053,0
19,68,2,0,0,0,0,28,2,0,1,79,94,1,2,0,0,68.80000000000001,19.0,15,4.947368421052632,0,1.0,0,12.920000000000002,64.93172690763053,0
25,94,1,0,0,0,1,25,1,0,1,97,79,1,2,1,0,86.4,25.0,-18,3.16,-1,1.0,0,23.5,68.53012048192772,0
18,90,2,0,2,0,0,27,3,17,1,71,85,1,2,0,0,74.4,26.5,14,4.722222222222222,2,2.7,4,16.2,63.49397590361446,0
18,90,2,0,2,0,0,26,2,12,1,74,60,0,0,2,0,75.6,24.0,-14,3.3333333333333335,4,1.2000000000000002,4,16.2,45.54216867469879,0
10,63,2,0,0,0,1,21,1,3,1,90,100,1,2,0,0,71.2,11.5,10,10.0,0,1.3,0,6.3,71.48594377510041,0
10,63,2,0,0,0,1,27,1,19,1,73,89,1,1,0,0,64.4,19.5,16,8.9,1,2.9000000000000004,0,6.3,57.54618473895583,0
10,63,2,0,0,0,1,24,1,3,1,93,66,1,0,2,0,72.4,11.5,-27,6.6,2,1.3,0,6.3,47.975903614457835,0
10,63,2,0,0,0,1,27,1,1,0,69,97,1,2,0,0,52.800000000000004,10.5,28,9.7,0,1.1,0,6.3,51.42168674698796,0
10,63,2,0,0,0,1,18,1,14,1,85,82,0,0,1,0,69.2,17.0,-3,8.2,2,1.4000000000000001,0,6.3,56.97188755020081,0
7,84,1,1,1,0,1,25,3,8,1,63,88,1,1,0,0,78.80000000000001,11.0,25,12.571428571428571,1,1.8,1,5.88,69.62248995983937,0
7,84,1,1,1,0,1,20,3,9,1,84,55,0,2,2,0,87.2,11.5,-29,7.857142857142857,0,0.9,1,5.88,48.152610441767074,0
28,69,2,1,0,0,1,26,0,1,1,54,42,0,1,3,0,69.2,28.5,-12,1.5,1,0.1,0,19.32,29.18072289156627,0
17,66,1,1,1,0,0,28,2,5,0,77,49,1,2,3,0,67.2,19.5,-28,2.8823529411764706,0,1.5,1,11.22,33.06024096385543,0
17,66,1,1,1,0,0,21,0,4,1,88,68,1,0,2,0,81.60000000000001,19.0,-20,4.0,2,1.4,1,11.22,55.71084337349398,0
17,66,1,1,1,0,0,26,2,16,1,77,85,0,2,0,0,77.2,25.0,8,5.0,0,1.6,1,11.22,65.88353413654619,0
17,66,1,1,1,0,0,26,3,2,1,89,57,0,1,2,0,82.0,18.0,-32,3.3529411764705883,1,0.2,1,11.22,46.9277108433735,0
16,70,2,0,2,0,0,29,2,15,0,62,71,1,2,1,0,52.8,23.5,9,4.4375,2,2.5,4,11.2,37.638554216867476,0
16,70,2,0,2,0,0,28,0,19,1,81,97,0,1,0,0,70.4,25.5,16,6.0625,3,1.9000000000000001,4,11.2,68.56224899598395,0
16,70,2,0,2,0,0,23,2,4,1,59,78,1,2,1,0,61.6,18.0,19,4.875,2,1.4,4,11.2,48.24096385542169,0
27,91,2,0,1,0,0,24,0,9,1,98,58,1,1,2,0,85.6,31.5,-40,2.1481481481481484,2,1.9,2,24.57,49.84738955823293,0
27,91,2,0,1,0,0,27,0,6,1,55,70,1,0,1,0,68.4,30.0,15,2.5925925925925926,3,1.6,2,24.57,48.07228915662651,0
27,91,2,0,1,0,0,22,1,8,1,89,95,0,2,0,0,82.0,31.0,6,3.5185185185185186,1,0.8,2,24.57,78.21285140562249,0
27,91,2,0,1,0,0,26,0,2,0,92,60,1,0,2,0,73.2,28.0,-32,2.2222222222222223,3,1.2,2,24.57,44.096385542168676,0
27,91,2,0,1,0,0,26,3,11,0,80,84,1,2,1,0,68.4,32.5,4,3.111111111111111,1,2.1,2,24.57,57.686746987951814,0
23,83,0,1,1,0,0,23,3,16,1,94,66,0,2,2,0,90.80000000000001,31.0,-28,2.869565217391304,-1,1.6,0,19.09,60.168674698795186,0
23,83,0,1,1,0,0,27,1,10,1,58,99,1,1,0,0,76.4,28.0,41,4.304347826086956,0,2.0,0,19.09,75.9397590361446,0
23,83,0,1,1,0,0,24,1,14,0,95,99,0,1,0,0,81.2,30.0,4,4.304347826086956,0,1.4000000000000001,0,19.09,80.71084337349397,0
23,83,0,1,1,0,0,21,0,16,1,71,94,0,0,0,0,81.60000000000001,31.0,23,4.086956521739131,1,1.6,0,19.09,77.01204819277109,0
23,83,0,1,1,0,0,18,3,4,0,60,66,1,2,2,0,67.2,25.0,6,2.869565217391304,-1,1.4,0,19.09,44.53012048192772,0
29,63,0,1,2,0,1,27,3,6,1,87,72,1,2,1,0,80.0,32.0,-15,2.4827586206896552,0,1.6,0,18.27,57.83132530120482,0
13,86,1,0,1,0,1,26,1,11,0,99,82,1,0,1,0,74.0,18.5,-17,6.3076923076923075,2,2.1,1,11.18,60.92369477911647,0
13,86,1,0,1,0,1,24,3,11,1,96,90,1,2,0,0,82.80000000000001,18.5,-6,6.923076923076923,0,2.1,1,11.18,74.81927710843375,0
9,87,0,0,0,0,1,22,2,7,1,53,72,0,2,1,0,66.0,12.5,19,8.0,-2,0.7000000000000001,0,7.83,47.71084337349398,0
16,92,1,0,0,0,0,21,0,12,1,98,51,1,2,3,0,86.0,22.0,-47,3.1875,-1,2.2,0,14.72,44.036144578313255,0
16,92,1,0,0,0,0,23,0,3,1,65,57,0,1,2,0,72.80000000000001,17.5,-8,3.5625,0,0.30000000000000004,0,14.72,41.66265060240965,0
16,92,1,0,0,0,0,18,0,7,1,81,46,1,0,3,0,79.2,19.5,-35,2.875,1,1.7000000000000002,0,14.72,36.578313253012055,0
15,81,1,0,0,0,0,29,1,4,1,69,79,0,2,1,0,70.0,17.0,10,5.266666666666667,-1,0.4,0,12.15,55.52208835341366,0
15,81,1,0,0,0,0,21,3,4,1,97,51,1,2,3,0,81.2,17.0,-46,3.4,-1,1.4,0,12.15,41.57831325301205,0
15,81,1,0,0,0,0,18,1,17,1,90,47,1,1,3,0,78.4,23.5,-43,3.1333333333333333,0,2.7,0,12.15,36.99598393574298,0
27,75,1,0,1,0,0,28,3,16,1,100,47,0,2,3,0,80.0,35.0,-53,1.7407407407407407,0,1.6,1,20.25,37.75100401606426,0
27,75,1,0,1,0,0,29,2,6,1,96,55,1,0,2,0,78.4,30.0,-41,2.037037037037037,2,1.6,1,20.25,43.29317269076306,0
27,75,1,0,1,0,0,21,2,13,1,85,62,1,1,2,0,74.0,33.5,-23,2.2962962962962963,1,2.3,1,20.25,46.06425702811245,0
30,98,2,1,2,0,0,23,0,13,1,76,43,1,2,3,0,89.60000000000001,36.5,-33,1.4333333333333333,2,2.3,4,29.4,38.682730923694784,0
8,71,1,1,1,0,0,18,3,2,1,79,66,1,2,2,0,80.0,9.0,-13,8.25,0,1.2,1,5.68,53.01204819277108,0
8,71,1,1,1,0,0,18,2,5,1,63,98,1,2,0,0,73.60000000000001,10.5,35,12.25,0,1.5,1,5.68,72.41767068273093,0
8,71,1,1,1,0,0,22,0,10,1,77,72,1,1,1,0,79.2,13.0,-5,9.0,1,2.0,1,5.68,57.25301204819278,0
8,71,1,1,1,0,0,25,1,5,1,81,93,0,2,0,0,80.8,10.5,12,11.625,0,0.5,1,5.68,75.44578313253012,0
15,63,2,1,0,0,1,27,2,2,1,50,71,1,1,1,0,65.2,16.0,21,4.733333333333333,1,1.2,0,9.45,46.47791164658635,0
15,63,2,1,0,0,1,20,3,7,0,72,68,1,2,2,0,64.0,18.5,-4,4.533333333333333,0,1.7000000000000002,0,9.45,43.69477911646587,0
15,63,2,1,0,0,1,19,1,3,1,53,73,1,2,1,0,66.4,16.5,20,4.866666666666666,0,1.3,0,9.45,48.66666666666667,0
15,63,2,1,0,0,1,29,0,8,1,51,66,0,0,2,0,65.60000000000001,19.0,15,4.4,2,0.8,0,9.45,43.4698795180723,0
18,100,0,1,2,0,1,20,3,3,1,54,58,1,1,2,0,81.6,19.5,4,3.2222222222222223,1,1.3,0,18.0,47.51807228915663,0
29,67,0,0,1,0,0,20,3,0,1,91,91,1,2,0,0,73.2,29.0,0,3.1379310344827585,-1,1.0,0,19.43,66.87951807228916,0
29,67,2,0,1,0,0,20,3,0,1,91,91,1,2,0,0,73.2,29.0,0,3.1379310344827585,1,1.0,2,19.43,66.87951807228916,0
5,69,1,1,1,0,0,19,1,14,1,61,94,1,1,0,1,72.0,12.0,33,18.8,1,2.4000000000000004,1,3.4499999999999997,67.95180722891567,0
5,69,1,1,1,0,0,24,1,6,0,88,86,1,2,0,0,72.80000000000001,8.0,-2,17.2,0,1.6,1,3.4499999999999997,62.85943775100404,0
5,69,1,1,1,0,0,22,0,18,1,99,58,1,2,2,0,87.2,14.0,-41,11.6,0,2.8,1,3.4499999999999997,50.77911646586346,0
18,85,2,1,2,0,0,24,1,20,1,69,78,1,0,1,0,81.6,28.0,9,4.333333333333333,4,3.0,4,15.299999999999999,63.903614457831324,0
18,85,2,1,2,0,0,20,2,9,1,75,45,1,0,3,0,84.0,22.5,-30,2.5,4,1.9,4,15.299999999999999,37.95180722891566,0
23,60,1,1,0,0,0,25,1,11,1,98,61,1,2,2,1,83.2,28.5,-37,2.652173913043478,-1,2.1,0,13.799999999999999,50.95582329317269,0
23,60,1,1,0,0,0,19,0,11,1,72,41,1,2,3,0,72.8,28.5,-31,1.7826086956521738,-1,2.1,0,13.799999999999999,29.967871485943775,0
21,78,2,0,1,0,0,28,1,17,1,60,99,0,1,0,0,65.2,29.5,39,4.714285714285714,2,1.7000000000000002,2,16.38,64.80722891566265,0
21,78,2,0,1,0,0,27,3,18,0,97,40,0,2,3,0,70.0,30.0,-57,1.9047619047619047,1,1.8,2,16.38,28.11244979919679,0
21,78,2,0,1,0,0,26,3,13,0,61,76,1,2,1,0,55.60000000000001,27.5,15,3.619047619047619,1,2.3,2,16.38,42.425702811244996,0
32,63,2,0,1,0,0,27,0,9,1,91,79,0,0,1,0,71.6,36.5,-12,2.46875,3,0.9,2,20.16,56.791164658634536,0
32,63,2,0,1,0,0,22,3,11,1,75,40,1,2,3,0,65.2,37.5,-35,1.25,1,2.1,2,20.16,26.184738955823295,0
21,83,0,1,0,0,0,20,1,10,1,72,44,1,1,3,0,82.0,26.0,-28,2.0952380952380953,-1,2.0,0,17.43,36.22489959839358,0
21,83,0,1,0,0,0,18,1,7,1,94,96,1,1,0,0,90.80000000000001,24.5,2,4.571428571428571,-1,1.7000000000000002,0,17.43,87.51807228915663,0
21,83,0,1,0,0,0,22,2,14,1,64,73,0,1,1,0,78.80000000000001,28.0,9,3.4761904761904763,-1,1.4000000000000001,0,17.43,57.7550200803213,0
21,83,0,1,0,0,0,19,0,9,0,58,64,1,1,2,0,66.4,25.5,6,3.0476190476190474,-1,1.9,0,17.43,42.66666666666667,0
17,97,1,1,1,0,0,26,2,13,1,73,71,1,2,1,0,88.0,23.5,-2,4.176470588235294,0,2.3,1,16.49,62.730923694779115,0
17,97,1,1,1,0,0,26,2,18,0,100,54,1,2,3,0,88.80000000000001,26.0,-46,3.176470588235294,0,2.8,1,16.49,48.14457831325302,0
17,97,1,1,1,0,0,19,3,16,0,78,59,0,2,2,0,80.0,25.0,-19,3.4705882352941178,0,1.6,1,16.49,47.389558232931726,0
13,100,1,0,1,0,1,28,1,14,1,91,53,1,2,3,0,86.4,20.0,-38,4.076923076923077,0,2.4000000000000004,1,13.0,45.975903614457835,0
13,100,1,0,1,0,1,24,2,2,0,59,42,1,1,3,0,63.6,14.0,-17,3.230769230769231,1,1.2,1,13.0,26.819277108433738,0
13,100,1,0,1,0,1,20,0,20,1,71,58,1,2,2,0,78.4,23.0,-13,4.461538461538462,0,3.0,1,13.0,45.65461847389559,0
13,100,1,0,1,0,1,24,0,18,0,50,66,1,0,2,0,60.0,22.0,16,5.076923076923077,2,2.8,1,13.0,39.75903614457832,0
19,95,1,1,2,0,0,20,1,13,1,88,86,1,1,0,0,93.2,25.5,-2,4.526315789473684,2,2.3,2,18.05,80.47389558232932,0
19,95,1,1,2,0,0,28,2,19,1,71,65,1,2,2,0,86.4,28.5,-6,3.4210526315789473,1,2.9000000000000004,2,18.05,56.385542168674704,0
19,95,1,1,2,0,0,29,2,2,0,72,94,0,0,0,0,76.8,20.0,22,4.947368421052632,3,0.2,2,18.05,72.48192771084338,0
19,95,1,1,2,0,0,18,3,2,1,92,82,0,1,1,0,94.80000000000001,20.0,-10,4.315789473684211,2,0.2,2,18.05,78.04819277108435,0
19,95,1,1,2,0,0,29,0,11,0,60,85,0,2,0,0,72.0,24.5,25,4.473684210526316,1,1.1,2,18.05,61.44578313253012,0
19,95,1,1,2,0,0,20,1,6,0,75,41,0,1,3,0,78.0,22.0,-34,2.1578947368421053,2,0.6000000000000001,2,18.05,32.108433734939766,0
32,100,2,1,1,0,1,21,3,8,1,78,44,0,1,3,0,91.2,36.0,-34,1.375,2,0.8,2,32.0,40.28915662650603,0
21,100,2,0,1,0,0,23,3,19,0,72,42,0,0,3,0,68.8,30.5,-30,2.0,3,1.9000000000000001,2,21.0,29.012048192771086,0
21,100,2,0,1,0,0,26,1,17,1,67,57,1,0,2,0,76.8,29.5,-10,2.7142857142857144,3,2.7,2,21.0,43.95180722891566,0
21,100,2,0,1,0,0,25,3,17,1,96,96,0,2,0,0,88.4,29.5,0,4.571428571428571,1,1.7000000000000002,2,21.0,85.20481927710844,0
21,100,2,0,1,0,0,23,2,13,0,62,92,1,1,0,0,64.8,27.5,30,4.380952380952381,2,2.3,2,21.0,59.855421686746986,0
21,100,2,0,1,0,0,24,3,19,1,63,44,1,2,3,0,75.2,30.5,-19,2.0952380952380953,1,2.9000000000000004,2,21.0,33.22088353413655,0
23,72,1,0,1,0,0,26,2,4,0,95,82,1,2,1,0,66.8,25.0,-13,3.5652173913043477,0,1.4,1,16.56,54.99598393574297,0
23,72,1,0,1,0,0,23,1,6,1,75,78,0,1,1,0,68.8,26.0,3,3.391304347826087,1,0.6000000000000001,1,16.56,53.87951807228916,0
23,72,1,0,1,0,0,29,2,2,1,80,47,0,2,3,0,70.8,24.0,-33,2.0434782608695654,0,0.2,1,16.56,33.40963855421687,0
23,72,1,1,0,0,0,26,2,4,0,95,82,1,2,1,0,76.8,25.0,-13,3.5652173913043477,-1,1.4,0,16.56,63.22891566265061,0
23,72,1,1,0,0,0,23,1,6,1,75,78,0,1,1,0,78.8,26.0,3,3.391304347826087,0,0.6000000000000001,0,16.56,61.71084337349398,0
23,72,1,1,0,0,0,29,2,2,1,80,47,0,2,3,0,80.8,24.0,-33,2.0434782608695654,-1,0.2,0,16.56,38.1285140562249,0
7,99,2,1,0,0,0,20,1,19,1,73,48,1,2,3,0,88.80000000000001,16.5,-25,6.857142857142857,0,2.9000000000000004,0,6.93,42.79518072289157,0
13,79,2,1,0,0,0,20,2,9,0,90,86,1,2,0,0,77.6,17.5,-4,6.615384615384615,0,1.9,0,10.27,67.00401606425703,0
13,79,2,1,0,0,0,19,1,18,0,68,64,1,1,2,0,68.80000000000001,22.0,-4,4.923076923076923,1,2.8,0,10.27,44.20883534136547,0
13,79,2,1,0,0,0,29,0,0,1,73,76,0,0,1,0,80.80000000000001,13.0,3,5.846153846153846,2,0.0,0,10.27,61.654618473895596,0
13,79,2,1,0,0,0,29,1,2,1,96,41,0,2,3,0,90.0,14.0,-55,3.1538461538461537,0,0.2,0,10.27,37.04819277108434,0
13,79,2,1,0,0,0,22,0,6,0,60,65,1,1,2,0,65.6,16.0,5,5.0,1,1.6,0,10.27,42.81124497991968,0
13,79,0,0,1,0,0,20,2,9,0,90,86,1,2,0,0,67.6,17.5,-4,6.615384615384615,-1,1.9,0,10.27,58.369477911646584,0
13,79,0,0,1,0,0,19,1,18,0,68,64,1,1,2,0,58.800000000000004,22.0,-4,4.923076923076923,0,2.8,0,10.27,37.78313253012049,0
13,79,0,0,1,0,0,29,0,0,1,73,76,0,0,1,0,70.80000000000001,13.0,3,5.846153846153846,1,0.0,0,10.27,54.02409638554218,0
13,79,0,0,1,0,0,29,1,2,1,96,41,0,2,3,0,80.0,14.0,-55,3.1538461538461537,-1,0.2,0,10.27,32.93172690763052,0
13,79,0,0,1,0,0,22,0,6,0,60,65,1,1,2,0,55.6,16.0,5,5.0,0,1.6,0,10.27,36.285140562249,0
16,84,0,0,0,0,1,20,2,13,1,99,65,1,0,2,0,83.2,22.5,-34,4.0625,0,2.3,0,13.44,54.29718875502009,0
16,84,0,0,0,0,1,18,0,2,1,54,75,0,1,1,0,65.2,17.0,21,4.6875,-1,0.2,0,13.44,49.096385542168676,0
16,84,2,1,1,0,1,20,2,13,1,99,65,1,0,2,0,93.2,22.5,-34,4.0625,3,2.3,2,13.44,60.82329317269077,0
16,84,2,1,1,0,1,18,0,2,1,54,75,0,1,1,0,75.2,17.0,21,4.6875,2,0.2,2,13.44,56.62650602409639,0
14,61,1,1,1,0,1,26,2,2,1,59,92,1,1,0,0,68.0,15.0,33,6.571428571428571,1,1.2,1,8.54,62.811244979919685,0
14,61,1,1,1,0,1,29,0,13,1,54,81,1,2,1,0,66.0,20.5,27,5.785714285714286,0,2.3,1,8.54,53.674698795180724,0
14,61,1,1,1,0,1,18,3,2,0,86,96,1,2,0,0,68.8,15.0,10,6.857142857142857,0,1.2,1,8.54,66.3132530120482,0
14,61,1,1,1,0,1,19,3,11,1,74,78,0,2,1,0,74.0,19.5,4,5.571428571428571,0,1.1,1,8.54,57.95180722891566,0
8,82,2,1,1,0,0,27,0,11,1,60,96,1,1,0,0,76.80000000000001,13.5,36,12.0,2,2.1,2,6.56,74.02409638554218,0
20,100,1,1,2,0,1,25,2,2,1,55,70,1,2,1,0,82.0,21.0,15,3.5,1,1.2,2,20.0,57.630522088353416,0
20,100,1,1,2,0,1,27,0,19,1,50,99,1,1,0,0,80.0,29.5,49,4.95,2,2.9000000000000004,2,20.0,79.51807228915662,0
20,100,1,1,2,0,1,19,3,2,1,60,55,1,1,2,0,84.0,21.0,-5,2.75,2,1.2,2,20.0,46.385542168674704,0
22,60,0,0,1,0,0,26,0,7,1,95,86,1,2,0,1,72.0,25.5,-9,3.909090909090909,-1,1.7000000000000002,0,13.2,62.16867469879518,0
12,66,2,1,1,0,1,19,1,5,1,50,78,1,1,1,0,66.4,14.5,28,6.5,2,1.5,2,7.92,52.00000000000001,0
12,66,2,1,1,0,1,19,3,15,1,70,42,1,0,3,0,74.4,19.5,-28,3.5,3,2.5,2,7.92,31.373493975903617,0
20,87,0,0,1,0,0,27,3,12,1,55,99,1,2,0,0,66.80000000000001,26.0,44,4.95,-1,2.2,0,17.4,66.3975903614458,0
20,87,0,0,1,0,0,29,1,19,0,78,97,1,2,0,0,66.0,29.5,19,4.85,-1,2.9000000000000004,0,17.4,64.27710843373494,0
26,88,2,1,2,0,0,20,3,18,0,65,58,1,1,2,0,71.2,35.0,-7,2.230769230769231,3,2.8,4,22.88,41.46184738955824,0
26,88,2,1,2,0,0,29,1,4,1,72,45,0,2,3,0,84.0,28.0,-27,1.7307692307692308,2,0.4,4,22.88,37.95180722891566,0
16,87,1,1,1,0,1,20,1,14,0,62,78,1,2,1,0,69.60000000000001,23.0,16,4.875,0,2.4000000000000004,1,13.92,54.50602409638555,0
16,87,1,1,1,0,1,29,1,18,1,90,52,0,1,3,0,90.80000000000001,25.0,-38,3.25,1,1.8,1,13.92,47.405622489959846,0
27,71,1,1,1,0,0,18,3,16,0,50,58,1,0,2,0,58.400000000000006,35.0,8,2.1481481481481484,2,2.6,1,19.169999999999998,34.00803212851406,0
27,71,1,1,1,0,0,26,3,16,1,80,86,1,1,0,0,80.4,35.0,6,3.185185185185185,1,2.6,1,19.169999999999998,69.42168674698796,0
5,93,1,1,1,0,0,24,0,20,0,60,69,0,2,2,0,71.2,15.0,9,13.8,0,2.0,1,4.65,49.32530120481928,0
5,93,1,1,1,0,0,21,0,6,1,66,47,1,1,3,0,83.60000000000001,8.0,-19,9.4,1,1.6,1,4.65,39.449799196787154,0
6,69,1,1,1,0,0,29,0,18,1,79,89,1,2,0,0,79.2,15.0,10,14.833333333333334,0,2.8,1,4.14,70.77108433734941,0
6,69,1,1,1,0,0,28,2,16,1,85,84,1,2,1,0,81.6,14.0,-1,14.0,0,2.6,1,4.14,68.81927710843374,0
26,69,2,0,0,0,0,24,0,4,0,91,64,1,2,2,0,64.0,28.0,-27,2.4615384615384617,0,1.4,0,17.939999999999998,41.12449799196787,0
26,69,2,0,0,0,0,28,2,4,1,84,69,1,2,2,0,71.2,28.0,-15,2.6538461538461537,0,1.4,0,17.939999999999998,49.32530120481928,0
26,69,2,0,0,0,0,21,2,20,1,77,74,1,1,1,0,68.4,36.0,-3,2.8461538461538463,1,3.0,0,17.939999999999998,50.819277108433745,0
32,85,0,1,0,0,1,26,2,5,1,100,55,1,2,2,0,94.0,34.5,-45,1.71875,-2,1.5,0,27.2,51.90763052208836,0
32,85,0,1,0,0,1,24,0,0,0,76,72,1,1,1,0,74.4,32.0,-4,2.25,-1,1.0,0,27.2,53.78313253012049,0
14,99,1,0,2,0,0,18,3,6,0,65,95,1,1,0,0,65.6,17.0,30,6.785714285714286,2,1.6,2,13.86,62.57028112449799,0
14,99,1,0,2,0,0,23,0,16,1,50,99,1,2,0,0,69.6,22.0,49,7.071428571428571,1,2.6,2,13.86,69.18072289156626,0
14,99,1,0,2,0,0,20,1,2,0,73,41,1,0,3,0,68.80000000000001,15.0,-32,2.9285714285714284,3,1.2,2,13.86,28.321285140562257,0
14,99,1,0,2,0,0,25,3,20,0,88,60,0,2,2,0,74.80000000000001,24.0,-28,4.285714285714286,1,2.0,2,13.86,45.06024096385543,0
25,66,1,1,1,0,1,19,0,18,1,62,72,1,2,1,0,71.2,34.0,10,2.88,0,2.8,1,16.5,51.4698795180723,0
25,66,1,1,1,0,1,20,1,19,1,78,54,0,2,3,0,77.60000000000001,34.5,-24,2.16,0,1.9000000000000001,1,16.5,42.07228915662651,0
25,66,1,1,1,0,1,25,0,16,0,61,83,1,2,1,0,60.800000000000004,33.0,22,3.32,0,2.6,1,16.5,50.66666666666667,0
37,69,2,1,1,0,0,21,1,14,1,82,95,0,1,0,0,80.4,44.0,13,2.5675675675675675,2,1.4000000000000001,2,25.529999999999998,76.68674698795182,0
34,91,1,0,1,0,1,21,0,17,0,90,45,1,1,3,0,72.4,42.5,-45,1.3235294117647058,1,2.7,1,30.94,32.71084337349398,0
34,91,1,0,1,0,1,26,3,10,1,67,85,0,2,0,0,73.2,39.0,18,2.5,0,1.0,1,30.94,62.46987951807229,0
9,72,2,1,1,0,0,22,0,2,1,86,100,0,2,0,0,83.2,10.0,14,11.11111111111111,1,0.2,2,6.4799999999999995,83.53413654618474,0
31,82,1,1,1,0,1,23,0,15,0,60,70,1,1,1,0,66.80000000000001,38.5,10,2.2580645161290325,1,2.5,1,25.419999999999998,46.947791164658646,0
31,82,1,1,1,0,1,22,2,18,0,54,66,1,1,2,0,64.4,40.0,12,2.129032258064516,1,2.8,1,25.419999999999998,42.674698795180724,0
10,98,1,0,0,0,0,21,1,15,1,90,52,1,2,3,0,85.2,17.5,-38,5.2,-1,2.5,0,9.8,44.48192771084338,0
10,98,1,0,0,0,0,22,1,12,1,91,46,1,2,3,0,85.6,16.0,-45,4.6,-1,2.2,0,9.8,39.53413654618474,0
25,79,1,0,0,0,1,21,3,17,1,88,92,0,2,0,0,76.80000000000001,33.5,4,3.68,-1,1.7000000000000002,0,19.75,70.9397590361446,0
25,79,1,0,0,0,1,28,1,15,1,89,45,0,2,3,0,77.2,32.5,-44,1.8,-1,1.5,0,19.75,34.87951807228916,0
28,65,1,0,2,0,0,24,0,1,1,97,94,1,2,0,1,74.80000000000001,28.5,-3,3.357142857142857,1,1.1,2,18.2,70.59437751004018,0
32,64,2,1,0,0,0,18,2,20,1,58,41,1,2,3,0,68.80000000000001,42.0,-17,1.28125,0,3.0,0,20.48,28.321285140562257,0
32,64,2,1,0,0,0,19,3,0,1,95,41,0,2,3,1,83.6,32.0,-54,1.28125,0,0.0,0,20.48,34.4136546184739,0
32,64,2,1,0,0,0,27,1,11,1,65,99,0,2,0,0,71.6,37.5,34,3.09375,0,1.1,0,20.48,71.16867469879517,0
32,64,2,1,0,0,0,19,3,0,0,50,54,1,2,3,0,55.6,32.0,4,1.6875,0,1.0,0,20.48,30.144578313253014,0
12,97,1,1,1,0,1,29,2,6,1,64,42,1,1,3,0,84.4,15.0,-22,3.5,1,1.6,1,11.64,35.59036144578314,0
11,75,1,0,1,0,0,18,1,18,1,78,92,1,0,0,0,71.2,20.0,14,8.363636363636363,2,2.8,1,8.25,65.76706827309238,0
29,81,1,1,1,0,0,19,2,13,0,81,79,0,1,1,0,74.8,35.5,-2,2.7241379310344827,1,1.3,1,23.490000000000002,59.329317269076306,0
29,81,1,1,1,0,0,20,0,16,0,68,59,1,2,2,0,69.6,37.0,-9,2.0344827586206895,0,2.6,1,23.490000000000002,41.22891566265061,0
28,96,2,0,2,0,0,25,3,15,0,90,82,1,1,1,0,74.4,35.5,-8,2.9285714285714284,3,2.5,4,26.88,61.25301204819278,0
32,83,1,1,1,0,0,25,2,3,1,98,55,1,0,2,0,92.4,33.5,-43,1.71875,2,1.3,1,26.56,51.02409638554217,0
32,83,1,1,1,0,0,20,1,1,0,60,97,1,1,0,0,67.2,32.5,37,3.03125,1,1.1,1,26.56,65.44578313253012,0
32,83,1,1,1,0,0,29,0,8,0,57,80,1,0,1,0,66.0,36.0,23,2.5,2,1.8,1,26.56,53.01204819277109,0
32,83,1,1,1,0,0,26,1,9,1,86,62,1,0,2,0,87.6,36.5,-24,1.9375,2,1.9,1,26.56,54.53012048192771,0
11,68,2,1,2,0,1,22,1,5,1,69,98,0,2,0,0,74.80000000000001,13.5,29,8.909090909090908,2,0.5,4,7.48,73.5983935742972,0
12,86,1,1,0,0,0,27,2,19,1,58,92,0,1,0,0,77.6,21.5,34,7.666666666666667,0,1.9000000000000001,0,10.32,71.67871485943775,0
12,86,1,1,0,0,0,28,3,11,0,77,60,1,0,2,0,75.2,17.5,-17,5.0,1,2.1,0,10.32,45.30120481927711,0
12,86,1,1,0,0,0,23,3,6,1,69,92,1,2,0,0,82.0,15.0,23,7.666666666666667,-1,1.6,0,10.32,75.7429718875502,0
11,95,1,1,1,0,0,27,0,4,1,50,83,1,0,1,0,78.0,13.0,33,7.545454545454546,2,1.4,1,10.45,65.0,0
11,95,1,1,1,0,0,27,1,12,1,91,55,1,1,2,0,94.4,17.0,-36,5.0,1,2.2,1,10.45,52.12851405622491,0
29,65,1,1,1,0,0,21,0,1,1,68,83,1,1,1,0,73.2,29.5,15,2.8620689655172415,1,1.1,1,18.85,61.0,0
29,65,1,1,1,0,0,22,2,16,0,60,47,1,1,3,0,60.0,37.0,-13,1.6206896551724137,1,2.6,1,18.85,28.313253012048197,0
